scheduled_iso,host,fault_class,duration_seconds,parameters
2026-08-15T07:26:32+00:00,cnsm-db-postgres-02,network_latency,1077,delay=500ms
2026-08-15T07:41:12+00:00,cnsm-mem-01,memory_pressure,794,vm_bytes=4G
2026-08-15T08:30:00+00:00,cnsm-web-06,cpu_spike,1291,cpu=4 load=85
2026-08-15T08:52:01+00:00,cnsm-web-05,network_latency,473,delay=500ms
2026-08-15T09:54:34+00:00,cnsm-db-redis-01,network_latency,693,delay=50ms
2026-08-15T09:57:14+00:00,cnsm-web-01,cpu_spike,554,cpu=1 load=95
2026-08-15T12:30:52+00:00,cnsm-web-01,memory_pressure,3222,vm_bytes=2G
2026-08-15T13:03:55+00:00,cnsm-web-05,network_latency,790,delay=200ms
2026-08-15T13:22:38+00:00,cnsm-io-01,cpu_spike,1335,cpu=4 load=90
2026-08-15T14:35:35+00:00,cnsm-mem-01,network_latency,1204,delay=200ms
2026-08-15T15:58:10+00:00,cnsm-io-01,cpu_spike,980,cpu=1 load=85
2026-08-15T18:54:08+00:00,cnsm-db-redis-02,memory_pressure,760,vm_bytes=2G
2026-08-15T20:50:33+00:00,cnsm-web-01,disk_io,991,io=8 hdd=8
2026-08-16T06:10:46+00:00,cnsm-web-01,process_leak,597,fork=2
2026-08-16T06:16:31+00:00,cnsm-mem-01,cpu_spike,445,cpu=2 load=95
2026-08-16T06:20:22+00:00,cnsm-db-postgres-01,cpu_spike,1246,cpu=1 load=95
2026-08-16T06:31:59+00:00,cnsm-web-02,cpu_spike,1081,cpu=2 load=90
2026-08-16T09:04:55+00:00,cnsm-web-04,disk_io,1015,io=4 hdd=4
2026-08-16T10:31:11+00:00,cnsm-web-02,network_latency,1198,delay=200ms
2026-08-16T10:33:01+00:00,cnsm-db-postgres-02,memory_pressure,2954,vm_bytes=1G
2026-08-16T12:02:16+00:00,cnsm-web-03,process_leak,838,fork=2
2026-08-16T12:26:01+00:00,cnsm-db-redis-02,memory_pressure,1570,vm_bytes=4G
2026-08-16T14:01:17+00:00,cnsm-web-06,disk_io,883,io=2 hdd=2
2026-08-16T14:30:18+00:00,cnsm-web-02,network_latency,536,delay=50ms
2026-08-16T14:44:58+00:00,cnsm-web-01,network_latency,1642,delay=500ms
2026-08-16T15:39:29+00:00,cnsm-web-06,process_leak,668,fork=4
2026-08-16T15:44:02+00:00,cnsm-web-01,cpu_spike,991,cpu=1 load=95
2026-08-16T16:24:17+00:00,cnsm-web-03,memory_pressure,610,vm_bytes=1G
2026-08-16T17:43:49+00:00,cnsm-db-redis-01,process_leak,840,fork=8
2026-08-16T18:18:01+00:00,cnsm-web-04,memory_pressure,720,vm_bytes=4G
2026-08-16T18:41:18+00:00,cnsm-web-06,disk_io,787,io=2 hdd=2
2026-08-16T18:52:41+00:00,cnsm-web-06,memory_pressure,1280,vm_bytes=1G
2026-08-16T19:17:32+00:00,cnsm-web-01,process_leak,558,fork=8
2026-08-16T20:38:21+00:00,cnsm-web-01,cpu_spike,1352,cpu=2 load=95
2026-08-16T21:16:15+00:00,cnsm-db-postgres-02,cpu_spike,942,cpu=2 load=85
2026-08-16T21:16:46+00:00,cnsm-web-03,process_leak,690,fork=2
2026-08-17T08:27:02+00:00,cnsm-db-postgres-01,disk_io,600,io=8 hdd=8
2026-08-17T08:57:37+00:00,cnsm-web-02,disk_io,537,io=2 hdd=2
2026-08-17T09:04:18+00:00,cnsm-web-04,memory_pressure,1742,vm_bytes=8G
2026-08-17T09:09:30+00:00,cnsm-web-02,disk_io,881,io=4 hdd=4
2026-08-17T09:26:06+00:00,cnsm-db-postgres-02,process_leak,371,fork=2
2026-08-17T10:56:45+00:00,cnsm-mem-01,process_leak,801,fork=8
2026-08-17T12:01:45+00:00,cnsm-io-01,disk_io,648,io=2 hdd=2
2026-08-17T12:45:46+00:00,cnsm-db-postgres-02,cpu_spike,941,cpu=4 load=90
2026-08-17T14:05:38+00:00,cnsm-io-01,memory_pressure,2477,vm_bytes=1G
2026-08-17T15:20:39+00:00,cnsm-web-02,cpu_spike,732,cpu=2 load=85
2026-08-17T17:04:38+00:00,cnsm-db-redis-02,disk_io,627,io=8 hdd=8
2026-08-17T17:23:05+00:00,cnsm-web-04,network_latency,1788,delay=200ms
2026-08-17T18:21:40+00:00,cnsm-db-postgres-01,disk_io,1191,io=2 hdd=2
2026-08-17T18:39:10+00:00,cnsm-db-postgres-02,network_latency,1556,delay=50ms
2026-08-17T19:51:30+00:00,cnsm-io-01,process_leak,318,fork=4
2026-08-17T20:08:20+00:00,cnsm-web-04,cpu_spike,1262,cpu=1 load=90
2026-08-17T21:09:35+00:00,cnsm-db-redis-02,network_latency,388,delay=100ms
2026-08-17T21:45:37+00:00,cnsm-mem-01,process_leak,364,fork=4
2026-08-18T06:29:14+00:00,cnsm-web-04,disk_io,457,io=4 hdd=4
2026-08-18T06:40:26+00:00,cnsm-io-01,process_leak,568,fork=4
2026-08-18T09:41:05+00:00,cnsm-web-01,process_leak,707,fork=4
2026-08-18T11:28:52+00:00,cnsm-db-redis-01,disk_io,862,io=8 hdd=8
2026-08-18T11:31:03+00:00,cnsm-web-02,process_leak,655,fork=4
2026-08-18T11:49:29+00:00,cnsm-web-01,network_latency,530,delay=50ms
2026-08-18T13:19:06+00:00,cnsm-db-redis-02,memory_pressure,2606,vm_bytes=2G
2026-08-18T14:09:50+00:00,cnsm-web-06,memory_pressure,2060,vm_bytes=1G
2026-08-18T15:48:21+00:00,cnsm-db-redis-01,disk_io,460,io=2 hdd=2
2026-08-18T16:34:47+00:00,cnsm-db-redis-01,process_leak,807,fork=2
2026-08-18T16:37:00+00:00,cnsm-web-01,network_latency,1692,delay=50ms
2026-08-18T17:45:31+00:00,cnsm-db-redis-02,cpu_spike,1019,cpu=2 load=95
2026-08-18T17:49:56+00:00,cnsm-web-01,cpu_spike,885,cpu=4 load=85
2026-08-18T18:18:56+00:00,cnsm-web-02,process_leak,860,fork=4
2026-08-18T18:29:44+00:00,cnsm-db-postgres-02,network_latency,905,delay=200ms
2026-08-18T18:56:15+00:00,cnsm-web-02,disk_io,521,io=4 hdd=4
2026-08-18T19:48:02+00:00,cnsm-web-03,disk_io,320,io=4 hdd=4
2026-08-18T21:18:45+00:00,cnsm-web-04,network_latency,1484,delay=500ms
2026-08-19T06:35:29+00:00,cnsm-db-redis-01,memory_pressure,3227,vm_bytes=8G
2026-08-19T07:39:12+00:00,cnsm-db-redis-01,cpu_spike,347,cpu=4 load=90
2026-08-19T07:46:21+00:00,cnsm-web-04,network_latency,1648,delay=100ms
2026-08-19T09:04:06+00:00,cnsm-web-03,cpu_spike,524,cpu=2 load=90
2026-08-19T10:28:25+00:00,cnsm-web-04,disk_io,463,io=4 hdd=4
2026-08-19T10:32:45+00:00,cnsm-db-postgres-02,memory_pressure,3300,vm_bytes=1G
2026-08-19T12:08:02+00:00,cnsm-web-03,network_latency,697,delay=200ms
2026-08-19T13:15:28+00:00,cnsm-web-02,process_leak,313,fork=2
2026-08-19T13:19:56+00:00,cnsm-web-01,cpu_spike,754,cpu=2 load=85
2026-08-19T13:23:08+00:00,cnsm-mem-01,cpu_spike,1057,cpu=4 load=85
2026-08-19T13:36:42+00:00,cnsm-web-03,memory_pressure,3075,vm_bytes=1G
2026-08-19T15:15:29+00:00,cnsm-web-02,disk_io,907,io=2 hdd=2
2026-08-19T16:11:05+00:00,cnsm-web-03,disk_io,550,io=2 hdd=2
2026-08-19T16:21:02+00:00,cnsm-db-postgres-02,network_latency,827,delay=50ms
2026-08-19T17:04:41+00:00,cnsm-web-06,disk_io,488,io=8 hdd=8
2026-08-19T18:02:08+00:00,cnsm-web-01,network_latency,527,delay=50ms
2026-08-19T18:28:33+00:00,cnsm-web-05,disk_io,1036,io=4 hdd=4
2026-08-19T18:36:55+00:00,cnsm-web-01,disk_io,749,io=8 hdd=8
2026-08-19T19:44:12+00:00,cnsm-db-redis-02,cpu_spike,1756,cpu=2 load=85
2026-08-19T20:13:59+00:00,cnsm-db-postgres-02,cpu_spike,1164,cpu=4 load=90
2026-08-19T21:12:12+00:00,cnsm-web-05,network_latency,1178,delay=500ms
2026-08-19T21:23:12+00:00,cnsm-web-06,memory_pressure,2855,vm_bytes=2G
2026-08-20T06:07:08+00:00,cnsm-db-redis-01,cpu_spike,887,cpu=1 load=95
2026-08-20T09:01:17+00:00,cnsm-web-01,memory_pressure,697,vm_bytes=1G
2026-08-20T10:58:53+00:00,cnsm-web-06,disk_io,1032,io=4 hdd=4
2026-08-20T11:49:11+00:00,cnsm-web-05,cpu_spike,885,cpu=2 load=95
2026-08-20T12:28:27+00:00,cnsm-mem-01,cpu_spike,557,cpu=2 load=95
2026-08-20T12:45:08+00:00,cnsm-web-05,process_leak,514,fork=2
2026-08-20T13:36:15+00:00,cnsm-db-redis-02,cpu_spike,511,cpu=4 load=95
2026-08-20T13:43:15+00:00,cnsm-web-05,process_leak,812,fork=8
2026-08-20T16:11:24+00:00,cnsm-web-06,process_leak,792,fork=8
2026-08-20T16:15:09+00:00,cnsm-db-postgres-01,disk_io,1095,io=8 hdd=8
2026-08-20T17:32:55+00:00,cnsm-db-redis-02,disk_io,718,io=2 hdd=2
2026-08-20T17:51:34+00:00,cnsm-mem-01,memory_pressure,3031,vm_bytes=8G
2026-08-20T17:51:46+00:00,cnsm-web-05,cpu_spike,822,cpu=4 load=95
2026-08-20T18:23:01+00:00,cnsm-db-redis-02,network_latency,1576,delay=50ms
2026-08-20T18:41:12+00:00,cnsm-web-06,cpu_spike,1232,cpu=1 load=85
2026-08-20T19:04:20+00:00,cnsm-web-06,disk_io,983,io=4 hdd=4
2026-08-20T19:06:10+00:00,cnsm-mem-01,process_leak,326,fork=4
2026-08-20T19:40:48+00:00,cnsm-web-06,network_latency,1704,delay=100ms
2026-08-20T20:35:57+00:00,cnsm-web-04,process_leak,603,fork=4
2026-08-20T20:40:19+00:00,cnsm-web-04,memory_pressure,887,vm_bytes=2G
2026-08-21T07:37:21+00:00,cnsm-web-01,cpu_spike,425,cpu=1 load=85
2026-08-21T08:42:50+00:00,cnsm-web-03,network_latency,1454,delay=200ms
2026-08-21T09:07:48+00:00,cnsm-io-01,network_latency,841,delay=100ms
2026-08-21T09:44:46+00:00,cnsm-web-05,disk_io,537,io=4 hdd=4
2026-08-21T10:22:53+00:00,cnsm-db-postgres-01,cpu_spike,875,cpu=4 load=95
2026-08-21T10:36:36+00:00,cnsm-io-01,cpu_spike,821,cpu=4 load=85
2026-08-21T10:46:04+00:00,cnsm-mem-01,disk_io,998,io=8 hdd=8
2026-08-21T11:08:39+00:00,cnsm-mem-01,disk_io,539,io=8 hdd=8
2026-08-21T11:29:38+00:00,cnsm-db-postgres-02,disk_io,308,io=2 hdd=2
2026-08-21T11:37:16+00:00,cnsm-db-redis-02,cpu_spike,1507,cpu=2 load=90
2026-08-21T12:37:09+00:00,cnsm-db-postgres-02,disk_io,1037,io=4 hdd=4
2026-08-21T13:13:06+00:00,cnsm-db-redis-02,process_leak,639,fork=8
2026-08-21T13:54:34+00:00,cnsm-mem-01,disk_io,817,io=2 hdd=2
2026-08-21T15:39:43+00:00,cnsm-db-redis-02,disk_io,737,io=4 hdd=4
2026-08-21T16:12:59+00:00,cnsm-web-05,cpu_spike,470,cpu=1 load=95
2026-08-21T16:29:25+00:00,cnsm-web-01,disk_io,753,io=8 hdd=8
2026-08-21T16:31:11+00:00,cnsm-mem-01,disk_io,305,io=2 hdd=2
2026-08-21T17:48:47+00:00,cnsm-mem-01,disk_io,336,io=8 hdd=8
2026-08-21T18:59:09+00:00,cnsm-web-06,network_latency,1734,delay=200ms
2026-08-21T20:32:45+00:00,cnsm-web-03,memory_pressure,960,vm_bytes=2G
2026-08-22T06:25:34+00:00,cnsm-mem-01,network_latency,360,delay=200ms
2026-08-22T07:38:32+00:00,cnsm-web-04,process_leak,452,fork=4
2026-08-22T08:33:38+00:00,cnsm-mem-01,memory_pressure,2846,vm_bytes=4G
2026-08-22T08:39:04+00:00,cnsm-db-redis-01,network_latency,814,delay=100ms
2026-08-22T09:04:34+00:00,cnsm-db-redis-02,cpu_spike,1094,cpu=4 load=90
2026-08-22T09:56:07+00:00,cnsm-db-redis-02,disk_io,779,io=8 hdd=8
2026-08-22T10:48:41+00:00,cnsm-web-06,disk_io,586,io=2 hdd=2
2026-08-22T10:52:31+00:00,cnsm-db-postgres-02,cpu_spike,909,cpu=1 load=85
2026-08-22T11:57:06+00:00,cnsm-web-06,disk_io,681,io=2 hdd=2
2026-08-22T13:04:14+00:00,cnsm-web-05,process_leak,887,fork=4
2026-08-22T14:07:32+00:00,cnsm-db-redis-02,memory_pressure,2729,vm_bytes=1G
2026-08-22T16:10:39+00:00,cnsm-web-04,process_leak,389,fork=4
2026-08-22T16:22:30+00:00,cnsm-io-01,process_leak,860,fork=4
2026-08-22T16:36:00+00:00,cnsm-db-postgres-02,memory_pressure,1994,vm_bytes=2G
2026-08-22T16:59:45+00:00,cnsm-web-05,disk_io,734,io=4 hdd=4
2026-08-22T17:16:25+00:00,cnsm-mem-01,process_leak,858,fork=2
2026-08-22T18:31:14+00:00,cnsm-web-06,process_leak,887,fork=4
2026-08-22T20:41:15+00:00,cnsm-db-redis-01,memory_pressure,2781,vm_bytes=1G
2026-08-22T20:49:52+00:00,cnsm-db-postgres-02,memory_pressure,1879,vm_bytes=1G
2026-08-22T21:42:16+00:00,cnsm-db-postgres-02,network_latency,1195,delay=500ms
2026-08-22T21:47:21+00:00,cnsm-web-03,cpu_spike,900,cpu=1 load=90
2026-08-23T06:03:25+00:00,cnsm-web-05,cpu_spike,1558,cpu=1 load=95
2026-08-23T08:00:00+00:00,cnsm-web-03,cpu_spike,1151,cpu=1 load=95
2026-08-23T08:11:36+00:00,cnsm-db-postgres-02,network_latency,1220,delay=500ms
2026-08-23T08:26:47+00:00,cnsm-io-01,disk_io,408,io=4 hdd=4
2026-08-23T08:45:30+00:00,cnsm-web-03,disk_io,543,io=4 hdd=4
2026-08-23T10:55:38+00:00,cnsm-db-postgres-02,cpu_spike,1391,cpu=1 load=85
2026-08-23T11:22:41+00:00,cnsm-web-04,memory_pressure,974,vm_bytes=1G
2026-08-23T12:49:32+00:00,cnsm-io-01,memory_pressure,906,vm_bytes=2G
2026-08-23T13:57:19+00:00,cnsm-io-01,process_leak,392,fork=8
2026-08-23T14:09:16+00:00,cnsm-web-06,disk_io,1135,io=8 hdd=8
2026-08-23T14:23:50+00:00,cnsm-web-01,disk_io,869,io=4 hdd=4
2026-08-23T14:43:57+00:00,cnsm-db-postgres-02,process_leak,895,fork=2
2026-08-23T14:49:07+00:00,cnsm-db-postgres-01,disk_io,793,io=2 hdd=2
2026-08-23T17:07:09+00:00,cnsm-web-04,memory_pressure,3330,vm_bytes=8G
2026-08-23T18:19:10+00:00,cnsm-web-02,cpu_spike,1414,cpu=4 load=95
2026-08-23T18:56:19+00:00,cnsm-db-postgres-01,process_leak,870,fork=4
2026-08-23T19:26:01+00:00,cnsm-web-01,memory_pressure,1698,vm_bytes=8G
2026-08-23T21:37:58+00:00,cnsm-web-03,process_leak,529,fork=4
2026-08-23T21:57:08+00:00,cnsm-io-01,disk_io,575,io=8 hdd=8
2026-08-24T07:05:51+00:00,cnsm-web-01,cpu_spike,628,cpu=4 load=90
2026-08-24T08:10:22+00:00,cnsm-web-02,cpu_spike,765,cpu=2 load=95
2026-08-24T08:27:15+00:00,cnsm-db-postgres-01,process_leak,656,fork=8
2026-08-24T09:39:20+00:00,cnsm-web-05,disk_io,776,io=4 hdd=4
2026-08-24T09:41:05+00:00,cnsm-web-05,network_latency,1543,delay=100ms
2026-08-24T10:12:31+00:00,cnsm-web-05,process_leak,580,fork=8
2026-08-24T10:47:49+00:00,cnsm-db-postgres-01,memory_pressure,2670,vm_bytes=8G
2026-08-24T11:52:08+00:00,cnsm-web-02,disk_io,616,io=4 hdd=4
2026-08-24T12:13:24+00:00,cnsm-db-redis-02,cpu_spike,1010,cpu=1 load=95
2026-08-24T12:19:20+00:00,cnsm-web-03,memory_pressure,1732,vm_bytes=8G
2026-08-24T13:10:43+00:00,cnsm-web-06,disk_io,588,io=4 hdd=4
2026-08-24T14:06:06+00:00,cnsm-web-05,cpu_spike,627,cpu=4 load=95
2026-08-24T14:42:16+00:00,cnsm-db-postgres-02,process_leak,753,fork=2
2026-08-24T15:27:14+00:00,cnsm-io-01,cpu_spike,1602,cpu=1 load=85
2026-08-24T16:53:04+00:00,cnsm-mem-01,cpu_spike,1017,cpu=1 load=85
2026-08-24T18:05:38+00:00,cnsm-web-01,network_latency,564,delay=50ms
2026-08-24T18:51:08+00:00,cnsm-io-01,disk_io,1057,io=8 hdd=8
2026-08-24T18:59:16+00:00,cnsm-web-01,disk_io,1102,io=4 hdd=4
2026-08-24T19:04:23+00:00,cnsm-web-05,process_leak,351,fork=4
2026-08-24T19:55:42+00:00,cnsm-web-02,memory_pressure,1983,vm_bytes=4G
2026-08-24T20:42:44+00:00,cnsm-web-04,network_latency,1121,delay=500ms
2026-08-24T21:08:45+00:00,cnsm-web-05,disk_io,435,io=8 hdd=8
2026-08-25T06:07:16+00:00,cnsm-web-04,memory_pressure,2035,vm_bytes=4G
2026-08-25T06:11:10+00:00,cnsm-web-01,memory_pressure,2140,vm_bytes=1G
2026-08-25T06:29:11+00:00,cnsm-web-06,process_leak,648,fork=2
2026-08-25T06:37:21+00:00,cnsm-db-postgres-01,process_leak,713,fork=8
2026-08-25T07:06:08+00:00,cnsm-web-01,cpu_spike,1575,cpu=2 load=95
2026-08-25T07:29:57+00:00,cnsm-web-02,disk_io,724,io=4 hdd=4
2026-08-25T08:23:25+00:00,cnsm-db-postgres-01,disk_io,688,io=8 hdd=8
2026-08-25T10:50:50+00:00,cnsm-web-01,disk_io,982,io=8 hdd=8
2026-08-25T11:24:45+00:00,cnsm-db-redis-02,cpu_spike,345,cpu=2 load=95
2026-08-25T12:15:54+00:00,cnsm-web-03,cpu_spike,562,cpu=2 load=90
2026-08-25T15:42:05+00:00,cnsm-web-03,cpu_spike,1728,cpu=2 load=85
2026-08-25T16:38:31+00:00,cnsm-web-06,disk_io,693,io=4 hdd=4
2026-08-25T17:30:48+00:00,cnsm-web-03,process_leak,353,fork=2
2026-08-25T18:29:47+00:00,cnsm-web-05,disk_io,488,io=4 hdd=4
2026-08-25T18:37:41+00:00,cnsm-web-03,network_latency,1679,delay=200ms
2026-08-25T18:50:19+00:00,cnsm-mem-01,cpu_spike,1205,cpu=1 load=95
2026-08-25T19:42:37+00:00,cnsm-db-redis-01,process_leak,437,fork=4
2026-08-25T20:20:59+00:00,cnsm-web-03,disk_io,1120,io=2 hdd=2
2026-08-26T06:09:17+00:00,cnsm-web-06,cpu_spike,761,cpu=4 load=95
2026-08-26T06:47:27+00:00,cnsm-db-redis-02,disk_io,657,io=2 hdd=2
2026-08-26T08:38:26+00:00,cnsm-db-postgres-02,process_leak,784,fork=8
2026-08-26T09:33:48+00:00,cnsm-web-02,memory_pressure,2463,vm_bytes=1G
2026-08-26T09:58:01+00:00,cnsm-web-02,disk_io,961,io=8 hdd=8
2026-08-26T11:21:55+00:00,cnsm-web-04,cpu_spike,824,cpu=2 load=90
2026-08-26T11:42:58+00:00,cnsm-mem-01,disk_io,856,io=2 hdd=2
2026-08-26T12:05:08+00:00,cnsm-mem-01,memory_pressure,2481,vm_bytes=2G
2026-08-26T12:11:14+00:00,cnsm-web-04,memory_pressure,3211,vm_bytes=8G
2026-08-26T13:19:53+00:00,cnsm-db-redis-02,disk_io,353,io=8 hdd=8
2026-08-26T15:31:44+00:00,cnsm-web-01,cpu_spike,1792,cpu=2 load=95
2026-08-26T15:37:36+00:00,cnsm-io-01,process_leak,569,fork=2
2026-08-26T16:22:55+00:00,cnsm-web-01,disk_io,640,io=4 hdd=4
2026-08-26T16:47:37+00:00,cnsm-db-redis-01,cpu_spike,1177,cpu=1 load=95
2026-08-26T17:05:08+00:00,cnsm-db-postgres-01,network_latency,461,delay=200ms
2026-08-26T18:40:44+00:00,cnsm-db-redis-01,network_latency,1449,delay=200ms
2026-08-26T21:50:09+00:00,cnsm-db-postgres-01,disk_io,608,io=4 hdd=4
2026-08-27T06:36:28+00:00,cnsm-web-06,network_latency,576,delay=100ms
2026-08-27T09:17:23+00:00,cnsm-db-redis-01,network_latency,1536,delay=200ms
2026-08-27T09:33:56+00:00,cnsm-db-redis-01,memory_pressure,1688,vm_bytes=1G
2026-08-27T10:16:09+00:00,cnsm-web-05,disk_io,314,io=8 hdd=8
2026-08-27T10:27:10+00:00,cnsm-db-redis-01,cpu_spike,1225,cpu=2 load=85
2026-08-27T11:54:09+00:00,cnsm-web-01,cpu_spike,1092,cpu=4 load=95
2026-08-27T12:58:36+00:00,cnsm-web-05,cpu_spike,1686,cpu=4 load=90
2026-08-27T13:12:14+00:00,cnsm-web-05,network_latency,823,delay=100ms
2026-08-27T14:24:13+00:00,cnsm-web-04,cpu_spike,1225,cpu=1 load=85
2026-08-27T14:37:53+00:00,cnsm-web-03,cpu_spike,345,cpu=4 load=90
2026-08-27T14:42:48+00:00,cnsm-io-01,network_latency,542,delay=500ms
2026-08-27T15:48:35+00:00,cnsm-web-06,memory_pressure,879,vm_bytes=4G
2026-08-27T16:17:58+00:00,cnsm-io-01,cpu_spike,1321,cpu=2 load=95
2026-08-27T16:52:27+00:00,cnsm-db-postgres-02,process_leak,558,fork=2
2026-08-27T17:09:54+00:00,cnsm-mem-01,memory_pressure,2458,vm_bytes=4G
2026-08-27T18:32:37+00:00,cnsm-db-postgres-02,cpu_spike,390,cpu=1 load=85
2026-08-27T18:42:55+00:00,cnsm-db-postgres-01,memory_pressure,1925,vm_bytes=8G
2026-08-27T19:01:08+00:00,cnsm-web-02,cpu_spike,418,cpu=4 load=95
2026-08-27T19:12:45+00:00,cnsm-web-01,memory_pressure,2143,vm_bytes=8G
2026-08-27T19:46:51+00:00,cnsm-web-05,disk_io,833,io=8 hdd=8
2026-08-27T20:38:46+00:00,cnsm-db-redis-02,disk_io,928,io=8 hdd=8
2026-08-28T06:18:31+00:00,cnsm-io-01,disk_io,722,io=4 hdd=4
2026-08-28T07:11:51+00:00,cnsm-db-postgres-01,process_leak,518,fork=2
2026-08-28T08:03:19+00:00,cnsm-mem-01,disk_io,1123,io=4 hdd=4
2026-08-28T08:05:02+00:00,cnsm-mem-01,cpu_spike,1368,cpu=1 load=95
2026-08-28T08:23:44+00:00,cnsm-web-06,process_leak,480,fork=8
2026-08-28T09:40:08+00:00,cnsm-db-redis-01,network_latency,1492,delay=50ms
2026-08-28T10:57:34+00:00,cnsm-db-postgres-01,disk_io,762,io=4 hdd=4
2026-08-28T11:15:47+00:00,cnsm-web-04,network_latency,1466,delay=500ms
2026-08-28T11:20:37+00:00,cnsm-web-03,process_leak,737,fork=4
2026-08-28T11:41:18+00:00,cnsm-web-05,network_latency,738,delay=100ms
2026-08-28T12:08:19+00:00,cnsm-db-redis-01,network_latency,670,delay=500ms
2026-08-28T13:53:16+00:00,cnsm-db-postgres-02,disk_io,641,io=4 hdd=4
2026-08-28T14:29:24+00:00,cnsm-web-01,disk_io,482,io=8 hdd=8
2026-08-28T14:36:21+00:00,cnsm-db-redis-02,process_leak,567,fork=8
2026-08-28T15:09:23+00:00,cnsm-db-postgres-02,network_latency,822,delay=200ms
2026-08-28T16:55:47+00:00,cnsm-db-redis-01,process_leak,834,fork=4
2026-08-28T17:08:08+00:00,cnsm-web-02,disk_io,1053,io=8 hdd=8
2026-08-28T17:13:06+00:00,cnsm-web-06,cpu_spike,679,cpu=2 load=90
2026-08-28T18:06:54+00:00,cnsm-db-postgres-01,process_leak,694,fork=2
2026-08-28T18:51:39+00:00,cnsm-db-redis-02,cpu_spike,303,cpu=2 load=95
2026-08-28T19:11:53+00:00,cnsm-web-06,memory_pressure,1997,vm_bytes=8G
2026-08-28T19:23:25+00:00,cnsm-web-01,memory_pressure,1910,vm_bytes=2G
2026-08-28T19:56:12+00:00,cnsm-web-02,process_leak,675,fork=8
2026-08-28T20:30:52+00:00,cnsm-db-postgres-01,disk_io,679,io=8 hdd=8
2026-08-29T07:19:10+00:00,cnsm-web-06,cpu_spike,1798,cpu=1 load=85
2026-08-29T08:42:59+00:00,cnsm-web-02,process_leak,307,fork=2
2026-08-29T09:20:31+00:00,cnsm-web-04,cpu_spike,1281,cpu=4 load=90
2026-08-29T09:22:32+00:00,cnsm-web-05,memory_pressure,1325,vm_bytes=2G
2026-08-29T10:31:34+00:00,cnsm-web-02,cpu_spike,1151,cpu=2 load=90
2026-08-29T11:36:31+00:00,cnsm-web-05,process_leak,302,fork=8
2026-08-29T11:46:20+00:00,cnsm-io-01,memory_pressure,3024,vm_bytes=2G
2026-08-29T11:56:18+00:00,cnsm-web-03,cpu_spike,1072,cpu=2 load=95
2026-08-29T12:13:12+00:00,cnsm-db-postgres-02,cpu_spike,1241,cpu=1 load=90
2026-08-29T13:39:08+00:00,cnsm-web-02,cpu_spike,800,cpu=1 load=95
2026-08-29T14:42:23+00:00,cnsm-web-02,disk_io,934,io=4 hdd=4
2026-08-29T16:32:17+00:00,cnsm-web-04,cpu_spike,1263,cpu=2 load=90
2026-08-29T17:50:23+00:00,cnsm-db-redis-02,disk_io,794,io=2 hdd=2
2026-08-29T20:22:19+00:00,cnsm-db-postgres-01,disk_io,481,io=8 hdd=8
2026-08-30T06:32:21+00:00,cnsm-db-redis-01,process_leak,873,fork=2
2026-08-30T08:04:05+00:00,cnsm-mem-01,network_latency,1011,delay=50ms
2026-08-30T08:58:17+00:00,cnsm-web-04,cpu_spike,1116,cpu=2 load=90
2026-08-30T10:07:18+00:00,cnsm-web-06,network_latency,1552,delay=500ms
2026-08-30T10:33:22+00:00,cnsm-db-redis-01,memory_pressure,1974,vm_bytes=1G
2026-08-30T11:48:09+00:00,cnsm-web-02,process_leak,626,fork=2
2026-08-30T11:56:39+00:00,cnsm-mem-01,memory_pressure,1049,vm_bytes=2G
2026-08-30T12:50:50+00:00,cnsm-db-redis-02,disk_io,885,io=2 hdd=2
2026-08-30T14:39:57+00:00,cnsm-web-02,process_leak,354,fork=4
2026-08-30T15:36:22+00:00,cnsm-web-03,cpu_spike,1641,cpu=4 load=85
2026-08-30T15:49:41+00:00,cnsm-db-postgres-02,cpu_spike,1567,cpu=4 load=85
2026-08-30T16:37:36+00:00,cnsm-web-04,network_latency,1278,delay=500ms
2026-08-30T17:33:23+00:00,cnsm-db-postgres-02,disk_io,920,io=4 hdd=4
2026-08-30T18:55:11+00:00,cnsm-db-postgres-01,memory_pressure,3238,vm_bytes=2G
2026-08-30T19:41:23+00:00,cnsm-web-04,process_leak,394,fork=4
2026-08-30T20:46:48+00:00,cnsm-mem-01,network_latency,1501,delay=200ms
2026-08-31T06:04:04+00:00,cnsm-db-postgres-02,cpu_spike,1009,cpu=2 load=85
2026-08-31T06:33:05+00:00,cnsm-db-redis-01,disk_io,461,io=2 hdd=2
2026-08-31T08:01:51+00:00,cnsm-web-05,memory_pressure,2534,vm_bytes=1G
2026-08-31T08:08:01+00:00,cnsm-mem-01,cpu_spike,1617,cpu=2 load=85
2026-08-31T08:43:32+00:00,cnsm-db-postgres-02,cpu_spike,1219,cpu=1 load=90
2026-08-31T10:54:53+00:00,cnsm-web-01,cpu_spike,464,cpu=2 load=85
2026-08-31T12:42:13+00:00,cnsm-web-05,cpu_spike,504,cpu=2 load=95
2026-08-31T13:41:51+00:00,cnsm-web-03,process_leak,347,fork=2
2026-08-31T14:15:47+00:00,cnsm-db-redis-02,memory_pressure,1308,vm_bytes=1G
2026-08-31T19:17:52+00:00,cnsm-db-postgres-02,network_latency,690,delay=500ms
2026-08-31T20:07:48+00:00,cnsm-db-redis-01,process_leak,599,fork=2
2026-08-31T21:13:23+00:00,cnsm-web-03,network_latency,412,delay=100ms
2026-08-31T21:56:24+00:00,cnsm-web-05,cpu_spike,1003,cpu=2 load=90
2026-09-01T06:40:07+00:00,cnsm-web-01,disk_io,664,io=2 hdd=2
2026-09-01T07:22:43+00:00,cnsm-io-01,process_leak,681,fork=2
2026-09-01T09:08:27+00:00,cnsm-web-05,cpu_spike,915,cpu=1 load=90
2026-09-01T09:28:11+00:00,cnsm-io-01,cpu_spike,1052,cpu=2 load=85
2026-09-01T11:15:14+00:00,cnsm-db-postgres-02,disk_io,847,io=4 hdd=4
2026-09-01T13:35:30+00:00,cnsm-web-02,disk_io,565,io=2 hdd=2
2026-09-01T13:40:28+00:00,cnsm-db-postgres-02,memory_pressure,1694,vm_bytes=1G
2026-09-01T13:55:39+00:00,cnsm-db-postgres-01,memory_pressure,3159,vm_bytes=1G
2026-09-01T13:55:42+00:00,cnsm-web-03,disk_io,486,io=2 hdd=2
2026-09-01T14:09:49+00:00,cnsm-db-redis-02,process_leak,388,fork=2
2026-09-01T14:32:45+00:00,cnsm-db-postgres-02,disk_io,1157,io=2 hdd=2
2026-09-01T14:40:35+00:00,cnsm-web-04,network_latency,339,delay=100ms
2026-09-01T15:54:00+00:00,cnsm-db-redis-01,disk_io,401,io=8 hdd=8
2026-09-01T16:12:25+00:00,cnsm-mem-01,cpu_spike,1008,cpu=4 load=85
2026-09-01T16:27:30+00:00,cnsm-web-01,disk_io,683,io=4 hdd=4
2026-09-01T17:15:00+00:00,cnsm-web-06,disk_io,458,io=8 hdd=8
2026-09-01T17:52:32+00:00,cnsm-db-postgres-02,memory_pressure,3149,vm_bytes=4G
2026-09-01T17:57:21+00:00,cnsm-db-redis-02,cpu_spike,475,cpu=1 load=85
2026-09-01T19:11:15+00:00,cnsm-db-redis-01,disk_io,782,io=8 hdd=8
2026-09-01T19:31:21+00:00,cnsm-web-06,network_latency,1640,delay=50ms
2026-09-01T19:42:00+00:00,cnsm-db-redis-01,process_leak,836,fork=2
2026-09-01T21:03:29+00:00,cnsm-db-redis-01,network_latency,1745,delay=50ms
2026-09-01T21:12:15+00:00,cnsm-mem-01,disk_io,728,io=2 hdd=2
2026-09-01T21:51:04+00:00,cnsm-web-03,process_leak,445,fork=2
2026-09-02T06:02:11+00:00,cnsm-web-01,memory_pressure,1408,vm_bytes=1G
2026-09-02T07:56:35+00:00,cnsm-db-redis-02,cpu_spike,1125,cpu=4 load=95
2026-09-02T08:35:20+00:00,cnsm-db-postgres-01,disk_io,442,io=4 hdd=4
2026-09-02T09:57:40+00:00,cnsm-io-01,disk_io,590,io=4 hdd=4
2026-09-02T10:08:45+00:00,cnsm-web-03,network_latency,1712,delay=50ms
2026-09-02T10:50:23+00:00,cnsm-db-redis-01,cpu_spike,336,cpu=4 load=90
2026-09-02T10:55:46+00:00,cnsm-web-03,network_latency,1486,delay=50ms
2026-09-02T11:40:46+00:00,cnsm-mem-01,disk_io,1086,io=2 hdd=2
2026-09-02T12:25:30+00:00,cnsm-web-02,disk_io,740,io=2 hdd=2
2026-09-02T13:23:31+00:00,cnsm-db-postgres-02,cpu_spike,1061,cpu=4 load=90
2026-09-02T13:25:44+00:00,cnsm-mem-01,disk_io,468,io=4 hdd=4
2026-09-02T15:07:03+00:00,cnsm-web-04,network_latency,849,delay=100ms
2026-09-02T15:10:15+00:00,cnsm-mem-01,disk_io,630,io=8 hdd=8
2026-09-02T15:50:48+00:00,cnsm-web-04,memory_pressure,1802,vm_bytes=4G
2026-09-02T17:31:44+00:00,cnsm-db-redis-01,cpu_spike,1489,cpu=4 load=85
2026-09-02T18:38:33+00:00,cnsm-db-postgres-01,process_leak,860,fork=4
2026-09-02T18:39:24+00:00,cnsm-mem-01,cpu_spike,1119,cpu=2 load=95
2026-09-02T20:48:21+00:00,cnsm-web-04,network_latency,534,delay=200ms
2026-09-03T10:53:44+00:00,cnsm-web-03,disk_io,451,io=8 hdd=8
2026-09-03T11:25:53+00:00,cnsm-web-04,disk_io,638,io=4 hdd=4
2026-09-03T12:19:26+00:00,cnsm-io-01,memory_pressure,3326,vm_bytes=2G
2026-09-03T15:03:39+00:00,cnsm-web-02,process_leak,648,fork=8
2026-09-03T15:17:48+00:00,cnsm-web-04,disk_io,1042,io=2 hdd=2
2026-09-03T15:39:27+00:00,cnsm-web-01,network_latency,1645,delay=50ms
2026-09-03T15:59:48+00:00,cnsm-db-postgres-02,process_leak,751,fork=8
2026-09-03T16:49:21+00:00,cnsm-db-postgres-01,disk_io,1105,io=4 hdd=4
2026-09-03T17:14:37+00:00,cnsm-web-04,memory_pressure,2332,vm_bytes=8G
2026-09-03T17:23:01+00:00,cnsm-io-01,cpu_spike,1489,cpu=1 load=90
2026-09-03T17:58:01+00:00,cnsm-db-redis-01,disk_io,993,io=4 hdd=4
2026-09-03T18:14:27+00:00,cnsm-db-postgres-01,network_latency,1409,delay=500ms
2026-09-03T18:52:54+00:00,cnsm-web-03,cpu_spike,376,cpu=2 load=90
2026-09-03T19:06:00+00:00,cnsm-web-06,memory_pressure,1720,vm_bytes=8G
2026-09-03T19:55:25+00:00,cnsm-db-redis-02,disk_io,526,io=4 hdd=4
2026-09-03T20:20:51+00:00,cnsm-mem-01,process_leak,896,fork=2
2026-09-03T20:44:52+00:00,cnsm-web-01,disk_io,389,io=8 hdd=8
2026-09-03T21:04:07+00:00,cnsm-web-04,process_leak,668,fork=8
2026-09-03T21:53:51+00:00,cnsm-web-06,network_latency,1736,delay=50ms
2026-09-04T09:24:54+00:00,cnsm-web-02,memory_pressure,1803,vm_bytes=2G
2026-09-04T11:09:47+00:00,cnsm-web-05,cpu_spike,439,cpu=4 load=90
2026-09-04T12:50:42+00:00,cnsm-web-04,process_leak,822,fork=8
2026-09-04T13:47:45+00:00,cnsm-web-04,disk_io,495,io=4 hdd=4
2026-09-04T14:47:50+00:00,cnsm-web-04,process_leak,429,fork=8
2026-09-04T17:16:34+00:00,cnsm-mem-01,cpu_spike,1086,cpu=2 load=90
2026-09-04T17:57:11+00:00,cnsm-web-01,memory_pressure,3114,vm_bytes=2G
2026-09-04T21:38:08+00:00,cnsm-db-postgres-01,cpu_spike,1486,cpu=1 load=95
2026-09-04T21:48:34+00:00,cnsm-web-06,process_leak,637,fork=8
2026-09-04T21:54:06+00:00,cnsm-web-05,cpu_spike,872,cpu=2 load=95
2026-09-05T06:35:21+00:00,cnsm-db-redis-02,memory_pressure,1718,vm_bytes=8G
2026-09-05T07:09:15+00:00,cnsm-web-06,disk_io,531,io=4 hdd=4
2026-09-05T07:11:47+00:00,cnsm-io-01,network_latency,1414,delay=50ms
2026-09-05T09:26:40+00:00,cnsm-web-01,process_leak,638,fork=4
2026-09-05T09:55:46+00:00,cnsm-db-redis-02,process_leak,335,fork=4
2026-09-05T10:17:03+00:00,cnsm-io-01,network_latency,1284,delay=50ms
2026-09-05T10:31:42+00:00,cnsm-web-06,network_latency,1347,delay=200ms
2026-09-05T12:48:28+00:00,cnsm-web-06,memory_pressure,3401,vm_bytes=8G
2026-09-05T12:59:42+00:00,cnsm-db-redis-02,cpu_spike,886,cpu=2 load=90
2026-09-05T14:06:23+00:00,cnsm-db-postgres-01,network_latency,941,delay=500ms
2026-09-05T14:51:26+00:00,cnsm-mem-01,cpu_spike,1234,cpu=1 load=90
2026-09-05T17:08:15+00:00,cnsm-io-01,network_latency,527,delay=50ms
2026-09-05T18:18:50+00:00,cnsm-db-redis-02,cpu_spike,1080,cpu=1 load=90
2026-09-05T18:43:54+00:00,cnsm-web-04,cpu_spike,1306,cpu=4 load=95
2026-09-05T19:58:15+00:00,cnsm-web-01,cpu_spike,424,cpu=2 load=95
2026-09-05T21:08:08+00:00,cnsm-web-04,network_latency,1635,delay=100ms
2026-09-06T06:13:37+00:00,cnsm-web-06,network_latency,1734,delay=200ms
2026-09-06T06:27:55+00:00,cnsm-web-06,disk_io,950,io=8 hdd=8
2026-09-06T06:30:16+00:00,cnsm-db-postgres-01,memory_pressure,2789,vm_bytes=4G
2026-09-06T06:32:03+00:00,cnsm-mem-01,disk_io,680,io=8 hdd=8
2026-09-06T06:41:12+00:00,cnsm-web-03,process_leak,480,fork=2
2026-09-06T06:49:16+00:00,cnsm-web-02,cpu_spike,358,cpu=4 load=85
2026-09-06T08:11:09+00:00,cnsm-web-04,memory_pressure,2577,vm_bytes=1G
2026-09-06T08:47:08+00:00,cnsm-web-02,network_latency,936,delay=50ms
2026-09-06T08:49:48+00:00,cnsm-db-redis-02,disk_io,493,io=2 hdd=2
2026-09-06T09:27:37+00:00,cnsm-web-03,memory_pressure,999,vm_bytes=8G
2026-09-06T09:46:53+00:00,cnsm-db-postgres-01,memory_pressure,953,vm_bytes=4G
2026-09-06T10:40:33+00:00,cnsm-web-02,network_latency,861,delay=100ms
2026-09-06T10:41:16+00:00,cnsm-web-01,network_latency,1316,delay=50ms
2026-09-06T10:57:29+00:00,cnsm-web-06,disk_io,781,io=4 hdd=4
2026-09-06T12:09:38+00:00,cnsm-db-redis-01,process_leak,470,fork=2
2026-09-06T12:32:07+00:00,cnsm-mem-01,cpu_spike,1683,cpu=4 load=95
2026-09-06T13:18:19+00:00,cnsm-web-04,disk_io,676,io=8 hdd=8
2026-09-06T14:40:27+00:00,cnsm-db-redis-01,disk_io,692,io=8 hdd=8
2026-09-06T14:46:50+00:00,cnsm-io-01,cpu_spike,530,cpu=4 load=95
2026-09-06T15:12:17+00:00,cnsm-web-04,process_leak,468,fork=2
2026-09-06T16:15:35+00:00,cnsm-io-01,cpu_spike,1106,cpu=1 load=85
2026-09-06T16:24:35+00:00,cnsm-web-05,disk_io,434,io=4 hdd=4
2026-09-06T17:43:12+00:00,cnsm-mem-01,cpu_spike,1532,cpu=1 load=85
2026-09-06T17:51:40+00:00,cnsm-db-postgres-02,cpu_spike,565,cpu=2 load=95
2026-09-06T18:20:10+00:00,cnsm-db-postgres-02,disk_io,742,io=4 hdd=4
2026-09-06T19:27:00+00:00,cnsm-db-postgres-01,cpu_spike,671,cpu=4 load=85
2026-09-06T21:13:38+00:00,cnsm-io-01,network_latency,1760,delay=50ms
2026-09-07T06:56:25+00:00,cnsm-web-02,process_leak,414,fork=2
2026-09-07T08:55:30+00:00,cnsm-io-01,memory_pressure,3556,vm_bytes=1G
2026-09-07T09:35:16+00:00,cnsm-db-redis-02,process_leak,414,fork=2
2026-09-07T10:06:30+00:00,cnsm-db-postgres-02,disk_io,464,io=8 hdd=8
2026-09-07T11:05:04+00:00,cnsm-db-postgres-01,network_latency,1254,delay=50ms
2026-09-07T11:26:51+00:00,cnsm-web-01,network_latency,941,delay=200ms
2026-09-07T11:37:31+00:00,cnsm-db-postgres-01,cpu_spike,1176,cpu=4 load=95
2026-09-07T13:10:32+00:00,cnsm-db-redis-01,process_leak,581,fork=4
2026-09-07T13:51:53+00:00,cnsm-io-01,disk_io,595,io=4 hdd=4
2026-09-07T15:12:20+00:00,cnsm-db-postgres-02,cpu_spike,1069,cpu=4 load=90
2026-09-07T16:14:25+00:00,cnsm-web-02,cpu_spike,1298,cpu=1 load=90
2026-09-07T17:28:11+00:00,cnsm-web-04,disk_io,524,io=4 hdd=4
2026-09-07T19:02:40+00:00,cnsm-db-postgres-01,process_leak,527,fork=8
2026-09-07T19:05:57+00:00,cnsm-db-redis-02,network_latency,1655,delay=500ms
2026-09-07T21:36:37+00:00,cnsm-db-postgres-01,cpu_spike,1493,cpu=1 load=85
2026-09-07T21:56:58+00:00,cnsm-web-06,process_leak,414,fork=2
2026-09-08T06:06:19+00:00,cnsm-web-01,memory_pressure,3464,vm_bytes=2G
2026-09-08T06:47:27+00:00,cnsm-web-06,cpu_spike,1618,cpu=4 load=85
2026-09-08T07:55:21+00:00,cnsm-web-03,cpu_spike,995,cpu=2 load=85
2026-09-08T09:51:15+00:00,cnsm-web-02,cpu_spike,864,cpu=1 load=90
2026-09-08T11:18:56+00:00,cnsm-web-05,process_leak,717,fork=8
2026-09-08T11:40:13+00:00,cnsm-web-05,memory_pressure,3498,vm_bytes=8G
2026-09-08T12:02:49+00:00,cnsm-web-06,disk_io,484,io=2 hdd=2
2026-09-08T13:35:44+00:00,cnsm-web-05,network_latency,1670,delay=500ms
2026-09-08T14:21:06+00:00,cnsm-web-04,cpu_spike,845,cpu=2 load=90
2026-09-08T14:36:35+00:00,cnsm-db-redis-02,network_latency,839,delay=200ms
2026-09-08T16:39:54+00:00,cnsm-web-02,disk_io,518,io=4 hdd=4
2026-09-08T16:45:52+00:00,cnsm-web-05,disk_io,492,io=8 hdd=8
2026-09-08T17:28:25+00:00,cnsm-web-01,disk_io,1153,io=2 hdd=2
2026-09-08T18:25:23+00:00,cnsm-db-redis-01,network_latency,486,delay=500ms
2026-09-08T18:47:17+00:00,cnsm-web-02,memory_pressure,2168,vm_bytes=4G
2026-09-08T18:54:29+00:00,cnsm-web-03,memory_pressure,1106,vm_bytes=2G
2026-09-08T19:12:47+00:00,cnsm-db-postgres-01,network_latency,1659,delay=500ms
2026-09-08T19:16:50+00:00,cnsm-web-05,process_leak,495,fork=8
2026-09-08T20:37:09+00:00,cnsm-mem-01,disk_io,1163,io=4 hdd=4
2026-09-08T21:04:05+00:00,cnsm-web-01,memory_pressure,1295,vm_bytes=8G
2026-09-08T21:52:50+00:00,cnsm-web-05,disk_io,838,io=4 hdd=4
2026-09-09T08:02:36+00:00,cnsm-web-01,disk_io,811,io=4 hdd=4
2026-09-09T08:30:06+00:00,cnsm-web-05,memory_pressure,3005,vm_bytes=2G
2026-09-09T08:35:19+00:00,cnsm-db-postgres-01,network_latency,616,delay=100ms
2026-09-09T10:13:12+00:00,cnsm-web-03,cpu_spike,555,cpu=4 load=95
2026-09-09T11:14:39+00:00,cnsm-db-redis-02,disk_io,364,io=4 hdd=4
2026-09-09T11:40:02+00:00,cnsm-web-03,cpu_spike,1662,cpu=4 load=85
2026-09-09T11:51:49+00:00,cnsm-db-redis-02,memory_pressure,3118,vm_bytes=4G
2026-09-09T12:49:04+00:00,cnsm-db-redis-02,process_leak,340,fork=4
2026-09-09T13:31:17+00:00,cnsm-web-04,cpu_spike,1454,cpu=2 load=90
2026-09-09T13:46:02+00:00,cnsm-io-01,memory_pressure,2865,vm_bytes=1G
2026-09-09T14:25:05+00:00,cnsm-web-01,network_latency,1545,delay=100ms
2026-09-09T14:51:29+00:00,cnsm-db-redis-01,memory_pressure,2165,vm_bytes=4G
2026-09-09T15:46:36+00:00,cnsm-web-05,process_leak,315,fork=2
2026-09-09T16:12:03+00:00,cnsm-web-06,process_leak,786,fork=2
2026-09-09T16:43:47+00:00,cnsm-web-03,disk_io,693,io=8 hdd=8
2026-09-09T16:45:40+00:00,cnsm-db-redis-02,process_leak,860,fork=2
2026-09-09T17:41:10+00:00,cnsm-web-01,disk_io,638,io=2 hdd=2
2026-09-09T18:49:23+00:00,cnsm-web-01,process_leak,712,fork=2
2026-09-09T19:30:29+00:00,cnsm-io-01,disk_io,373,io=2 hdd=2
2026-09-09T20:02:11+00:00,cnsm-web-06,memory_pressure,2383,vm_bytes=1G
2026-09-09T20:13:14+00:00,cnsm-web-02,cpu_spike,838,cpu=1 load=95
2026-09-09T21:01:35+00:00,cnsm-mem-01,disk_io,711,io=2 hdd=2
2026-09-09T21:31:32+00:00,cnsm-web-01,disk_io,810,io=2 hdd=2
2026-09-09T21:41:07+00:00,cnsm-web-05,memory_pressure,2563,vm_bytes=2G
2026-09-10T09:04:30+00:00,cnsm-web-02,cpu_spike,425,cpu=2 load=85
2026-09-10T09:06:48+00:00,cnsm-mem-01,cpu_spike,1746,cpu=1 load=85
2026-09-10T09:07:33+00:00,cnsm-mem-01,cpu_spike,1778,cpu=1 load=90
2026-09-10T09:24:25+00:00,cnsm-web-05,memory_pressure,2489,vm_bytes=1G
2026-09-10T09:25:57+00:00,cnsm-db-postgres-02,disk_io,563,io=8 hdd=8
2026-09-10T09:35:35+00:00,cnsm-db-postgres-01,memory_pressure,2860,vm_bytes=2G
2026-09-10T09:39:24+00:00,cnsm-web-01,cpu_spike,1477,cpu=1 load=90
2026-09-10T09:51:38+00:00,cnsm-mem-01,process_leak,496,fork=2
2026-09-10T10:51:02+00:00,cnsm-web-02,memory_pressure,1952,vm_bytes=2G
2026-09-10T11:51:05+00:00,cnsm-db-redis-02,cpu_spike,1762,cpu=4 load=95
2026-09-10T12:06:03+00:00,cnsm-web-02,process_leak,825,fork=2
2026-09-10T12:38:43+00:00,cnsm-web-05,memory_pressure,2573,vm_bytes=2G
2026-09-10T13:57:55+00:00,cnsm-io-01,cpu_spike,731,cpu=4 load=85
2026-09-10T15:02:26+00:00,cnsm-web-03,cpu_spike,1179,cpu=1 load=85
2026-09-10T17:05:19+00:00,cnsm-db-postgres-01,cpu_spike,1515,cpu=4 load=90
2026-09-10T20:19:41+00:00,cnsm-mem-01,cpu_spike,1236,cpu=1 load=90
2026-09-11T06:53:00+00:00,cnsm-db-postgres-02,cpu_spike,1622,cpu=4 load=90
2026-09-11T07:04:14+00:00,cnsm-db-postgres-01,process_leak,515,fork=4
2026-09-11T07:30:28+00:00,cnsm-io-01,cpu_spike,491,cpu=2 load=95
2026-09-11T08:16:57+00:00,cnsm-web-03,cpu_spike,947,cpu=1 load=95
2026-09-11T08:31:10+00:00,cnsm-web-02,disk_io,1019,io=2 hdd=2
2026-09-11T09:07:45+00:00,cnsm-db-redis-02,network_latency,429,delay=100ms
2026-09-11T09:34:35+00:00,cnsm-db-postgres-01,memory_pressure,3138,vm_bytes=8G
2026-09-11T09:49:55+00:00,cnsm-db-redis-01,network_latency,1163,delay=50ms
2026-09-11T10:50:42+00:00,cnsm-db-redis-02,memory_pressure,1354,vm_bytes=1G
2026-09-11T11:17:30+00:00,cnsm-web-06,memory_pressure,1377,vm_bytes=2G
2026-09-11T11:34:00+00:00,cnsm-db-redis-02,cpu_spike,1284,cpu=2 load=90
2026-09-11T11:36:32+00:00,cnsm-web-03,disk_io,1053,io=8 hdd=8
2026-09-11T12:44:22+00:00,cnsm-web-05,network_latency,1159,delay=100ms
2026-09-11T14:29:51+00:00,cnsm-web-05,memory_pressure,2483,vm_bytes=4G
2026-09-11T15:10:33+00:00,cnsm-mem-01,memory_pressure,721,vm_bytes=1G
2026-09-11T16:10:11+00:00,cnsm-db-postgres-01,network_latency,716,delay=50ms
2026-09-11T17:12:39+00:00,cnsm-web-04,memory_pressure,2931,vm_bytes=1G
2026-09-11T18:06:38+00:00,cnsm-web-05,process_leak,884,fork=4
2026-09-11T18:10:20+00:00,cnsm-mem-01,cpu_spike,936,cpu=1 load=85
2026-09-11T18:35:15+00:00,cnsm-web-01,memory_pressure,2932,vm_bytes=8G
2026-09-11T20:05:30+00:00,cnsm-web-03,memory_pressure,631,vm_bytes=1G
2026-09-11T20:31:11+00:00,cnsm-db-redis-02,cpu_spike,478,cpu=2 load=95
2026-09-12T06:22:06+00:00,cnsm-web-01,process_leak,761,fork=4
2026-09-12T08:22:05+00:00,cnsm-db-postgres-01,process_leak,713,fork=2
2026-09-12T09:23:33+00:00,cnsm-web-06,process_leak,692,fork=2
2026-09-12T10:51:01+00:00,cnsm-db-postgres-02,cpu_spike,1510,cpu=2 load=95
2026-09-12T11:06:42+00:00,cnsm-io-01,network_latency,583,delay=200ms
2026-09-12T11:29:12+00:00,cnsm-db-redis-02,memory_pressure,2926,vm_bytes=4G
2026-09-12T12:36:34+00:00,cnsm-db-redis-01,network_latency,884,delay=50ms
2026-09-12T12:45:54+00:00,cnsm-db-redis-02,disk_io,693,io=2 hdd=2
2026-09-12T13:26:30+00:00,cnsm-db-redis-02,disk_io,1129,io=2 hdd=2
2026-09-12T14:07:30+00:00,cnsm-web-02,network_latency,369,delay=500ms
2026-09-12T15:56:42+00:00,cnsm-db-redis-01,process_leak,807,fork=2
2026-09-12T20:10:26+00:00,cnsm-db-postgres-02,process_leak,419,fork=2
2026-09-12T21:29:46+00:00,cnsm-db-postgres-01,disk_io,736,io=2 hdd=2
2026-09-12T21:33:11+00:00,cnsm-db-postgres-02,cpu_spike,1456,cpu=4 load=85
2026-09-13T06:15:51+00:00,cnsm-web-02,process_leak,809,fork=4
2026-09-13T07:59:10+00:00,cnsm-mem-01,cpu_spike,617,cpu=2 load=85
2026-09-13T08:47:33+00:00,cnsm-web-02,network_latency,1544,delay=50ms
2026-09-13T08:51:18+00:00,cnsm-db-redis-01,cpu_spike,586,cpu=1 load=85
2026-09-13T10:04:23+00:00,cnsm-web-06,memory_pressure,702,vm_bytes=2G
2026-09-13T10:06:34+00:00,cnsm-io-01,process_leak,316,fork=4
2026-09-13T11:03:36+00:00,cnsm-web-06,process_leak,707,fork=2
2026-09-13T11:38:17+00:00,cnsm-db-redis-02,disk_io,1151,io=2 hdd=2
2026-09-13T12:37:54+00:00,cnsm-db-redis-01,disk_io,478,io=4 hdd=4
2026-09-13T12:41:33+00:00,cnsm-db-redis-01,memory_pressure,1296,vm_bytes=4G
2026-09-13T12:44:52+00:00,cnsm-web-01,network_latency,354,delay=50ms
2026-09-13T13:02:54+00:00,cnsm-web-05,cpu_spike,457,cpu=4 load=90
2026-09-13T13:40:44+00:00,cnsm-db-redis-02,disk_io,1084,io=2 hdd=2
2026-09-13T13:42:08+00:00,cnsm-web-04,process_leak,873,fork=4
2026-09-13T14:06:07+00:00,cnsm-db-postgres-01,network_latency,1672,delay=100ms
2026-09-13T14:06:14+00:00,cnsm-web-01,disk_io,457,io=8 hdd=8
2026-09-13T14:09:07+00:00,cnsm-io-01,process_leak,421,fork=4
2026-09-13T14:44:14+00:00,cnsm-db-postgres-01,process_leak,479,fork=2
2026-09-13T14:52:44+00:00,cnsm-web-02,network_latency,1077,delay=200ms
2026-09-13T15:19:05+00:00,cnsm-web-05,memory_pressure,1630,vm_bytes=8G
2026-09-13T15:59:23+00:00,cnsm-db-postgres-02,disk_io,546,io=2 hdd=2
2026-09-13T16:52:45+00:00,cnsm-web-04,memory_pressure,3023,vm_bytes=8G
2026-09-13T16:54:46+00:00,cnsm-db-redis-01,memory_pressure,871,vm_bytes=8G
2026-09-13T16:58:11+00:00,cnsm-db-postgres-01,memory_pressure,758,vm_bytes=2G
2026-09-13T18:09:59+00:00,cnsm-mem-01,process_leak,820,fork=4
2026-09-13T19:03:12+00:00,cnsm-db-redis-02,network_latency,1539,delay=50ms
2026-09-13T19:24:44+00:00,cnsm-mem-01,memory_pressure,3207,vm_bytes=1G
2026-09-13T20:12:20+00:00,cnsm-web-06,process_leak,599,fork=2
2026-09-13T20:43:06+00:00,cnsm-web-03,network_latency,885,delay=50ms
2026-09-13T20:49:10+00:00,cnsm-web-03,memory_pressure,1951,vm_bytes=1G
2026-09-13T21:28:01+00:00,cnsm-web-01,memory_pressure,1861,vm_bytes=8G
2026-09-14T07:57:30+00:00,cnsm-web-05,cpu_spike,1653,cpu=4 load=85
2026-09-14T09:10:54+00:00,cnsm-web-05,network_latency,1000,delay=500ms
2026-09-14T09:37:39+00:00,cnsm-web-02,cpu_spike,921,cpu=4 load=95
2026-09-14T11:48:40+00:00,cnsm-mem-01,cpu_spike,340,cpu=2 load=90
2026-09-14T11:50:00+00:00,cnsm-web-06,memory_pressure,2696,vm_bytes=4G
2026-09-14T12:15:09+00:00,cnsm-web-01,disk_io,1110,io=4 hdd=4
2026-09-14T12:26:12+00:00,cnsm-web-03,disk_io,1062,io=4 hdd=4
2026-09-14T12:58:56+00:00,cnsm-web-04,cpu_spike,438,cpu=2 load=90
2026-09-14T14:26:45+00:00,cnsm-mem-01,process_leak,537,fork=4
2026-09-14T14:41:31+00:00,cnsm-web-05,disk_io,1069,io=4 hdd=4
2026-09-14T15:02:22+00:00,cnsm-web-03,network_latency,1611,delay=500ms
2026-09-14T15:37:30+00:00,cnsm-db-postgres-02,cpu_spike,1511,cpu=1 load=95
2026-09-14T15:56:27+00:00,cnsm-db-redis-02,disk_io,908,io=2 hdd=2
2026-09-14T15:58:40+00:00,cnsm-db-postgres-01,cpu_spike,1073,cpu=2 load=95
2026-09-14T16:30:43+00:00,cnsm-web-03,disk_io,899,io=8 hdd=8
2026-09-14T17:35:37+00:00,cnsm-db-postgres-01,cpu_spike,365,cpu=4 load=90
2026-09-14T17:45:38+00:00,cnsm-web-05,memory_pressure,1276,vm_bytes=2G
2026-09-14T17:52:23+00:00,cnsm-db-postgres-01,network_latency,1286,delay=500ms
2026-09-14T18:18:31+00:00,cnsm-web-06,cpu_spike,1716,cpu=1 load=95
2026-09-14T18:24:33+00:00,cnsm-db-redis-01,memory_pressure,2649,vm_bytes=4G
2026-09-14T19:44:22+00:00,cnsm-db-postgres-01,disk_io,575,io=8 hdd=8
2026-09-14T20:36:51+00:00,cnsm-web-05,process_leak,474,fork=4
2026-09-14T20:50:38+00:00,cnsm-web-04,memory_pressure,2431,vm_bytes=2G
2026-09-14T21:50:19+00:00,cnsm-mem-01,disk_io,1112,io=8 hdd=8
2026-09-14T21:58:58+00:00,cnsm-web-02,cpu_spike,532,cpu=2 load=95
2026-09-15T06:17:05+00:00,cnsm-db-postgres-02,process_leak,726,fork=4
2026-09-15T07:02:12+00:00,cnsm-web-03,disk_io,965,io=2 hdd=2
2026-09-15T08:10:08+00:00,cnsm-io-01,process_leak,457,fork=4
2026-09-15T08:49:55+00:00,cnsm-db-redis-01,process_leak,689,fork=4
2026-09-15T09:39:37+00:00,cnsm-io-01,process_leak,837,fork=8
2026-09-15T09:50:03+00:00,cnsm-web-03,cpu_spike,1142,cpu=1 load=85
2026-09-15T11:38:48+00:00,cnsm-db-redis-01,cpu_spike,1667,cpu=4 load=85
2026-09-15T12:20:33+00:00,cnsm-io-01,network_latency,1553,delay=50ms
2026-09-15T13:39:20+00:00,cnsm-web-01,disk_io,1175,io=2 hdd=2
2026-09-15T15:06:40+00:00,cnsm-web-01,process_leak,820,fork=8
2026-09-15T17:53:00+00:00,cnsm-mem-01,process_leak,326,fork=4
2026-09-15T18:18:35+00:00,cnsm-web-03,cpu_spike,1007,cpu=4 load=90
2026-09-15T19:18:52+00:00,cnsm-mem-01,network_latency,1608,delay=100ms
2026-09-15T20:04:58+00:00,cnsm-web-02,cpu_spike,554,cpu=2 load=85
2026-09-15T21:11:03+00:00,cnsm-web-01,memory_pressure,1880,vm_bytes=4G
2026-09-15T21:49:54+00:00,cnsm-web-06,process_leak,882,fork=8
2026-09-16T10:43:42+00:00,cnsm-io-01,cpu_spike,1151,cpu=2 load=95
2026-09-16T11:16:59+00:00,cnsm-web-06,network_latency,1654,delay=50ms
2026-09-16T12:37:58+00:00,cnsm-web-02,network_latency,1669,delay=100ms
2026-09-16T12:42:03+00:00,cnsm-mem-01,cpu_spike,914,cpu=1 load=85
2026-09-16T12:53:34+00:00,cnsm-web-06,network_latency,640,delay=500ms
2026-09-16T13:04:48+00:00,cnsm-db-redis-02,memory_pressure,1637,vm_bytes=4G
2026-09-16T13:22:38+00:00,cnsm-web-04,cpu_spike,1206,cpu=1 load=95
2026-09-16T13:39:47+00:00,cnsm-web-03,cpu_spike,1309,cpu=4 load=85
2026-09-16T14:32:29+00:00,cnsm-db-postgres-02,disk_io,476,io=4 hdd=4
2026-09-16T14:37:05+00:00,cnsm-db-redis-01,cpu_spike,1369,cpu=4 load=95
2026-09-16T14:41:21+00:00,cnsm-mem-01,disk_io,683,io=2 hdd=2
2026-09-16T15:00:29+00:00,cnsm-web-04,disk_io,1092,io=4 hdd=4
2026-09-16T15:35:15+00:00,cnsm-web-02,cpu_spike,823,cpu=1 load=95
2026-09-16T17:30:07+00:00,cnsm-web-06,cpu_spike,1709,cpu=1 load=90
2026-09-16T17:35:39+00:00,cnsm-web-02,cpu_spike,489,cpu=4 load=95
2026-09-16T17:59:06+00:00,cnsm-web-06,disk_io,1007,io=4 hdd=4
2026-09-16T18:35:52+00:00,cnsm-web-06,disk_io,558,io=2 hdd=2
2026-09-16T18:47:13+00:00,cnsm-db-redis-02,cpu_spike,1600,cpu=1 load=85
2026-09-16T19:52:58+00:00,cnsm-web-04,network_latency,1134,delay=500ms
2026-09-16T19:56:15+00:00,cnsm-mem-01,network_latency,742,delay=500ms
2026-09-17T06:18:56+00:00,cnsm-web-05,network_latency,1096,delay=500ms
2026-09-17T09:58:11+00:00,cnsm-db-redis-02,process_leak,348,fork=4
2026-09-17T10:44:33+00:00,cnsm-web-03,cpu_spike,370,cpu=2 load=95
2026-09-17T12:19:52+00:00,cnsm-web-04,cpu_spike,916,cpu=1 load=95
2026-09-17T14:28:32+00:00,cnsm-db-redis-01,network_latency,665,delay=200ms
2026-09-17T14:42:28+00:00,cnsm-db-postgres-02,disk_io,641,io=2 hdd=2
2026-09-17T14:54:54+00:00,cnsm-web-03,process_leak,808,fork=8
2026-09-17T15:28:23+00:00,cnsm-web-03,memory_pressure,1603,vm_bytes=2G
2026-09-17T16:55:46+00:00,cnsm-web-03,disk_io,741,io=2 hdd=2
2026-09-17T18:50:56+00:00,cnsm-web-06,disk_io,525,io=2 hdd=2
2026-09-17T19:52:10+00:00,cnsm-web-04,memory_pressure,2193,vm_bytes=4G
2026-09-17T20:33:25+00:00,cnsm-web-04,process_leak,724,fork=2
2026-09-17T21:33:46+00:00,cnsm-db-redis-01,cpu_spike,531,cpu=4 load=95
2026-09-18T06:38:08+00:00,cnsm-web-01,process_leak,345,fork=8
2026-09-18T07:56:52+00:00,cnsm-db-redis-02,process_leak,334,fork=4
2026-09-18T09:32:50+00:00,cnsm-web-05,disk_io,539,io=8 hdd=8
2026-09-18T10:41:36+00:00,cnsm-db-redis-01,memory_pressure,2507,vm_bytes=4G
2026-09-18T12:34:19+00:00,cnsm-db-redis-01,cpu_spike,563,cpu=4 load=95
2026-09-18T13:22:40+00:00,cnsm-web-05,network_latency,1653,delay=50ms
2026-09-18T14:31:07+00:00,cnsm-io-01,memory_pressure,3260,vm_bytes=1G
2026-09-18T14:45:17+00:00,cnsm-web-03,disk_io,558,io=4 hdd=4
2026-09-18T14:47:40+00:00,cnsm-db-redis-02,memory_pressure,2371,vm_bytes=2G
2026-09-18T15:25:48+00:00,cnsm-db-postgres-02,network_latency,1002,delay=500ms
2026-09-18T15:35:22+00:00,cnsm-io-01,process_leak,467,fork=8
2026-09-18T16:04:19+00:00,cnsm-io-01,network_latency,1642,delay=500ms
2026-09-18T16:28:37+00:00,cnsm-web-01,network_latency,1734,delay=200ms
2026-09-18T16:35:34+00:00,cnsm-web-01,process_leak,815,fork=2
2026-09-18T17:37:37+00:00,cnsm-db-postgres-01,memory_pressure,1998,vm_bytes=1G
2026-09-18T18:28:57+00:00,cnsm-web-01,cpu_spike,560,cpu=4 load=85
2026-09-18T18:57:08+00:00,cnsm-web-05,cpu_spike,1394,cpu=2 load=95
2026-09-18T19:51:04+00:00,cnsm-web-01,disk_io,307,io=2 hdd=2
2026-09-18T20:45:34+00:00,cnsm-web-04,network_latency,613,delay=100ms
2026-09-18T21:24:08+00:00,cnsm-io-01,memory_pressure,2859,vm_bytes=8G
2026-09-18T21:43:11+00:00,cnsm-web-06,process_leak,492,fork=2
2026-09-19T06:04:02+00:00,cnsm-mem-01,disk_io,356,io=4 hdd=4
2026-09-19T06:24:54+00:00,cnsm-io-01,cpu_spike,808,cpu=2 load=85
2026-09-19T07:29:00+00:00,cnsm-db-postgres-02,cpu_spike,357,cpu=4 load=95
2026-09-19T08:00:52+00:00,cnsm-web-03,memory_pressure,2630,vm_bytes=4G
2026-09-19T09:33:08+00:00,cnsm-db-postgres-02,memory_pressure,3380,vm_bytes=4G
2026-09-19T09:34:02+00:00,cnsm-db-redis-01,disk_io,571,io=8 hdd=8
2026-09-19T10:06:56+00:00,cnsm-web-01,disk_io,1153,io=4 hdd=4
2026-09-19T11:39:32+00:00,cnsm-db-postgres-01,disk_io,657,io=8 hdd=8
2026-09-19T12:02:16+00:00,cnsm-io-01,disk_io,1019,io=8 hdd=8
2026-09-19T12:23:30+00:00,cnsm-web-04,process_leak,481,fork=8
2026-09-19T13:00:36+00:00,cnsm-web-05,memory_pressure,2814,vm_bytes=8G
2026-09-19T13:22:33+00:00,cnsm-db-postgres-01,disk_io,806,io=2 hdd=2
2026-09-19T13:41:36+00:00,cnsm-db-redis-02,disk_io,697,io=4 hdd=4
2026-09-19T13:48:00+00:00,cnsm-db-redis-01,network_latency,1796,delay=500ms
2026-09-19T13:59:59+00:00,cnsm-db-redis-01,process_leak,789,fork=4
2026-09-19T17:19:30+00:00,cnsm-db-redis-01,network_latency,1509,delay=500ms
2026-09-19T17:57:15+00:00,cnsm-web-05,memory_pressure,2722,vm_bytes=1G
2026-09-20T06:01:48+00:00,cnsm-db-redis-02,network_latency,535,delay=50ms
2026-09-20T06:34:34+00:00,cnsm-web-06,disk_io,373,io=4 hdd=4
2026-09-20T07:05:35+00:00,cnsm-mem-01,cpu_spike,1270,cpu=4 load=90
2026-09-20T08:00:59+00:00,cnsm-web-01,network_latency,879,delay=500ms
2026-09-20T09:23:34+00:00,cnsm-web-06,network_latency,1289,delay=200ms
2026-09-20T10:19:48+00:00,cnsm-db-redis-01,cpu_spike,1644,cpu=4 load=95
2026-09-20T10:32:32+00:00,cnsm-mem-01,network_latency,1215,delay=500ms
2026-09-20T12:11:17+00:00,cnsm-db-postgres-01,disk_io,929,io=2 hdd=2
2026-09-20T12:23:35+00:00,cnsm-db-redis-01,cpu_spike,991,cpu=4 load=95
2026-09-20T12:28:15+00:00,cnsm-web-01,network_latency,1194,delay=500ms
2026-09-20T12:46:48+00:00,cnsm-web-02,cpu_spike,972,cpu=1 load=95
2026-09-20T14:02:22+00:00,cnsm-web-04,cpu_spike,983,cpu=2 load=90
2026-09-20T14:10:14+00:00,cnsm-db-postgres-01,memory_pressure,2509,vm_bytes=1G
2026-09-20T14:19:07+00:00,cnsm-web-05,cpu_spike,1761,cpu=1 load=95
2026-09-20T15:29:08+00:00,cnsm-web-02,network_latency,424,delay=50ms
2026-09-20T16:56:51+00:00,cnsm-db-redis-02,cpu_spike,1531,cpu=1 load=90
2026-09-20T17:37:37+00:00,cnsm-db-postgres-02,process_leak,750,fork=2
2026-09-20T17:48:29+00:00,cnsm-io-01,disk_io,816,io=2 hdd=2
2026-09-20T18:03:04+00:00,cnsm-web-03,disk_io,1075,io=2 hdd=2
2026-09-20T19:06:05+00:00,cnsm-db-postgres-02,network_latency,515,delay=100ms
2026-09-20T19:25:45+00:00,cnsm-web-01,cpu_spike,660,cpu=1 load=85
2026-09-20T20:43:14+00:00,cnsm-web-02,cpu_spike,1036,cpu=1 load=95
2026-09-20T21:32:21+00:00,cnsm-mem-01,network_latency,1512,delay=200ms
2026-09-21T06:18:10+00:00,cnsm-db-redis-02,memory_pressure,1881,vm_bytes=4G
2026-09-21T07:54:23+00:00,cnsm-io-01,cpu_spike,1355,cpu=1 load=85
2026-09-21T08:23:30+00:00,cnsm-db-postgres-01,cpu_spike,1183,cpu=1 load=90
2026-09-21T08:47:22+00:00,cnsm-mem-01,process_leak,532,fork=4
2026-09-21T08:56:11+00:00,cnsm-web-03,cpu_spike,739,cpu=1 load=85
2026-09-21T10:18:08+00:00,cnsm-mem-01,network_latency,1187,delay=100ms
2026-09-21T11:08:24+00:00,cnsm-db-redis-01,cpu_spike,1103,cpu=4 load=95
2026-09-21T12:13:22+00:00,cnsm-db-postgres-01,disk_io,491,io=2 hdd=2
2026-09-21T13:16:13+00:00,cnsm-db-postgres-01,memory_pressure,1296,vm_bytes=4G
2026-09-21T13:34:23+00:00,cnsm-web-05,disk_io,1057,io=4 hdd=4
2026-09-21T14:08:08+00:00,cnsm-db-postgres-02,disk_io,650,io=8 hdd=8
2026-09-21T18:06:04+00:00,cnsm-web-03,cpu_spike,1005,cpu=2 load=90
2026-09-21T18:53:28+00:00,cnsm-web-03,disk_io,1094,io=4 hdd=4
2026-09-21T20:34:41+00:00,cnsm-io-01,cpu_spike,581,cpu=1 load=95
2026-09-21T21:22:34+00:00,cnsm-web-02,cpu_spike,1496,cpu=1 load=95
2026-09-21T21:42:42+00:00,cnsm-db-redis-01,disk_io,1125,io=8 hdd=8
2026-09-21T21:57:45+00:00,cnsm-io-01,disk_io,1083,io=8 hdd=8
2026-09-22T06:17:54+00:00,cnsm-io-01,network_latency,1394,delay=500ms
2026-09-22T06:24:06+00:00,cnsm-db-postgres-01,network_latency,770,delay=50ms
2026-09-22T07:34:55+00:00,cnsm-db-redis-02,disk_io,706,io=8 hdd=8
2026-09-22T09:36:23+00:00,cnsm-web-04,process_leak,841,fork=8
2026-09-22T10:36:07+00:00,cnsm-db-redis-02,disk_io,325,io=8 hdd=8
2026-09-22T10:43:11+00:00,cnsm-io-01,cpu_spike,1644,cpu=1 load=95
2026-09-22T12:02:08+00:00,cnsm-io-01,disk_io,366,io=2 hdd=2
2026-09-22T12:05:59+00:00,cnsm-db-redis-01,memory_pressure,2958,vm_bytes=1G
2026-09-22T12:06:09+00:00,cnsm-web-02,disk_io,1137,io=4 hdd=4
2026-09-22T13:18:22+00:00,cnsm-web-04,cpu_spike,1009,cpu=2 load=90
2026-09-22T13:48:53+00:00,cnsm-io-01,network_latency,1329,delay=200ms
2026-09-22T14:49:22+00:00,cnsm-web-05,cpu_spike,381,cpu=2 load=95
2026-09-22T15:09:54+00:00,cnsm-web-03,process_leak,839,fork=2
2026-09-22T15:12:02+00:00,cnsm-web-01,cpu_spike,1010,cpu=1 load=85
2026-09-22T16:06:06+00:00,cnsm-web-04,network_latency,1505,delay=500ms
2026-09-22T16:51:06+00:00,cnsm-db-redis-01,disk_io,966,io=8 hdd=8
2026-09-22T17:52:23+00:00,cnsm-web-03,cpu_spike,868,cpu=2 load=85
2026-09-22T18:00:02+00:00,cnsm-db-postgres-01,cpu_spike,325,cpu=4 load=85
2026-09-22T21:33:00+00:00,cnsm-web-06,disk_io,1022,io=2 hdd=2
2026-09-23T06:23:23+00:00,cnsm-db-postgres-02,process_leak,404,fork=2
2026-09-23T06:41:50+00:00,cnsm-web-02,memory_pressure,1930,vm_bytes=2G
2026-09-23T06:55:36+00:00,cnsm-web-01,cpu_spike,697,cpu=4 load=95
2026-09-23T07:55:25+00:00,cnsm-io-01,cpu_spike,589,cpu=1 load=90
2026-09-23T08:33:00+00:00,cnsm-db-postgres-01,cpu_spike,1725,cpu=2 load=95
2026-09-23T08:47:18+00:00,cnsm-db-redis-01,disk_io,791,io=2 hdd=2
2026-09-23T09:11:27+00:00,cnsm-web-06,network_latency,1041,delay=500ms
2026-09-23T11:06:12+00:00,cnsm-web-06,memory_pressure,2072,vm_bytes=8G
2026-09-23T11:13:49+00:00,cnsm-db-redis-01,cpu_spike,1028,cpu=4 load=85
2026-09-23T12:14:43+00:00,cnsm-web-04,process_leak,305,fork=2
2026-09-23T12:21:59+00:00,cnsm-web-01,process_leak,404,fork=4
2026-09-23T13:29:25+00:00,cnsm-mem-01,network_latency,743,delay=200ms
2026-09-23T13:50:52+00:00,cnsm-mem-01,memory_pressure,3259,vm_bytes=1G
2026-09-23T14:38:08+00:00,cnsm-web-01,cpu_spike,1500,cpu=2 load=90
2026-09-23T14:43:24+00:00,cnsm-db-redis-02,cpu_spike,385,cpu=2 load=95
2026-09-23T15:09:05+00:00,cnsm-web-06,cpu_spike,1144,cpu=1 load=95
2026-09-23T15:16:24+00:00,cnsm-db-postgres-02,process_leak,673,fork=8
2026-09-23T15:20:35+00:00,cnsm-web-03,memory_pressure,3116,vm_bytes=4G
2026-09-23T16:14:22+00:00,cnsm-web-04,cpu_spike,953,cpu=1 load=95
2026-09-23T17:00:23+00:00,cnsm-web-06,disk_io,1084,io=4 hdd=4
2026-09-23T17:04:13+00:00,cnsm-io-01,memory_pressure,3145,vm_bytes=8G
2026-09-23T17:19:46+00:00,cnsm-db-postgres-02,disk_io,702,io=2 hdd=2
2026-09-23T18:05:58+00:00,cnsm-web-05,disk_io,1091,io=2 hdd=2
2026-09-23T19:41:47+00:00,cnsm-web-05,disk_io,381,io=2 hdd=2
2026-09-23T19:43:36+00:00,cnsm-db-postgres-02,cpu_spike,346,cpu=4 load=85
2026-09-23T20:01:22+00:00,cnsm-mem-01,network_latency,637,delay=100ms
2026-09-23T21:40:28+00:00,cnsm-mem-01,memory_pressure,2253,vm_bytes=8G
2026-09-23T21:41:04+00:00,cnsm-mem-01,disk_io,1148,io=8 hdd=8
2026-09-24T06:56:17+00:00,cnsm-web-02,memory_pressure,3507,vm_bytes=4G
2026-09-24T08:02:47+00:00,cnsm-web-02,disk_io,334,io=4 hdd=4
2026-09-24T09:31:43+00:00,cnsm-web-03,network_latency,1207,delay=50ms
2026-09-24T12:33:00+00:00,cnsm-web-06,cpu_spike,1012,cpu=4 load=90
2026-09-24T12:57:24+00:00,cnsm-web-02,disk_io,331,io=2 hdd=2
2026-09-24T13:57:31+00:00,cnsm-db-postgres-02,disk_io,654,io=2 hdd=2
2026-09-24T13:59:33+00:00,cnsm-web-06,disk_io,835,io=4 hdd=4
2026-09-24T14:56:10+00:00,cnsm-db-postgres-02,process_leak,704,fork=2
2026-09-24T16:55:54+00:00,cnsm-web-04,network_latency,782,delay=500ms
2026-09-24T17:34:54+00:00,cnsm-mem-01,cpu_spike,311,cpu=2 load=90
2026-09-24T17:38:29+00:00,cnsm-mem-01,cpu_spike,1336,cpu=2 load=90
2026-09-24T19:18:59+00:00,cnsm-web-06,disk_io,312,io=2 hdd=2
2026-09-24T19:27:29+00:00,cnsm-db-redis-01,disk_io,995,io=2 hdd=2
2026-09-24T20:03:16+00:00,cnsm-web-01,disk_io,311,io=8 hdd=8
2026-09-24T20:07:30+00:00,cnsm-db-redis-02,process_leak,862,fork=2
2026-09-24T20:35:51+00:00,cnsm-web-06,cpu_spike,1584,cpu=2 load=95
2026-09-24T20:40:36+00:00,cnsm-io-01,process_leak,506,fork=4
2026-09-24T20:48:32+00:00,cnsm-web-03,disk_io,724,io=8 hdd=8
2026-09-24T20:57:12+00:00,cnsm-db-postgres-01,process_leak,883,fork=8
2026-09-25T06:30:21+00:00,cnsm-mem-01,process_leak,786,fork=2
2026-09-25T06:59:28+00:00,cnsm-db-postgres-01,cpu_spike,530,cpu=4 load=90
2026-09-25T08:42:19+00:00,cnsm-db-postgres-02,memory_pressure,3061,vm_bytes=8G
2026-09-25T08:54:00+00:00,cnsm-io-01,memory_pressure,2974,vm_bytes=2G
2026-09-25T09:20:40+00:00,cnsm-db-redis-01,disk_io,838,io=2 hdd=2
2026-09-25T10:43:17+00:00,cnsm-web-03,cpu_spike,1320,cpu=2 load=95
2026-09-25T11:23:37+00:00,cnsm-web-04,network_latency,774,delay=500ms
2026-09-25T12:07:31+00:00,cnsm-web-05,memory_pressure,1643,vm_bytes=8G
2026-09-25T12:09:39+00:00,cnsm-web-05,memory_pressure,2145,vm_bytes=1G
2026-09-25T13:10:01+00:00,cnsm-io-01,cpu_spike,809,cpu=2 load=85
2026-09-25T13:44:03+00:00,cnsm-web-05,memory_pressure,3312,vm_bytes=1G
2026-09-25T13:47:14+00:00,cnsm-web-02,cpu_spike,1428,cpu=4 load=95
2026-09-25T14:56:54+00:00,cnsm-db-redis-01,disk_io,1195,io=8 hdd=8
2026-09-25T15:02:24+00:00,cnsm-db-postgres-01,cpu_spike,402,cpu=2 load=90
2026-09-25T15:22:06+00:00,cnsm-io-01,network_latency,1768,delay=100ms
2026-09-25T16:59:29+00:00,cnsm-io-01,memory_pressure,1406,vm_bytes=8G
2026-09-25T17:14:39+00:00,cnsm-web-05,process_leak,397,fork=4
2026-09-25T17:28:08+00:00,cnsm-web-02,memory_pressure,2466,vm_bytes=2G
2026-09-25T17:47:41+00:00,cnsm-mem-01,process_leak,417,fork=2
2026-09-25T19:31:40+00:00,cnsm-db-redis-01,disk_io,1019,io=8 hdd=8
2026-09-25T21:04:20+00:00,cnsm-web-02,network_latency,1611,delay=500ms
2026-09-25T21:04:36+00:00,cnsm-io-01,disk_io,464,io=2 hdd=2
2026-09-26T06:24:25+00:00,cnsm-web-02,memory_pressure,1877,vm_bytes=2G
2026-09-26T07:30:40+00:00,cnsm-web-01,cpu_spike,1149,cpu=4 load=85
2026-09-26T09:59:46+00:00,cnsm-io-01,network_latency,1209,delay=100ms
2026-09-26T10:04:02+00:00,cnsm-db-redis-02,network_latency,1606,delay=50ms
2026-09-26T10:30:17+00:00,cnsm-web-06,network_latency,327,delay=100ms
2026-09-26T10:46:49+00:00,cnsm-web-05,memory_pressure,2998,vm_bytes=8G
2026-09-26T11:10:30+00:00,cnsm-io-01,process_leak,823,fork=4
2026-09-26T11:14:59+00:00,cnsm-db-redis-02,process_leak,713,fork=2
2026-09-26T12:40:26+00:00,cnsm-db-postgres-01,process_leak,606,fork=8
2026-09-26T13:53:40+00:00,cnsm-web-01,disk_io,907,io=4 hdd=4
2026-09-26T16:00:28+00:00,cnsm-web-03,memory_pressure,3053,vm_bytes=8G
2026-09-26T16:39:50+00:00,cnsm-web-03,memory_pressure,2311,vm_bytes=2G
2026-09-26T16:46:29+00:00,cnsm-db-postgres-02,cpu_spike,545,cpu=2 load=90
2026-09-26T17:39:10+00:00,cnsm-db-redis-02,network_latency,1486,delay=50ms
2026-09-26T20:03:41+00:00,cnsm-web-02,cpu_spike,1327,cpu=1 load=85
2026-09-26T20:07:09+00:00,cnsm-db-postgres-01,memory_pressure,1508,vm_bytes=8G
2026-09-26T21:17:51+00:00,cnsm-db-postgres-02,disk_io,1161,io=2 hdd=2
2026-09-27T06:29:19+00:00,cnsm-db-redis-02,disk_io,800,io=4 hdd=4
2026-09-27T06:30:17+00:00,cnsm-web-03,cpu_spike,1159,cpu=1 load=85
2026-09-27T06:43:53+00:00,cnsm-web-04,disk_io,1119,io=4 hdd=4
2026-09-27T06:59:22+00:00,cnsm-db-postgres-02,memory_pressure,1157,vm_bytes=1G
2026-09-27T07:02:47+00:00,cnsm-db-postgres-02,process_leak,725,fork=4
2026-09-27T08:13:32+00:00,cnsm-db-redis-02,cpu_spike,1773,cpu=4 load=85
2026-09-27T08:29:24+00:00,cnsm-web-01,network_latency,514,delay=50ms
2026-09-27T08:29:29+00:00,cnsm-web-05,disk_io,594,io=2 hdd=2
2026-09-27T09:04:20+00:00,cnsm-mem-01,cpu_spike,577,cpu=4 load=95
2026-09-27T09:31:53+00:00,cnsm-web-06,cpu_spike,643,cpu=2 load=90
2026-09-27T10:09:16+00:00,cnsm-db-postgres-02,cpu_spike,307,cpu=2 load=90
2026-09-27T11:00:57+00:00,cnsm-web-03,cpu_spike,1147,cpu=1 load=90
2026-09-27T11:25:41+00:00,cnsm-web-05,disk_io,827,io=4 hdd=4
2026-09-27T11:38:27+00:00,cnsm-db-redis-02,memory_pressure,2072,vm_bytes=1G
2026-09-27T11:39:13+00:00,cnsm-web-04,disk_io,744,io=8 hdd=8
2026-09-27T13:56:50+00:00,cnsm-web-01,memory_pressure,2201,vm_bytes=2G
2026-09-27T13:57:16+00:00,cnsm-web-06,network_latency,333,delay=200ms
2026-09-27T14:32:08+00:00,cnsm-db-redis-02,disk_io,1101,io=4 hdd=4
2026-09-27T15:01:41+00:00,cnsm-web-04,disk_io,847,io=4 hdd=4
2026-09-27T15:26:43+00:00,cnsm-web-03,cpu_spike,1052,cpu=1 load=90
2026-09-27T15:32:00+00:00,cnsm-web-05,network_latency,403,delay=500ms
2026-09-27T15:52:36+00:00,cnsm-web-05,process_leak,893,fork=4
2026-09-27T15:57:09+00:00,cnsm-db-postgres-01,network_latency,1504,delay=200ms
2026-09-27T17:54:43+00:00,cnsm-io-01,disk_io,615,io=8 hdd=8
2026-09-27T18:59:55+00:00,cnsm-web-02,disk_io,569,io=4 hdd=4
2026-09-27T20:02:41+00:00,cnsm-web-03,disk_io,1017,io=8 hdd=8
2026-09-28T06:02:08+00:00,cnsm-web-02,disk_io,812,io=2 hdd=2
2026-09-28T07:06:12+00:00,cnsm-web-01,cpu_spike,996,cpu=2 load=85
2026-09-28T07:22:11+00:00,cnsm-io-01,disk_io,1099,io=4 hdd=4
2026-09-28T09:23:00+00:00,cnsm-web-02,disk_io,1051,io=8 hdd=8
2026-09-28T09:34:50+00:00,cnsm-db-redis-01,disk_io,334,io=8 hdd=8
2026-09-28T10:13:05+00:00,cnsm-web-04,disk_io,595,io=4 hdd=4
2026-09-28T11:19:43+00:00,cnsm-db-postgres-01,disk_io,593,io=2 hdd=2
2026-09-28T12:09:31+00:00,cnsm-db-redis-02,cpu_spike,1578,cpu=1 load=85
2026-09-28T13:41:38+00:00,cnsm-web-02,memory_pressure,668,vm_bytes=4G
2026-09-28T13:54:25+00:00,cnsm-web-01,disk_io,875,io=4 hdd=4
2026-09-28T13:59:31+00:00,cnsm-db-redis-02,cpu_spike,1182,cpu=4 load=90
2026-09-28T14:26:02+00:00,cnsm-io-01,network_latency,1456,delay=500ms
2026-09-28T15:22:22+00:00,cnsm-db-redis-01,memory_pressure,2141,vm_bytes=8G
2026-09-28T16:35:49+00:00,cnsm-io-01,cpu_spike,1136,cpu=4 load=85
2026-09-28T17:02:12+00:00,cnsm-web-02,disk_io,659,io=2 hdd=2
2026-09-28T17:03:25+00:00,cnsm-io-01,disk_io,654,io=4 hdd=4
2026-09-28T17:23:51+00:00,cnsm-web-05,cpu_spike,481,cpu=2 load=95
2026-09-28T18:11:41+00:00,cnsm-db-redis-02,process_leak,860,fork=8
2026-09-28T18:24:51+00:00,cnsm-db-redis-02,cpu_spike,1621,cpu=2 load=95
2026-09-28T20:07:00+00:00,cnsm-db-postgres-01,memory_pressure,2734,vm_bytes=8G
2026-09-28T20:40:45+00:00,cnsm-web-01,memory_pressure,2316,vm_bytes=4G
2026-09-28T21:46:41+00:00,cnsm-web-01,cpu_spike,1057,cpu=4 load=95
2026-09-29T10:55:49+00:00,cnsm-web-02,memory_pressure,2837,vm_bytes=1G
2026-09-29T10:57:15+00:00,cnsm-web-06,memory_pressure,2151,vm_bytes=1G
2026-09-29T11:45:55+00:00,cnsm-db-redis-01,process_leak,479,fork=4
2026-09-29T12:27:08+00:00,cnsm-mem-01,network_latency,421,delay=100ms
2026-09-29T13:15:10+00:00,cnsm-web-02,memory_pressure,2928,vm_bytes=1G
2026-09-29T17:21:20+00:00,cnsm-web-05,network_latency,919,delay=100ms
2026-09-29T17:40:50+00:00,cnsm-io-01,memory_pressure,1786,vm_bytes=8G
2026-09-29T20:35:37+00:00,cnsm-web-05,cpu_spike,480,cpu=2 load=90
2026-09-29T20:48:46+00:00,cnsm-db-postgres-01,cpu_spike,809,cpu=4 load=95
2026-09-29T21:09:12+00:00,cnsm-mem-01,network_latency,1019,delay=100ms
2026-09-29T21:13:19+00:00,cnsm-db-postgres-01,cpu_spike,1637,cpu=4 load=95
2026-09-29T21:40:11+00:00,cnsm-db-postgres-02,disk_io,458,io=4 hdd=4
2026-09-30T06:01:03+00:00,cnsm-db-postgres-02,memory_pressure,2097,vm_bytes=1G
2026-09-30T09:32:31+00:00,cnsm-web-05,disk_io,655,io=8 hdd=8
2026-09-30T09:47:05+00:00,cnsm-db-postgres-02,network_latency,553,delay=100ms
2026-09-30T10:28:55+00:00,cnsm-web-04,process_leak,627,fork=8
2026-09-30T11:11:30+00:00,cnsm-web-05,memory_pressure,2790,vm_bytes=2G
2026-09-30T11:50:50+00:00,cnsm-db-postgres-02,network_latency,690,delay=500ms
2026-09-30T11:56:43+00:00,cnsm-web-01,process_leak,477,fork=2
2026-09-30T12:17:30+00:00,cnsm-web-02,memory_pressure,2304,vm_bytes=2G
2026-09-30T12:43:39+00:00,cnsm-db-postgres-01,memory_pressure,2182,vm_bytes=1G
2026-09-30T13:14:56+00:00,cnsm-web-01,disk_io,450,io=2 hdd=2
2026-09-30T13:36:44+00:00,cnsm-db-postgres-02,cpu_spike,1038,cpu=4 load=90
2026-09-30T13:59:44+00:00,cnsm-io-01,disk_io,324,io=4 hdd=4
2026-09-30T14:52:39+00:00,cnsm-db-postgres-02,disk_io,511,io=8 hdd=8
2026-09-30T15:18:50+00:00,cnsm-web-02,network_latency,1190,delay=50ms
2026-09-30T16:04:32+00:00,cnsm-web-03,memory_pressure,1669,vm_bytes=8G
2026-09-30T16:10:34+00:00,cnsm-web-04,disk_io,1074,io=8 hdd=8
2026-09-30T16:44:22+00:00,cnsm-web-02,cpu_spike,1511,cpu=1 load=85
2026-09-30T16:49:18+00:00,cnsm-mem-01,process_leak,404,fork=8
2026-09-30T16:52:57+00:00,cnsm-mem-01,process_leak,870,fork=8
2026-09-30T17:44:40+00:00,cnsm-db-postgres-02,cpu_spike,1794,cpu=4 load=85
2026-09-30T17:52:12+00:00,cnsm-web-06,process_leak,676,fork=4
2026-09-30T18:32:30+00:00,cnsm-web-01,memory_pressure,3480,vm_bytes=4G
2026-09-30T18:53:17+00:00,cnsm-web-02,cpu_spike,554,cpu=1 load=95
2026-09-30T19:02:49+00:00,cnsm-web-05,network_latency,1246,delay=500ms
2026-10-01T07:18:59+00:00,cnsm-db-redis-01,cpu_spike,1535,cpu=1 load=90
2026-10-01T07:58:19+00:00,cnsm-mem-01,memory_pressure,3505,vm_bytes=4G
2026-10-01T08:44:36+00:00,cnsm-web-03,memory_pressure,1685,vm_bytes=2G
2026-10-01T09:53:45+00:00,cnsm-db-redis-02,memory_pressure,3208,vm_bytes=8G
2026-10-01T10:29:18+00:00,cnsm-mem-01,network_latency,713,delay=100ms
2026-10-01T16:41:10+00:00,cnsm-db-redis-02,cpu_spike,1434,cpu=1 load=90
2026-10-01T16:44:33+00:00,cnsm-web-01,network_latency,1474,delay=500ms
2026-10-01T16:57:50+00:00,cnsm-db-redis-02,process_leak,737,fork=4
2026-10-01T17:07:06+00:00,cnsm-db-postgres-01,disk_io,647,io=8 hdd=8
2026-10-01T17:48:45+00:00,cnsm-db-redis-01,disk_io,625,io=8 hdd=8
2026-10-01T17:49:39+00:00,cnsm-db-postgres-01,memory_pressure,822,vm_bytes=2G
2026-10-01T19:11:34+00:00,cnsm-web-04,process_leak,688,fork=4
2026-10-01T19:19:03+00:00,cnsm-web-03,memory_pressure,2057,vm_bytes=2G
2026-10-01T19:58:19+00:00,cnsm-db-postgres-01,process_leak,400,fork=4
2026-10-01T21:01:13+00:00,cnsm-web-04,memory_pressure,2492,vm_bytes=2G
2026-10-01T21:15:25+00:00,cnsm-mem-01,network_latency,1768,delay=200ms
2026-10-01T21:52:59+00:00,cnsm-web-01,disk_io,378,io=4 hdd=4
2026-10-01T21:55:44+00:00,cnsm-db-redis-02,disk_io,784,io=4 hdd=4
2026-10-02T06:12:47+00:00,cnsm-db-redis-01,memory_pressure,1046,vm_bytes=1G
2026-10-02T07:29:23+00:00,cnsm-mem-01,network_latency,770,delay=100ms
2026-10-02T07:52:21+00:00,cnsm-web-04,network_latency,1476,delay=500ms
2026-10-02T09:04:36+00:00,cnsm-db-redis-01,cpu_spike,680,cpu=2 load=90
2026-10-02T09:31:20+00:00,cnsm-db-redis-02,disk_io,551,io=4 hdd=4
2026-10-02T10:12:27+00:00,cnsm-mem-01,disk_io,459,io=4 hdd=4
2026-10-02T12:17:26+00:00,cnsm-web-06,disk_io,1079,io=8 hdd=8
2026-10-02T13:34:57+00:00,cnsm-web-06,process_leak,370,fork=4
2026-10-02T13:59:39+00:00,cnsm-web-02,network_latency,1020,delay=500ms
2026-10-02T14:40:11+00:00,cnsm-web-06,network_latency,1233,delay=100ms
2026-10-02T14:51:52+00:00,cnsm-db-postgres-01,process_leak,450,fork=8
2026-10-02T16:33:53+00:00,cnsm-db-postgres-01,cpu_spike,1670,cpu=2 load=95
2026-10-02T16:48:15+00:00,cnsm-web-03,process_leak,319,fork=2
2026-10-02T16:53:03+00:00,cnsm-db-redis-01,network_latency,944,delay=200ms
2026-10-02T17:20:29+00:00,cnsm-web-02,network_latency,338,delay=200ms
2026-10-02T18:09:06+00:00,cnsm-io-01,cpu_spike,1568,cpu=4 load=85
2026-10-02T18:56:12+00:00,cnsm-db-redis-01,network_latency,1572,delay=50ms
2026-10-02T19:06:02+00:00,cnsm-web-05,cpu_spike,594,cpu=4 load=90
2026-10-02T19:07:25+00:00,cnsm-io-01,disk_io,579,io=8 hdd=8
2026-10-02T19:23:24+00:00,cnsm-db-redis-02,cpu_spike,1577,cpu=1 load=90
2026-10-02T19:56:31+00:00,cnsm-web-03,network_latency,1798,delay=500ms
2026-10-02T21:02:02+00:00,cnsm-web-05,disk_io,699,io=2 hdd=2
2026-10-02T21:54:11+00:00,cnsm-web-06,memory_pressure,1990,vm_bytes=4G
2026-10-03T07:29:49+00:00,cnsm-mem-01,cpu_spike,1379,cpu=2 load=90
2026-10-03T08:06:17+00:00,cnsm-mem-01,disk_io,844,io=8 hdd=8
2026-10-03T08:09:27+00:00,cnsm-web-05,cpu_spike,1293,cpu=4 load=95
2026-10-03T08:33:44+00:00,cnsm-web-02,network_latency,1078,delay=500ms
2026-10-03T14:25:52+00:00,cnsm-web-03,network_latency,645,delay=100ms
2026-10-03T16:28:59+00:00,cnsm-db-redis-02,disk_io,1091,io=8 hdd=8
2026-10-03T18:20:01+00:00,cnsm-io-01,memory_pressure,814,vm_bytes=2G
2026-10-03T18:23:34+00:00,cnsm-mem-01,memory_pressure,914,vm_bytes=1G
2026-10-03T18:30:30+00:00,cnsm-db-postgres-02,memory_pressure,3452,vm_bytes=4G
2026-10-03T18:39:41+00:00,cnsm-web-01,process_leak,750,fork=4
2026-10-03T19:47:19+00:00,cnsm-mem-01,process_leak,586,fork=8
2026-10-03T20:25:40+00:00,cnsm-db-redis-01,network_latency,723,delay=50ms
2026-10-03T21:31:37+00:00,cnsm-db-postgres-01,network_latency,1150,delay=500ms
2026-10-03T21:36:36+00:00,cnsm-web-06,cpu_spike,1674,cpu=1 load=90
2026-10-04T06:15:34+00:00,cnsm-mem-01,disk_io,472,io=2 hdd=2
2026-10-04T06:38:47+00:00,cnsm-web-04,network_latency,1236,delay=500ms
2026-10-04T07:20:31+00:00,cnsm-web-03,cpu_spike,1420,cpu=2 load=85
2026-10-04T07:27:42+00:00,cnsm-db-postgres-02,network_latency,1222,delay=50ms
2026-10-04T08:11:25+00:00,cnsm-web-02,process_leak,490,fork=8
2026-10-04T08:19:48+00:00,cnsm-web-06,cpu_spike,831,cpu=4 load=85
2026-10-04T08:38:55+00:00,cnsm-db-redis-01,cpu_spike,956,cpu=2 load=85
2026-10-04T09:42:20+00:00,cnsm-db-redis-02,disk_io,1071,io=4 hdd=4
2026-10-04T10:12:30+00:00,cnsm-db-postgres-01,cpu_spike,915,cpu=1 load=95
2026-10-04T10:18:09+00:00,cnsm-web-03,cpu_spike,424,cpu=2 load=95
2026-10-04T13:13:32+00:00,cnsm-db-postgres-01,cpu_spike,870,cpu=2 load=85
2026-10-04T14:26:59+00:00,cnsm-db-postgres-01,memory_pressure,1884,vm_bytes=8G
2026-10-04T14:42:40+00:00,cnsm-web-03,process_leak,421,fork=8
2026-10-04T14:56:41+00:00,cnsm-mem-01,process_leak,654,fork=2
2026-10-04T15:46:52+00:00,cnsm-web-05,memory_pressure,2396,vm_bytes=4G
2026-10-04T16:17:31+00:00,cnsm-web-05,network_latency,1118,delay=100ms
2026-10-04T18:03:05+00:00,cnsm-io-01,disk_io,710,io=2 hdd=2
2026-10-04T18:18:28+00:00,cnsm-web-04,cpu_spike,1238,cpu=2 load=85
2026-10-04T19:13:39+00:00,cnsm-web-05,disk_io,595,io=8 hdd=8
2026-10-04T20:27:27+00:00,cnsm-db-redis-02,cpu_spike,750,cpu=2 load=85
2026-10-04T21:00:16+00:00,cnsm-web-02,disk_io,522,io=2 hdd=2
2026-10-04T21:07:26+00:00,cnsm-db-postgres-01,disk_io,779,io=2 hdd=2
2026-10-04T21:15:47+00:00,cnsm-db-postgres-01,network_latency,1259,delay=200ms
2026-10-04T21:23:51+00:00,cnsm-web-02,cpu_spike,629,cpu=1 load=85
2026-10-05T06:31:49+00:00,cnsm-db-postgres-01,cpu_spike,500,cpu=4 load=90
2026-10-05T06:53:21+00:00,cnsm-db-redis-01,disk_io,1167,io=4 hdd=4
2026-10-05T07:11:05+00:00,cnsm-web-01,disk_io,610,io=2 hdd=2
2026-10-05T08:24:22+00:00,cnsm-web-01,cpu_spike,1660,cpu=4 load=90
2026-10-05T08:38:48+00:00,cnsm-web-04,network_latency,394,delay=50ms
2026-10-05T08:48:34+00:00,cnsm-web-02,process_leak,391,fork=4
2026-10-05T10:27:27+00:00,cnsm-web-04,memory_pressure,1056,vm_bytes=1G
2026-10-05T10:44:59+00:00,cnsm-db-postgres-01,network_latency,1299,delay=50ms
2026-10-05T10:49:13+00:00,cnsm-db-postgres-01,memory_pressure,855,vm_bytes=2G
2026-10-05T11:11:26+00:00,cnsm-web-04,network_latency,635,delay=200ms
2026-10-05T12:42:42+00:00,cnsm-db-postgres-02,disk_io,803,io=2 hdd=2
2026-10-05T13:13:55+00:00,cnsm-io-01,cpu_spike,1520,cpu=1 load=90
2026-10-05T13:30:25+00:00,cnsm-db-redis-02,network_latency,1026,delay=500ms
2026-10-05T13:40:14+00:00,cnsm-db-postgres-01,disk_io,918,io=8 hdd=8
2026-10-05T15:06:32+00:00,cnsm-db-postgres-02,disk_io,961,io=2 hdd=2
2026-10-05T15:55:15+00:00,cnsm-web-03,process_leak,430,fork=2
2026-10-05T16:04:51+00:00,cnsm-web-03,memory_pressure,623,vm_bytes=8G
2026-10-05T16:14:05+00:00,cnsm-db-redis-02,process_leak,532,fork=4
2026-10-05T16:23:02+00:00,cnsm-io-01,process_leak,728,fork=4
2026-10-05T16:26:59+00:00,cnsm-web-01,cpu_spike,1320,cpu=2 load=95
2026-10-05T17:11:53+00:00,cnsm-mem-01,disk_io,1176,io=8 hdd=8
2026-10-05T19:28:48+00:00,cnsm-web-01,cpu_spike,1502,cpu=1 load=85
2026-10-05T20:28:13+00:00,cnsm-web-02,memory_pressure,2674,vm_bytes=1G
2026-10-05T21:13:19+00:00,cnsm-db-postgres-01,process_leak,568,fork=2
2026-10-05T21:29:39+00:00,cnsm-web-02,process_leak,736,fork=8
2026-10-06T06:07:15+00:00,cnsm-web-01,memory_pressure,1148,vm_bytes=2G
2026-10-06T07:50:52+00:00,cnsm-db-postgres-02,memory_pressure,1195,vm_bytes=2G
2026-10-06T09:03:29+00:00,cnsm-db-redis-01,memory_pressure,2936,vm_bytes=2G
2026-10-06T10:14:53+00:00,cnsm-web-06,memory_pressure,2585,vm_bytes=2G
2026-10-06T10:22:24+00:00,cnsm-db-redis-02,cpu_spike,1519,cpu=1 load=95
2026-10-06T11:50:32+00:00,cnsm-web-01,cpu_spike,684,cpu=4 load=95
2026-10-06T11:58:01+00:00,cnsm-db-postgres-02,cpu_spike,1654,cpu=2 load=90
2026-10-06T12:41:09+00:00,cnsm-db-redis-01,process_leak,810,fork=4
2026-10-06T14:02:25+00:00,cnsm-mem-01,memory_pressure,2275,vm_bytes=8G
2026-10-06T14:44:57+00:00,cnsm-db-postgres-02,process_leak,626,fork=2
2026-10-06T15:22:39+00:00,cnsm-mem-01,disk_io,416,io=8 hdd=8
2026-10-06T15:53:23+00:00,cnsm-web-04,disk_io,694,io=8 hdd=8
2026-10-06T16:36:22+00:00,cnsm-web-01,disk_io,963,io=2 hdd=2
2026-10-06T17:02:55+00:00,cnsm-web-05,cpu_spike,1503,cpu=2 load=85
2026-10-06T17:19:10+00:00,cnsm-web-01,process_leak,323,fork=4
2026-10-06T17:29:31+00:00,cnsm-web-05,disk_io,1112,io=4 hdd=4
2026-10-06T17:41:23+00:00,cnsm-web-05,disk_io,795,io=2 hdd=2
2026-10-06T19:48:08+00:00,cnsm-web-03,disk_io,827,io=4 hdd=4
2026-10-06T20:11:34+00:00,cnsm-mem-01,disk_io,936,io=2 hdd=2
2026-10-06T20:16:39+00:00,cnsm-web-03,cpu_spike,998,cpu=1 load=90
2026-10-07T06:55:19+00:00,cnsm-io-01,memory_pressure,659,vm_bytes=4G
2026-10-07T06:59:31+00:00,cnsm-io-01,network_latency,1591,delay=500ms
2026-10-07T07:21:49+00:00,cnsm-io-01,cpu_spike,863,cpu=4 load=95
2026-10-07T07:33:39+00:00,cnsm-web-02,network_latency,1494,delay=100ms
2026-10-07T08:05:09+00:00,cnsm-io-01,process_leak,351,fork=4
2026-10-07T08:08:54+00:00,cnsm-web-06,memory_pressure,2608,vm_bytes=4G
2026-10-07T08:11:08+00:00,cnsm-db-postgres-01,disk_io,323,io=2 hdd=2
2026-10-07T08:24:38+00:00,cnsm-web-06,process_leak,488,fork=8
2026-10-07T09:23:59+00:00,cnsm-db-postgres-02,process_leak,638,fork=2
2026-10-07T09:58:09+00:00,cnsm-mem-01,disk_io,390,io=2 hdd=2
2026-10-07T12:10:20+00:00,cnsm-web-06,disk_io,934,io=8 hdd=8
2026-10-07T12:13:51+00:00,cnsm-web-04,cpu_spike,1640,cpu=1 load=90
2026-10-07T12:51:36+00:00,cnsm-io-01,disk_io,617,io=2 hdd=2
2026-10-07T13:30:05+00:00,cnsm-web-02,memory_pressure,2386,vm_bytes=1G
2026-10-07T13:58:42+00:00,cnsm-web-04,network_latency,1561,delay=200ms
2026-10-07T15:17:42+00:00,cnsm-web-04,memory_pressure,2492,vm_bytes=2G
2026-10-07T15:32:19+00:00,cnsm-io-01,network_latency,1764,delay=500ms
2026-10-07T15:42:05+00:00,cnsm-web-04,cpu_spike,1700,cpu=4 load=85
2026-10-07T15:48:43+00:00,cnsm-db-postgres-01,network_latency,1624,delay=500ms
2026-10-07T15:50:46+00:00,cnsm-web-06,network_latency,1534,delay=100ms
2026-10-07T16:32:20+00:00,cnsm-web-03,process_leak,498,fork=4
2026-10-07T17:09:36+00:00,cnsm-db-redis-01,disk_io,894,io=8 hdd=8
2026-10-07T17:28:55+00:00,cnsm-web-06,disk_io,372,io=8 hdd=8
2026-10-07T17:44:58+00:00,cnsm-db-postgres-01,disk_io,993,io=4 hdd=4
2026-10-07T17:47:20+00:00,cnsm-web-05,memory_pressure,3469,vm_bytes=2G
2026-10-07T18:01:52+00:00,cnsm-mem-01,disk_io,1062,io=8 hdd=8
2026-10-07T18:11:20+00:00,cnsm-db-redis-02,memory_pressure,2021,vm_bytes=2G
2026-10-07T18:12:18+00:00,cnsm-web-06,cpu_spike,1344,cpu=2 load=90
2026-10-07T20:32:16+00:00,cnsm-db-postgres-01,network_latency,690,delay=100ms
2026-10-07T20:33:36+00:00,cnsm-io-01,disk_io,451,io=4 hdd=4
2026-10-07T21:16:34+00:00,cnsm-db-redis-02,process_leak,445,fork=2
2026-10-07T21:16:51+00:00,cnsm-web-05,network_latency,1075,delay=50ms
2026-10-07T21:29:52+00:00,cnsm-db-redis-01,cpu_spike,822,cpu=2 load=95
2026-10-08T06:08:24+00:00,cnsm-web-03,disk_io,772,io=8 hdd=8
2026-10-08T07:40:49+00:00,cnsm-web-02,memory_pressure,3208,vm_bytes=8G
2026-10-08T09:42:18+00:00,cnsm-db-postgres-01,cpu_spike,812,cpu=1 load=85
2026-10-08T10:34:36+00:00,cnsm-db-redis-02,disk_io,690,io=4 hdd=4
2026-10-08T11:14:56+00:00,cnsm-web-03,memory_pressure,3143,vm_bytes=8G
2026-10-08T11:40:38+00:00,cnsm-web-04,network_latency,952,delay=500ms
2026-10-08T11:48:48+00:00,cnsm-web-05,process_leak,783,fork=8
2026-10-08T12:41:19+00:00,cnsm-web-03,process_leak,691,fork=2
2026-10-08T12:57:52+00:00,cnsm-web-03,disk_io,503,io=8 hdd=8
2026-10-08T14:24:47+00:00,cnsm-web-03,network_latency,985,delay=500ms
2026-10-08T14:47:29+00:00,cnsm-db-postgres-01,network_latency,820,delay=500ms
2026-10-08T15:18:18+00:00,cnsm-web-04,disk_io,1192,io=2 hdd=2
2026-10-08T15:45:40+00:00,cnsm-web-06,cpu_spike,1342,cpu=1 load=95
2026-10-08T16:36:14+00:00,cnsm-db-redis-02,memory_pressure,3402,vm_bytes=1G
2026-10-08T17:25:27+00:00,cnsm-io-01,network_latency,859,delay=100ms
2026-10-08T19:51:58+00:00,cnsm-web-01,network_latency,1343,delay=50ms
2026-10-08T19:56:00+00:00,cnsm-web-05,cpu_spike,1708,cpu=2 load=85
2026-10-08T21:02:37+00:00,cnsm-web-06,process_leak,468,fork=8
2026-10-08T21:58:12+00:00,cnsm-web-02,memory_pressure,1253,vm_bytes=1G
2026-10-09T06:02:47+00:00,cnsm-db-redis-02,disk_io,662,io=8 hdd=8
2026-10-09T06:03:57+00:00,cnsm-db-redis-01,cpu_spike,1029,cpu=1 load=90
2026-10-09T06:14:30+00:00,cnsm-db-redis-01,process_leak,380,fork=2
2026-10-09T07:06:51+00:00,cnsm-web-02,network_latency,301,delay=100ms
2026-10-09T07:15:16+00:00,cnsm-db-redis-01,memory_pressure,2207,vm_bytes=1G
2026-10-09T08:00:07+00:00,cnsm-web-01,process_leak,759,fork=4
2026-10-09T08:38:55+00:00,cnsm-web-05,cpu_spike,1268,cpu=4 load=95
2026-10-09T08:49:33+00:00,cnsm-io-01,cpu_spike,669,cpu=4 load=85
2026-10-09T09:15:33+00:00,cnsm-web-04,process_leak,460,fork=2
2026-10-09T11:21:46+00:00,cnsm-web-02,cpu_spike,948,cpu=1 load=85
2026-10-09T11:49:29+00:00,cnsm-io-01,network_latency,780,delay=500ms
2026-10-09T13:04:50+00:00,cnsm-db-postgres-01,cpu_spike,634,cpu=4 load=95
2026-10-09T14:13:53+00:00,cnsm-db-redis-02,cpu_spike,1196,cpu=1 load=85
2026-10-09T15:31:40+00:00,cnsm-web-03,network_latency,586,delay=500ms
2026-10-09T17:23:15+00:00,cnsm-db-redis-01,cpu_spike,571,cpu=2 load=85
2026-10-09T17:34:24+00:00,cnsm-mem-01,memory_pressure,2759,vm_bytes=8G
2026-10-09T17:43:40+00:00,cnsm-web-01,cpu_spike,929,cpu=1 load=95
2026-10-09T18:00:41+00:00,cnsm-web-05,cpu_spike,682,cpu=2 load=85
2026-10-09T19:18:02+00:00,cnsm-web-05,cpu_spike,1760,cpu=1 load=95
2026-10-09T19:37:18+00:00,cnsm-web-06,process_leak,580,fork=4
2026-10-09T19:49:32+00:00,cnsm-web-04,process_leak,725,fork=8
2026-10-09T20:14:17+00:00,cnsm-web-05,memory_pressure,1856,vm_bytes=4G
2026-10-09T20:15:37+00:00,cnsm-web-03,process_leak,401,fork=4
2026-10-09T21:26:24+00:00,cnsm-web-06,process_leak,803,fork=4
2026-10-10T06:17:51+00:00,cnsm-web-01,process_leak,555,fork=8
2026-10-10T07:53:56+00:00,cnsm-web-05,disk_io,916,io=4 hdd=4
2026-10-10T08:04:43+00:00,cnsm-db-postgres-02,disk_io,1055,io=2 hdd=2
2026-10-10T09:28:03+00:00,cnsm-web-02,process_leak,467,fork=2
2026-10-10T10:26:30+00:00,cnsm-web-05,process_leak,841,fork=4
2026-10-10T11:25:57+00:00,cnsm-io-01,cpu_spike,546,cpu=2 load=95
2026-10-10T12:21:47+00:00,cnsm-web-06,process_leak,469,fork=2
2026-10-10T12:48:15+00:00,cnsm-io-01,cpu_spike,1497,cpu=2 load=95
2026-10-10T12:51:43+00:00,cnsm-db-postgres-01,disk_io,724,io=4 hdd=4
2026-10-10T13:06:53+00:00,cnsm-db-redis-01,cpu_spike,446,cpu=4 load=85
2026-10-10T13:07:29+00:00,cnsm-web-02,disk_io,316,io=8 hdd=8
2026-10-10T13:53:12+00:00,cnsm-web-02,network_latency,1783,delay=500ms
2026-10-10T14:41:13+00:00,cnsm-db-postgres-01,memory_pressure,1179,vm_bytes=1G
2026-10-10T15:18:20+00:00,cnsm-db-redis-02,disk_io,941,io=4 hdd=4
2026-10-10T15:21:01+00:00,cnsm-web-03,cpu_spike,360,cpu=1 load=95
2026-10-10T15:30:33+00:00,cnsm-web-06,process_leak,852,fork=2
2026-10-10T15:46:05+00:00,cnsm-web-04,cpu_spike,598,cpu=2 load=90
2026-10-10T15:47:20+00:00,cnsm-web-06,disk_io,923,io=4 hdd=4
2026-10-10T15:59:18+00:00,cnsm-db-redis-02,memory_pressure,2847,vm_bytes=1G
2026-10-10T16:03:02+00:00,cnsm-web-05,process_leak,653,fork=8
2026-10-10T17:16:30+00:00,cnsm-web-01,memory_pressure,1499,vm_bytes=2G
2026-10-10T18:07:48+00:00,cnsm-db-postgres-01,disk_io,835,io=4 hdd=4
2026-10-10T18:19:45+00:00,cnsm-web-04,cpu_spike,1108,cpu=4 load=90
2026-10-10T18:41:09+00:00,cnsm-db-redis-01,memory_pressure,1280,vm_bytes=4G
2026-10-10T19:44:58+00:00,cnsm-web-02,disk_io,531,io=4 hdd=4
2026-10-10T20:01:38+00:00,cnsm-web-04,disk_io,943,io=8 hdd=8
2026-10-10T21:32:00+00:00,cnsm-db-postgres-02,process_leak,607,fork=8
2026-10-11T06:35:10+00:00,cnsm-db-redis-02,cpu_spike,1010,cpu=1 load=95
2026-10-11T08:15:28+00:00,cnsm-db-redis-01,process_leak,333,fork=4
2026-10-11T08:33:21+00:00,cnsm-web-02,process_leak,351,fork=4
2026-10-11T09:11:35+00:00,cnsm-db-postgres-02,memory_pressure,1319,vm_bytes=1G
2026-10-11T10:33:55+00:00,cnsm-web-02,cpu_spike,1611,cpu=2 load=85
2026-10-11T10:42:09+00:00,cnsm-web-04,cpu_spike,1415,cpu=4 load=95
2026-10-11T10:59:36+00:00,cnsm-web-04,disk_io,709,io=4 hdd=4
2026-10-11T12:08:59+00:00,cnsm-web-02,disk_io,452,io=8 hdd=8
2026-10-11T12:56:02+00:00,cnsm-db-postgres-02,cpu_spike,1444,cpu=2 load=85
2026-10-11T13:35:26+00:00,cnsm-web-04,cpu_spike,1433,cpu=4 load=90
2026-10-11T13:37:55+00:00,cnsm-web-03,cpu_spike,766,cpu=2 load=90
2026-10-11T14:37:19+00:00,cnsm-db-redis-01,process_leak,674,fork=4
2026-10-11T14:50:11+00:00,cnsm-io-01,disk_io,1078,io=4 hdd=4
2026-10-11T14:57:52+00:00,cnsm-db-postgres-02,disk_io,799,io=4 hdd=4
2026-10-11T15:34:05+00:00,cnsm-db-postgres-02,cpu_spike,895,cpu=4 load=90
2026-10-11T16:01:35+00:00,cnsm-mem-01,disk_io,651,io=8 hdd=8
2026-10-11T16:32:04+00:00,cnsm-web-03,process_leak,808,fork=4
2026-10-11T17:02:10+00:00,cnsm-web-02,process_leak,374,fork=8
2026-10-11T17:25:19+00:00,cnsm-web-06,disk_io,503,io=8 hdd=8
2026-10-11T19:16:45+00:00,cnsm-web-03,network_latency,736,delay=500ms
2026-10-11T19:26:54+00:00,cnsm-io-01,cpu_spike,316,cpu=1 load=90
2026-10-11T19:36:43+00:00,cnsm-mem-01,memory_pressure,3305,vm_bytes=2G
2026-10-11T21:07:22+00:00,cnsm-web-02,process_leak,732,fork=4
2026-10-11T21:50:59+00:00,cnsm-web-05,disk_io,1082,io=8 hdd=8
2026-10-12T06:03:01+00:00,cnsm-web-03,cpu_spike,1735,cpu=4 load=85
2026-10-12T06:22:41+00:00,cnsm-web-05,cpu_spike,917,cpu=1 load=90
2026-10-12T08:44:49+00:00,cnsm-web-04,cpu_spike,337,cpu=4 load=85
2026-10-12T10:12:44+00:00,cnsm-web-02,process_leak,510,fork=8
2026-10-12T10:34:34+00:00,cnsm-mem-01,disk_io,383,io=8 hdd=8
2026-10-12T11:30:57+00:00,cnsm-web-05,process_leak,613,fork=8
2026-10-12T14:44:39+00:00,cnsm-web-04,disk_io,818,io=2 hdd=2
2026-10-12T16:32:28+00:00,cnsm-web-01,cpu_spike,444,cpu=4 load=95
2026-10-12T18:19:40+00:00,cnsm-db-redis-01,process_leak,727,fork=8
2026-10-12T19:35:43+00:00,cnsm-db-postgres-02,network_latency,361,delay=100ms
2026-10-12T20:19:26+00:00,cnsm-db-redis-02,network_latency,1613,delay=500ms
2026-10-12T20:56:34+00:00,cnsm-web-01,memory_pressure,701,vm_bytes=1G
2026-10-12T21:31:06+00:00,cnsm-web-02,network_latency,362,delay=500ms
2026-10-13T06:14:45+00:00,cnsm-db-redis-02,memory_pressure,2317,vm_bytes=2G
2026-10-13T08:12:06+00:00,cnsm-db-postgres-01,memory_pressure,2194,vm_bytes=1G
2026-10-13T13:46:26+00:00,cnsm-db-postgres-01,cpu_spike,521,cpu=1 load=90
2026-10-13T14:44:55+00:00,cnsm-web-01,network_latency,733,delay=100ms
2026-10-13T15:34:31+00:00,cnsm-db-postgres-02,memory_pressure,3469,vm_bytes=4G
2026-10-13T16:19:16+00:00,cnsm-db-postgres-02,cpu_spike,1312,cpu=4 load=85
2026-10-13T16:52:57+00:00,cnsm-web-05,network_latency,1790,delay=500ms
2026-10-13T17:16:29+00:00,cnsm-mem-01,cpu_spike,912,cpu=2 load=85
2026-10-13T17:17:26+00:00,cnsm-io-01,disk_io,489,io=2 hdd=2
2026-10-13T17:40:08+00:00,cnsm-db-redis-02,memory_pressure,810,vm_bytes=8G
2026-10-13T18:52:49+00:00,cnsm-web-01,network_latency,1327,delay=100ms
2026-10-13T19:49:38+00:00,cnsm-db-redis-02,disk_io,492,io=8 hdd=8
2026-10-13T20:32:27+00:00,cnsm-db-postgres-01,cpu_spike,1032,cpu=4 load=90
2026-10-13T20:44:45+00:00,cnsm-db-postgres-02,process_leak,610,fork=2
2026-10-14T06:19:42+00:00,cnsm-web-03,disk_io,1010,io=2 hdd=2
2026-10-14T08:38:41+00:00,cnsm-web-04,process_leak,539,fork=4
2026-10-14T09:10:09+00:00,cnsm-db-postgres-02,disk_io,367,io=8 hdd=8
2026-10-14T12:43:34+00:00,cnsm-web-03,process_leak,807,fork=2
2026-10-14T12:50:03+00:00,cnsm-web-04,process_leak,474,fork=2
2026-10-14T13:13:26+00:00,cnsm-web-02,process_leak,381,fork=8
2026-10-14T13:26:50+00:00,cnsm-mem-01,memory_pressure,1553,vm_bytes=8G
2026-10-14T14:47:21+00:00,cnsm-db-redis-02,network_latency,632,delay=200ms
2026-10-14T16:00:34+00:00,cnsm-web-04,process_leak,667,fork=8
2026-10-14T17:48:05+00:00,cnsm-web-05,network_latency,578,delay=50ms
2026-10-14T18:14:38+00:00,cnsm-db-postgres-02,disk_io,379,io=8 hdd=8
2026-10-14T18:45:36+00:00,cnsm-web-02,cpu_spike,1236,cpu=4 load=95
2026-10-14T19:42:30+00:00,cnsm-web-01,network_latency,973,delay=500ms
2026-10-14T20:36:07+00:00,cnsm-db-postgres-02,process_leak,621,fork=8
2026-10-14T20:43:27+00:00,cnsm-web-03,process_leak,677,fork=2
2026-10-14T21:09:59+00:00,cnsm-web-06,cpu_spike,1726,cpu=1 load=95
2026-10-14T21:15:58+00:00,cnsm-db-redis-02,process_leak,334,fork=8
2026-10-15T07:46:19+00:00,cnsm-web-04,process_leak,536,fork=8
2026-10-15T08:29:26+00:00,cnsm-io-01,memory_pressure,2562,vm_bytes=1G
2026-10-15T08:53:34+00:00,cnsm-web-04,cpu_spike,1149,cpu=4 load=95
2026-10-15T09:04:00+00:00,cnsm-mem-01,disk_io,1070,io=8 hdd=8
2026-10-15T09:23:24+00:00,cnsm-web-04,disk_io,323,io=2 hdd=2
2026-10-15T09:32:46+00:00,cnsm-web-05,network_latency,381,delay=100ms
2026-10-15T12:15:38+00:00,cnsm-io-01,memory_pressure,1661,vm_bytes=8G
2026-10-15T12:23:10+00:00,cnsm-web-04,cpu_spike,871,cpu=4 load=90
2026-10-15T12:49:37+00:00,cnsm-mem-01,disk_io,1134,io=2 hdd=2
2026-10-15T13:12:14+00:00,cnsm-mem-01,memory_pressure,2227,vm_bytes=4G
2026-10-15T13:18:06+00:00,cnsm-db-redis-01,memory_pressure,3490,vm_bytes=8G
2026-10-15T15:38:36+00:00,cnsm-web-03,disk_io,1064,io=2 hdd=2
2026-10-15T16:07:41+00:00,cnsm-mem-01,disk_io,829,io=2 hdd=2
2026-10-15T17:16:26+00:00,cnsm-mem-01,process_leak,836,fork=4
2026-10-15T17:48:41+00:00,cnsm-db-redis-02,network_latency,573,delay=500ms
2026-10-15T19:07:10+00:00,cnsm-web-05,memory_pressure,736,vm_bytes=8G
2026-10-15T19:29:41+00:00,cnsm-web-06,cpu_spike,417,cpu=4 load=95
2026-10-15T19:35:51+00:00,cnsm-db-redis-01,process_leak,381,fork=8
2026-10-15T19:55:14+00:00,cnsm-web-03,network_latency,1055,delay=50ms
2026-10-15T20:07:07+00:00,cnsm-web-05,process_leak,674,fork=4
2026-10-15T20:39:14+00:00,cnsm-io-01,process_leak,608,fork=4
2026-10-15T21:39:19+00:00,cnsm-web-06,cpu_spike,915,cpu=1 load=95
2026-10-16T06:22:19+00:00,cnsm-db-redis-01,cpu_spike,1779,cpu=2 load=95
2026-10-16T07:59:51+00:00,cnsm-web-01,disk_io,902,io=8 hdd=8
2026-10-16T08:15:57+00:00,cnsm-mem-01,process_leak,457,fork=2
2026-10-16T09:19:25+00:00,cnsm-io-01,disk_io,758,io=4 hdd=4
2026-10-16T10:54:24+00:00,cnsm-io-01,process_leak,780,fork=2
2026-10-16T12:46:07+00:00,cnsm-db-postgres-02,process_leak,352,fork=4
2026-10-16T12:51:28+00:00,cnsm-web-05,process_leak,469,fork=8
2026-10-16T13:44:37+00:00,cnsm-db-redis-02,cpu_spike,970,cpu=4 load=90
2026-10-16T14:26:43+00:00,cnsm-io-01,memory_pressure,1705,vm_bytes=2G
2026-10-16T14:51:01+00:00,cnsm-web-05,memory_pressure,2319,vm_bytes=4G
2026-10-16T15:15:51+00:00,cnsm-db-postgres-02,process_leak,490,fork=4
2026-10-16T15:18:39+00:00,cnsm-db-postgres-02,network_latency,1373,delay=200ms
2026-10-16T15:39:44+00:00,cnsm-web-05,memory_pressure,1703,vm_bytes=2G
2026-10-16T15:48:19+00:00,cnsm-db-redis-02,memory_pressure,898,vm_bytes=2G
2026-10-16T16:21:43+00:00,cnsm-web-06,process_leak,858,fork=2
2026-10-16T16:24:52+00:00,cnsm-web-05,cpu_spike,1494,cpu=1 load=95
2026-10-16T16:45:27+00:00,cnsm-io-01,disk_io,803,io=4 hdd=4
2026-10-16T17:18:49+00:00,cnsm-web-04,disk_io,849,io=2 hdd=2
2026-10-16T17:40:01+00:00,cnsm-web-02,process_leak,485,fork=4
2026-10-16T19:49:22+00:00,cnsm-io-01,memory_pressure,3124,vm_bytes=1G
2026-10-16T20:02:34+00:00,cnsm-web-05,cpu_spike,1758,cpu=4 load=95
2026-10-16T20:53:20+00:00,cnsm-web-06,network_latency,1571,delay=200ms
2026-10-16T21:00:18+00:00,cnsm-mem-01,cpu_spike,1540,cpu=2 load=90
2026-10-17T07:16:44+00:00,cnsm-db-postgres-01,cpu_spike,527,cpu=2 load=85
2026-10-17T07:22:19+00:00,cnsm-mem-01,cpu_spike,419,cpu=1 load=95
2026-10-17T07:44:20+00:00,cnsm-web-05,network_latency,1031,delay=50ms
2026-10-17T09:16:44+00:00,cnsm-db-redis-01,disk_io,465,io=8 hdd=8
2026-10-17T11:17:45+00:00,cnsm-db-postgres-01,network_latency,1415,delay=500ms
2026-10-17T13:45:26+00:00,cnsm-mem-01,disk_io,1116,io=2 hdd=2
2026-10-17T14:04:37+00:00,cnsm-db-redis-01,network_latency,1190,delay=200ms
2026-10-17T14:16:48+00:00,cnsm-db-redis-02,network_latency,408,delay=200ms
2026-10-17T14:43:26+00:00,cnsm-io-01,memory_pressure,2210,vm_bytes=4G
2026-10-17T15:47:29+00:00,cnsm-web-01,network_latency,533,delay=500ms
2026-10-17T16:05:29+00:00,cnsm-io-01,disk_io,361,io=8 hdd=8
2026-10-17T16:09:06+00:00,cnsm-web-01,process_leak,830,fork=8
2026-10-17T17:21:26+00:00,cnsm-db-postgres-02,memory_pressure,1123,vm_bytes=2G
2026-10-17T17:28:04+00:00,cnsm-db-redis-01,process_leak,861,fork=8
2026-10-17T17:34:28+00:00,cnsm-db-postgres-01,cpu_spike,528,cpu=4 load=90
2026-10-17T18:22:09+00:00,cnsm-db-postgres-02,cpu_spike,1721,cpu=4 load=85
2026-10-17T18:34:11+00:00,cnsm-io-01,disk_io,578,io=4 hdd=4
2026-10-17T21:00:25+00:00,cnsm-db-postgres-02,memory_pressure,936,vm_bytes=4G
2026-10-17T21:38:00+00:00,cnsm-io-01,cpu_spike,1503,cpu=1 load=85
2026-10-18T07:22:36+00:00,cnsm-web-06,cpu_spike,1355,cpu=4 load=90
2026-10-18T08:13:43+00:00,cnsm-web-04,cpu_spike,539,cpu=4 load=85
2026-10-18T10:50:43+00:00,cnsm-db-postgres-01,cpu_spike,1367,cpu=2 load=90
2026-10-18T10:54:06+00:00,cnsm-web-05,cpu_spike,1771,cpu=4 load=90
2026-10-18T12:08:25+00:00,cnsm-db-redis-02,network_latency,1293,delay=100ms
2026-10-18T12:46:01+00:00,cnsm-web-03,network_latency,1019,delay=100ms
2026-10-18T14:29:40+00:00,cnsm-mem-01,memory_pressure,766,vm_bytes=8G
2026-10-18T14:34:50+00:00,cnsm-web-05,cpu_spike,450,cpu=2 load=85
2026-10-18T15:03:09+00:00,cnsm-web-04,cpu_spike,1084,cpu=1 load=90
2026-10-18T15:04:08+00:00,cnsm-db-redis-02,cpu_spike,440,cpu=4 load=85
2026-10-18T16:36:04+00:00,cnsm-web-05,disk_io,1046,io=2 hdd=2
2026-10-18T17:08:21+00:00,cnsm-web-04,disk_io,511,io=8 hdd=8
2026-10-18T17:17:35+00:00,cnsm-mem-01,cpu_spike,1669,cpu=1 load=90
2026-10-18T17:38:38+00:00,cnsm-db-redis-01,network_latency,1661,delay=100ms
2026-10-18T19:06:04+00:00,cnsm-db-postgres-01,memory_pressure,3241,vm_bytes=1G
2026-10-18T19:21:41+00:00,cnsm-web-05,cpu_spike,1001,cpu=1 load=85
2026-10-18T19:41:27+00:00,cnsm-web-06,network_latency,920,delay=50ms
2026-10-18T19:45:06+00:00,cnsm-io-01,cpu_spike,320,cpu=1 load=95
2026-10-18T21:15:33+00:00,cnsm-db-redis-01,cpu_spike,1797,cpu=2 load=95
2026-10-18T21:22:28+00:00,cnsm-db-redis-02,cpu_spike,958,cpu=4 load=95
2026-10-18T21:24:13+00:00,cnsm-db-redis-01,cpu_spike,765,cpu=1 load=85
2026-10-19T06:36:22+00:00,cnsm-io-01,disk_io,871,io=4 hdd=4
2026-10-19T06:46:59+00:00,cnsm-web-06,cpu_spike,1038,cpu=4 load=85
2026-10-19T06:54:32+00:00,cnsm-db-postgres-02,network_latency,558,delay=500ms
2026-10-19T07:11:18+00:00,cnsm-web-04,disk_io,484,io=4 hdd=4
2026-10-19T07:12:17+00:00,cnsm-db-redis-01,memory_pressure,3053,vm_bytes=8G
2026-10-19T07:26:28+00:00,cnsm-db-postgres-02,disk_io,837,io=8 hdd=8
2026-10-19T08:41:37+00:00,cnsm-web-03,network_latency,1369,delay=200ms
2026-10-19T09:14:37+00:00,cnsm-web-04,disk_io,1200,io=4 hdd=4
2026-10-19T09:26:45+00:00,cnsm-db-postgres-01,disk_io,1038,io=2 hdd=2
2026-10-19T10:31:02+00:00,cnsm-db-postgres-02,memory_pressure,2375,vm_bytes=1G
2026-10-19T11:45:35+00:00,cnsm-db-redis-01,process_leak,749,fork=8
2026-10-19T12:53:48+00:00,cnsm-web-01,disk_io,856,io=4 hdd=4
2026-10-19T14:16:57+00:00,cnsm-web-01,process_leak,806,fork=8
2026-10-19T14:55:33+00:00,cnsm-web-03,process_leak,707,fork=8
2026-10-19T15:55:00+00:00,cnsm-web-04,process_leak,620,fork=4
2026-10-19T17:48:49+00:00,cnsm-io-01,cpu_spike,1186,cpu=1 load=85
2026-10-19T19:02:53+00:00,cnsm-db-postgres-02,cpu_spike,384,cpu=1 load=90
2026-10-19T19:06:40+00:00,cnsm-web-05,process_leak,875,fork=4
2026-10-19T21:19:20+00:00,cnsm-web-02,disk_io,828,io=2 hdd=2
2026-10-19T21:52:52+00:00,cnsm-web-05,cpu_spike,1220,cpu=4 load=90
2026-10-20T06:47:43+00:00,cnsm-io-01,network_latency,894,delay=500ms
2026-10-20T07:22:18+00:00,cnsm-db-redis-02,disk_io,915,io=2 hdd=2
2026-10-20T08:43:34+00:00,cnsm-db-redis-02,network_latency,755,delay=100ms
2026-10-20T08:58:06+00:00,cnsm-web-06,network_latency,1467,delay=100ms
2026-10-20T10:03:37+00:00,cnsm-db-postgres-01,process_leak,560,fork=8
2026-10-20T10:45:10+00:00,cnsm-db-redis-02,process_leak,754,fork=4
2026-10-20T11:05:38+00:00,cnsm-db-postgres-01,network_latency,614,delay=100ms
2026-10-20T11:05:54+00:00,cnsm-web-05,disk_io,477,io=2 hdd=2
2026-10-20T12:43:09+00:00,cnsm-db-postgres-02,cpu_spike,1466,cpu=1 load=90
2026-10-20T15:43:47+00:00,cnsm-db-postgres-02,cpu_spike,605,cpu=1 load=90
2026-10-20T16:13:50+00:00,cnsm-web-04,network_latency,972,delay=100ms
2026-10-20T16:51:39+00:00,cnsm-mem-01,network_latency,591,delay=50ms
2026-10-20T17:10:40+00:00,cnsm-web-05,process_leak,808,fork=2
2026-10-20T18:01:39+00:00,cnsm-web-06,cpu_spike,385,cpu=2 load=95
2026-10-20T18:05:07+00:00,cnsm-mem-01,network_latency,1259,delay=100ms
2026-10-20T18:40:29+00:00,cnsm-db-redis-01,disk_io,1157,io=2 hdd=2
2026-10-21T07:10:50+00:00,cnsm-web-01,disk_io,830,io=4 hdd=4
2026-10-21T07:25:56+00:00,cnsm-web-05,cpu_spike,1372,cpu=2 load=90
2026-10-21T08:27:46+00:00,cnsm-web-04,cpu_spike,1338,cpu=4 load=90
2026-10-21T09:00:26+00:00,cnsm-db-postgres-01,memory_pressure,3154,vm_bytes=4G
2026-10-21T09:30:51+00:00,cnsm-web-04,disk_io,574,io=4 hdd=4
2026-10-21T12:04:09+00:00,cnsm-mem-01,cpu_spike,998,cpu=1 load=95
2026-10-21T12:13:51+00:00,cnsm-db-redis-01,process_leak,667,fork=2
2026-10-21T12:30:38+00:00,cnsm-web-03,disk_io,937,io=4 hdd=4
2026-10-21T13:12:58+00:00,cnsm-web-01,memory_pressure,1568,vm_bytes=1G
2026-10-21T14:46:04+00:00,cnsm-db-postgres-01,memory_pressure,1481,vm_bytes=1G
2026-10-21T15:48:27+00:00,cnsm-web-04,cpu_spike,841,cpu=2 load=90
2026-10-21T17:18:19+00:00,cnsm-web-01,disk_io,385,io=2 hdd=2
2026-10-21T17:20:46+00:00,cnsm-web-02,cpu_spike,1728,cpu=4 load=85
2026-10-21T18:05:43+00:00,cnsm-mem-01,disk_io,914,io=8 hdd=8
2026-10-21T18:42:51+00:00,cnsm-io-01,network_latency,585,delay=500ms
2026-10-21T19:02:45+00:00,cnsm-web-01,disk_io,758,io=4 hdd=4
2026-10-21T19:43:05+00:00,cnsm-web-04,memory_pressure,2918,vm_bytes=4G
2026-10-21T20:17:51+00:00,cnsm-db-postgres-02,network_latency,1703,delay=500ms
2026-10-21T20:26:44+00:00,cnsm-mem-01,network_latency,607,delay=50ms
2026-10-21T21:35:42+00:00,cnsm-web-01,memory_pressure,1719,vm_bytes=1G
2026-10-21T21:51:48+00:00,cnsm-db-redis-02,cpu_spike,1395,cpu=1 load=90
2026-10-21T21:55:57+00:00,cnsm-web-02,disk_io,386,io=8 hdd=8
2026-10-22T07:01:29+00:00,cnsm-mem-01,network_latency,662,delay=50ms
2026-10-22T09:15:11+00:00,cnsm-db-redis-02,memory_pressure,632,vm_bytes=2G
2026-10-22T10:40:15+00:00,cnsm-db-postgres-01,network_latency,1787,delay=500ms
2026-10-22T12:32:45+00:00,cnsm-db-postgres-02,network_latency,1089,delay=200ms
2026-10-22T13:35:01+00:00,cnsm-db-postgres-02,network_latency,1585,delay=200ms
2026-10-22T13:44:39+00:00,cnsm-web-01,process_leak,748,fork=8
2026-10-22T14:39:48+00:00,cnsm-db-postgres-02,cpu_spike,955,cpu=1 load=95
2026-10-22T14:59:43+00:00,cnsm-web-06,network_latency,1506,delay=200ms
2026-10-22T15:17:53+00:00,cnsm-db-postgres-02,process_leak,723,fork=2
2026-10-22T15:34:52+00:00,cnsm-db-redis-01,network_latency,1742,delay=200ms
2026-10-22T16:52:36+00:00,cnsm-web-06,cpu_spike,1688,cpu=1 load=85
2026-10-22T17:40:44+00:00,cnsm-db-redis-01,cpu_spike,1081,cpu=4 load=85
2026-10-22T19:33:48+00:00,cnsm-mem-01,cpu_spike,887,cpu=4 load=85
2026-10-22T20:24:59+00:00,cnsm-web-02,cpu_spike,318,cpu=4 load=95
2026-10-22T21:48:25+00:00,cnsm-web-02,network_latency,1329,delay=50ms
2026-10-23T07:05:44+00:00,cnsm-web-01,cpu_spike,1769,cpu=1 load=95
2026-10-23T08:15:11+00:00,cnsm-web-05,disk_io,954,io=4 hdd=4
2026-10-23T08:40:52+00:00,cnsm-db-redis-02,process_leak,486,fork=4
2026-10-23T10:57:17+00:00,cnsm-web-02,cpu_spike,545,cpu=2 load=95
2026-10-23T11:55:42+00:00,cnsm-db-postgres-02,disk_io,941,io=2 hdd=2
2026-10-23T12:07:09+00:00,cnsm-db-postgres-02,process_leak,536,fork=2
2026-10-23T13:16:30+00:00,cnsm-web-01,disk_io,1028,io=2 hdd=2
2026-10-23T13:49:29+00:00,cnsm-db-postgres-02,disk_io,703,io=2 hdd=2
2026-10-23T15:00:25+00:00,cnsm-db-postgres-01,disk_io,641,io=4 hdd=4
2026-10-23T15:07:51+00:00,cnsm-db-postgres-01,cpu_spike,698,cpu=4 load=95
2026-10-23T15:26:33+00:00,cnsm-web-06,cpu_spike,885,cpu=4 load=90
2026-10-23T15:56:07+00:00,cnsm-mem-01,network_latency,607,delay=50ms
2026-10-23T17:13:34+00:00,cnsm-web-05,disk_io,983,io=8 hdd=8
2026-10-23T17:17:38+00:00,cnsm-db-redis-01,disk_io,825,io=4 hdd=4
2026-10-23T19:19:49+00:00,cnsm-db-redis-01,process_leak,392,fork=8
2026-10-23T20:26:28+00:00,cnsm-db-redis-01,network_latency,664,delay=200ms
2026-10-23T21:26:12+00:00,cnsm-io-01,disk_io,850,io=4 hdd=4
2026-10-23T21:49:04+00:00,cnsm-web-06,network_latency,1064,delay=50ms
2026-10-24T06:07:11+00:00,cnsm-db-postgres-02,disk_io,392,io=8 hdd=8
2026-10-24T07:49:34+00:00,cnsm-web-03,disk_io,961,io=2 hdd=2
2026-10-24T08:01:01+00:00,cnsm-web-01,process_leak,310,fork=2
2026-10-24T08:58:30+00:00,cnsm-db-redis-01,memory_pressure,2023,vm_bytes=4G
2026-10-24T10:03:36+00:00,cnsm-web-02,memory_pressure,2773,vm_bytes=8G
2026-10-24T12:13:42+00:00,cnsm-web-02,disk_io,1021,io=8 hdd=8
2026-10-24T12:33:18+00:00,cnsm-web-03,network_latency,1055,delay=200ms
2026-10-24T12:36:12+00:00,cnsm-web-03,disk_io,1081,io=8 hdd=8
2026-10-24T13:44:09+00:00,cnsm-web-04,disk_io,606,io=8 hdd=8
2026-10-24T16:09:59+00:00,cnsm-web-06,disk_io,363,io=8 hdd=8
2026-10-24T17:05:13+00:00,cnsm-web-03,network_latency,589,delay=200ms
2026-10-24T17:42:01+00:00,cnsm-web-03,memory_pressure,689,vm_bytes=4G
2026-10-24T18:03:21+00:00,cnsm-db-postgres-01,cpu_spike,1157,cpu=4 load=95
2026-10-24T18:31:03+00:00,cnsm-db-redis-01,network_latency,1205,delay=500ms
2026-10-24T18:55:21+00:00,cnsm-db-redis-01,disk_io,1078,io=2 hdd=2
2026-10-24T19:19:01+00:00,cnsm-web-06,disk_io,835,io=2 hdd=2
2026-10-24T20:34:21+00:00,cnsm-web-03,process_leak,555,fork=8
2026-10-25T07:26:14+00:00,cnsm-db-redis-02,disk_io,618,io=8 hdd=8
2026-10-25T08:14:40+00:00,cnsm-web-03,memory_pressure,2477,vm_bytes=8G
2026-10-25T08:25:12+00:00,cnsm-db-postgres-01,disk_io,661,io=4 hdd=4
2026-10-25T08:46:46+00:00,cnsm-web-06,memory_pressure,1694,vm_bytes=4G
2026-10-25T09:40:37+00:00,cnsm-web-03,process_leak,750,fork=4
2026-10-25T10:07:59+00:00,cnsm-web-06,memory_pressure,2902,vm_bytes=2G
2026-10-25T11:27:25+00:00,cnsm-db-redis-01,network_latency,1123,delay=200ms
2026-10-25T11:29:36+00:00,cnsm-web-05,network_latency,606,delay=500ms
2026-10-25T11:43:32+00:00,cnsm-web-06,cpu_spike,787,cpu=1 load=90
2026-10-25T13:08:31+00:00,cnsm-web-05,process_leak,716,fork=4
2026-10-25T13:17:52+00:00,cnsm-db-postgres-01,cpu_spike,856,cpu=2 load=85
2026-10-25T14:17:35+00:00,cnsm-db-redis-01,cpu_spike,926,cpu=2 load=95
2026-10-25T16:48:42+00:00,cnsm-db-postgres-01,process_leak,313,fork=2
2026-10-25T19:00:12+00:00,cnsm-web-03,memory_pressure,1472,vm_bytes=8G
2026-10-25T20:00:18+00:00,cnsm-web-05,cpu_spike,713,cpu=1 load=90
2026-10-25T20:50:10+00:00,cnsm-web-05,disk_io,600,io=2 hdd=2
2026-10-25T21:01:34+00:00,cnsm-web-02,memory_pressure,3592,vm_bytes=1G
2026-10-26T06:48:15+00:00,cnsm-db-postgres-02,memory_pressure,3240,vm_bytes=2G
2026-10-26T09:10:30+00:00,cnsm-web-06,cpu_spike,861,cpu=1 load=90
2026-10-26T10:06:22+00:00,cnsm-web-01,process_leak,658,fork=8
2026-10-26T12:46:51+00:00,cnsm-web-04,memory_pressure,2823,vm_bytes=2G
2026-10-26T19:20:21+00:00,cnsm-db-postgres-01,process_leak,721,fork=8
2026-10-26T19:49:19+00:00,cnsm-io-01,disk_io,1133,io=4 hdd=4
2026-10-26T20:38:24+00:00,cnsm-mem-01,disk_io,1163,io=8 hdd=8
2026-10-27T06:25:14+00:00,cnsm-io-01,cpu_spike,1732,cpu=1 load=85
2026-10-27T06:35:56+00:00,cnsm-db-postgres-02,network_latency,1576,delay=100ms
2026-10-27T11:06:05+00:00,cnsm-web-02,memory_pressure,3250,vm_bytes=1G
2026-10-27T11:09:38+00:00,cnsm-db-redis-01,network_latency,1121,delay=50ms
2026-10-27T12:18:44+00:00,cnsm-db-postgres-01,disk_io,1037,io=8 hdd=8
2026-10-27T13:08:29+00:00,cnsm-io-01,cpu_spike,419,cpu=2 load=85
2026-10-27T14:44:16+00:00,cnsm-web-06,process_leak,329,fork=8
2026-10-27T15:51:37+00:00,cnsm-web-04,memory_pressure,1890,vm_bytes=8G
2026-10-27T15:54:59+00:00,cnsm-web-03,disk_io,697,io=8 hdd=8
2026-10-27T21:34:10+00:00,cnsm-web-04,memory_pressure,1071,vm_bytes=4G
2026-10-28T07:53:57+00:00,cnsm-web-04,disk_io,303,io=2 hdd=2
2026-10-28T09:57:13+00:00,cnsm-web-04,disk_io,841,io=2 hdd=2
2026-10-28T10:22:34+00:00,cnsm-web-06,memory_pressure,2352,vm_bytes=8G
2026-10-28T13:55:24+00:00,cnsm-web-04,disk_io,934,io=2 hdd=2
2026-10-28T14:00:13+00:00,cnsm-db-redis-02,network_latency,808,delay=500ms
2026-10-28T14:08:54+00:00,cnsm-web-03,memory_pressure,1847,vm_bytes=4G
2026-10-28T17:24:01+00:00,cnsm-web-02,disk_io,515,io=2 hdd=2
2026-10-28T18:48:39+00:00,cnsm-db-redis-01,memory_pressure,1657,vm_bytes=8G
2026-10-28T19:01:18+00:00,cnsm-mem-01,process_leak,560,fork=4
2026-10-28T19:01:19+00:00,cnsm-db-redis-01,disk_io,533,io=8 hdd=8
2026-10-28T19:22:50+00:00,cnsm-web-06,disk_io,905,io=8 hdd=8
2026-10-28T19:47:35+00:00,cnsm-io-01,process_leak,885,fork=4
2026-10-28T19:51:19+00:00,cnsm-web-02,cpu_spike,1013,cpu=1 load=95
2026-10-28T20:12:59+00:00,cnsm-db-redis-01,network_latency,1034,delay=50ms
2026-10-29T07:24:02+00:00,cnsm-db-postgres-02,cpu_spike,703,cpu=1 load=90
2026-10-29T08:25:32+00:00,cnsm-db-postgres-01,cpu_spike,1146,cpu=4 load=90
2026-10-29T09:35:57+00:00,cnsm-web-01,cpu_spike,743,cpu=2 load=90
2026-10-29T11:43:34+00:00,cnsm-web-02,network_latency,1247,delay=50ms
2026-10-29T12:58:47+00:00,cnsm-db-redis-01,memory_pressure,2505,vm_bytes=2G
2026-10-29T13:14:18+00:00,cnsm-db-postgres-01,network_latency,1652,delay=200ms
2026-10-29T14:48:07+00:00,cnsm-web-01,process_leak,620,fork=2
2026-10-29T16:02:32+00:00,cnsm-web-05,network_latency,1095,delay=500ms
2026-10-29T16:12:35+00:00,cnsm-db-postgres-02,disk_io,513,io=8 hdd=8
2026-10-29T16:57:18+00:00,cnsm-io-01,memory_pressure,1377,vm_bytes=2G
2026-10-29T16:59:49+00:00,cnsm-web-05,disk_io,716,io=2 hdd=2
2026-10-29T17:22:41+00:00,cnsm-db-redis-01,cpu_spike,885,cpu=2 load=95
2026-10-29T17:48:24+00:00,cnsm-web-03,disk_io,1035,io=8 hdd=8
2026-10-29T19:52:53+00:00,cnsm-db-postgres-02,disk_io,357,io=2 hdd=2
2026-10-29T20:37:35+00:00,cnsm-db-postgres-02,disk_io,426,io=4 hdd=4
2026-10-29T20:58:04+00:00,cnsm-web-05,process_leak,364,fork=4
2026-10-30T06:56:48+00:00,cnsm-io-01,process_leak,367,fork=4
2026-10-30T07:40:51+00:00,cnsm-db-redis-01,cpu_spike,1711,cpu=1 load=95
2026-10-30T07:49:33+00:00,cnsm-web-02,disk_io,678,io=8 hdd=8
2026-10-30T08:21:38+00:00,cnsm-db-redis-02,process_leak,699,fork=4
2026-10-30T08:55:06+00:00,cnsm-mem-01,memory_pressure,2298,vm_bytes=4G
2026-10-30T09:29:37+00:00,cnsm-web-01,cpu_spike,1526,cpu=2 load=95
2026-10-30T09:39:58+00:00,cnsm-web-06,cpu_spike,1299,cpu=2 load=85
2026-10-30T11:23:50+00:00,cnsm-io-01,process_leak,565,fork=2
2026-10-30T11:33:18+00:00,cnsm-web-04,disk_io,921,io=8 hdd=8
2026-10-30T11:47:49+00:00,cnsm-web-06,disk_io,463,io=8 hdd=8
2026-10-30T13:49:26+00:00,cnsm-web-01,disk_io,459,io=2 hdd=2
2026-10-30T15:47:01+00:00,cnsm-io-01,disk_io,604,io=8 hdd=8
2026-10-30T15:48:24+00:00,cnsm-io-01,network_latency,1152,delay=500ms
2026-10-30T16:36:15+00:00,cnsm-mem-01,cpu_spike,830,cpu=4 load=90
2026-10-30T17:19:47+00:00,cnsm-web-06,memory_pressure,2281,vm_bytes=4G
2026-10-30T18:12:58+00:00,cnsm-db-postgres-01,process_leak,754,fork=2
2026-10-30T19:18:55+00:00,cnsm-web-06,memory_pressure,2342,vm_bytes=4G
2026-10-30T19:47:36+00:00,cnsm-web-01,network_latency,644,delay=200ms
2026-10-30T21:03:00+00:00,cnsm-mem-01,disk_io,902,io=8 hdd=8
2026-10-31T09:12:51+00:00,cnsm-io-01,cpu_spike,1164,cpu=1 load=90
2026-10-31T09:44:09+00:00,cnsm-web-04,disk_io,539,io=8 hdd=8
2026-10-31T10:18:52+00:00,cnsm-db-postgres-01,process_leak,421,fork=2
2026-10-31T11:52:43+00:00,cnsm-web-04,disk_io,876,io=8 hdd=8
2026-10-31T12:14:21+00:00,cnsm-web-05,disk_io,602,io=2 hdd=2
2026-10-31T12:20:07+00:00,cnsm-db-postgres-02,network_latency,1587,delay=100ms
2026-10-31T12:42:17+00:00,cnsm-mem-01,cpu_spike,1338,cpu=2 load=95
2026-10-31T13:23:46+00:00,cnsm-web-06,cpu_spike,924,cpu=2 load=90
2026-10-31T13:40:22+00:00,cnsm-web-01,memory_pressure,3212,vm_bytes=1G
2026-10-31T13:53:45+00:00,cnsm-io-01,process_leak,626,fork=2
2026-10-31T14:59:11+00:00,cnsm-db-postgres-02,memory_pressure,3042,vm_bytes=4G
2026-10-31T15:13:21+00:00,cnsm-web-04,cpu_spike,713,cpu=4 load=90
2026-10-31T16:34:27+00:00,cnsm-web-06,cpu_spike,1513,cpu=2 load=90
2026-10-31T20:45:00+00:00,cnsm-db-redis-02,process_leak,877,fork=2
2026-11-01T07:49:44+00:00,cnsm-io-01,process_leak,599,fork=2
2026-11-01T07:52:19+00:00,cnsm-db-postgres-01,process_leak,320,fork=8
2026-11-01T07:52:56+00:00,cnsm-web-03,process_leak,449,fork=8
2026-11-01T08:09:47+00:00,cnsm-db-redis-02,network_latency,333,delay=500ms
2026-11-01T08:36:28+00:00,cnsm-web-06,cpu_spike,952,cpu=2 load=85
2026-11-01T08:45:35+00:00,cnsm-db-redis-01,disk_io,557,io=2 hdd=2
2026-11-01T08:57:47+00:00,cnsm-web-06,cpu_spike,1099,cpu=2 load=90
2026-11-01T09:09:07+00:00,cnsm-db-postgres-01,process_leak,325,fork=4
2026-11-01T09:16:53+00:00,cnsm-web-04,cpu_spike,628,cpu=1 load=90
2026-11-01T09:28:22+00:00,cnsm-web-06,cpu_spike,1343,cpu=1 load=85
2026-11-01T10:02:47+00:00,cnsm-web-02,memory_pressure,2042,vm_bytes=8G
2026-11-01T10:03:38+00:00,cnsm-mem-01,cpu_spike,1577,cpu=4 load=85
2026-11-01T11:12:12+00:00,cnsm-web-03,disk_io,626,io=4 hdd=4
2026-11-01T12:32:54+00:00,cnsm-db-postgres-02,memory_pressure,3307,vm_bytes=8G
2026-11-01T12:53:38+00:00,cnsm-mem-01,network_latency,1659,delay=100ms
2026-11-01T13:25:27+00:00,cnsm-db-redis-02,memory_pressure,1034,vm_bytes=8G
2026-11-01T13:47:07+00:00,cnsm-web-06,network_latency,1151,delay=200ms
2026-11-01T17:24:23+00:00,cnsm-web-03,network_latency,469,delay=50ms
2026-11-01T18:20:23+00:00,cnsm-web-05,network_latency,889,delay=100ms
2026-11-01T21:41:32+00:00,cnsm-db-redis-02,memory_pressure,3130,vm_bytes=2G
2026-11-02T06:21:10+00:00,cnsm-db-redis-02,memory_pressure,1816,vm_bytes=1G
2026-11-02T06:26:34+00:00,cnsm-web-03,disk_io,1040,io=4 hdd=4
2026-11-02T06:40:54+00:00,cnsm-io-01,network_latency,1254,delay=500ms
2026-11-02T08:29:40+00:00,cnsm-db-redis-01,disk_io,1029,io=8 hdd=8
2026-11-02T09:24:08+00:00,cnsm-web-02,disk_io,1081,io=8 hdd=8
2026-11-02T11:23:57+00:00,cnsm-db-postgres-01,disk_io,977,io=2 hdd=2
2026-11-02T13:54:23+00:00,cnsm-web-04,cpu_spike,1158,cpu=2 load=95
2026-11-02T15:15:03+00:00,cnsm-web-01,cpu_spike,555,cpu=2 load=85
2026-11-02T15:40:00+00:00,cnsm-db-redis-02,process_leak,610,fork=8
2026-11-02T19:17:51+00:00,cnsm-db-redis-01,cpu_spike,1555,cpu=1 load=95
2026-11-02T20:08:43+00:00,cnsm-db-postgres-02,cpu_spike,688,cpu=1 load=95
2026-11-02T20:12:00+00:00,cnsm-web-02,disk_io,833,io=4 hdd=4
2026-11-02T21:54:13+00:00,cnsm-web-05,cpu_spike,1542,cpu=1 load=90
2026-11-03T06:03:12+00:00,cnsm-db-postgres-02,network_latency,1392,delay=100ms
2026-11-03T06:33:42+00:00,cnsm-web-01,network_latency,616,delay=500ms
2026-11-03T07:23:16+00:00,cnsm-web-03,memory_pressure,816,vm_bytes=1G
2026-11-03T08:27:17+00:00,cnsm-web-02,disk_io,643,io=2 hdd=2
2026-11-03T08:34:55+00:00,cnsm-web-02,cpu_spike,1210,cpu=4 load=95
2026-11-03T09:00:35+00:00,cnsm-web-02,disk_io,1133,io=4 hdd=4
2026-11-03T10:23:22+00:00,cnsm-web-05,network_latency,1268,delay=100ms
2026-11-03T11:54:58+00:00,cnsm-db-redis-01,disk_io,1146,io=8 hdd=8
2026-11-03T12:19:36+00:00,cnsm-io-01,memory_pressure,970,vm_bytes=4G
2026-11-03T12:38:21+00:00,cnsm-db-redis-01,cpu_spike,1004,cpu=4 load=85
2026-11-03T13:21:05+00:00,cnsm-db-postgres-02,disk_io,1121,io=8 hdd=8
2026-11-03T14:36:58+00:00,cnsm-mem-01,process_leak,326,fork=8
2026-11-03T15:33:47+00:00,cnsm-web-05,disk_io,746,io=2 hdd=2
2026-11-03T16:06:31+00:00,cnsm-db-postgres-01,cpu_spike,1745,cpu=1 load=90
2026-11-03T16:06:58+00:00,cnsm-web-04,network_latency,1357,delay=100ms
2026-11-03T16:47:09+00:00,cnsm-web-04,disk_io,446,io=8 hdd=8
2026-11-03T16:53:46+00:00,cnsm-web-04,cpu_spike,1024,cpu=1 load=95
2026-11-03T16:58:34+00:00,cnsm-web-03,network_latency,991,delay=200ms
2026-11-03T19:37:27+00:00,cnsm-web-03,network_latency,811,delay=50ms
2026-11-03T20:30:04+00:00,cnsm-db-postgres-01,process_leak,608,fork=8
2026-11-04T07:20:49+00:00,cnsm-io-01,disk_io,748,io=8 hdd=8
2026-11-04T09:53:12+00:00,cnsm-web-02,process_leak,312,fork=8
2026-11-04T10:43:00+00:00,cnsm-db-redis-01,cpu_spike,1334,cpu=4 load=85
2026-11-04T11:05:46+00:00,cnsm-web-02,network_latency,1643,delay=50ms
2026-11-04T11:14:25+00:00,cnsm-web-01,cpu_spike,639,cpu=2 load=90
2026-11-04T11:34:25+00:00,cnsm-io-01,cpu_spike,999,cpu=4 load=85
2026-11-04T11:37:31+00:00,cnsm-mem-01,network_latency,871,delay=100ms
2026-11-04T11:46:03+00:00,cnsm-db-redis-01,cpu_spike,1335,cpu=2 load=95
2026-11-04T12:13:30+00:00,cnsm-web-04,disk_io,558,io=2 hdd=2
2026-11-04T12:25:37+00:00,cnsm-web-02,cpu_spike,1433,cpu=4 load=95
2026-11-04T12:35:06+00:00,cnsm-db-postgres-02,network_latency,1114,delay=50ms
2026-11-04T13:11:05+00:00,cnsm-web-03,cpu_spike,914,cpu=2 load=90
2026-11-04T13:31:32+00:00,cnsm-web-04,disk_io,326,io=2 hdd=2
2026-11-04T14:01:26+00:00,cnsm-db-postgres-02,disk_io,1133,io=4 hdd=4
2026-11-04T14:08:00+00:00,cnsm-web-03,cpu_spike,979,cpu=4 load=95
2026-11-04T14:28:12+00:00,cnsm-web-03,disk_io,697,io=8 hdd=8
2026-11-04T14:59:48+00:00,cnsm-db-redis-01,cpu_spike,1192,cpu=1 load=90
2026-11-04T15:38:34+00:00,cnsm-db-postgres-01,disk_io,471,io=8 hdd=8
2026-11-04T16:43:23+00:00,cnsm-db-postgres-02,memory_pressure,2594,vm_bytes=1G
2026-11-04T17:04:22+00:00,cnsm-web-01,disk_io,1064,io=8 hdd=8
2026-11-04T18:21:05+00:00,cnsm-web-03,cpu_spike,364,cpu=4 load=95
2026-11-04T18:42:36+00:00,cnsm-db-postgres-01,disk_io,773,io=4 hdd=4
2026-11-04T18:57:10+00:00,cnsm-db-redis-02,cpu_spike,1537,cpu=2 load=85
2026-11-04T19:00:55+00:00,cnsm-db-postgres-02,network_latency,625,delay=500ms
2026-11-04T21:10:16+00:00,cnsm-web-04,process_leak,748,fork=2
2026-11-05T06:23:38+00:00,cnsm-web-04,memory_pressure,2730,vm_bytes=1G
2026-11-05T07:03:57+00:00,cnsm-db-postgres-02,process_leak,796,fork=8
2026-11-05T07:49:53+00:00,cnsm-web-03,disk_io,479,io=8 hdd=8
2026-11-05T09:09:22+00:00,cnsm-db-redis-01,disk_io,838,io=8 hdd=8
2026-11-05T09:10:50+00:00,cnsm-web-04,cpu_spike,1624,cpu=4 load=85
2026-11-05T09:12:17+00:00,cnsm-web-05,cpu_spike,1467,cpu=1 load=95
2026-11-05T09:41:35+00:00,cnsm-web-03,network_latency,1494,delay=100ms
2026-11-05T11:31:19+00:00,cnsm-web-06,disk_io,843,io=2 hdd=2
2026-11-05T11:32:55+00:00,cnsm-web-03,disk_io,671,io=2 hdd=2
2026-11-05T13:12:59+00:00,cnsm-web-03,process_leak,608,fork=2
2026-11-05T14:05:56+00:00,cnsm-db-redis-02,network_latency,1338,delay=200ms
2026-11-05T14:08:27+00:00,cnsm-web-04,cpu_spike,1499,cpu=4 load=90
2026-11-05T14:12:04+00:00,cnsm-mem-01,memory_pressure,3236,vm_bytes=2G
2026-11-05T14:28:01+00:00,cnsm-web-05,disk_io,392,io=8 hdd=8
2026-11-05T15:06:08+00:00,cnsm-web-03,disk_io,926,io=4 hdd=4
2026-11-05T15:43:45+00:00,cnsm-mem-01,process_leak,798,fork=4
2026-11-05T17:36:37+00:00,cnsm-db-redis-02,network_latency,992,delay=100ms
2026-11-05T17:38:17+00:00,cnsm-web-06,disk_io,857,io=4 hdd=4
2026-11-05T19:46:33+00:00,cnsm-web-01,memory_pressure,2376,vm_bytes=1G
2026-11-05T21:25:41+00:00,cnsm-db-redis-01,memory_pressure,2099,vm_bytes=4G
2026-11-05T21:37:33+00:00,cnsm-mem-01,process_leak,358,fork=4
2026-11-05T21:53:08+00:00,cnsm-db-redis-01,disk_io,856,io=4 hdd=4
2026-11-06T06:08:04+00:00,cnsm-db-redis-01,memory_pressure,2277,vm_bytes=8G
2026-11-06T07:12:36+00:00,cnsm-web-06,network_latency,710,delay=500ms
2026-11-06T07:28:33+00:00,cnsm-db-redis-01,memory_pressure,3074,vm_bytes=1G
2026-11-06T07:43:11+00:00,cnsm-web-02,network_latency,1227,delay=200ms
2026-11-06T09:47:06+00:00,cnsm-db-redis-02,network_latency,994,delay=200ms
2026-11-06T11:28:52+00:00,cnsm-web-06,cpu_spike,1118,cpu=2 load=90
2026-11-06T13:19:09+00:00,cnsm-web-04,cpu_spike,499,cpu=2 load=85
2026-11-06T14:38:49+00:00,cnsm-web-02,process_leak,392,fork=8
2026-11-06T15:13:31+00:00,cnsm-db-redis-01,disk_io,877,io=8 hdd=8
2026-11-06T20:07:40+00:00,cnsm-io-01,disk_io,809,io=4 hdd=4
2026-11-06T20:45:14+00:00,cnsm-db-redis-01,memory_pressure,1590,vm_bytes=8G
2026-11-06T21:12:56+00:00,cnsm-db-postgres-01,cpu_spike,1260,cpu=1 load=95
2026-11-07T08:51:44+00:00,cnsm-db-postgres-02,disk_io,1109,io=4 hdd=4
2026-11-07T09:06:30+00:00,cnsm-mem-01,memory_pressure,3242,vm_bytes=2G
2026-11-07T09:39:14+00:00,cnsm-db-redis-02,network_latency,824,delay=200ms
2026-11-07T10:43:11+00:00,cnsm-db-postgres-01,disk_io,942,io=8 hdd=8
2026-11-07T10:53:47+00:00,cnsm-web-04,disk_io,615,io=8 hdd=8
2026-11-07T11:22:34+00:00,cnsm-io-01,process_leak,447,fork=8
2026-11-07T11:42:20+00:00,cnsm-web-04,network_latency,1328,delay=100ms
2026-11-07T13:09:15+00:00,cnsm-web-03,cpu_spike,1450,cpu=4 load=95
2026-11-07T14:02:03+00:00,cnsm-db-postgres-01,network_latency,1228,delay=200ms
2026-11-07T14:51:05+00:00,cnsm-io-01,network_latency,304,delay=500ms
2026-11-07T15:04:42+00:00,cnsm-web-06,memory_pressure,2099,vm_bytes=2G
2026-11-07T15:49:42+00:00,cnsm-web-06,process_leak,474,fork=2
2026-11-07T16:24:58+00:00,cnsm-web-05,process_leak,658,fork=8
2026-11-07T17:00:04+00:00,cnsm-web-06,memory_pressure,2362,vm_bytes=4G
2026-11-07T17:19:22+00:00,cnsm-web-02,disk_io,585,io=8 hdd=8
2026-11-07T17:34:21+00:00,cnsm-io-01,process_leak,443,fork=2
2026-11-07T17:42:18+00:00,cnsm-web-02,memory_pressure,2135,vm_bytes=1G
2026-11-07T18:59:20+00:00,cnsm-db-redis-02,disk_io,414,io=8 hdd=8
2026-11-07T19:09:10+00:00,cnsm-io-01,cpu_spike,1799,cpu=1 load=95
2026-11-07T19:26:02+00:00,cnsm-web-01,cpu_spike,1661,cpu=4 load=85
2026-11-07T19:46:54+00:00,cnsm-web-02,cpu_spike,652,cpu=1 load=90
2026-11-07T20:25:45+00:00,cnsm-db-redis-02,process_leak,852,fork=8
2026-11-07T21:49:35+00:00,cnsm-io-01,disk_io,1192,io=8 hdd=8
2026-11-08T06:39:15+00:00,cnsm-mem-01,disk_io,668,io=2 hdd=2
2026-11-08T06:53:45+00:00,cnsm-db-postgres-02,cpu_spike,659,cpu=2 load=95
2026-11-08T07:43:58+00:00,cnsm-web-03,disk_io,458,io=4 hdd=4
2026-11-08T10:56:48+00:00,cnsm-db-postgres-02,disk_io,1031,io=4 hdd=4
2026-11-08T12:23:25+00:00,cnsm-db-redis-01,disk_io,868,io=8 hdd=8
2026-11-08T13:43:19+00:00,cnsm-io-01,disk_io,391,io=4 hdd=4
2026-11-08T13:46:00+00:00,cnsm-db-postgres-01,cpu_spike,1707,cpu=2 load=90
2026-11-08T14:16:55+00:00,cnsm-web-03,network_latency,718,delay=500ms
2026-11-08T14:23:42+00:00,cnsm-web-01,cpu_spike,1791,cpu=1 load=95
2026-11-08T15:47:54+00:00,cnsm-db-postgres-02,disk_io,1075,io=8 hdd=8
2026-11-08T16:36:57+00:00,cnsm-db-redis-02,disk_io,749,io=2 hdd=2
2026-11-08T17:20:39+00:00,cnsm-web-02,process_leak,383,fork=8
2026-11-08T19:23:47+00:00,cnsm-db-redis-02,disk_io,1017,io=8 hdd=8
2026-11-08T19:52:58+00:00,cnsm-db-redis-01,disk_io,635,io=4 hdd=4
2026-11-08T20:49:05+00:00,cnsm-db-redis-01,process_leak,462,fork=8
2026-11-08T21:04:20+00:00,cnsm-db-redis-02,cpu_spike,1129,cpu=2 load=85
2026-11-09T06:04:51+00:00,cnsm-io-01,network_latency,1269,delay=200ms
2026-11-09T06:21:09+00:00,cnsm-db-postgres-01,network_latency,1605,delay=100ms
2026-11-09T06:38:43+00:00,cnsm-web-02,network_latency,1020,delay=200ms
2026-11-09T06:56:34+00:00,cnsm-web-01,cpu_spike,457,cpu=4 load=95
2026-11-09T09:28:33+00:00,cnsm-web-01,process_leak,734,fork=4
2026-11-09T09:38:41+00:00,cnsm-web-06,disk_io,1029,io=8 hdd=8
2026-11-09T11:07:40+00:00,cnsm-db-redis-02,cpu_spike,1016,cpu=4 load=95
2026-11-09T11:50:07+00:00,cnsm-db-postgres-02,memory_pressure,3383,vm_bytes=4G
2026-11-09T11:57:22+00:00,cnsm-db-postgres-02,memory_pressure,715,vm_bytes=4G
2026-11-09T12:13:37+00:00,cnsm-web-03,disk_io,1037,io=8 hdd=8
2026-11-09T13:50:05+00:00,cnsm-io-01,memory_pressure,1300,vm_bytes=4G
2026-11-09T14:14:23+00:00,cnsm-web-06,disk_io,541,io=2 hdd=2
2026-11-09T14:49:45+00:00,cnsm-db-postgres-01,network_latency,1029,delay=100ms
2026-11-09T15:14:46+00:00,cnsm-web-05,disk_io,1010,io=8 hdd=8
2026-11-09T16:16:35+00:00,cnsm-db-postgres-02,process_leak,641,fork=2
2026-11-09T16:59:36+00:00,cnsm-io-01,cpu_spike,1472,cpu=4 load=85
2026-11-09T17:59:04+00:00,cnsm-db-redis-01,cpu_spike,326,cpu=2 load=95
2026-11-09T17:59:25+00:00,cnsm-web-02,memory_pressure,1272,vm_bytes=1G
2026-11-09T18:46:11+00:00,cnsm-web-02,disk_io,521,io=4 hdd=4
2026-11-09T19:39:33+00:00,cnsm-web-03,memory_pressure,3336,vm_bytes=8G
2026-11-09T19:49:30+00:00,cnsm-web-01,network_latency,513,delay=100ms
2026-11-10T06:37:10+00:00,cnsm-web-01,cpu_spike,1781,cpu=2 load=90
2026-11-10T07:30:46+00:00,cnsm-mem-01,cpu_spike,659,cpu=1 load=90
2026-11-10T08:37:52+00:00,cnsm-db-redis-02,network_latency,981,delay=50ms
2026-11-10T08:41:14+00:00,cnsm-mem-01,process_leak,626,fork=4
2026-11-10T08:53:42+00:00,cnsm-db-redis-01,disk_io,467,io=2 hdd=2
2026-11-10T10:00:35+00:00,cnsm-mem-01,cpu_spike,798,cpu=4 load=95
2026-11-10T10:25:03+00:00,cnsm-web-04,process_leak,635,fork=2
2026-11-10T11:28:58+00:00,cnsm-mem-01,process_leak,839,fork=2
2026-11-10T13:57:07+00:00,cnsm-db-postgres-01,cpu_spike,919,cpu=4 load=90
2026-11-10T14:39:07+00:00,cnsm-web-01,process_leak,793,fork=8
2026-11-10T14:44:53+00:00,cnsm-web-02,cpu_spike,1292,cpu=4 load=90
2026-11-10T15:04:01+00:00,cnsm-db-postgres-01,cpu_spike,618,cpu=4 load=95
2026-11-10T16:06:54+00:00,cnsm-web-06,cpu_spike,1578,cpu=2 load=95
2026-11-10T16:10:35+00:00,cnsm-io-01,cpu_spike,939,cpu=2 load=90
2026-11-10T18:22:09+00:00,cnsm-mem-01,memory_pressure,1103,vm_bytes=2G
2026-11-10T18:26:23+00:00,cnsm-web-06,cpu_spike,323,cpu=4 load=85
2026-11-10T19:09:06+00:00,cnsm-db-postgres-02,cpu_spike,1769,cpu=4 load=85
2026-11-10T19:23:49+00:00,cnsm-web-01,memory_pressure,3272,vm_bytes=2G
2026-11-10T19:30:15+00:00,cnsm-db-redis-02,network_latency,701,delay=500ms
2026-11-11T06:03:01+00:00,cnsm-db-postgres-02,memory_pressure,2574,vm_bytes=4G
2026-11-11T07:48:50+00:00,cnsm-mem-01,network_latency,478,delay=500ms
2026-11-11T08:15:02+00:00,cnsm-db-postgres-01,process_leak,370,fork=8
2026-11-11T09:24:29+00:00,cnsm-io-01,memory_pressure,1065,vm_bytes=1G
2026-11-11T11:04:35+00:00,cnsm-db-redis-01,cpu_spike,309,cpu=4 load=95
2026-11-11T11:52:10+00:00,cnsm-io-01,disk_io,801,io=4 hdd=4
2026-11-11T12:01:39+00:00,cnsm-db-postgres-01,disk_io,640,io=4 hdd=4
2026-11-11T13:25:05+00:00,cnsm-mem-01,memory_pressure,2734,vm_bytes=4G
2026-11-11T13:26:02+00:00,cnsm-db-redis-01,disk_io,875,io=8 hdd=8
2026-11-11T15:09:27+00:00,cnsm-db-postgres-01,memory_pressure,794,vm_bytes=4G
2026-11-11T17:08:38+00:00,cnsm-web-01,disk_io,843,io=2 hdd=2
2026-11-11T17:40:57+00:00,cnsm-web-02,memory_pressure,1134,vm_bytes=4G
2026-11-11T17:41:58+00:00,cnsm-web-01,network_latency,1371,delay=50ms
2026-11-11T18:09:01+00:00,cnsm-db-redis-02,process_leak,355,fork=4
2026-11-11T18:24:26+00:00,cnsm-db-redis-02,cpu_spike,799,cpu=1 load=85
2026-11-11T18:47:09+00:00,cnsm-db-redis-02,process_leak,619,fork=8
2026-11-11T19:42:34+00:00,cnsm-web-04,memory_pressure,2830,vm_bytes=4G
2026-11-11T19:55:31+00:00,cnsm-web-06,memory_pressure,3599,vm_bytes=2G
2026-11-11T20:16:59+00:00,cnsm-web-03,cpu_spike,1591,cpu=2 load=95
2026-11-11T20:39:12+00:00,cnsm-web-05,memory_pressure,864,vm_bytes=1G
2026-11-11T20:42:28+00:00,cnsm-web-06,cpu_spike,316,cpu=1 load=85
2026-11-12T09:43:13+00:00,cnsm-web-02,disk_io,466,io=8 hdd=8
2026-11-12T11:05:28+00:00,cnsm-db-postgres-01,disk_io,758,io=4 hdd=4
2026-11-12T11:13:59+00:00,cnsm-web-04,memory_pressure,2497,vm_bytes=4G
2026-11-12T12:04:30+00:00,cnsm-db-redis-02,disk_io,874,io=4 hdd=4
2026-11-12T12:25:22+00:00,cnsm-mem-01,memory_pressure,2226,vm_bytes=8G
2026-11-12T13:03:25+00:00,cnsm-db-redis-01,disk_io,1095,io=8 hdd=8
2026-11-12T13:09:35+00:00,cnsm-web-01,process_leak,412,fork=4
2026-11-12T14:05:54+00:00,cnsm-io-01,memory_pressure,2348,vm_bytes=4G
2026-11-12T15:23:42+00:00,cnsm-web-05,disk_io,905,io=2 hdd=2
2026-11-12T15:52:52+00:00,cnsm-web-02,network_latency,572,delay=100ms
2026-11-12T18:35:00+00:00,cnsm-db-postgres-01,disk_io,660,io=2 hdd=2
2026-11-12T21:35:46+00:00,cnsm-web-06,network_latency,714,delay=100ms
2026-11-12T21:58:25+00:00,cnsm-web-03,disk_io,864,io=8 hdd=8
