timestamp_utc,host,item_key,value
2026-05-17T20:31:19+00:00,cnsm-db-redis-02,vm.memory.size[available],11658919936
2026-05-17T20:32:19+00:00,cnsm-db-redis-02,vm.memory.size[available],11641765888
2026-05-17T20:33:19+00:00,cnsm-db-redis-02,vm.memory.size[available],11654668288
2026-05-17T20:34:19+00:00,cnsm-db-redis-02,vm.memory.size[available],11670421504
2026-05-17T20:35:19+00:00,cnsm-db-redis-02,vm.memory.size[available],11667931136
2026-05-17T20:36:19+00:00,cnsm-db-redis-02,vm.memory.size[available],11651801088
2026-05-17T20:37:19+00:00,cnsm-db-redis-02,vm.memory.size[available],11655184384
2026-05-17T20:38:19+00:00,cnsm-db-redis-02,vm.memory.size[available],11647737856
2026-05-17T20:39:19+00:00,cnsm-db-redis-02,vm.memory.size[available],11649744896
2026-05-17T20:40:19+00:00,cnsm-db-redis-02,vm.memory.size[available],11642662912
2026-05-17T20:41:19+00:00,cnsm-db-redis-02,vm.memory.size[available],11660640256
2026-05-17T20:42:19+00:00,cnsm-db-redis-02,vm.memory.size[available],11660615680
2026-05-17T20:43:19+00:00,cnsm-db-redis-02,vm.memory.size[available],11670306816
2026-05-17T20:44:19+00:00,cnsm-db-redis-02,vm.memory.size[available],11653816320
2026-05-17T20:45:19+00:00,cnsm-db-redis-02,vm.memory.size[available],11661832192
2026-05-17T20:46:19+00:00,cnsm-db-redis-02,vm.memory.size[available],11663130624
2026-05-17T20:47:19+00:00,cnsm-db-redis-02,vm.memory.size[available],11665408000
2026-05-17T20:48:19+00:00,cnsm-db-redis-02,vm.memory.size[available],11670986752
2026-05-17T20:49:19+00:00,cnsm-db-redis-02,vm.memory.size[available],11659595776
2026-05-17T20:50:19+00:00,cnsm-db-redis-02,vm.memory.size[available],11663486976
2026-05-17T20:51:19+00:00,cnsm-db-redis-02,vm.memory.size[available],11655581696
2026-05-17T20:52:19+00:00,cnsm-db-redis-02,vm.memory.size[available],11646484480
2026-05-17T20:53:19+00:00,cnsm-db-redis-02,vm.memory.size[available],11640864768
2026-05-17T20:54:19+00:00,cnsm-db-redis-02,vm.memory.size[available],11660816384
2026-05-17T20:55:19+00:00,cnsm-db-redis-02,vm.memory.size[available],11655954432
2026-05-17T20:56:19+00:00,cnsm-db-redis-02,vm.memory.size[available],11646570496
2026-05-17T20:57:19+00:00,cnsm-db-redis-02,vm.memory.size[available],11652124672
2026-05-17T20:58:19+00:00,cnsm-db-redis-02,vm.memory.size[available],11648266240
2026-05-17T20:59:19+00:00,cnsm-db-redis-02,vm.memory.size[available],11662352384
2026-05-17T21:00:19+00:00,cnsm-db-redis-02,vm.memory.size[available],11632222208
2026-05-17T21:01:19+00:00,cnsm-db-redis-02,vm.memory.size[available],11535917056
2026-05-17T21:02:19+00:00,cnsm-db-redis-02,vm.memory.size[available],11535839232
2026-05-17T21:03:19+00:00,cnsm-db-redis-02,vm.memory.size[available],11561881600
2026-05-17T21:04:19+00:00,cnsm-db-redis-02,vm.memory.size[available],11539341312
2026-05-17T21:05:19+00:00,cnsm-db-redis-02,vm.memory.size[available],11520475136
2026-05-17T21:06:19+00:00,cnsm-db-redis-02,vm.memory.size[available],11599511552
2026-05-17T21:07:19+00:00,cnsm-db-redis-02,vm.memory.size[available],11563634688
2026-05-17T21:08:19+00:00,cnsm-db-redis-02,vm.memory.size[available],11613659136
2026-05-17T21:09:19+00:00,cnsm-db-redis-02,vm.memory.size[available],11515969536
2026-05-17T21:10:19+00:00,cnsm-db-redis-02,vm.memory.size[available],11496509440
2026-05-17T21:11:19+00:00,cnsm-db-redis-02,vm.memory.size[available],11646099456
2026-05-17T21:12:19+00:00,cnsm-db-redis-02,vm.memory.size[available],11636756480
2026-05-17T21:13:19+00:00,cnsm-db-redis-02,vm.memory.size[available],11660615680
2026-05-17T21:14:19+00:00,cnsm-db-redis-02,vm.memory.size[available],11653222400
2026-05-17T21:15:19+00:00,cnsm-db-redis-02,vm.memory.size[available],11635093504
2026-05-17T21:16:19+00:00,cnsm-db-redis-02,vm.memory.size[available],11655847936
2026-05-17T21:17:19+00:00,cnsm-db-redis-02,vm.memory.size[available],11648917504
2026-05-17T21:18:19+00:00,cnsm-db-redis-02,vm.memory.size[available],11649286144
2026-05-17T21:19:19+00:00,cnsm-db-redis-02,vm.memory.size[available],11645673472
2026-05-17T21:20:19+00:00,cnsm-db-redis-02,vm.memory.size[available],11658969088
2026-05-17T21:21:19+00:00,cnsm-db-redis-02,vm.memory.size[available],11662458880
2026-05-17T21:22:19+00:00,cnsm-db-redis-02,vm.memory.size[available],11656699904
2026-05-17T21:23:19+00:00,cnsm-db-redis-02,vm.memory.size[available],11660066816
2026-05-17T21:24:19+00:00,cnsm-db-redis-02,vm.memory.size[available],11655426048
2026-05-17T21:25:19+00:00,cnsm-db-redis-02,vm.memory.size[available],11661373440
2026-05-17T21:26:19+00:00,cnsm-db-redis-02,vm.memory.size[available],11671339008
2026-05-17T21:27:19+00:00,cnsm-db-redis-02,vm.memory.size[available],11644608512
2026-05-17T21:28:19+00:00,cnsm-db-redis-02,vm.memory.size[available],11652366336
2026-05-17T21:29:19+00:00,cnsm-db-redis-02,vm.memory.size[available],11651551232
2026-05-17T21:30:19+00:00,cnsm-db-redis-02,vm.memory.size[available],11656806400
2026-05-17T21:31:19+00:00,cnsm-db-redis-02,vm.memory.size[available],11662925824
2026-05-17T21:32:19+00:00,cnsm-db-redis-02,vm.memory.size[available],11656916992
2026-05-17T21:33:19+00:00,cnsm-db-redis-02,vm.memory.size[available],11668922368
2026-05-17T21:34:19+00:00,cnsm-db-redis-02,vm.memory.size[available],11647094784
2026-05-17T21:35:19+00:00,cnsm-db-redis-02,vm.memory.size[available],11659939840
2026-05-17T21:36:19+00:00,cnsm-db-redis-02,vm.memory.size[available],11661139968
2026-05-17T21:37:19+00:00,cnsm-db-redis-02,vm.memory.size[available],11670429696
2026-05-17T21:38:19+00:00,cnsm-db-redis-02,vm.memory.size[available],11663171584
2026-05-17T21:39:19+00:00,cnsm-db-redis-02,vm.memory.size[available],11650052096
2026-05-17T21:40:19+00:00,cnsm-db-redis-02,vm.memory.size[available],11652292608
2026-05-17T20:31:20+00:00,cnsm-db-redis-02,vm.memory.size[pavailable],95.221771
2026-05-17T20:32:20+00:00,cnsm-db-redis-02,vm.memory.size[pavailable],95.083774
2026-05-17T20:33:20+00:00,cnsm-db-redis-02,vm.memory.size[pavailable],95.242914
2026-05-17T20:34:20+00:00,cnsm-db-redis-02,vm.memory.size[pavailable],95.280617
2026-05-17T20:35:20+00:00,cnsm-db-redis-02,vm.memory.size[pavailable],95.291155
2026-05-17T20:36:20+00:00,cnsm-db-redis-02,vm.memory.size[pavailable],95.165736
2026-05-17T20:37:20+00:00,cnsm-db-redis-02,vm.memory.size[pavailable],95.176843
2026-05-17T20:38:20+00:00,cnsm-db-redis-02,vm.memory.size[pavailable],95.083071
2026-05-17T20:39:20+00:00,cnsm-db-redis-02,vm.memory.size[pavailable],95.182496
2026-05-17T20:40:20+00:00,cnsm-db-redis-02,vm.memory.size[pavailable],95.0911
2026-05-17T20:41:20+00:00,cnsm-db-redis-02,vm.memory.size[pavailable],95.234216
2026-05-17T20:42:20+00:00,cnsm-db-redis-02,vm.memory.size[pavailable],95.260511
2026-05-17T20:43:20+00:00,cnsm-db-redis-02,vm.memory.size[pavailable],95.316881
2026-05-17T20:44:20+00:00,cnsm-db-redis-02,vm.memory.size[pavailable],95.182195
2026-05-17T20:45:20+00:00,cnsm-db-redis-02,vm.memory.size[pavailable],95.275431
2026-05-17T20:46:20+00:00,cnsm-db-redis-02,vm.memory.size[pavailable],95.25827
2026-05-17T20:47:20+00:00,cnsm-db-redis-02,vm.memory.size[pavailable],95.231473
2026-05-17T20:48:20+00:00,cnsm-db-redis-02,vm.memory.size[pavailable],95.283728
2026-05-17T20:49:20+00:00,cnsm-db-redis-02,vm.memory.size[pavailable],95.201632
2026-05-17T20:50:20+00:00,cnsm-db-redis-02,vm.memory.size[pavailable],95.26118
2026-05-17T20:51:20+00:00,cnsm-db-redis-02,vm.memory.size[pavailable],95.140913
2026-05-17T20:52:20+00:00,cnsm-db-redis-02,vm.memory.size[pavailable],95.120205
2026-05-17T20:53:20+00:00,cnsm-db-redis-02,vm.memory.size[pavailable],95.074306
2026-05-17T20:54:20+00:00,cnsm-db-redis-02,vm.memory.size[pavailable],95.218326
2026-05-17T20:55:20+00:00,cnsm-db-redis-02,vm.memory.size[pavailable],95.229232
2026-05-17T20:56:20+00:00,cnsm-db-redis-02,vm.memory.size[pavailable],95.123015
2026-05-17T20:57:20+00:00,cnsm-db-redis-02,vm.memory.size[pavailable],95.110604
2026-05-17T20:58:20+00:00,cnsm-db-redis-02,vm.memory.size[pavailable],95.187615
2026-05-17T20:59:20+00:00,cnsm-db-redis-02,vm.memory.size[pavailable],95.251913
2026-05-17T21:00:20+00:00,cnsm-db-redis-02,vm.memory.size[pavailable],95.02446
2026-05-17T21:01:20+00:00,cnsm-db-redis-02,vm.memory.size[pavailable],94.318414
2026-05-17T21:02:20+00:00,cnsm-db-redis-02,vm.memory.size[pavailable],94.156363
2026-05-17T21:03:20+00:00,cnsm-db-redis-02,vm.memory.size[pavailable],94.337115
2026-05-17T21:04:20+00:00,cnsm-db-redis-02,vm.memory.size[pavailable],94.418542
2026-05-17T21:05:20+00:00,cnsm-db-redis-02,vm.memory.size[pavailable],94.237723
2026-05-17T21:06:20+00:00,cnsm-db-redis-02,vm.memory.size[pavailable],94.66028
2026-05-17T21:07:20+00:00,cnsm-db-redis-02,vm.memory.size[pavailable],94.54289
2026-05-17T21:08:20+00:00,cnsm-db-redis-02,vm.memory.size[pavailable],94.690556
2026-05-17T21:09:20+00:00,cnsm-db-redis-02,vm.memory.size[pavailable],93.972667
2026-05-17T21:10:20+00:00,cnsm-db-redis-02,vm.memory.size[pavailable],94.237054
2026-05-17T21:11:20+00:00,cnsm-db-redis-02,vm.memory.size[pavailable],95.119168
2026-05-17T21:12:20+00:00,cnsm-db-redis-02,vm.memory.size[pavailable],95.06504
2026-05-17T21:13:20+00:00,cnsm-db-redis-02,vm.memory.size[pavailable],95.175872
2026-05-17T21:14:20+00:00,cnsm-db-redis-02,vm.memory.size[pavailable],95.130074
2026-05-17T21:15:20+00:00,cnsm-db-redis-02,vm.memory.size[pavailable],95.097356
2026-05-17T21:16:20+00:00,cnsm-db-redis-02,vm.memory.size[pavailable],95.169315
2026-05-17T21:17:20+00:00,cnsm-db-redis-02,vm.memory.size[pavailable],95.19183
2026-05-17T21:18:20+00:00,cnsm-db-redis-02,vm.memory.size[pavailable],95.12887
2026-05-17T21:19:20+00:00,cnsm-db-redis-02,vm.memory.size[pavailable],95.159112
2026-05-17T21:20:20+00:00,cnsm-db-redis-02,vm.memory.size[pavailable],95.191094
2026-05-17T21:21:20+00:00,cnsm-db-redis-02,vm.memory.size[pavailable],95.252783
2026-05-17T21:22:20+00:00,cnsm-db-redis-02,vm.memory.size[pavailable],95.205747
2026-05-17T21:23:20+00:00,cnsm-db-redis-02,vm.memory.size[pavailable],95.219563
2026-05-17T21:24:20+00:00,cnsm-db-redis-02,vm.memory.size[pavailable],95.191161
2026-05-17T21:25:20+00:00,cnsm-db-redis-02,vm.memory.size[pavailable],95.25663
2026-05-17T21:26:20+00:00,cnsm-db-redis-02,vm.memory.size[pavailable],95.325311
2026-05-17T21:27:20+00:00,cnsm-db-redis-02,vm.memory.size[pavailable],95.106991
2026-05-17T21:28:20+00:00,cnsm-db-redis-02,vm.memory.size[pavailable],95.256229
2026-05-17T21:29:20+00:00,cnsm-db-redis-02,vm.memory.size[pavailable],95.144626
2026-05-17T21:30:20+00:00,cnsm-db-redis-02,vm.memory.size[pavailable],95.26312
2026-05-17T21:31:20+00:00,cnsm-db-redis-02,vm.memory.size[pavailable],95.256597
2026-05-17T21:32:20+00:00,cnsm-db-redis-02,vm.memory.size[pavailable],95.20752
2026-05-17T21:33:20+00:00,cnsm-db-redis-02,vm.memory.size[pavailable],95.297143
2026-05-17T21:34:20+00:00,cnsm-db-redis-02,vm.memory.size[pavailable],95.097691
2026-05-17T21:35:20+00:00,cnsm-db-redis-02,vm.memory.size[pavailable],95.294567
2026-05-17T21:36:20+00:00,cnsm-db-redis-02,vm.memory.size[pavailable],95.242011
2026-05-17T21:37:20+00:00,cnsm-db-redis-02,vm.memory.size[pavailable],95.317885
2026-05-17T21:38:20+00:00,cnsm-db-redis-02,vm.memory.size[pavailable],95.301559
2026-05-17T21:39:20+00:00,cnsm-db-redis-02,vm.memory.size[pavailable],95.134925
2026-05-17T21:40:20+00:00,cnsm-db-redis-02,vm.memory.size[pavailable],95.163428
2026-05-17T20:31:01+00:00,cnsm-db-redis-02,cnsm.fault.active,0
2026-05-17T20:31:16+00:00,cnsm-db-redis-02,cnsm.fault.active,0
2026-05-17T20:31:31+00:00,cnsm-db-redis-02,cnsm.fault.active,0
2026-05-17T20:31:46+00:00,cnsm-db-redis-02,cnsm.fault.active,0
2026-05-17T20:32:01+00:00,cnsm-db-redis-02,cnsm.fault.active,0
2026-05-17T20:32:16+00:00,cnsm-db-redis-02,cnsm.fault.active,0
2026-05-17T20:32:31+00:00,cnsm-db-redis-02,cnsm.fault.active,0
2026-05-17T20:32:46+00:00,cnsm-db-redis-02,cnsm.fault.active,0
2026-05-17T20:33:01+00:00,cnsm-db-redis-02,cnsm.fault.active,0
2026-05-17T20:33:16+00:00,cnsm-db-redis-02,cnsm.fault.active,0
2026-05-17T20:33:31+00:00,cnsm-db-redis-02,cnsm.fault.active,0
2026-05-17T20:33:46+00:00,cnsm-db-redis-02,cnsm.fault.active,0
2026-05-17T20:34:01+00:00,cnsm-db-redis-02,cnsm.fault.active,0
2026-05-17T20:34:16+00:00,cnsm-db-redis-02,cnsm.fault.active,0
2026-05-17T20:34:31+00:00,cnsm-db-redis-02,cnsm.fault.active,0
2026-05-17T20:34:46+00:00,cnsm-db-redis-02,cnsm.fault.active,0
2026-05-17T20:35:01+00:00,cnsm-db-redis-02,cnsm.fault.active,0
2026-05-17T20:35:16+00:00,cnsm-db-redis-02,cnsm.fault.active,0
2026-05-17T20:35:31+00:00,cnsm-db-redis-02,cnsm.fault.active,0
2026-05-17T20:35:46+00:00,cnsm-db-redis-02,cnsm.fault.active,0
2026-05-17T20:36:01+00:00,cnsm-db-redis-02,cnsm.fault.active,0
2026-05-17T20:36:16+00:00,cnsm-db-redis-02,cnsm.fault.active,0
2026-05-17T20:36:31+00:00,cnsm-db-redis-02,cnsm.fault.active,0
2026-05-17T20:36:46+00:00,cnsm-db-redis-02,cnsm.fault.active,0
2026-05-17T20:37:01+00:00,cnsm-db-redis-02,cnsm.fault.active,0
2026-05-17T20:37:16+00:00,cnsm-db-redis-02,cnsm.fault.active,0
2026-05-17T20:37:31+00:00,cnsm-db-redis-02,cnsm.fault.active,0
2026-05-17T20:37:46+00:00,cnsm-db-redis-02,cnsm.fault.active,0
2026-05-17T20:38:01+00:00,cnsm-db-redis-02,cnsm.fault.active,0
2026-05-17T20:38:16+00:00,cnsm-db-redis-02,cnsm.fault.active,0
2026-05-17T20:38:31+00:00,cnsm-db-redis-02,cnsm.fault.active,0
2026-05-17T20:38:46+00:00,cnsm-db-redis-02,cnsm.fault.active,0
2026-05-17T20:39:01+00:00,cnsm-db-redis-02,cnsm.fault.active,0
2026-05-17T20:39:16+00:00,cnsm-db-redis-02,cnsm.fault.active,0
2026-05-17T20:39:31+00:00,cnsm-db-redis-02,cnsm.fault.active,0
2026-05-17T20:39:46+00:00,cnsm-db-redis-02,cnsm.fault.active,0
2026-05-17T20:40:01+00:00,cnsm-db-redis-02,cnsm.fault.active,0
2026-05-17T20:40:16+00:00,cnsm-db-redis-02,cnsm.fault.active,0
2026-05-17T20:40:31+00:00,cnsm-db-redis-02,cnsm.fault.active,0
2026-05-17T20:40:46+00:00,cnsm-db-redis-02,cnsm.fault.active,0
2026-05-17T20:41:01+00:00,cnsm-db-redis-02,cnsm.fault.active,0
2026-05-17T20:41:16+00:00,cnsm-db-redis-02,cnsm.fault.active,0
2026-05-17T20:41:31+00:00,cnsm-db-redis-02,cnsm.fault.active,0
2026-05-17T20:41:46+00:00,cnsm-db-redis-02,cnsm.fault.active,0
2026-05-17T20:42:01+00:00,cnsm-db-redis-02,cnsm.fault.active,0
2026-05-17T20:42:16+00:00,cnsm-db-redis-02,cnsm.fault.active,0
2026-05-17T20:42:31+00:00,cnsm-db-redis-02,cnsm.fault.active,0
2026-05-17T20:42:46+00:00,cnsm-db-redis-02,cnsm.fault.active,0
2026-05-17T20:43:01+00:00,cnsm-db-redis-02,cnsm.fault.active,0
2026-05-17T20:43:16+00:00,cnsm-db-redis-02,cnsm.fault.active,0
2026-05-17T20:43:31+00:00,cnsm-db-redis-02,cnsm.fault.active,0
2026-05-17T20:43:46+00:00,cnsm-db-redis-02,cnsm.fault.active,0
2026-05-17T20:44:01+00:00,cnsm-db-redis-02,cnsm.fault.active,0
2026-05-17T20:44:16+00:00,cnsm-db-redis-02,cnsm.fault.active,0
2026-05-17T20:44:31+00:00,cnsm-db-redis-02,cnsm.fault.active,0
2026-05-17T20:44:46+00:00,cnsm-db-redis-02,cnsm.fault.active,0
2026-05-17T20:45:01+00:00,cnsm-db-redis-02,cnsm.fault.active,0
2026-05-17T20:45:16+00:00,cnsm-db-redis-02,cnsm.fault.active,0
2026-05-17T20:45:31+00:00,cnsm-db-redis-02,cnsm.fault.active,0
2026-05-17T20:45:46+00:00,cnsm-db-redis-02,cnsm.fault.active,0
2026-05-17T20:46:01+00:00,cnsm-db-redis-02,cnsm.fault.active,0
2026-05-17T20:46:16+00:00,cnsm-db-redis-02,cnsm.fault.active,0
2026-05-17T20:46:31+00:00,cnsm-db-redis-02,cnsm.fault.active,0
2026-05-17T20:46:46+00:00,cnsm-db-redis-02,cnsm.fault.active,0
2026-05-17T20:47:01+00:00,cnsm-db-redis-02,cnsm.fault.active,0
2026-05-17T20:47:16+00:00,cnsm-db-redis-02,cnsm.fault.active,0
2026-05-17T20:47:31+00:00,cnsm-db-redis-02,cnsm.fault.active,0
2026-05-17T20:47:46+00:00,cnsm-db-redis-02,cnsm.fault.active,0
2026-05-17T20:48:01+00:00,cnsm-db-redis-02,cnsm.fault.active,0
2026-05-17T20:48:16+00:00,cnsm-db-redis-02,cnsm.fault.active,0
2026-05-17T20:48:31+00:00,cnsm-db-redis-02,cnsm.fault.active,0
2026-05-17T20:48:46+00:00,cnsm-db-redis-02,cnsm.fault.active,0
2026-05-17T20:49:01+00:00,cnsm-db-redis-02,cnsm.fault.active,0
2026-05-17T20:49:16+00:00,cnsm-db-redis-02,cnsm.fault.active,0
2026-05-17T20:49:31+00:00,cnsm-db-redis-02,cnsm.fault.active,0
2026-05-17T20:49:46+00:00,cnsm-db-redis-02,cnsm.fault.active,0
2026-05-17T20:50:01+00:00,cnsm-db-redis-02,cnsm.fault.active,0
2026-05-17T20:50:16+00:00,cnsm-db-redis-02,cnsm.fault.active,0
2026-05-17T20:50:31+00:00,cnsm-db-redis-02,cnsm.fault.active,0
2026-05-17T20:50:46+00:00,cnsm-db-redis-02,cnsm.fault.active,0
2026-05-17T20:51:01+00:00,cnsm-db-redis-02,cnsm.fault.active,0
2026-05-17T20:51:16+00:00,cnsm-db-redis-02,cnsm.fault.active,0
2026-05-17T20:51:31+00:00,cnsm-db-redis-02,cnsm.fault.active,0
2026-05-17T20:51:46+00:00,cnsm-db-redis-02,cnsm.fault.active,0
2026-05-17T20:52:01+00:00,cnsm-db-redis-02,cnsm.fault.active,0
2026-05-17T20:52:16+00:00,cnsm-db-redis-02,cnsm.fault.active,0
2026-05-17T20:52:31+00:00,cnsm-db-redis-02,cnsm.fault.active,0
2026-05-17T20:52:46+00:00,cnsm-db-redis-02,cnsm.fault.active,0
2026-05-17T20:53:01+00:00,cnsm-db-redis-02,cnsm.fault.active,0
2026-05-17T20:53:16+00:00,cnsm-db-redis-02,cnsm.fault.active,0
2026-05-17T20:53:31+00:00,cnsm-db-redis-02,cnsm.fault.active,0
2026-05-17T20:53:46+00:00,cnsm-db-redis-02,cnsm.fault.active,0
2026-05-17T20:54:01+00:00,cnsm-db-redis-02,cnsm.fault.active,0
2026-05-17T20:54:16+00:00,cnsm-db-redis-02,cnsm.fault.active,0
2026-05-17T20:54:31+00:00,cnsm-db-redis-02,cnsm.fault.active,0
2026-05-17T20:54:46+00:00,cnsm-db-redis-02,cnsm.fault.active,0
2026-05-17T20:55:01+00:00,cnsm-db-redis-02,cnsm.fault.active,0
2026-05-17T20:55:16+00:00,cnsm-db-redis-02,cnsm.fault.active,0
2026-05-17T20:55:31+00:00,cnsm-db-redis-02,cnsm.fault.active,0
2026-05-17T20:55:46+00:00,cnsm-db-redis-02,cnsm.fault.active,0
2026-05-17T20:56:01+00:00,cnsm-db-redis-02,cnsm.fault.active,0
2026-05-17T20:56:16+00:00,cnsm-db-redis-02,cnsm.fault.active,0
2026-05-17T20:56:31+00:00,cnsm-db-redis-02,cnsm.fault.active,0
2026-05-17T20:56:46+00:00,cnsm-db-redis-02,cnsm.fault.active,0
2026-05-17T20:57:01+00:00,cnsm-db-redis-02,cnsm.fault.active,0
2026-05-17T20:57:16+00:00,cnsm-db-redis-02,cnsm.fault.active,0
2026-05-17T20:57:31+00:00,cnsm-db-redis-02,cnsm.fault.active,0
2026-05-17T20:57:46+00:00,cnsm-db-redis-02,cnsm.fault.active,0
2026-05-17T20:58:01+00:00,cnsm-db-redis-02,cnsm.fault.active,0
2026-05-17T20:58:16+00:00,cnsm-db-redis-02,cnsm.fault.active,0
2026-05-17T20:58:31+00:00,cnsm-db-redis-02,cnsm.fault.active,0
2026-05-17T20:58:46+00:00,cnsm-db-redis-02,cnsm.fault.active,0
2026-05-17T20:59:01+00:00,cnsm-db-redis-02,cnsm.fault.active,0
2026-05-17T20:59:16+00:00,cnsm-db-redis-02,cnsm.fault.active,0
2026-05-17T20:59:31+00:00,cnsm-db-redis-02,cnsm.fault.active,0
2026-05-17T20:59:46+00:00,cnsm-db-redis-02,cnsm.fault.active,0
2026-05-17T21:00:01+00:00,cnsm-db-redis-02,cnsm.fault.active,0
2026-05-17T21:00:16+00:00,cnsm-db-redis-02,cnsm.fault.active,0
2026-05-17T21:00:31+00:00,cnsm-db-redis-02,cnsm.fault.active,0
2026-05-17T21:00:46+00:00,cnsm-db-redis-02,cnsm.fault.active,0
2026-05-17T21:01:01+00:00,cnsm-db-redis-02,cnsm.fault.active,0
2026-05-17T21:01:16+00:00,cnsm-db-redis-02,cnsm.fault.active,1
2026-05-17T21:01:31+00:00,cnsm-db-redis-02,cnsm.fault.active,1
2026-05-17T21:01:46+00:00,cnsm-db-redis-02,cnsm.fault.active,1
2026-05-17T21:02:01+00:00,cnsm-db-redis-02,cnsm.fault.active,1
2026-05-17T21:02:16+00:00,cnsm-db-redis-02,cnsm.fault.active,1
2026-05-17T21:02:31+00:00,cnsm-db-redis-02,cnsm.fault.active,1
2026-05-17T21:02:46+00:00,cnsm-db-redis-02,cnsm.fault.active,1
2026-05-17T21:03:01+00:00,cnsm-db-redis-02,cnsm.fault.active,1
2026-05-17T21:03:16+00:00,cnsm-db-redis-02,cnsm.fault.active,1
2026-05-17T21:03:31+00:00,cnsm-db-redis-02,cnsm.fault.active,1
2026-05-17T21:03:46+00:00,cnsm-db-redis-02,cnsm.fault.active,1
2026-05-17T21:04:01+00:00,cnsm-db-redis-02,cnsm.fault.active,1
2026-05-17T21:04:16+00:00,cnsm-db-redis-02,cnsm.fault.active,1
2026-05-17T21:04:31+00:00,cnsm-db-redis-02,cnsm.fault.active,1
2026-05-17T21:04:46+00:00,cnsm-db-redis-02,cnsm.fault.active,1
2026-05-17T21:05:01+00:00,cnsm-db-redis-02,cnsm.fault.active,1
2026-05-17T21:05:16+00:00,cnsm-db-redis-02,cnsm.fault.active,1
2026-05-17T21:05:31+00:00,cnsm-db-redis-02,cnsm.fault.active,1
2026-05-17T21:05:46+00:00,cnsm-db-redis-02,cnsm.fault.active,1
2026-05-17T21:06:01+00:00,cnsm-db-redis-02,cnsm.fault.active,1
2026-05-17T21:06:16+00:00,cnsm-db-redis-02,cnsm.fault.active,1
2026-05-17T21:06:31+00:00,cnsm-db-redis-02,cnsm.fault.active,1
2026-05-17T21:06:46+00:00,cnsm-db-redis-02,cnsm.fault.active,1
2026-05-17T21:07:01+00:00,cnsm-db-redis-02,cnsm.fault.active,1
2026-05-17T21:07:16+00:00,cnsm-db-redis-02,cnsm.fault.active,1
2026-05-17T21:07:31+00:00,cnsm-db-redis-02,cnsm.fault.active,1
2026-05-17T21:07:46+00:00,cnsm-db-redis-02,cnsm.fault.active,1
2026-05-17T21:08:01+00:00,cnsm-db-redis-02,cnsm.fault.active,1
2026-05-17T21:08:16+00:00,cnsm-db-redis-02,cnsm.fault.active,1
2026-05-17T21:08:31+00:00,cnsm-db-redis-02,cnsm.fault.active,1
2026-05-17T21:08:46+00:00,cnsm-db-redis-02,cnsm.fault.active,1
2026-05-17T21:09:01+00:00,cnsm-db-redis-02,cnsm.fault.active,1
2026-05-17T21:09:16+00:00,cnsm-db-redis-02,cnsm.fault.active,1
2026-05-17T21:09:31+00:00,cnsm-db-redis-02,cnsm.fault.active,1
2026-05-17T21:09:46+00:00,cnsm-db-redis-02,cnsm.fault.active,1
2026-05-17T21:10:01+00:00,cnsm-db-redis-02,cnsm.fault.active,1
2026-05-17T21:10:16+00:00,cnsm-db-redis-02,cnsm.fault.active,1
2026-05-17T21:10:31+00:00,cnsm-db-redis-02,cnsm.fault.active,1
2026-05-17T21:10:46+00:00,cnsm-db-redis-02,cnsm.fault.active,0
2026-05-17T21:11:01+00:00,cnsm-db-redis-02,cnsm.fault.active,0
2026-05-17T21:11:16+00:00,cnsm-db-redis-02,cnsm.fault.active,0
2026-05-17T21:11:31+00:00,cnsm-db-redis-02,cnsm.fault.active,0
2026-05-17T21:11:46+00:00,cnsm-db-redis-02,cnsm.fault.active,0
2026-05-17T21:12:01+00:00,cnsm-db-redis-02,cnsm.fault.active,0
2026-05-17T21:12:16+00:00,cnsm-db-redis-02,cnsm.fault.active,0
2026-05-17T21:12:31+00:00,cnsm-db-redis-02,cnsm.fault.active,0
2026-05-17T21:12:46+00:00,cnsm-db-redis-02,cnsm.fault.active,0
2026-05-17T21:13:01+00:00,cnsm-db-redis-02,cnsm.fault.active,0
2026-05-17T21:13:16+00:00,cnsm-db-redis-02,cnsm.fault.active,0
2026-05-17T21:13:31+00:00,cnsm-db-redis-02,cnsm.fault.active,0
2026-05-17T21:13:46+00:00,cnsm-db-redis-02,cnsm.fault.active,0
2026-05-17T21:14:01+00:00,cnsm-db-redis-02,cnsm.fault.active,0
2026-05-17T21:14:16+00:00,cnsm-db-redis-02,cnsm.fault.active,0
2026-05-17T21:14:31+00:00,cnsm-db-redis-02,cnsm.fault.active,0
2026-05-17T21:14:46+00:00,cnsm-db-redis-02,cnsm.fault.active,0
2026-05-17T21:15:01+00:00,cnsm-db-redis-02,cnsm.fault.active,0
2026-05-17T21:15:16+00:00,cnsm-db-redis-02,cnsm.fault.active,0
2026-05-17T21:15:31+00:00,cnsm-db-redis-02,cnsm.fault.active,0
2026-05-17T21:15:46+00:00,cnsm-db-redis-02,cnsm.fault.active,0
2026-05-17T21:16:01+00:00,cnsm-db-redis-02,cnsm.fault.active,0
2026-05-17T21:16:16+00:00,cnsm-db-redis-02,cnsm.fault.active,0
2026-05-17T21:16:31+00:00,cnsm-db-redis-02,cnsm.fault.active,0
2026-05-17T21:16:46+00:00,cnsm-db-redis-02,cnsm.fault.active,0
2026-05-17T21:17:01+00:00,cnsm-db-redis-02,cnsm.fault.active,0
2026-05-17T21:17:16+00:00,cnsm-db-redis-02,cnsm.fault.active,0
2026-05-17T21:17:31+00:00,cnsm-db-redis-02,cnsm.fault.active,0
2026-05-17T21:17:46+00:00,cnsm-db-redis-02,cnsm.fault.active,0
2026-05-17T21:18:01+00:00,cnsm-db-redis-02,cnsm.fault.active,0
2026-05-17T21:18:16+00:00,cnsm-db-redis-02,cnsm.fault.active,0
2026-05-17T21:18:31+00:00,cnsm-db-redis-02,cnsm.fault.active,0
2026-05-17T21:18:46+00:00,cnsm-db-redis-02,cnsm.fault.active,0
2026-05-17T21:19:01+00:00,cnsm-db-redis-02,cnsm.fault.active,0
2026-05-17T21:19:16+00:00,cnsm-db-redis-02,cnsm.fault.active,0
2026-05-17T21:19:31+00:00,cnsm-db-redis-02,cnsm.fault.active,0
2026-05-17T21:19:46+00:00,cnsm-db-redis-02,cnsm.fault.active,0
2026-05-17T21:20:01+00:00,cnsm-db-redis-02,cnsm.fault.active,0
2026-05-17T21:20:16+00:00,cnsm-db-redis-02,cnsm.fault.active,0
2026-05-17T21:20:31+00:00,cnsm-db-redis-02,cnsm.fault.active,0
2026-05-17T21:20:46+00:00,cnsm-db-redis-02,cnsm.fault.active,0
2026-05-17T21:21:01+00:00,cnsm-db-redis-02,cnsm.fault.active,0
2026-05-17T21:21:16+00:00,cnsm-db-redis-02,cnsm.fault.active,0
2026-05-17T21:21:31+00:00,cnsm-db-redis-02,cnsm.fault.active,0
2026-05-17T21:21:46+00:00,cnsm-db-redis-02,cnsm.fault.active,0
2026-05-17T21:22:01+00:00,cnsm-db-redis-02,cnsm.fault.active,0
2026-05-17T21:22:16+00:00,cnsm-db-redis-02,cnsm.fault.active,0
2026-05-17T21:22:31+00:00,cnsm-db-redis-02,cnsm.fault.active,0
2026-05-17T21:22:46+00:00,cnsm-db-redis-02,cnsm.fault.active,0
2026-05-17T21:23:01+00:00,cnsm-db-redis-02,cnsm.fault.active,0
2026-05-17T21:23:16+00:00,cnsm-db-redis-02,cnsm.fault.active,0
2026-05-17T21:23:31+00:00,cnsm-db-redis-02,cnsm.fault.active,0
2026-05-17T21:23:46+00:00,cnsm-db-redis-02,cnsm.fault.active,0
2026-05-17T21:24:01+00:00,cnsm-db-redis-02,cnsm.fault.active,0
2026-05-17T21:24:16+00:00,cnsm-db-redis-02,cnsm.fault.active,0
2026-05-17T21:24:31+00:00,cnsm-db-redis-02,cnsm.fault.active,0
2026-05-17T21:24:46+00:00,cnsm-db-redis-02,cnsm.fault.active,0
2026-05-17T21:25:01+00:00,cnsm-db-redis-02,cnsm.fault.active,0
2026-05-17T21:25:16+00:00,cnsm-db-redis-02,cnsm.fault.active,0
2026-05-17T21:25:31+00:00,cnsm-db-redis-02,cnsm.fault.active,0
2026-05-17T21:25:46+00:00,cnsm-db-redis-02,cnsm.fault.active,0
2026-05-17T21:26:01+00:00,cnsm-db-redis-02,cnsm.fault.active,0
2026-05-17T21:26:16+00:00,cnsm-db-redis-02,cnsm.fault.active,0
2026-05-17T21:26:31+00:00,cnsm-db-redis-02,cnsm.fault.active,0
2026-05-17T21:26:46+00:00,cnsm-db-redis-02,cnsm.fault.active,0
2026-05-17T21:27:01+00:00,cnsm-db-redis-02,cnsm.fault.active,0
2026-05-17T21:27:16+00:00,cnsm-db-redis-02,cnsm.fault.active,0
2026-05-17T21:27:31+00:00,cnsm-db-redis-02,cnsm.fault.active,0
2026-05-17T21:27:46+00:00,cnsm-db-redis-02,cnsm.fault.active,0
2026-05-17T21:28:20+00:00,cnsm-db-redis-02,cnsm.fault.active,0
2026-05-17T21:28:31+00:00,cnsm-db-redis-02,cnsm.fault.active,0
2026-05-17T21:28:46+00:00,cnsm-db-redis-02,cnsm.fault.active,0
2026-05-17T21:29:01+00:00,cnsm-db-redis-02,cnsm.fault.active,0
2026-05-17T21:29:20+00:00,cnsm-db-redis-02,cnsm.fault.active,0
2026-05-17T21:29:31+00:00,cnsm-db-redis-02,cnsm.fault.active,0
2026-05-17T21:29:46+00:00,cnsm-db-redis-02,cnsm.fault.active,0
2026-05-17T21:30:01+00:00,cnsm-db-redis-02,cnsm.fault.active,0
2026-05-17T21:30:16+00:00,cnsm-db-redis-02,cnsm.fault.active,0
2026-05-17T21:30:32+00:00,cnsm-db-redis-02,cnsm.fault.active,0
2026-05-17T21:30:46+00:00,cnsm-db-redis-02,cnsm.fault.active,0
2026-05-17T21:31:01+00:00,cnsm-db-redis-02,cnsm.fault.active,0
2026-05-17T21:31:16+00:00,cnsm-db-redis-02,cnsm.fault.active,0
2026-05-17T21:31:31+00:00,cnsm-db-redis-02,cnsm.fault.active,0
2026-05-17T21:31:46+00:00,cnsm-db-redis-02,cnsm.fault.active,0
2026-05-17T21:32:01+00:00,cnsm-db-redis-02,cnsm.fault.active,0
2026-05-17T21:32:16+00:00,cnsm-db-redis-02,cnsm.fault.active,0
2026-05-17T21:32:31+00:00,cnsm-db-redis-02,cnsm.fault.active,0
2026-05-17T21:32:46+00:00,cnsm-db-redis-02,cnsm.fault.active,0
2026-05-17T21:33:01+00:00,cnsm-db-redis-02,cnsm.fault.active,0
2026-05-17T21:33:16+00:00,cnsm-db-redis-02,cnsm.fault.active,0
2026-05-17T21:33:31+00:00,cnsm-db-redis-02,cnsm.fault.active,0
2026-05-17T21:33:46+00:00,cnsm-db-redis-02,cnsm.fault.active,0
2026-05-17T21:34:01+00:00,cnsm-db-redis-02,cnsm.fault.active,0
2026-05-17T21:34:16+00:00,cnsm-db-redis-02,cnsm.fault.active,0
2026-05-17T21:34:31+00:00,cnsm-db-redis-02,cnsm.fault.active,0
2026-05-17T21:34:46+00:00,cnsm-db-redis-02,cnsm.fault.active,0
2026-05-17T21:35:01+00:00,cnsm-db-redis-02,cnsm.fault.active,0
2026-05-17T21:35:16+00:00,cnsm-db-redis-02,cnsm.fault.active,0
2026-05-17T21:35:31+00:00,cnsm-db-redis-02,cnsm.fault.active,0
2026-05-17T21:35:46+00:00,cnsm-db-redis-02,cnsm.fault.active,0
2026-05-17T21:36:01+00:00,cnsm-db-redis-02,cnsm.fault.active,0
2026-05-17T21:36:16+00:00,cnsm-db-redis-02,cnsm.fault.active,0
2026-05-17T21:36:31+00:00,cnsm-db-redis-02,cnsm.fault.active,0
2026-05-17T21:36:46+00:00,cnsm-db-redis-02,cnsm.fault.active,0
2026-05-17T21:37:01+00:00,cnsm-db-redis-02,cnsm.fault.active,0
2026-05-17T21:37:16+00:00,cnsm-db-redis-02,cnsm.fault.active,0
2026-05-17T21:37:31+00:00,cnsm-db-redis-02,cnsm.fault.active,0
2026-05-17T21:37:46+00:00,cnsm-db-redis-02,cnsm.fault.active,0
2026-05-17T21:38:01+00:00,cnsm-db-redis-02,cnsm.fault.active,0
2026-05-17T21:38:16+00:00,cnsm-db-redis-02,cnsm.fault.active,0
2026-05-17T21:38:31+00:00,cnsm-db-redis-02,cnsm.fault.active,0
2026-05-17T21:38:46+00:00,cnsm-db-redis-02,cnsm.fault.active,0
2026-05-17T21:39:01+00:00,cnsm-db-redis-02,cnsm.fault.active,0
2026-05-17T21:39:16+00:00,cnsm-db-redis-02,cnsm.fault.active,0
2026-05-17T21:39:31+00:00,cnsm-db-redis-02,cnsm.fault.active,0
2026-05-17T21:39:46+00:00,cnsm-db-redis-02,cnsm.fault.active,0
2026-05-17T21:40:01+00:00,cnsm-db-redis-02,cnsm.fault.active,0
2026-05-17T21:40:16+00:00,cnsm-db-redis-02,cnsm.fault.active,0
2026-05-17T21:40:31+00:00,cnsm-db-redis-02,cnsm.fault.active,0
2026-05-17T20:31:02+00:00,cnsm-db-redis-02,cnsm.fault.class,none
2026-05-17T20:32:02+00:00,cnsm-db-redis-02,cnsm.fault.class,none
2026-05-17T20:33:02+00:00,cnsm-db-redis-02,cnsm.fault.class,none
2026-05-17T20:34:02+00:00,cnsm-db-redis-02,cnsm.fault.class,none
2026-05-17T20:35:02+00:00,cnsm-db-redis-02,cnsm.fault.class,none
2026-05-17T20:36:02+00:00,cnsm-db-redis-02,cnsm.fault.class,none
2026-05-17T20:37:02+00:00,cnsm-db-redis-02,cnsm.fault.class,none
2026-05-17T20:38:02+00:00,cnsm-db-redis-02,cnsm.fault.class,none
2026-05-17T20:39:02+00:00,cnsm-db-redis-02,cnsm.fault.class,none
2026-05-17T20:40:02+00:00,cnsm-db-redis-02,cnsm.fault.class,none
2026-05-17T20:41:02+00:00,cnsm-db-redis-02,cnsm.fault.class,none
2026-05-17T20:42:02+00:00,cnsm-db-redis-02,cnsm.fault.class,none
2026-05-17T20:43:02+00:00,cnsm-db-redis-02,cnsm.fault.class,none
2026-05-17T20:44:02+00:00,cnsm-db-redis-02,cnsm.fault.class,none
2026-05-17T20:45:02+00:00,cnsm-db-redis-02,cnsm.fault.class,none
2026-05-17T20:46:02+00:00,cnsm-db-redis-02,cnsm.fault.class,none
2026-05-17T20:47:02+00:00,cnsm-db-redis-02,cnsm.fault.class,none
2026-05-17T20:48:02+00:00,cnsm-db-redis-02,cnsm.fault.class,none
2026-05-17T20:49:02+00:00,cnsm-db-redis-02,cnsm.fault.class,none
2026-05-17T20:50:02+00:00,cnsm-db-redis-02,cnsm.fault.class,none
2026-05-17T20:51:02+00:00,cnsm-db-redis-02,cnsm.fault.class,none
2026-05-17T20:52:02+00:00,cnsm-db-redis-02,cnsm.fault.class,none
2026-05-17T20:53:02+00:00,cnsm-db-redis-02,cnsm.fault.class,none
2026-05-17T20:54:02+00:00,cnsm-db-redis-02,cnsm.fault.class,none
2026-05-17T20:55:02+00:00,cnsm-db-redis-02,cnsm.fault.class,none
2026-05-17T20:56:02+00:00,cnsm-db-redis-02,cnsm.fault.class,none
2026-05-17T20:57:02+00:00,cnsm-db-redis-02,cnsm.fault.class,none
2026-05-17T20:58:02+00:00,cnsm-db-redis-02,cnsm.fault.class,none
2026-05-17T20:59:02+00:00,cnsm-db-redis-02,cnsm.fault.class,none
2026-05-17T21:00:02+00:00,cnsm-db-redis-02,cnsm.fault.class,none
2026-05-17T21:01:02+00:00,cnsm-db-redis-02,cnsm.fault.class,process_leak
2026-05-17T21:02:02+00:00,cnsm-db-redis-02,cnsm.fault.class,process_leak
2026-05-17T21:03:02+00:00,cnsm-db-redis-02,cnsm.fault.class,process_leak
2026-05-17T21:04:02+00:00,cnsm-db-redis-02,cnsm.fault.class,process_leak
2026-05-17T21:05:02+00:00,cnsm-db-redis-02,cnsm.fault.class,process_leak
2026-05-17T21:06:02+00:00,cnsm-db-redis-02,cnsm.fault.class,process_leak
2026-05-17T21:07:02+00:00,cnsm-db-redis-02,cnsm.fault.class,process_leak
2026-05-17T21:08:02+00:00,cnsm-db-redis-02,cnsm.fault.class,process_leak
2026-05-17T21:09:02+00:00,cnsm-db-redis-02,cnsm.fault.class,process_leak
2026-05-17T21:10:02+00:00,cnsm-db-redis-02,cnsm.fault.class,process_leak
2026-05-17T21:11:02+00:00,cnsm-db-redis-02,cnsm.fault.class,none
2026-05-17T21:12:02+00:00,cnsm-db-redis-02,cnsm.fault.class,none
2026-05-17T21:13:02+00:00,cnsm-db-redis-02,cnsm.fault.class,none
2026-05-17T21:14:02+00:00,cnsm-db-redis-02,cnsm.fault.class,none
2026-05-17T21:15:02+00:00,cnsm-db-redis-02,cnsm.fault.class,none
2026-05-17T21:16:02+00:00,cnsm-db-redis-02,cnsm.fault.class,none
2026-05-17T21:17:02+00:00,cnsm-db-redis-02,cnsm.fault.class,none
2026-05-17T21:18:02+00:00,cnsm-db-redis-02,cnsm.fault.class,none
2026-05-17T21:19:02+00:00,cnsm-db-redis-02,cnsm.fault.class,none
2026-05-17T21:20:02+00:00,cnsm-db-redis-02,cnsm.fault.class,none
2026-05-17T21:21:02+00:00,cnsm-db-redis-02,cnsm.fault.class,none
2026-05-17T21:22:02+00:00,cnsm-db-redis-02,cnsm.fault.class,none
2026-05-17T21:23:02+00:00,cnsm-db-redis-02,cnsm.fault.class,none
2026-05-17T21:24:02+00:00,cnsm-db-redis-02,cnsm.fault.class,none
2026-05-17T21:25:02+00:00,cnsm-db-redis-02,cnsm.fault.class,none
2026-05-17T21:26:02+00:00,cnsm-db-redis-02,cnsm.fault.class,none
2026-05-17T21:27:02+00:00,cnsm-db-redis-02,cnsm.fault.class,none
2026-05-17T21:28:06+00:00,cnsm-db-redis-02,cnsm.fault.class,none
2026-05-17T21:29:02+00:00,cnsm-db-redis-02,cnsm.fault.class,none
2026-05-17T21:30:02+00:00,cnsm-db-redis-02,cnsm.fault.class,none
2026-05-17T21:31:02+00:00,cnsm-db-redis-02,cnsm.fault.class,none
2026-05-17T21:32:02+00:00,cnsm-db-redis-02,cnsm.fault.class,none
2026-05-17T21:33:02+00:00,cnsm-db-redis-02,cnsm.fault.class,none
2026-05-17T21:34:02+00:00,cnsm-db-redis-02,cnsm.fault.class,none
2026-05-17T21:35:02+00:00,cnsm-db-redis-02,cnsm.fault.class,none
2026-05-17T21:36:02+00:00,cnsm-db-redis-02,cnsm.fault.class,none
2026-05-17T21:37:02+00:00,cnsm-db-redis-02,cnsm.fault.class,none
2026-05-17T21:38:02+00:00,cnsm-db-redis-02,cnsm.fault.class,none
2026-05-17T21:39:02+00:00,cnsm-db-redis-02,cnsm.fault.class,none
2026-05-17T21:40:02+00:00,cnsm-db-redis-02,cnsm.fault.class,none
2026-05-17T20:31:45+00:00,cnsm-db-redis-02,cnsm.tcp.established,1
2026-05-17T20:32:45+00:00,cnsm-db-redis-02,cnsm.tcp.established,43
2026-05-17T20:33:44+00:00,cnsm-db-redis-02,cnsm.tcp.established,44
2026-05-17T20:34:45+00:00,cnsm-db-redis-02,cnsm.tcp.established,1
2026-05-17T20:35:44+00:00,cnsm-db-redis-02,cnsm.tcp.established,2
2026-05-17T20:36:44+00:00,cnsm-db-redis-02,cnsm.tcp.established,2
2026-05-17T20:37:45+00:00,cnsm-db-redis-02,cnsm.tcp.established,1
2026-05-17T20:38:44+00:00,cnsm-db-redis-02,cnsm.tcp.established,43
2026-05-17T20:39:45+00:00,cnsm-db-redis-02,cnsm.tcp.established,1
2026-05-17T20:40:45+00:00,cnsm-db-redis-02,cnsm.tcp.established,1
2026-05-17T20:41:45+00:00,cnsm-db-redis-02,cnsm.tcp.established,43
2026-05-17T20:42:44+00:00,cnsm-db-redis-02,cnsm.tcp.established,43
2026-05-17T20:43:45+00:00,cnsm-db-redis-02,cnsm.tcp.established,1
2026-05-17T20:44:45+00:00,cnsm-db-redis-02,cnsm.tcp.established,1
2026-05-17T20:45:45+00:00,cnsm-db-redis-02,cnsm.tcp.established,1
2026-05-17T20:46:44+00:00,cnsm-db-redis-02,cnsm.tcp.established,1
2026-05-17T20:47:44+00:00,cnsm-db-redis-02,cnsm.tcp.established,43
2026-05-17T20:48:45+00:00,cnsm-db-redis-02,cnsm.tcp.established,43
2026-05-17T20:49:44+00:00,cnsm-db-redis-02,cnsm.tcp.established,1
2026-05-17T20:50:44+00:00,cnsm-db-redis-02,cnsm.tcp.established,1
2026-05-17T20:51:45+00:00,cnsm-db-redis-02,cnsm.tcp.established,43
2026-05-17T20:52:45+00:00,cnsm-db-redis-02,cnsm.tcp.established,2
2026-05-17T20:53:45+00:00,cnsm-db-redis-02,cnsm.tcp.established,1
2026-05-17T20:54:45+00:00,cnsm-db-redis-02,cnsm.tcp.established,43
2026-05-17T20:55:44+00:00,cnsm-db-redis-02,cnsm.tcp.established,1
2026-05-17T20:56:45+00:00,cnsm-db-redis-02,cnsm.tcp.established,1
2026-05-17T20:57:44+00:00,cnsm-db-redis-02,cnsm.tcp.established,43
2026-05-17T20:58:45+00:00,cnsm-db-redis-02,cnsm.tcp.established,43
2026-05-17T20:59:45+00:00,cnsm-db-redis-02,cnsm.tcp.established,1
2026-05-17T21:00:44+00:00,cnsm-db-redis-02,cnsm.tcp.established,2
2026-05-17T21:01:45+00:00,cnsm-db-redis-02,cnsm.tcp.established,35
2026-05-17T21:02:44+00:00,cnsm-db-redis-02,cnsm.tcp.established,1
2026-05-17T21:03:45+00:00,cnsm-db-redis-02,cnsm.tcp.established,35
2026-05-17T21:04:45+00:00,cnsm-db-redis-02,cnsm.tcp.established,1
2026-05-17T21:05:44+00:00,cnsm-db-redis-02,cnsm.tcp.established,1
2026-05-17T21:06:44+00:00,cnsm-db-redis-02,cnsm.tcp.established,1
2026-05-17T21:07:45+00:00,cnsm-db-redis-02,cnsm.tcp.established,35
2026-05-17T21:08:44+00:00,cnsm-db-redis-02,cnsm.tcp.established,35
2026-05-17T21:09:44+00:00,cnsm-db-redis-02,cnsm.tcp.established,1
2026-05-17T21:10:45+00:00,cnsm-db-redis-02,cnsm.tcp.established,1
2026-05-17T21:11:45+00:00,cnsm-db-redis-02,cnsm.tcp.established,2
2026-05-17T21:12:45+00:00,cnsm-db-redis-02,cnsm.tcp.established,35
2026-05-17T21:13:45+00:00,cnsm-db-redis-02,cnsm.tcp.established,35
2026-05-17T21:14:45+00:00,cnsm-db-redis-02,cnsm.tcp.established,35
2026-05-17T21:15:44+00:00,cnsm-db-redis-02,cnsm.tcp.established,35
2026-05-17T21:16:45+00:00,cnsm-db-redis-02,cnsm.tcp.established,37
2026-05-17T21:17:45+00:00,cnsm-db-redis-02,cnsm.tcp.established,35
2026-05-17T21:18:45+00:00,cnsm-db-redis-02,cnsm.tcp.established,35
2026-05-17T21:19:45+00:00,cnsm-db-redis-02,cnsm.tcp.established,35
2026-05-17T21:20:44+00:00,cnsm-db-redis-02,cnsm.tcp.established,1
2026-05-17T21:21:45+00:00,cnsm-db-redis-02,cnsm.tcp.established,1
2026-05-17T21:22:45+00:00,cnsm-db-redis-02,cnsm.tcp.established,2
2026-05-17T21:23:44+00:00,cnsm-db-redis-02,cnsm.tcp.established,1
2026-05-17T21:24:45+00:00,cnsm-db-redis-02,cnsm.tcp.established,35
2026-05-17T21:25:45+00:00,cnsm-db-redis-02,cnsm.tcp.established,35
2026-05-17T21:26:44+00:00,cnsm-db-redis-02,cnsm.tcp.established,1
2026-05-17T21:27:45+00:00,cnsm-db-redis-02,cnsm.tcp.established,2
2026-05-17T21:28:45+00:00,cnsm-db-redis-02,cnsm.tcp.established,1
2026-05-17T21:29:44+00:00,cnsm-db-redis-02,cnsm.tcp.established,35
2026-05-17T21:30:44+00:00,cnsm-db-redis-02,cnsm.tcp.established,1
2026-05-17T21:31:45+00:00,cnsm-db-redis-02,cnsm.tcp.established,1
2026-05-17T21:32:44+00:00,cnsm-db-redis-02,cnsm.tcp.established,1
2026-05-17T21:33:45+00:00,cnsm-db-redis-02,cnsm.tcp.established,36
2026-05-17T21:34:45+00:00,cnsm-db-redis-02,cnsm.tcp.established,35
2026-05-17T21:35:45+00:00,cnsm-db-redis-02,cnsm.tcp.established,35
2026-05-17T21:36:45+00:00,cnsm-db-redis-02,cnsm.tcp.established,1
2026-05-17T21:37:44+00:00,cnsm-db-redis-02,cnsm.tcp.established,1
2026-05-17T21:38:45+00:00,cnsm-db-redis-02,cnsm.tcp.established,35
2026-05-17T21:39:45+00:00,cnsm-db-redis-02,cnsm.tcp.established,35
2026-05-17T20:31:45+00:00,cnsm-db-redis-02,cnsm.tcp.listen,7
2026-05-17T20:32:45+00:00,cnsm-db-redis-02,cnsm.tcp.listen,7
2026-05-17T20:33:45+00:00,cnsm-db-redis-02,cnsm.tcp.listen,7
2026-05-17T20:34:45+00:00,cnsm-db-redis-02,cnsm.tcp.listen,7
2026-05-17T20:35:45+00:00,cnsm-db-redis-02,cnsm.tcp.listen,7
2026-05-17T20:36:45+00:00,cnsm-db-redis-02,cnsm.tcp.listen,7
2026-05-17T20:37:45+00:00,cnsm-db-redis-02,cnsm.tcp.listen,7
2026-05-17T20:38:45+00:00,cnsm-db-redis-02,cnsm.tcp.listen,7
2026-05-17T20:39:45+00:00,cnsm-db-redis-02,cnsm.tcp.listen,7
2026-05-17T20:40:45+00:00,cnsm-db-redis-02,cnsm.tcp.listen,7
2026-05-17T20:41:45+00:00,cnsm-db-redis-02,cnsm.tcp.listen,7
2026-05-17T20:42:45+00:00,cnsm-db-redis-02,cnsm.tcp.listen,7
2026-05-17T20:43:45+00:00,cnsm-db-redis-02,cnsm.tcp.listen,7
2026-05-17T20:44:45+00:00,cnsm-db-redis-02,cnsm.tcp.listen,7
2026-05-17T20:45:45+00:00,cnsm-db-redis-02,cnsm.tcp.listen,7
2026-05-17T20:46:45+00:00,cnsm-db-redis-02,cnsm.tcp.listen,7
2026-05-17T20:47:45+00:00,cnsm-db-redis-02,cnsm.tcp.listen,7
2026-05-17T20:48:45+00:00,cnsm-db-redis-02,cnsm.tcp.listen,7
2026-05-17T20:49:45+00:00,cnsm-db-redis-02,cnsm.tcp.listen,7
2026-05-17T20:50:45+00:00,cnsm-db-redis-02,cnsm.tcp.listen,7
2026-05-17T20:51:45+00:00,cnsm-db-redis-02,cnsm.tcp.listen,7
2026-05-17T20:52:45+00:00,cnsm-db-redis-02,cnsm.tcp.listen,7
2026-05-17T20:53:45+00:00,cnsm-db-redis-02,cnsm.tcp.listen,7
2026-05-17T20:54:45+00:00,cnsm-db-redis-02,cnsm.tcp.listen,7
2026-05-17T20:55:45+00:00,cnsm-db-redis-02,cnsm.tcp.listen,7
2026-05-17T20:56:45+00:00,cnsm-db-redis-02,cnsm.tcp.listen,7
2026-05-17T20:57:45+00:00,cnsm-db-redis-02,cnsm.tcp.listen,7
2026-05-17T20:58:45+00:00,cnsm-db-redis-02,cnsm.tcp.listen,7
2026-05-17T20:59:45+00:00,cnsm-db-redis-02,cnsm.tcp.listen,7
2026-05-17T21:00:45+00:00,cnsm-db-redis-02,cnsm.tcp.listen,7
2026-05-17T21:01:45+00:00,cnsm-db-redis-02,cnsm.tcp.listen,7
2026-05-17T21:02:45+00:00,cnsm-db-redis-02,cnsm.tcp.listen,7
2026-05-17T21:03:45+00:00,cnsm-db-redis-02,cnsm.tcp.listen,7
2026-05-17T21:04:45+00:00,cnsm-db-redis-02,cnsm.tcp.listen,7
2026-05-17T21:05:45+00:00,cnsm-db-redis-02,cnsm.tcp.listen,7
2026-05-17T21:06:45+00:00,cnsm-db-redis-02,cnsm.tcp.listen,7
2026-05-17T21:07:45+00:00,cnsm-db-redis-02,cnsm.tcp.listen,7
2026-05-17T21:08:45+00:00,cnsm-db-redis-02,cnsm.tcp.listen,7
2026-05-17T21:09:45+00:00,cnsm-db-redis-02,cnsm.tcp.listen,7
2026-05-17T21:10:45+00:00,cnsm-db-redis-02,cnsm.tcp.listen,7
2026-05-17T21:11:45+00:00,cnsm-db-redis-02,cnsm.tcp.listen,7
2026-05-17T21:12:45+00:00,cnsm-db-redis-02,cnsm.tcp.listen,7
2026-05-17T21:13:45+00:00,cnsm-db-redis-02,cnsm.tcp.listen,7
2026-05-17T21:14:45+00:00,cnsm-db-redis-02,cnsm.tcp.listen,7
2026-05-17T21:15:45+00:00,cnsm-db-redis-02,cnsm.tcp.listen,7
2026-05-17T21:16:45+00:00,cnsm-db-redis-02,cnsm.tcp.listen,7
2026-05-17T21:17:45+00:00,cnsm-db-redis-02,cnsm.tcp.listen,7
2026-05-17T21:18:45+00:00,cnsm-db-redis-02,cnsm.tcp.listen,7
2026-05-17T21:19:45+00:00,cnsm-db-redis-02,cnsm.tcp.listen,7
2026-05-17T21:20:45+00:00,cnsm-db-redis-02,cnsm.tcp.listen,7
2026-05-17T21:21:45+00:00,cnsm-db-redis-02,cnsm.tcp.listen,7
2026-05-17T21:22:45+00:00,cnsm-db-redis-02,cnsm.tcp.listen,7
2026-05-17T21:23:45+00:00,cnsm-db-redis-02,cnsm.tcp.listen,7
2026-05-17T21:24:45+00:00,cnsm-db-redis-02,cnsm.tcp.listen,7
2026-05-17T21:25:45+00:00,cnsm-db-redis-02,cnsm.tcp.listen,7
2026-05-17T21:26:45+00:00,cnsm-db-redis-02,cnsm.tcp.listen,7
2026-05-17T21:27:45+00:00,cnsm-db-redis-02,cnsm.tcp.listen,7
2026-05-17T21:28:45+00:00,cnsm-db-redis-02,cnsm.tcp.listen,7
2026-05-17T21:29:45+00:00,cnsm-db-redis-02,cnsm.tcp.listen,7
2026-05-17T21:30:45+00:00,cnsm-db-redis-02,cnsm.tcp.listen,7
2026-05-17T21:31:45+00:00,cnsm-db-redis-02,cnsm.tcp.listen,7
2026-05-17T21:32:45+00:00,cnsm-db-redis-02,cnsm.tcp.listen,7
2026-05-17T21:33:45+00:00,cnsm-db-redis-02,cnsm.tcp.listen,7
2026-05-17T21:34:45+00:00,cnsm-db-redis-02,cnsm.tcp.listen,7
2026-05-17T21:35:45+00:00,cnsm-db-redis-02,cnsm.tcp.listen,7
2026-05-17T21:36:45+00:00,cnsm-db-redis-02,cnsm.tcp.listen,7
2026-05-17T21:37:45+00:00,cnsm-db-redis-02,cnsm.tcp.listen,7
2026-05-17T21:38:45+00:00,cnsm-db-redis-02,cnsm.tcp.listen,7
2026-05-17T21:39:45+00:00,cnsm-db-redis-02,cnsm.tcp.listen,7
2026-05-17T20:31:47+00:00,cnsm-db-redis-02,cnsm.tcp.timewait,333
2026-05-17T20:32:47+00:00,cnsm-db-redis-02,cnsm.tcp.timewait,334
2026-05-17T20:33:47+00:00,cnsm-db-redis-02,cnsm.tcp.timewait,347
2026-05-17T20:34:47+00:00,cnsm-db-redis-02,cnsm.tcp.timewait,367
2026-05-17T20:35:47+00:00,cnsm-db-redis-02,cnsm.tcp.timewait,329
2026-05-17T20:36:47+00:00,cnsm-db-redis-02,cnsm.tcp.timewait,330
2026-05-17T20:37:47+00:00,cnsm-db-redis-02,cnsm.tcp.timewait,354
2026-05-17T20:38:47+00:00,cnsm-db-redis-02,cnsm.tcp.timewait,371
2026-05-17T20:39:47+00:00,cnsm-db-redis-02,cnsm.tcp.timewait,367
2026-05-17T20:40:47+00:00,cnsm-db-redis-02,cnsm.tcp.timewait,327
2026-05-17T20:41:47+00:00,cnsm-db-redis-02,cnsm.tcp.timewait,351
2026-05-17T20:42:47+00:00,cnsm-db-redis-02,cnsm.tcp.timewait,375
2026-05-17T20:43:47+00:00,cnsm-db-redis-02,cnsm.tcp.timewait,352
2026-05-17T20:44:47+00:00,cnsm-db-redis-02,cnsm.tcp.timewait,347
2026-05-17T20:45:47+00:00,cnsm-db-redis-02,cnsm.tcp.timewait,375
2026-05-17T20:46:46+00:00,cnsm-db-redis-02,cnsm.tcp.timewait,321
2026-05-17T20:47:47+00:00,cnsm-db-redis-02,cnsm.tcp.timewait,351
2026-05-17T20:48:47+00:00,cnsm-db-redis-02,cnsm.tcp.timewait,356
2026-05-17T20:49:47+00:00,cnsm-db-redis-02,cnsm.tcp.timewait,350
2026-05-17T20:50:47+00:00,cnsm-db-redis-02,cnsm.tcp.timewait,323
2026-05-17T20:51:47+00:00,cnsm-db-redis-02,cnsm.tcp.timewait,366
2026-05-17T20:52:47+00:00,cnsm-db-redis-02,cnsm.tcp.timewait,350
2026-05-17T20:53:47+00:00,cnsm-db-redis-02,cnsm.tcp.timewait,324
2026-05-17T20:54:47+00:00,cnsm-db-redis-02,cnsm.tcp.timewait,375
2026-05-17T20:55:47+00:00,cnsm-db-redis-02,cnsm.tcp.timewait,350
2026-05-17T20:56:46+00:00,cnsm-db-redis-02,cnsm.tcp.timewait,344
2026-05-17T20:57:47+00:00,cnsm-db-redis-02,cnsm.tcp.timewait,354
2026-05-17T20:58:47+00:00,cnsm-db-redis-02,cnsm.tcp.timewait,367
2026-05-17T20:59:47+00:00,cnsm-db-redis-02,cnsm.tcp.timewait,373
2026-05-17T21:00:46+00:00,cnsm-db-redis-02,cnsm.tcp.timewait,285
2026-05-17T21:01:47+00:00,cnsm-db-redis-02,cnsm.tcp.timewait,280
2026-05-17T21:02:46+00:00,cnsm-db-redis-02,cnsm.tcp.timewait,276
2026-05-17T21:03:46+00:00,cnsm-db-redis-02,cnsm.tcp.timewait,275
2026-05-17T21:04:47+00:00,cnsm-db-redis-02,cnsm.tcp.timewait,256
2026-05-17T21:05:46+00:00,cnsm-db-redis-02,cnsm.tcp.timewait,276
2026-05-17T21:06:47+00:00,cnsm-db-redis-02,cnsm.tcp.timewait,271
2026-05-17T21:07:46+00:00,cnsm-db-redis-02,cnsm.tcp.timewait,269
2026-05-17T21:08:47+00:00,cnsm-db-redis-02,cnsm.tcp.timewait,293
2026-05-17T21:09:47+00:00,cnsm-db-redis-02,cnsm.tcp.timewait,270
2026-05-17T21:10:47+00:00,cnsm-db-redis-02,cnsm.tcp.timewait,263
2026-05-17T21:11:47+00:00,cnsm-db-redis-02,cnsm.tcp.timewait,287
2026-05-17T21:12:47+00:00,cnsm-db-redis-02,cnsm.tcp.timewait,273
2026-05-17T21:13:47+00:00,cnsm-db-redis-02,cnsm.tcp.timewait,273
2026-05-17T21:14:47+00:00,cnsm-db-redis-02,cnsm.tcp.timewait,284
2026-05-17T21:15:46+00:00,cnsm-db-redis-02,cnsm.tcp.timewait,288
2026-05-17T21:16:46+00:00,cnsm-db-redis-02,cnsm.tcp.timewait,294
2026-05-17T21:17:47+00:00,cnsm-db-redis-02,cnsm.tcp.timewait,307
2026-05-17T21:18:47+00:00,cnsm-db-redis-02,cnsm.tcp.timewait,273
2026-05-17T21:19:47+00:00,cnsm-db-redis-02,cnsm.tcp.timewait,304
2026-05-17T21:20:47+00:00,cnsm-db-redis-02,cnsm.tcp.timewait,299
2026-05-17T21:21:47+00:00,cnsm-db-redis-02,cnsm.tcp.timewait,273
2026-05-17T21:22:46+00:00,cnsm-db-redis-02,cnsm.tcp.timewait,277
2026-05-17T21:23:47+00:00,cnsm-db-redis-02,cnsm.tcp.timewait,270
2026-05-17T21:24:47+00:00,cnsm-db-redis-02,cnsm.tcp.timewait,307
2026-05-17T21:25:47+00:00,cnsm-db-redis-02,cnsm.tcp.timewait,410
2026-05-17T21:26:47+00:00,cnsm-db-redis-02,cnsm.tcp.timewait,273
2026-05-17T21:27:46+00:00,cnsm-db-redis-02,cnsm.tcp.timewait,274
2026-05-17T21:28:46+00:00,cnsm-db-redis-02,cnsm.tcp.timewait,269
2026-05-17T21:29:47+00:00,cnsm-db-redis-02,cnsm.tcp.timewait,288
2026-05-17T21:30:46+00:00,cnsm-db-redis-02,cnsm.tcp.timewait,281
2026-05-17T21:31:47+00:00,cnsm-db-redis-02,cnsm.tcp.timewait,296
2026-05-17T21:32:47+00:00,cnsm-db-redis-02,cnsm.tcp.timewait,274
2026-05-17T21:33:47+00:00,cnsm-db-redis-02,cnsm.tcp.timewait,284
2026-05-17T21:34:47+00:00,cnsm-db-redis-02,cnsm.tcp.timewait,311
2026-05-17T21:35:46+00:00,cnsm-db-redis-02,cnsm.tcp.timewait,282
2026-05-17T21:36:46+00:00,cnsm-db-redis-02,cnsm.tcp.timewait,303
2026-05-17T21:37:47+00:00,cnsm-db-redis-02,cnsm.tcp.timewait,276
2026-05-17T21:38:47+00:00,cnsm-db-redis-02,cnsm.tcp.timewait,307
2026-05-17T21:39:47+00:00,cnsm-db-redis-02,cnsm.tcp.timewait,310
2026-05-17T20:31:47+00:00,cnsm-db-redis-02,cnsm.workload.heartbeat,1
2026-05-17T20:32:47+00:00,cnsm-db-redis-02,cnsm.workload.heartbeat,1
2026-05-17T20:33:47+00:00,cnsm-db-redis-02,cnsm.workload.heartbeat,1
2026-05-17T20:34:47+00:00,cnsm-db-redis-02,cnsm.workload.heartbeat,1
2026-05-17T20:35:47+00:00,cnsm-db-redis-02,cnsm.workload.heartbeat,1
2026-05-17T20:36:47+00:00,cnsm-db-redis-02,cnsm.workload.heartbeat,1
2026-05-17T20:37:47+00:00,cnsm-db-redis-02,cnsm.workload.heartbeat,1
2026-05-17T20:38:47+00:00,cnsm-db-redis-02,cnsm.workload.heartbeat,1
2026-05-17T20:39:47+00:00,cnsm-db-redis-02,cnsm.workload.heartbeat,1
2026-05-17T20:40:47+00:00,cnsm-db-redis-02,cnsm.workload.heartbeat,1
2026-05-17T20:41:47+00:00,cnsm-db-redis-02,cnsm.workload.heartbeat,1
2026-05-17T20:42:47+00:00,cnsm-db-redis-02,cnsm.workload.heartbeat,1
2026-05-17T20:43:47+00:00,cnsm-db-redis-02,cnsm.workload.heartbeat,1
2026-05-17T20:44:47+00:00,cnsm-db-redis-02,cnsm.workload.heartbeat,1
2026-05-17T20:45:47+00:00,cnsm-db-redis-02,cnsm.workload.heartbeat,1
2026-05-17T20:46:47+00:00,cnsm-db-redis-02,cnsm.workload.heartbeat,1
2026-05-17T20:47:47+00:00,cnsm-db-redis-02,cnsm.workload.heartbeat,1
2026-05-17T20:48:47+00:00,cnsm-db-redis-02,cnsm.workload.heartbeat,1
2026-05-17T20:49:47+00:00,cnsm-db-redis-02,cnsm.workload.heartbeat,1
2026-05-17T20:50:47+00:00,cnsm-db-redis-02,cnsm.workload.heartbeat,1
2026-05-17T20:51:47+00:00,cnsm-db-redis-02,cnsm.workload.heartbeat,1
2026-05-17T20:52:47+00:00,cnsm-db-redis-02,cnsm.workload.heartbeat,1
2026-05-17T20:53:47+00:00,cnsm-db-redis-02,cnsm.workload.heartbeat,1
2026-05-17T20:54:47+00:00,cnsm-db-redis-02,cnsm.workload.heartbeat,1
2026-05-17T20:55:47+00:00,cnsm-db-redis-02,cnsm.workload.heartbeat,1
2026-05-17T20:56:47+00:00,cnsm-db-redis-02,cnsm.workload.heartbeat,1
2026-05-17T20:57:47+00:00,cnsm-db-redis-02,cnsm.workload.heartbeat,1
2026-05-17T20:58:47+00:00,cnsm-db-redis-02,cnsm.workload.heartbeat,1
2026-05-17T20:59:47+00:00,cnsm-db-redis-02,cnsm.workload.heartbeat,1
2026-05-17T21:00:47+00:00,cnsm-db-redis-02,cnsm.workload.heartbeat,1
2026-05-17T21:01:47+00:00,cnsm-db-redis-02,cnsm.workload.heartbeat,1
2026-05-17T21:02:47+00:00,cnsm-db-redis-02,cnsm.workload.heartbeat,1
2026-05-17T21:03:47+00:00,cnsm-db-redis-02,cnsm.workload.heartbeat,1
2026-05-17T21:04:47+00:00,cnsm-db-redis-02,cnsm.workload.heartbeat,1
2026-05-17T21:05:47+00:00,cnsm-db-redis-02,cnsm.workload.heartbeat,1
2026-05-17T21:06:47+00:00,cnsm-db-redis-02,cnsm.workload.heartbeat,1
2026-05-17T21:07:47+00:00,cnsm-db-redis-02,cnsm.workload.heartbeat,1
2026-05-17T21:08:47+00:00,cnsm-db-redis-02,cnsm.workload.heartbeat,1
2026-05-17T21:09:47+00:00,cnsm-db-redis-02,cnsm.workload.heartbeat,1
2026-05-17T21:10:47+00:00,cnsm-db-redis-02,cnsm.workload.heartbeat,1
2026-05-17T21:11:47+00:00,cnsm-db-redis-02,cnsm.workload.heartbeat,1
2026-05-17T21:12:47+00:00,cnsm-db-redis-02,cnsm.workload.heartbeat,1
2026-05-17T21:13:47+00:00,cnsm-db-redis-02,cnsm.workload.heartbeat,1
2026-05-17T21:14:47+00:00,cnsm-db-redis-02,cnsm.workload.heartbeat,1
2026-05-17T21:15:47+00:00,cnsm-db-redis-02,cnsm.workload.heartbeat,1
2026-05-17T21:16:47+00:00,cnsm-db-redis-02,cnsm.workload.heartbeat,1
2026-05-17T21:17:47+00:00,cnsm-db-redis-02,cnsm.workload.heartbeat,1
2026-05-17T21:18:47+00:00,cnsm-db-redis-02,cnsm.workload.heartbeat,1
2026-05-17T21:19:47+00:00,cnsm-db-redis-02,cnsm.workload.heartbeat,1
2026-05-17T21:20:47+00:00,cnsm-db-redis-02,cnsm.workload.heartbeat,1
2026-05-17T21:21:47+00:00,cnsm-db-redis-02,cnsm.workload.heartbeat,1
2026-05-17T21:22:47+00:00,cnsm-db-redis-02,cnsm.workload.heartbeat,1
2026-05-17T21:23:47+00:00,cnsm-db-redis-02,cnsm.workload.heartbeat,1
2026-05-17T21:24:47+00:00,cnsm-db-redis-02,cnsm.workload.heartbeat,1
2026-05-17T21:25:47+00:00,cnsm-db-redis-02,cnsm.workload.heartbeat,1
2026-05-17T21:26:47+00:00,cnsm-db-redis-02,cnsm.workload.heartbeat,1
2026-05-17T21:27:47+00:00,cnsm-db-redis-02,cnsm.workload.heartbeat,1
2026-05-17T21:28:47+00:00,cnsm-db-redis-02,cnsm.workload.heartbeat,1
2026-05-17T21:29:47+00:00,cnsm-db-redis-02,cnsm.workload.heartbeat,1
2026-05-17T21:30:47+00:00,cnsm-db-redis-02,cnsm.workload.heartbeat,1
2026-05-17T21:31:47+00:00,cnsm-db-redis-02,cnsm.workload.heartbeat,1
2026-05-17T21:32:47+00:00,cnsm-db-redis-02,cnsm.workload.heartbeat,1
2026-05-17T21:33:47+00:00,cnsm-db-redis-02,cnsm.workload.heartbeat,1
2026-05-17T21:34:47+00:00,cnsm-db-redis-02,cnsm.workload.heartbeat,1
2026-05-17T21:35:47+00:00,cnsm-db-redis-02,cnsm.workload.heartbeat,1
2026-05-17T21:36:47+00:00,cnsm-db-redis-02,cnsm.workload.heartbeat,1
2026-05-17T21:37:47+00:00,cnsm-db-redis-02,cnsm.workload.heartbeat,1
2026-05-17T21:38:47+00:00,cnsm-db-redis-02,cnsm.workload.heartbeat,1
2026-05-17T21:39:47+00:00,cnsm-db-redis-02,cnsm.workload.heartbeat,1
2026-05-17T20:31:37+00:00,cnsm-db-redis-02,system.cpu.switches,11130.591791898416
2026-05-17T20:32:37+00:00,cnsm-db-redis-02,system.cpu.switches,10846.4025805992
2026-05-17T20:33:37+00:00,cnsm-db-redis-02,system.cpu.switches,11631.383691716834
2026-05-17T20:34:37+00:00,cnsm-db-redis-02,system.cpu.switches,11771.03691909835
2026-05-17T20:35:37+00:00,cnsm-db-redis-02,system.cpu.switches,10567.753880290065
2026-05-17T20:36:37+00:00,cnsm-db-redis-02,system.cpu.switches,10060.941817282985
2026-05-17T20:37:37+00:00,cnsm-db-redis-02,system.cpu.switches,9183.97983572842
2026-05-17T20:38:37+00:00,cnsm-db-redis-02,system.cpu.switches,10747.385438546593
2026-05-17T20:39:37+00:00,cnsm-db-redis-02,system.cpu.switches,11030.78708493601
2026-05-17T20:40:37+00:00,cnsm-db-redis-02,system.cpu.switches,9881.243068524709
2026-05-17T20:41:37+00:00,cnsm-db-redis-02,system.cpu.switches,10167.842555640911
2026-05-17T20:42:37+00:00,cnsm-db-redis-02,system.cpu.switches,12447.634995564644
2026-05-17T20:43:37+00:00,cnsm-db-redis-02,system.cpu.switches,10620.600173372484
2026-05-17T20:44:37+00:00,cnsm-db-redis-02,system.cpu.switches,11548.265893928923
2026-05-17T20:45:37+00:00,cnsm-db-redis-02,system.cpu.switches,11326.115874971167
2026-05-17T20:46:37+00:00,cnsm-db-redis-02,system.cpu.switches,9502.201033787833
2026-05-17T20:47:37+00:00,cnsm-db-redis-02,system.cpu.switches,11563.837347041905
2026-05-17T20:48:37+00:00,cnsm-db-redis-02,system.cpu.switches,10031.861904195579
2026-05-17T20:49:37+00:00,cnsm-db-redis-02,system.cpu.switches,11312.501511412522
2026-05-17T20:50:37+00:00,cnsm-db-redis-02,system.cpu.switches,10890.856594647741
2026-05-17T20:51:37+00:00,cnsm-db-redis-02,system.cpu.switches,11499.656566281155
2026-05-17T20:52:37+00:00,cnsm-db-redis-02,system.cpu.switches,10884.464921898103
2026-05-17T20:53:37+00:00,cnsm-db-redis-02,system.cpu.switches,10960.421438535968
2026-05-17T20:54:37+00:00,cnsm-db-redis-02,system.cpu.switches,12513.764746636976
2026-05-17T20:55:37+00:00,cnsm-db-redis-02,system.cpu.switches,10985.514568935328
2026-05-17T20:56:37+00:00,cnsm-db-redis-02,system.cpu.switches,10975.429672218243
2026-05-17T20:57:37+00:00,cnsm-db-redis-02,system.cpu.switches,10647.175414275356
2026-05-17T20:58:37+00:00,cnsm-db-redis-02,system.cpu.switches,12233.72462266558
2026-05-17T20:59:37+00:00,cnsm-db-redis-02,system.cpu.switches,10440.58257278695
2026-05-17T21:00:37+00:00,cnsm-db-redis-02,system.cpu.switches,11324.552522410097
2026-05-17T21:01:37+00:00,cnsm-db-redis-02,system.cpu.switches,19345.335976784223
2026-05-17T21:02:37+00:00,cnsm-db-redis-02,system.cpu.switches,25285.532246639275
2026-05-17T21:03:37+00:00,cnsm-db-redis-02,system.cpu.switches,25689.28091478378
2026-05-17T21:04:37+00:00,cnsm-db-redis-02,system.cpu.switches,24640.317189985344
2026-05-17T21:05:37+00:00,cnsm-db-redis-02,system.cpu.switches,26292.450375984452
2026-05-17T21:06:37+00:00,cnsm-db-redis-02,system.cpu.switches,25426.088413558282
2026-05-17T21:07:37+00:00,cnsm-db-redis-02,system.cpu.switches,25913.076513683103
2026-05-17T21:08:37+00:00,cnsm-db-redis-02,system.cpu.switches,25118.53530031435
2026-05-17T21:09:37+00:00,cnsm-db-redis-02,system.cpu.switches,25555.930759544197
2026-05-17T21:10:37+00:00,cnsm-db-redis-02,system.cpu.switches,26304.79170069015
2026-05-17T21:11:37+00:00,cnsm-db-redis-02,system.cpu.switches,13493.861656967205
2026-05-17T21:12:37+00:00,cnsm-db-redis-02,system.cpu.switches,10988.286418294745
2026-05-17T21:13:37+00:00,cnsm-db-redis-02,system.cpu.switches,11866.344579443956
2026-05-17T21:14:37+00:00,cnsm-db-redis-02,system.cpu.switches,9978.331288642148
2026-05-17T21:15:37+00:00,cnsm-db-redis-02,system.cpu.switches,10583.35926621517
2026-05-17T21:16:37+00:00,cnsm-db-redis-02,system.cpu.switches,10792.180835233154
2026-05-17T21:17:37+00:00,cnsm-db-redis-02,system.cpu.switches,9865.664877857196
2026-05-17T21:18:37+00:00,cnsm-db-redis-02,system.cpu.switches,10312.527220997055
2026-05-17T21:19:37+00:00,cnsm-db-redis-02,system.cpu.switches,11216.991929088203
2026-05-17T21:20:37+00:00,cnsm-db-redis-02,system.cpu.switches,11496.616803518978
2026-05-17T21:21:37+00:00,cnsm-db-redis-02,system.cpu.switches,10992.908460460501
2026-05-17T21:22:37+00:00,cnsm-db-redis-02,system.cpu.switches,10875.466479694362
2026-05-17T21:23:37+00:00,cnsm-db-redis-02,system.cpu.switches,11376.355494797646
2026-05-17T21:24:37+00:00,cnsm-db-redis-02,system.cpu.switches,11248.660942884842
2026-05-17T21:25:37+00:00,cnsm-db-redis-02,system.cpu.switches,10248.666483215537
2026-05-17T21:26:37+00:00,cnsm-db-redis-02,system.cpu.switches,12169.825884273028
2026-05-17T21:27:37+00:00,cnsm-db-redis-02,system.cpu.switches,10879.289898120995
2026-05-17T21:28:37+00:00,cnsm-db-redis-02,system.cpu.switches,11651.472869248977
2026-05-17T21:29:37+00:00,cnsm-db-redis-02,system.cpu.switches,12242.339947367365
2026-05-17T21:30:37+00:00,cnsm-db-redis-02,system.cpu.switches,12330.577649058345
2026-05-17T21:31:37+00:00,cnsm-db-redis-02,system.cpu.switches,10664.660517293833
2026-05-17T21:32:37+00:00,cnsm-db-redis-02,system.cpu.switches,9677.458560546067
2026-05-17T21:33:37+00:00,cnsm-db-redis-02,system.cpu.switches,11679.537282019715
2026-05-17T21:34:37+00:00,cnsm-db-redis-02,system.cpu.switches,10950.276170284871
2026-05-17T21:35:37+00:00,cnsm-db-redis-02,system.cpu.switches,11659.700623209204
2026-05-17T21:36:37+00:00,cnsm-db-redis-02,system.cpu.switches,12423.580040837718
2026-05-17T21:37:37+00:00,cnsm-db-redis-02,system.cpu.switches,10637.871471492423
2026-05-17T21:38:37+00:00,cnsm-db-redis-02,system.cpu.switches,11134.564964326808
2026-05-17T21:39:37+00:00,cnsm-db-redis-02,system.cpu.switches,11666.973884434487
2026-05-17T21:40:37+00:00,cnsm-db-redis-02,system.cpu.switches,10922.47685357394
2026-05-17T20:31:39+00:00,cnsm-db-redis-02,"system.cpu.util[,guest_nice]",0
2026-05-17T20:32:39+00:00,cnsm-db-redis-02,"system.cpu.util[,guest_nice]",0
2026-05-17T20:33:39+00:00,cnsm-db-redis-02,"system.cpu.util[,guest_nice]",0
2026-05-17T20:34:39+00:00,cnsm-db-redis-02,"system.cpu.util[,guest_nice]",0
2026-05-17T20:35:39+00:00,cnsm-db-redis-02,"system.cpu.util[,guest_nice]",0
2026-05-17T20:36:39+00:00,cnsm-db-redis-02,"system.cpu.util[,guest_nice]",0
2026-05-17T20:37:39+00:00,cnsm-db-redis-02,"system.cpu.util[,guest_nice]",0
2026-05-17T20:38:39+00:00,cnsm-db-redis-02,"system.cpu.util[,guest_nice]",0
2026-05-17T20:39:39+00:00,cnsm-db-redis-02,"system.cpu.util[,guest_nice]",0
2026-05-17T20:40:39+00:00,cnsm-db-redis-02,"system.cpu.util[,guest_nice]",0
2026-05-17T20:41:39+00:00,cnsm-db-redis-02,"system.cpu.util[,guest_nice]",0
2026-05-17T20:42:39+00:00,cnsm-db-redis-02,"system.cpu.util[,guest_nice]",0
2026-05-17T20:43:39+00:00,cnsm-db-redis-02,"system.cpu.util[,guest_nice]",0
2026-05-17T20:44:39+00:00,cnsm-db-redis-02,"system.cpu.util[,guest_nice]",0
2026-05-17T20:45:39+00:00,cnsm-db-redis-02,"system.cpu.util[,guest_nice]",0
2026-05-17T20:46:39+00:00,cnsm-db-redis-02,"system.cpu.util[,guest_nice]",0
2026-05-17T20:47:39+00:00,cnsm-db-redis-02,"system.cpu.util[,guest_nice]",0
2026-05-17T20:48:39+00:00,cnsm-db-redis-02,"system.cpu.util[,guest_nice]",0
2026-05-17T20:49:39+00:00,cnsm-db-redis-02,"system.cpu.util[,guest_nice]",0
2026-05-17T20:50:39+00:00,cnsm-db-redis-02,"system.cpu.util[,guest_nice]",0
2026-05-17T20:51:39+00:00,cnsm-db-redis-02,"system.cpu.util[,guest_nice]",0
2026-05-17T20:52:39+00:00,cnsm-db-redis-02,"system.cpu.util[,guest_nice]",0
2026-05-17T20:53:39+00:00,cnsm-db-redis-02,"system.cpu.util[,guest_nice]",0
2026-05-17T20:54:39+00:00,cnsm-db-redis-02,"system.cpu.util[,guest_nice]",0
2026-05-17T20:55:39+00:00,cnsm-db-redis-02,"system.cpu.util[,guest_nice]",0
2026-05-17T20:56:39+00:00,cnsm-db-redis-02,"system.cpu.util[,guest_nice]",0
2026-05-17T20:57:39+00:00,cnsm-db-redis-02,"system.cpu.util[,guest_nice]",0
2026-05-17T20:58:39+00:00,cnsm-db-redis-02,"system.cpu.util[,guest_nice]",0
2026-05-17T20:59:39+00:00,cnsm-db-redis-02,"system.cpu.util[,guest_nice]",0
2026-05-17T21:00:39+00:00,cnsm-db-redis-02,"system.cpu.util[,guest_nice]",0
2026-05-17T21:01:39+00:00,cnsm-db-redis-02,"system.cpu.util[,guest_nice]",0
2026-05-17T21:02:39+00:00,cnsm-db-redis-02,"system.cpu.util[,guest_nice]",0
2026-05-17T21:03:39+00:00,cnsm-db-redis-02,"system.cpu.util[,guest_nice]",0
2026-05-17T21:04:39+00:00,cnsm-db-redis-02,"system.cpu.util[,guest_nice]",0
2026-05-17T21:05:39+00:00,cnsm-db-redis-02,"system.cpu.util[,guest_nice]",0
2026-05-17T21:06:39+00:00,cnsm-db-redis-02,"system.cpu.util[,guest_nice]",0
2026-05-17T21:07:39+00:00,cnsm-db-redis-02,"system.cpu.util[,guest_nice]",0
2026-05-17T21:08:39+00:00,cnsm-db-redis-02,"system.cpu.util[,guest_nice]",0
2026-05-17T21:09:39+00:00,cnsm-db-redis-02,"system.cpu.util[,guest_nice]",0
2026-05-17T21:10:39+00:00,cnsm-db-redis-02,"system.cpu.util[,guest_nice]",0
2026-05-17T21:11:39+00:00,cnsm-db-redis-02,"system.cpu.util[,guest_nice]",0
2026-05-17T21:12:39+00:00,cnsm-db-redis-02,"system.cpu.util[,guest_nice]",0
2026-05-17T21:13:39+00:00,cnsm-db-redis-02,"system.cpu.util[,guest_nice]",0
2026-05-17T21:14:39+00:00,cnsm-db-redis-02,"system.cpu.util[,guest_nice]",0
2026-05-17T21:15:39+00:00,cnsm-db-redis-02,"system.cpu.util[,guest_nice]",0
2026-05-17T21:16:39+00:00,cnsm-db-redis-02,"system.cpu.util[,guest_nice]",0
2026-05-17T21:17:39+00:00,cnsm-db-redis-02,"system.cpu.util[,guest_nice]",0
2026-05-17T21:18:39+00:00,cnsm-db-redis-02,"system.cpu.util[,guest_nice]",0
2026-05-17T21:19:39+00:00,cnsm-db-redis-02,"system.cpu.util[,guest_nice]",0
2026-05-17T21:20:39+00:00,cnsm-db-redis-02,"system.cpu.util[,guest_nice]",0
2026-05-17T21:21:39+00:00,cnsm-db-redis-02,"system.cpu.util[,guest_nice]",0
2026-05-17T21:22:39+00:00,cnsm-db-redis-02,"system.cpu.util[,guest_nice]",0
2026-05-17T21:23:39+00:00,cnsm-db-redis-02,"system.cpu.util[,guest_nice]",0
2026-05-17T21:24:39+00:00,cnsm-db-redis-02,"system.cpu.util[,guest_nice]",0
2026-05-17T21:25:39+00:00,cnsm-db-redis-02,"system.cpu.util[,guest_nice]",0
2026-05-17T21:26:39+00:00,cnsm-db-redis-02,"system.cpu.util[,guest_nice]",0
2026-05-17T21:27:39+00:00,cnsm-db-redis-02,"system.cpu.util[,guest_nice]",0
2026-05-17T21:28:39+00:00,cnsm-db-redis-02,"system.cpu.util[,guest_nice]",0
2026-05-17T21:29:39+00:00,cnsm-db-redis-02,"system.cpu.util[,guest_nice]",0
2026-05-17T21:30:39+00:00,cnsm-db-redis-02,"system.cpu.util[,guest_nice]",0
2026-05-17T21:31:39+00:00,cnsm-db-redis-02,"system.cpu.util[,guest_nice]",0
2026-05-17T21:32:39+00:00,cnsm-db-redis-02,"system.cpu.util[,guest_nice]",0
2026-05-17T21:33:39+00:00,cnsm-db-redis-02,"system.cpu.util[,guest_nice]",0
2026-05-17T21:34:39+00:00,cnsm-db-redis-02,"system.cpu.util[,guest_nice]",0
2026-05-17T21:35:39+00:00,cnsm-db-redis-02,"system.cpu.util[,guest_nice]",0
2026-05-17T21:36:39+00:00,cnsm-db-redis-02,"system.cpu.util[,guest_nice]",0
2026-05-17T21:37:39+00:00,cnsm-db-redis-02,"system.cpu.util[,guest_nice]",0
2026-05-17T21:38:39+00:00,cnsm-db-redis-02,"system.cpu.util[,guest_nice]",0
2026-05-17T21:39:39+00:00,cnsm-db-redis-02,"system.cpu.util[,guest_nice]",0
2026-05-17T21:40:39+00:00,cnsm-db-redis-02,"system.cpu.util[,guest_nice]",0
2026-05-17T20:31:38+00:00,cnsm-db-redis-02,"system.cpu.util[,guest]",0
2026-05-17T20:32:38+00:00,cnsm-db-redis-02,"system.cpu.util[,guest]",0
2026-05-17T20:33:38+00:00,cnsm-db-redis-02,"system.cpu.util[,guest]",0
2026-05-17T20:34:38+00:00,cnsm-db-redis-02,"system.cpu.util[,guest]",0
2026-05-17T20:35:38+00:00,cnsm-db-redis-02,"system.cpu.util[,guest]",0
2026-05-17T20:36:38+00:00,cnsm-db-redis-02,"system.cpu.util[,guest]",0
2026-05-17T20:37:38+00:00,cnsm-db-redis-02,"system.cpu.util[,guest]",0
2026-05-17T20:38:38+00:00,cnsm-db-redis-02,"system.cpu.util[,guest]",0
2026-05-17T20:39:38+00:00,cnsm-db-redis-02,"system.cpu.util[,guest]",0
2026-05-17T20:40:38+00:00,cnsm-db-redis-02,"system.cpu.util[,guest]",0
2026-05-17T20:41:38+00:00,cnsm-db-redis-02,"system.cpu.util[,guest]",0
2026-05-17T20:42:38+00:00,cnsm-db-redis-02,"system.cpu.util[,guest]",0
2026-05-17T20:43:38+00:00,cnsm-db-redis-02,"system.cpu.util[,guest]",0
2026-05-17T20:44:38+00:00,cnsm-db-redis-02,"system.cpu.util[,guest]",0
2026-05-17T20:45:38+00:00,cnsm-db-redis-02,"system.cpu.util[,guest]",0
2026-05-17T20:46:38+00:00,cnsm-db-redis-02,"system.cpu.util[,guest]",0
2026-05-17T20:47:38+00:00,cnsm-db-redis-02,"system.cpu.util[,guest]",0
2026-05-17T20:48:38+00:00,cnsm-db-redis-02,"system.cpu.util[,guest]",0
2026-05-17T20:49:38+00:00,cnsm-db-redis-02,"system.cpu.util[,guest]",0
2026-05-17T20:50:38+00:00,cnsm-db-redis-02,"system.cpu.util[,guest]",0
2026-05-17T20:51:38+00:00,cnsm-db-redis-02,"system.cpu.util[,guest]",0
2026-05-17T20:52:38+00:00,cnsm-db-redis-02,"system.cpu.util[,guest]",0
2026-05-17T20:53:38+00:00,cnsm-db-redis-02,"system.cpu.util[,guest]",0
2026-05-17T20:54:38+00:00,cnsm-db-redis-02,"system.cpu.util[,guest]",0
2026-05-17T20:55:38+00:00,cnsm-db-redis-02,"system.cpu.util[,guest]",0
2026-05-17T20:56:38+00:00,cnsm-db-redis-02,"system.cpu.util[,guest]",0
2026-05-17T20:57:38+00:00,cnsm-db-redis-02,"system.cpu.util[,guest]",0
2026-05-17T20:58:38+00:00,cnsm-db-redis-02,"system.cpu.util[,guest]",0
2026-05-17T20:59:38+00:00,cnsm-db-redis-02,"system.cpu.util[,guest]",0
2026-05-17T21:00:38+00:00,cnsm-db-redis-02,"system.cpu.util[,guest]",0
2026-05-17T21:01:38+00:00,cnsm-db-redis-02,"system.cpu.util[,guest]",0
2026-05-17T21:02:38+00:00,cnsm-db-redis-02,"system.cpu.util[,guest]",0
2026-05-17T21:03:38+00:00,cnsm-db-redis-02,"system.cpu.util[,guest]",0
2026-05-17T21:04:38+00:00,cnsm-db-redis-02,"system.cpu.util[,guest]",0
2026-05-17T21:05:38+00:00,cnsm-db-redis-02,"system.cpu.util[,guest]",0
2026-05-17T21:06:38+00:00,cnsm-db-redis-02,"system.cpu.util[,guest]",0
2026-05-17T21:07:38+00:00,cnsm-db-redis-02,"system.cpu.util[,guest]",0
2026-05-17T21:08:38+00:00,cnsm-db-redis-02,"system.cpu.util[,guest]",0
2026-05-17T21:09:38+00:00,cnsm-db-redis-02,"system.cpu.util[,guest]",0
2026-05-17T21:10:38+00:00,cnsm-db-redis-02,"system.cpu.util[,guest]",0
2026-05-17T21:11:38+00:00,cnsm-db-redis-02,"system.cpu.util[,guest]",0
2026-05-17T21:12:38+00:00,cnsm-db-redis-02,"system.cpu.util[,guest]",0
2026-05-17T21:13:38+00:00,cnsm-db-redis-02,"system.cpu.util[,guest]",0
2026-05-17T21:14:38+00:00,cnsm-db-redis-02,"system.cpu.util[,guest]",0
2026-05-17T21:15:38+00:00,cnsm-db-redis-02,"system.cpu.util[,guest]",0
2026-05-17T21:16:38+00:00,cnsm-db-redis-02,"system.cpu.util[,guest]",0
2026-05-17T21:17:38+00:00,cnsm-db-redis-02,"system.cpu.util[,guest]",0
2026-05-17T21:18:38+00:00,cnsm-db-redis-02,"system.cpu.util[,guest]",0
2026-05-17T21:19:38+00:00,cnsm-db-redis-02,"system.cpu.util[,guest]",0
2026-05-17T21:20:38+00:00,cnsm-db-redis-02,"system.cpu.util[,guest]",0
2026-05-17T21:21:38+00:00,cnsm-db-redis-02,"system.cpu.util[,guest]",0
2026-05-17T21:22:38+00:00,cnsm-db-redis-02,"system.cpu.util[,guest]",0
2026-05-17T21:23:38+00:00,cnsm-db-redis-02,"system.cpu.util[,guest]",0
2026-05-17T21:24:38+00:00,cnsm-db-redis-02,"system.cpu.util[,guest]",0
2026-05-17T21:25:38+00:00,cnsm-db-redis-02,"system.cpu.util[,guest]",0
2026-05-17T21:26:38+00:00,cnsm-db-redis-02,"system.cpu.util[,guest]",0
2026-05-17T21:27:38+00:00,cnsm-db-redis-02,"system.cpu.util[,guest]",0
2026-05-17T21:28:38+00:00,cnsm-db-redis-02,"system.cpu.util[,guest]",0
2026-05-17T21:29:38+00:00,cnsm-db-redis-02,"system.cpu.util[,guest]",0
2026-05-17T21:30:38+00:00,cnsm-db-redis-02,"system.cpu.util[,guest]",0
2026-05-17T21:31:38+00:00,cnsm-db-redis-02,"system.cpu.util[,guest]",0
2026-05-17T21:32:38+00:00,cnsm-db-redis-02,"system.cpu.util[,guest]",0
2026-05-17T21:33:38+00:00,cnsm-db-redis-02,"system.cpu.util[,guest]",0
2026-05-17T21:34:38+00:00,cnsm-db-redis-02,"system.cpu.util[,guest]",0
2026-05-17T21:35:38+00:00,cnsm-db-redis-02,"system.cpu.util[,guest]",0
2026-05-17T21:36:38+00:00,cnsm-db-redis-02,"system.cpu.util[,guest]",0
2026-05-17T21:37:38+00:00,cnsm-db-redis-02,"system.cpu.util[,guest]",0
2026-05-17T21:38:38+00:00,cnsm-db-redis-02,"system.cpu.util[,guest]",0
2026-05-17T21:39:38+00:00,cnsm-db-redis-02,"system.cpu.util[,guest]",0
2026-05-17T21:40:38+00:00,cnsm-db-redis-02,"system.cpu.util[,guest]",0
2026-05-17T20:31:40+00:00,cnsm-db-redis-02,"system.cpu.util[,idle]",87.049116
2026-05-17T20:32:40+00:00,cnsm-db-redis-02,"system.cpu.util[,idle]",87.268725
2026-05-17T20:33:40+00:00,cnsm-db-redis-02,"system.cpu.util[,idle]",88.153855
2026-05-17T20:34:40+00:00,cnsm-db-redis-02,"system.cpu.util[,idle]",87.984172
2026-05-17T20:35:40+00:00,cnsm-db-redis-02,"system.cpu.util[,idle]",87.280616
2026-05-17T20:36:40+00:00,cnsm-db-redis-02,"system.cpu.util[,idle]",86.900621
2026-05-17T20:37:40+00:00,cnsm-db-redis-02,"system.cpu.util[,idle]",86.733075
2026-05-17T20:38:40+00:00,cnsm-db-redis-02,"system.cpu.util[,idle]",87.862157
2026-05-17T20:39:40+00:00,cnsm-db-redis-02,"system.cpu.util[,idle]",88.12038
2026-05-17T20:40:40+00:00,cnsm-db-redis-02,"system.cpu.util[,idle]",87.119549
2026-05-17T20:41:40+00:00,cnsm-db-redis-02,"system.cpu.util[,idle]",86.890091
2026-05-17T20:42:40+00:00,cnsm-db-redis-02,"system.cpu.util[,idle]",88.493479
2026-05-17T20:43:40+00:00,cnsm-db-redis-02,"system.cpu.util[,idle]",87.893112
2026-05-17T20:44:40+00:00,cnsm-db-redis-02,"system.cpu.util[,idle]",87.287497
2026-05-17T20:45:40+00:00,cnsm-db-redis-02,"system.cpu.util[,idle]",88.659219
2026-05-17T20:46:40+00:00,cnsm-db-redis-02,"system.cpu.util[,idle]",87.874226
2026-05-17T20:47:40+00:00,cnsm-db-redis-02,"system.cpu.util[,idle]",87.34223
2026-05-17T20:48:40+00:00,cnsm-db-redis-02,"system.cpu.util[,idle]",87.837763
2026-05-17T20:49:40+00:00,cnsm-db-redis-02,"system.cpu.util[,idle]",87.546949
2026-05-17T20:50:40+00:00,cnsm-db-redis-02,"system.cpu.util[,idle]",87.530624
2026-05-17T20:51:40+00:00,cnsm-db-redis-02,"system.cpu.util[,idle]",87.861529
2026-05-17T20:52:40+00:00,cnsm-db-redis-02,"system.cpu.util[,idle]",88.364062
2026-05-17T20:53:40+00:00,cnsm-db-redis-02,"system.cpu.util[,idle]",86.892596
2026-05-17T20:54:40+00:00,cnsm-db-redis-02,"system.cpu.util[,idle]",88.269263
2026-05-17T20:55:40+00:00,cnsm-db-redis-02,"system.cpu.util[,idle]",88.070068
2026-05-17T20:56:40+00:00,cnsm-db-redis-02,"system.cpu.util[,idle]",87.446298
2026-05-17T20:57:40+00:00,cnsm-db-redis-02,"system.cpu.util[,idle]",87.243051
2026-05-17T20:58:40+00:00,cnsm-db-redis-02,"system.cpu.util[,idle]",88.200106
2026-05-17T20:59:40+00:00,cnsm-db-redis-02,"system.cpu.util[,idle]",87.814599
2026-05-17T21:00:40+00:00,cnsm-db-redis-02,"system.cpu.util[,idle]",87.160163
2026-05-17T21:01:40+00:00,cnsm-db-redis-02,"system.cpu.util[,idle]",49.656333
2026-05-17T21:02:40+00:00,cnsm-db-redis-02,"system.cpu.util[,idle]",28.030688
2026-05-17T21:03:40+00:00,cnsm-db-redis-02,"system.cpu.util[,idle]",27.053017
2026-05-17T21:04:40+00:00,cnsm-db-redis-02,"system.cpu.util[,idle]",26.333878
2026-05-17T21:05:40+00:00,cnsm-db-redis-02,"system.cpu.util[,idle]",28.161665
2026-05-17T21:06:40+00:00,cnsm-db-redis-02,"system.cpu.util[,idle]",27.078405
2026-05-17T21:07:40+00:00,cnsm-db-redis-02,"system.cpu.util[,idle]",26.885689
2026-05-17T21:08:40+00:00,cnsm-db-redis-02,"system.cpu.util[,idle]",26.553386
2026-05-17T21:09:40+00:00,cnsm-db-redis-02,"system.cpu.util[,idle]",27.160529
2026-05-17T21:10:40+00:00,cnsm-db-redis-02,"system.cpu.util[,idle]",27.693956
2026-05-17T21:11:40+00:00,cnsm-db-redis-02,"system.cpu.util[,idle]",86.290007
2026-05-17T21:12:40+00:00,cnsm-db-redis-02,"system.cpu.util[,idle]",86.485205
2026-05-17T21:13:40+00:00,cnsm-db-redis-02,"system.cpu.util[,idle]",86.679876
2026-05-17T21:14:40+00:00,cnsm-db-redis-02,"system.cpu.util[,idle]",86.578639
2026-05-17T21:15:40+00:00,cnsm-db-redis-02,"system.cpu.util[,idle]",86.578618
2026-05-17T21:16:40+00:00,cnsm-db-redis-02,"system.cpu.util[,idle]",87.027928
2026-05-17T21:17:40+00:00,cnsm-db-redis-02,"system.cpu.util[,idle]",87.265374
2026-05-17T21:18:40+00:00,cnsm-db-redis-02,"system.cpu.util[,idle]",86.680791
2026-05-17T21:19:40+00:00,cnsm-db-redis-02,"system.cpu.util[,idle]",87.227041
2026-05-17T21:20:40+00:00,cnsm-db-redis-02,"system.cpu.util[,idle]",87.928058
2026-05-17T21:21:40+00:00,cnsm-db-redis-02,"system.cpu.util[,idle]",87.355331
2026-05-17T21:22:40+00:00,cnsm-db-redis-02,"system.cpu.util[,idle]",87.121445
2026-05-17T21:23:40+00:00,cnsm-db-redis-02,"system.cpu.util[,idle]",86.890812
2026-05-17T21:24:40+00:00,cnsm-db-redis-02,"system.cpu.util[,idle]",88.107324
2026-05-17T21:25:40+00:00,cnsm-db-redis-02,"system.cpu.util[,idle]",87.672987
2026-05-17T21:26:40+00:00,cnsm-db-redis-02,"system.cpu.util[,idle]",87.332739
2026-05-17T21:27:40+00:00,cnsm-db-redis-02,"system.cpu.util[,idle]",87.656968
2026-05-17T21:28:40+00:00,cnsm-db-redis-02,"system.cpu.util[,idle]",86.921216
2026-05-17T21:29:40+00:00,cnsm-db-redis-02,"system.cpu.util[,idle]",87.224559
2026-05-17T21:30:40+00:00,cnsm-db-redis-02,"system.cpu.util[,idle]",88.527554
2026-05-17T21:31:40+00:00,cnsm-db-redis-02,"system.cpu.util[,idle]",87.383854
2026-05-17T21:32:40+00:00,cnsm-db-redis-02,"system.cpu.util[,idle]",87.230662
2026-05-17T21:33:40+00:00,cnsm-db-redis-02,"system.cpu.util[,idle]",87.17513
2026-05-17T21:34:40+00:00,cnsm-db-redis-02,"system.cpu.util[,idle]",87.864254
2026-05-17T21:35:40+00:00,cnsm-db-redis-02,"system.cpu.util[,idle]",87.454419
2026-05-17T21:36:40+00:00,cnsm-db-redis-02,"system.cpu.util[,idle]",87.896101
2026-05-17T21:37:40+00:00,cnsm-db-redis-02,"system.cpu.util[,idle]",87.292433
2026-05-17T21:38:40+00:00,cnsm-db-redis-02,"system.cpu.util[,idle]",87.419023
2026-05-17T21:39:40+00:00,cnsm-db-redis-02,"system.cpu.util[,idle]",87.8798
2026-05-17T21:40:40+00:00,cnsm-db-redis-02,"system.cpu.util[,idle]",87.88073
2026-05-17T20:31:41+00:00,cnsm-db-redis-02,"system.cpu.util[,interrupt]",0
2026-05-17T20:32:41+00:00,cnsm-db-redis-02,"system.cpu.util[,interrupt]",0
2026-05-17T20:33:41+00:00,cnsm-db-redis-02,"system.cpu.util[,interrupt]",0
2026-05-17T20:34:41+00:00,cnsm-db-redis-02,"system.cpu.util[,interrupt]",0
2026-05-17T20:35:41+00:00,cnsm-db-redis-02,"system.cpu.util[,interrupt]",0
2026-05-17T20:36:41+00:00,cnsm-db-redis-02,"system.cpu.util[,interrupt]",0
2026-05-17T20:37:41+00:00,cnsm-db-redis-02,"system.cpu.util[,interrupt]",0
2026-05-17T20:38:41+00:00,cnsm-db-redis-02,"system.cpu.util[,interrupt]",0
2026-05-17T20:39:41+00:00,cnsm-db-redis-02,"system.cpu.util[,interrupt]",0
2026-05-17T20:40:41+00:00,cnsm-db-redis-02,"system.cpu.util[,interrupt]",0
2026-05-17T20:41:41+00:00,cnsm-db-redis-02,"system.cpu.util[,interrupt]",0
2026-05-17T20:42:41+00:00,cnsm-db-redis-02,"system.cpu.util[,interrupt]",0
2026-05-17T20:43:41+00:00,cnsm-db-redis-02,"system.cpu.util[,interrupt]",0
2026-05-17T20:44:41+00:00,cnsm-db-redis-02,"system.cpu.util[,interrupt]",0
2026-05-17T20:45:41+00:00,cnsm-db-redis-02,"system.cpu.util[,interrupt]",0
2026-05-17T20:46:41+00:00,cnsm-db-redis-02,"system.cpu.util[,interrupt]",0
2026-05-17T20:47:41+00:00,cnsm-db-redis-02,"system.cpu.util[,interrupt]",0
2026-05-17T20:48:41+00:00,cnsm-db-redis-02,"system.cpu.util[,interrupt]",0
2026-05-17T20:49:41+00:00,cnsm-db-redis-02,"system.cpu.util[,interrupt]",0
2026-05-17T20:50:41+00:00,cnsm-db-redis-02,"system.cpu.util[,interrupt]",0
2026-05-17T20:51:41+00:00,cnsm-db-redis-02,"system.cpu.util[,interrupt]",0
2026-05-17T20:52:41+00:00,cnsm-db-redis-02,"system.cpu.util[,interrupt]",0
2026-05-17T20:53:41+00:00,cnsm-db-redis-02,"system.cpu.util[,interrupt]",0
2026-05-17T20:54:41+00:00,cnsm-db-redis-02,"system.cpu.util[,interrupt]",0
2026-05-17T20:55:41+00:00,cnsm-db-redis-02,"system.cpu.util[,interrupt]",0
2026-05-17T20:56:41+00:00,cnsm-db-redis-02,"system.cpu.util[,interrupt]",0
2026-05-17T20:57:41+00:00,cnsm-db-redis-02,"system.cpu.util[,interrupt]",0
2026-05-17T20:58:41+00:00,cnsm-db-redis-02,"system.cpu.util[,interrupt]",0
2026-05-17T20:59:41+00:00,cnsm-db-redis-02,"system.cpu.util[,interrupt]",0
2026-05-17T21:00:41+00:00,cnsm-db-redis-02,"system.cpu.util[,interrupt]",0
2026-05-17T21:01:41+00:00,cnsm-db-redis-02,"system.cpu.util[,interrupt]",0
2026-05-17T21:02:41+00:00,cnsm-db-redis-02,"system.cpu.util[,interrupt]",0
2026-05-17T21:03:41+00:00,cnsm-db-redis-02,"system.cpu.util[,interrupt]",0
2026-05-17T21:04:41+00:00,cnsm-db-redis-02,"system.cpu.util[,interrupt]",0
2026-05-17T21:05:41+00:00,cnsm-db-redis-02,"system.cpu.util[,interrupt]",0
2026-05-17T21:06:41+00:00,cnsm-db-redis-02,"system.cpu.util[,interrupt]",0
2026-05-17T21:07:41+00:00,cnsm-db-redis-02,"system.cpu.util[,interrupt]",0
2026-05-17T21:08:41+00:00,cnsm-db-redis-02,"system.cpu.util[,interrupt]",0
2026-05-17T21:09:41+00:00,cnsm-db-redis-02,"system.cpu.util[,interrupt]",0
2026-05-17T21:10:41+00:00,cnsm-db-redis-02,"system.cpu.util[,interrupt]",0
2026-05-17T21:11:41+00:00,cnsm-db-redis-02,"system.cpu.util[,interrupt]",0
2026-05-17T21:12:41+00:00,cnsm-db-redis-02,"system.cpu.util[,interrupt]",0
2026-05-17T21:13:41+00:00,cnsm-db-redis-02,"system.cpu.util[,interrupt]",0
2026-05-17T21:14:41+00:00,cnsm-db-redis-02,"system.cpu.util[,interrupt]",0
2026-05-17T21:15:41+00:00,cnsm-db-redis-02,"system.cpu.util[,interrupt]",0
2026-05-17T21:16:41+00:00,cnsm-db-redis-02,"system.cpu.util[,interrupt]",0
2026-05-17T21:17:41+00:00,cnsm-db-redis-02,"system.cpu.util[,interrupt]",0
2026-05-17T21:18:41+00:00,cnsm-db-redis-02,"system.cpu.util[,interrupt]",0
2026-05-17T21:19:41+00:00,cnsm-db-redis-02,"system.cpu.util[,interrupt]",0
2026-05-17T21:20:41+00:00,cnsm-db-redis-02,"system.cpu.util[,interrupt]",0
2026-05-17T21:21:41+00:00,cnsm-db-redis-02,"system.cpu.util[,interrupt]",0
2026-05-17T21:22:41+00:00,cnsm-db-redis-02,"system.cpu.util[,interrupt]",0
2026-05-17T21:23:41+00:00,cnsm-db-redis-02,"system.cpu.util[,interrupt]",0
2026-05-17T21:24:41+00:00,cnsm-db-redis-02,"system.cpu.util[,interrupt]",0
2026-05-17T21:25:41+00:00,cnsm-db-redis-02,"system.cpu.util[,interrupt]",0
2026-05-17T21:26:41+00:00,cnsm-db-redis-02,"system.cpu.util[,interrupt]",0
2026-05-17T21:27:41+00:00,cnsm-db-redis-02,"system.cpu.util[,interrupt]",0
2026-05-17T21:28:41+00:00,cnsm-db-redis-02,"system.cpu.util[,interrupt]",0
2026-05-17T21:29:41+00:00,cnsm-db-redis-02,"system.cpu.util[,interrupt]",0
2026-05-17T21:30:41+00:00,cnsm-db-redis-02,"system.cpu.util[,interrupt]",0
2026-05-17T21:31:41+00:00,cnsm-db-redis-02,"system.cpu.util[,interrupt]",0
2026-05-17T21:32:41+00:00,cnsm-db-redis-02,"system.cpu.util[,interrupt]",0
2026-05-17T21:33:41+00:00,cnsm-db-redis-02,"system.cpu.util[,interrupt]",0
2026-05-17T21:34:41+00:00,cnsm-db-redis-02,"system.cpu.util[,interrupt]",0
2026-05-17T21:35:41+00:00,cnsm-db-redis-02,"system.cpu.util[,interrupt]",0
2026-05-17T21:36:41+00:00,cnsm-db-redis-02,"system.cpu.util[,interrupt]",0
2026-05-17T21:37:41+00:00,cnsm-db-redis-02,"system.cpu.util[,interrupt]",0
2026-05-17T21:38:41+00:00,cnsm-db-redis-02,"system.cpu.util[,interrupt]",0
2026-05-17T21:39:41+00:00,cnsm-db-redis-02,"system.cpu.util[,interrupt]",0
2026-05-17T20:31:34+00:00,cnsm-db-redis-02,"system.cpu.util[,iowait]",0.002786
2026-05-17T20:32:34+00:00,cnsm-db-redis-02,"system.cpu.util[,iowait]",0.002787
2026-05-17T20:33:34+00:00,cnsm-db-redis-02,"system.cpu.util[,iowait]",0.00279
2026-05-17T20:34:34+00:00,cnsm-db-redis-02,"system.cpu.util[,iowait]",0.002788
2026-05-17T20:35:34+00:00,cnsm-db-redis-02,"system.cpu.util[,iowait]",0.002782
2026-05-17T20:36:34+00:00,cnsm-db-redis-02,"system.cpu.util[,iowait]",0.002782
2026-05-17T20:37:34+00:00,cnsm-db-redis-02,"system.cpu.util[,iowait]",0.002783
2026-05-17T20:38:34+00:00,cnsm-db-redis-02,"system.cpu.util[,iowait]",0.002785
2026-05-17T20:39:34+00:00,cnsm-db-redis-02,"system.cpu.util[,iowait]",0.00278
2026-05-17T20:40:34+00:00,cnsm-db-redis-02,"system.cpu.util[,iowait]",0.00278
2026-05-17T20:41:34+00:00,cnsm-db-redis-02,"system.cpu.util[,iowait]",0.002788
2026-05-17T20:42:34+00:00,cnsm-db-redis-02,"system.cpu.util[,iowait]",0.002788
2026-05-17T20:43:34+00:00,cnsm-db-redis-02,"system.cpu.util[,iowait]",0
2026-05-17T20:44:34+00:00,cnsm-db-redis-02,"system.cpu.util[,iowait]",0.00279
2026-05-17T20:45:34+00:00,cnsm-db-redis-02,"system.cpu.util[,iowait]",0.002786
2026-05-17T20:46:34+00:00,cnsm-db-redis-02,"system.cpu.util[,iowait]",0.002788
2026-05-17T20:47:34+00:00,cnsm-db-redis-02,"system.cpu.util[,iowait]",0.002783
2026-05-17T20:48:34+00:00,cnsm-db-redis-02,"system.cpu.util[,iowait]",0
2026-05-17T20:49:34+00:00,cnsm-db-redis-02,"system.cpu.util[,iowait]",0.005567
2026-05-17T20:50:34+00:00,cnsm-db-redis-02,"system.cpu.util[,iowait]",0.002783
2026-05-17T20:51:34+00:00,cnsm-db-redis-02,"system.cpu.util[,iowait]",0
2026-05-17T20:52:34+00:00,cnsm-db-redis-02,"system.cpu.util[,iowait]",0.005571
2026-05-17T20:53:34+00:00,cnsm-db-redis-02,"system.cpu.util[,iowait]",0.002784
2026-05-17T20:54:34+00:00,cnsm-db-redis-02,"system.cpu.util[,iowait]",0
2026-05-17T20:55:34+00:00,cnsm-db-redis-02,"system.cpu.util[,iowait]",0.00279
2026-05-17T20:56:34+00:00,cnsm-db-redis-02,"system.cpu.util[,iowait]",0
2026-05-17T20:57:34+00:00,cnsm-db-redis-02,"system.cpu.util[,iowait]",0.005571
2026-05-17T20:58:34+00:00,cnsm-db-redis-02,"system.cpu.util[,iowait]",0
2026-05-17T20:59:34+00:00,cnsm-db-redis-02,"system.cpu.util[,iowait]",0.002788
2026-05-17T21:00:34+00:00,cnsm-db-redis-02,"system.cpu.util[,iowait]",0.002791
2026-05-17T21:01:34+00:00,cnsm-db-redis-02,"system.cpu.util[,iowait]",0.002803
2026-05-17T21:02:34+00:00,cnsm-db-redis-02,"system.cpu.util[,iowait]",0
2026-05-17T21:03:34+00:00,cnsm-db-redis-02,"system.cpu.util[,iowait]",0
2026-05-17T21:04:34+00:00,cnsm-db-redis-02,"system.cpu.util[,iowait]",0.002818
2026-05-17T21:05:34+00:00,cnsm-db-redis-02,"system.cpu.util[,iowait]",0
2026-05-17T21:06:34+00:00,cnsm-db-redis-02,"system.cpu.util[,iowait]",0
2026-05-17T21:07:34+00:00,cnsm-db-redis-02,"system.cpu.util[,iowait]",0.002819
2026-05-17T21:08:34+00:00,cnsm-db-redis-02,"system.cpu.util[,iowait]",0
2026-05-17T21:09:34+00:00,cnsm-db-redis-02,"system.cpu.util[,iowait]",0
2026-05-17T21:10:34+00:00,cnsm-db-redis-02,"system.cpu.util[,iowait]",0.002821
2026-05-17T21:11:34+00:00,cnsm-db-redis-02,"system.cpu.util[,iowait]",0.002795
2026-05-17T21:12:34+00:00,cnsm-db-redis-02,"system.cpu.util[,iowait]",0.002791
2026-05-17T21:13:34+00:00,cnsm-db-redis-02,"system.cpu.util[,iowait]",0.002789
2026-05-17T21:14:34+00:00,cnsm-db-redis-02,"system.cpu.util[,iowait]",0.002786
2026-05-17T21:15:34+00:00,cnsm-db-redis-02,"system.cpu.util[,iowait]",0.002785
2026-05-17T21:16:34+00:00,cnsm-db-redis-02,"system.cpu.util[,iowait]",0
2026-05-17T21:17:34+00:00,cnsm-db-redis-02,"system.cpu.util[,iowait]",0.005577
2026-05-17T21:18:34+00:00,cnsm-db-redis-02,"system.cpu.util[,iowait]",0
2026-05-17T21:19:34+00:00,cnsm-db-redis-02,"system.cpu.util[,iowait]",0.002789
2026-05-17T21:20:34+00:00,cnsm-db-redis-02,"system.cpu.util[,iowait]",0.002785
2026-05-17T21:21:34+00:00,cnsm-db-redis-02,"system.cpu.util[,iowait]",0
2026-05-17T21:22:34+00:00,cnsm-db-redis-02,"system.cpu.util[,iowait]",0.005582
2026-05-17T21:23:34+00:00,cnsm-db-redis-02,"system.cpu.util[,iowait]",0.002783
2026-05-17T21:24:34+00:00,cnsm-db-redis-02,"system.cpu.util[,iowait]",0.002789
2026-05-17T21:25:34+00:00,cnsm-db-redis-02,"system.cpu.util[,iowait]",0.002789
2026-05-17T21:26:34+00:00,cnsm-db-redis-02,"system.cpu.util[,iowait]",0
2026-05-17T21:27:34+00:00,cnsm-db-redis-02,"system.cpu.util[,iowait]",0.005574
2026-05-17T21:28:34+00:00,cnsm-db-redis-02,"system.cpu.util[,iowait]",0.002778
2026-05-17T21:29:34+00:00,cnsm-db-redis-02,"system.cpu.util[,iowait]",0.002785
2026-05-17T21:30:34+00:00,cnsm-db-redis-02,"system.cpu.util[,iowait]",0.002782
2026-05-17T21:31:34+00:00,cnsm-db-redis-02,"system.cpu.util[,iowait]",0.002782
2026-05-17T21:32:34+00:00,cnsm-db-redis-02,"system.cpu.util[,iowait]",0
2026-05-17T21:33:34+00:00,cnsm-db-redis-02,"system.cpu.util[,iowait]",0.002785
2026-05-17T21:34:34+00:00,cnsm-db-redis-02,"system.cpu.util[,iowait]",0.002788
2026-05-17T21:35:34+00:00,cnsm-db-redis-02,"system.cpu.util[,iowait]",0.002784
2026-05-17T21:36:34+00:00,cnsm-db-redis-02,"system.cpu.util[,iowait]",0.002789
2026-05-17T21:37:34+00:00,cnsm-db-redis-02,"system.cpu.util[,iowait]",0.002784
2026-05-17T21:38:34+00:00,cnsm-db-redis-02,"system.cpu.util[,iowait]",0
2026-05-17T21:39:34+00:00,cnsm-db-redis-02,"system.cpu.util[,iowait]",0.002779
2026-05-17T21:40:34+00:00,cnsm-db-redis-02,"system.cpu.util[,iowait]",0.002787
2026-05-17T20:31:23+00:00,cnsm-db-redis-02,"system.cpu.util[,nice]",0
2026-05-17T20:32:23+00:00,cnsm-db-redis-02,"system.cpu.util[,nice]",0
2026-05-17T20:33:23+00:00,cnsm-db-redis-02,"system.cpu.util[,nice]",0
2026-05-17T20:34:23+00:00,cnsm-db-redis-02,"system.cpu.util[,nice]",0
2026-05-17T20:35:23+00:00,cnsm-db-redis-02,"system.cpu.util[,nice]",0
2026-05-17T20:36:23+00:00,cnsm-db-redis-02,"system.cpu.util[,nice]",0
2026-05-17T20:37:23+00:00,cnsm-db-redis-02,"system.cpu.util[,nice]",0
2026-05-17T20:38:23+00:00,cnsm-db-redis-02,"system.cpu.util[,nice]",0
2026-05-17T20:39:23+00:00,cnsm-db-redis-02,"system.cpu.util[,nice]",0
2026-05-17T20:40:23+00:00,cnsm-db-redis-02,"system.cpu.util[,nice]",0
2026-05-17T20:41:23+00:00,cnsm-db-redis-02,"system.cpu.util[,nice]",0
2026-05-17T20:42:23+00:00,cnsm-db-redis-02,"system.cpu.util[,nice]",0
2026-05-17T20:43:23+00:00,cnsm-db-redis-02,"system.cpu.util[,nice]",0
2026-05-17T20:44:23+00:00,cnsm-db-redis-02,"system.cpu.util[,nice]",0
2026-05-17T20:45:23+00:00,cnsm-db-redis-02,"system.cpu.util[,nice]",0
2026-05-17T20:46:23+00:00,cnsm-db-redis-02,"system.cpu.util[,nice]",0
2026-05-17T20:47:23+00:00,cnsm-db-redis-02,"system.cpu.util[,nice]",0
2026-05-17T20:48:23+00:00,cnsm-db-redis-02,"system.cpu.util[,nice]",0
2026-05-17T20:49:23+00:00,cnsm-db-redis-02,"system.cpu.util[,nice]",0
2026-05-17T20:50:23+00:00,cnsm-db-redis-02,"system.cpu.util[,nice]",0
2026-05-17T20:51:23+00:00,cnsm-db-redis-02,"system.cpu.util[,nice]",0
2026-05-17T20:52:23+00:00,cnsm-db-redis-02,"system.cpu.util[,nice]",0
2026-05-17T20:53:23+00:00,cnsm-db-redis-02,"system.cpu.util[,nice]",0
2026-05-17T20:54:23+00:00,cnsm-db-redis-02,"system.cpu.util[,nice]",0
2026-05-17T20:55:23+00:00,cnsm-db-redis-02,"system.cpu.util[,nice]",0
2026-05-17T20:56:23+00:00,cnsm-db-redis-02,"system.cpu.util[,nice]",0
2026-05-17T20:57:23+00:00,cnsm-db-redis-02,"system.cpu.util[,nice]",0
2026-05-17T20:58:23+00:00,cnsm-db-redis-02,"system.cpu.util[,nice]",0
2026-05-17T20:59:23+00:00,cnsm-db-redis-02,"system.cpu.util[,nice]",0
2026-05-17T21:00:23+00:00,cnsm-db-redis-02,"system.cpu.util[,nice]",0
2026-05-17T21:01:23+00:00,cnsm-db-redis-02,"system.cpu.util[,nice]",0
2026-05-17T21:02:23+00:00,cnsm-db-redis-02,"system.cpu.util[,nice]",0
2026-05-17T21:03:23+00:00,cnsm-db-redis-02,"system.cpu.util[,nice]",0
2026-05-17T21:04:23+00:00,cnsm-db-redis-02,"system.cpu.util[,nice]",0
2026-05-17T21:05:23+00:00,cnsm-db-redis-02,"system.cpu.util[,nice]",0
2026-05-17T21:06:23+00:00,cnsm-db-redis-02,"system.cpu.util[,nice]",0
2026-05-17T21:07:23+00:00,cnsm-db-redis-02,"system.cpu.util[,nice]",0
2026-05-17T21:08:23+00:00,cnsm-db-redis-02,"system.cpu.util[,nice]",0
2026-05-17T21:09:23+00:00,cnsm-db-redis-02,"system.cpu.util[,nice]",0
2026-05-17T21:10:23+00:00,cnsm-db-redis-02,"system.cpu.util[,nice]",0
2026-05-17T21:11:23+00:00,cnsm-db-redis-02,"system.cpu.util[,nice]",0
2026-05-17T21:12:23+00:00,cnsm-db-redis-02,"system.cpu.util[,nice]",0
2026-05-17T21:13:23+00:00,cnsm-db-redis-02,"system.cpu.util[,nice]",0
2026-05-17T21:14:23+00:00,cnsm-db-redis-02,"system.cpu.util[,nice]",0
2026-05-17T21:15:23+00:00,cnsm-db-redis-02,"system.cpu.util[,nice]",0
2026-05-17T21:16:23+00:00,cnsm-db-redis-02,"system.cpu.util[,nice]",0
2026-05-17T21:17:23+00:00,cnsm-db-redis-02,"system.cpu.util[,nice]",0
2026-05-17T21:18:23+00:00,cnsm-db-redis-02,"system.cpu.util[,nice]",0
2026-05-17T21:19:23+00:00,cnsm-db-redis-02,"system.cpu.util[,nice]",0
2026-05-17T21:20:23+00:00,cnsm-db-redis-02,"system.cpu.util[,nice]",0
2026-05-17T21:21:23+00:00,cnsm-db-redis-02,"system.cpu.util[,nice]",0
2026-05-17T21:22:23+00:00,cnsm-db-redis-02,"system.cpu.util[,nice]",0
2026-05-17T21:23:23+00:00,cnsm-db-redis-02,"system.cpu.util[,nice]",0
2026-05-17T21:24:23+00:00,cnsm-db-redis-02,"system.cpu.util[,nice]",0
2026-05-17T21:25:23+00:00,cnsm-db-redis-02,"system.cpu.util[,nice]",0
2026-05-17T21:26:23+00:00,cnsm-db-redis-02,"system.cpu.util[,nice]",0
2026-05-17T21:27:23+00:00,cnsm-db-redis-02,"system.cpu.util[,nice]",0
2026-05-17T21:28:23+00:00,cnsm-db-redis-02,"system.cpu.util[,nice]",0
2026-05-17T21:29:23+00:00,cnsm-db-redis-02,"system.cpu.util[,nice]",0
2026-05-17T21:30:23+00:00,cnsm-db-redis-02,"system.cpu.util[,nice]",0
2026-05-17T21:31:23+00:00,cnsm-db-redis-02,"system.cpu.util[,nice]",0
2026-05-17T21:32:23+00:00,cnsm-db-redis-02,"system.cpu.util[,nice]",0
2026-05-17T21:33:23+00:00,cnsm-db-redis-02,"system.cpu.util[,nice]",0
2026-05-17T21:34:23+00:00,cnsm-db-redis-02,"system.cpu.util[,nice]",0
2026-05-17T21:35:23+00:00,cnsm-db-redis-02,"system.cpu.util[,nice]",0
2026-05-17T21:36:23+00:00,cnsm-db-redis-02,"system.cpu.util[,nice]",0
2026-05-17T21:37:23+00:00,cnsm-db-redis-02,"system.cpu.util[,nice]",0
2026-05-17T21:38:23+00:00,cnsm-db-redis-02,"system.cpu.util[,nice]",0
2026-05-17T21:39:23+00:00,cnsm-db-redis-02,"system.cpu.util[,nice]",0
2026-05-17T21:40:23+00:00,cnsm-db-redis-02,"system.cpu.util[,nice]",0
2026-05-17T20:31:13+00:00,cnsm-db-redis-02,"system.cpu.util[,softirq]",2.471165
2026-05-17T20:32:13+00:00,cnsm-db-redis-02,"system.cpu.util[,softirq]",2.887563
2026-05-17T20:33:13+00:00,cnsm-db-redis-02,"system.cpu.util[,softirq]",2.62328
2026-05-17T20:34:13+00:00,cnsm-db-redis-02,"system.cpu.util[,softirq]",2.659708
2026-05-17T20:35:13+00:00,cnsm-db-redis-02,"system.cpu.util[,softirq]",2.49138
2026-05-17T20:36:13+00:00,cnsm-db-redis-02,"system.cpu.util[,softirq]",3.037813
2026-05-17T20:37:13+00:00,cnsm-db-redis-02,"system.cpu.util[,softirq]",3.137942
2026-05-17T20:38:13+00:00,cnsm-db-redis-02,"system.cpu.util[,softirq]",2.964284
2026-05-17T20:39:13+00:00,cnsm-db-redis-02,"system.cpu.util[,softirq]",2.78512
2026-05-17T20:40:13+00:00,cnsm-db-redis-02,"system.cpu.util[,softirq]",2.787108
2026-05-17T20:41:13+00:00,cnsm-db-redis-02,"system.cpu.util[,softirq]",2.653733
2026-05-17T20:42:13+00:00,cnsm-db-redis-02,"system.cpu.util[,softirq]",2.867184
2026-05-17T20:43:13+00:00,cnsm-db-redis-02,"system.cpu.util[,softirq]",2.475523
2026-05-17T20:44:13+00:00,cnsm-db-redis-02,"system.cpu.util[,softirq]",2.842334
2026-05-17T20:45:13+00:00,cnsm-db-redis-02,"system.cpu.util[,softirq]",2.637081
2026-05-17T20:46:13+00:00,cnsm-db-redis-02,"system.cpu.util[,softirq]",2.480283
2026-05-17T20:47:13+00:00,cnsm-db-redis-02,"system.cpu.util[,softirq]",2.571604
2026-05-17T20:48:13+00:00,cnsm-db-redis-02,"system.cpu.util[,softirq]",3.033167
2026-05-17T20:49:13+00:00,cnsm-db-redis-02,"system.cpu.util[,softirq]",2.851812
2026-05-17T20:50:13+00:00,cnsm-db-redis-02,"system.cpu.util[,softirq]",2.537392
2026-05-17T20:51:13+00:00,cnsm-db-redis-02,"system.cpu.util[,softirq]",2.987356
2026-05-17T20:52:13+00:00,cnsm-db-redis-02,"system.cpu.util[,softirq]",2.524002
2026-05-17T20:53:13+00:00,cnsm-db-redis-02,"system.cpu.util[,softirq]",2.770739
2026-05-17T20:54:13+00:00,cnsm-db-redis-02,"system.cpu.util[,softirq]",2.679493
2026-05-17T20:55:13+00:00,cnsm-db-redis-02,"system.cpu.util[,softirq]",2.714983
2026-05-17T20:56:13+00:00,cnsm-db-redis-02,"system.cpu.util[,softirq]",2.203872
2026-05-17T20:57:13+00:00,cnsm-db-redis-02,"system.cpu.util[,softirq]",2.625998
2026-05-17T20:58:13+00:00,cnsm-db-redis-02,"system.cpu.util[,softirq]",3.082525
2026-05-17T20:59:13+00:00,cnsm-db-redis-02,"system.cpu.util[,softirq]",2.661057
2026-05-17T21:00:13+00:00,cnsm-db-redis-02,"system.cpu.util[,softirq]",2.546296
2026-05-17T21:01:13+00:00,cnsm-db-redis-02,"system.cpu.util[,softirq]",2.513686
2026-05-17T21:02:13+00:00,cnsm-db-redis-02,"system.cpu.util[,softirq]",2.44363
2026-05-17T21:03:13+00:00,cnsm-db-redis-02,"system.cpu.util[,softirq]",2.355962
2026-05-17T21:04:13+00:00,cnsm-db-redis-02,"system.cpu.util[,softirq]",2.669034
2026-05-17T21:05:13+00:00,cnsm-db-redis-02,"system.cpu.util[,softirq]",2.157908
2026-05-17T21:06:13+00:00,cnsm-db-redis-02,"system.cpu.util[,softirq]",2.463956
2026-05-17T21:07:13+00:00,cnsm-db-redis-02,"system.cpu.util[,softirq]",2.456546
2026-05-17T21:08:13+00:00,cnsm-db-redis-02,"system.cpu.util[,softirq]",2.508031
2026-05-17T21:09:13+00:00,cnsm-db-redis-02,"system.cpu.util[,softirq]",2.342165
2026-05-17T21:10:13+00:00,cnsm-db-redis-02,"system.cpu.util[,softirq]",2.322763
2026-05-17T21:11:13+00:00,cnsm-db-redis-02,"system.cpu.util[,softirq]",2.581297
2026-05-17T21:12:13+00:00,cnsm-db-redis-02,"system.cpu.util[,softirq]",2.829241
2026-05-17T21:13:13+00:00,cnsm-db-redis-02,"system.cpu.util[,softirq]",2.987781
2026-05-17T21:14:13+00:00,cnsm-db-redis-02,"system.cpu.util[,softirq]",2.878399
2026-05-17T21:15:13+00:00,cnsm-db-redis-02,"system.cpu.util[,softirq]",3.080437
2026-05-17T21:16:13+00:00,cnsm-db-redis-02,"system.cpu.util[,softirq]",3.403417
2026-05-17T21:17:13+00:00,cnsm-db-redis-02,"system.cpu.util[,softirq]",2.789712
2026-05-17T21:18:13+00:00,cnsm-db-redis-02,"system.cpu.util[,softirq]",2.827298
2026-05-17T21:19:13+00:00,cnsm-db-redis-02,"system.cpu.util[,softirq]",3.110528
2026-05-17T21:20:13+00:00,cnsm-db-redis-02,"system.cpu.util[,softirq]",2.71618
2026-05-17T21:21:13+00:00,cnsm-db-redis-02,"system.cpu.util[,softirq]",2.745218
2026-05-17T21:22:13+00:00,cnsm-db-redis-02,"system.cpu.util[,softirq]",2.812073
2026-05-17T21:23:13+00:00,cnsm-db-redis-02,"system.cpu.util[,softirq]",2.793016
2026-05-17T21:24:13+00:00,cnsm-db-redis-02,"system.cpu.util[,softirq]",2.805745
2026-05-17T21:25:13+00:00,cnsm-db-redis-02,"system.cpu.util[,softirq]",2.490934
2026-05-17T21:26:13+00:00,cnsm-db-redis-02,"system.cpu.util[,softirq]",2.538905
2026-05-17T21:27:13+00:00,cnsm-db-redis-02,"system.cpu.util[,softirq]",2.741405
2026-05-17T21:28:13+00:00,cnsm-db-redis-02,"system.cpu.util[,softirq]",3.110148
2026-05-17T21:29:13+00:00,cnsm-db-redis-02,"system.cpu.util[,softirq]",3.032244
2026-05-17T21:30:13+00:00,cnsm-db-redis-02,"system.cpu.util[,softirq]",2.904922
2026-05-17T21:31:13+00:00,cnsm-db-redis-02,"system.cpu.util[,softirq]",2.524099
2026-05-17T21:32:13+00:00,cnsm-db-redis-02,"system.cpu.util[,softirq]",2.79062
2026-05-17T21:33:13+00:00,cnsm-db-redis-02,"system.cpu.util[,softirq]",2.950099
2026-05-17T21:34:13+00:00,cnsm-db-redis-02,"system.cpu.util[,softirq]",2.751987
2026-05-17T21:35:13+00:00,cnsm-db-redis-02,"system.cpu.util[,softirq]",2.58599
2026-05-17T21:36:13+00:00,cnsm-db-redis-02,"system.cpu.util[,softirq]",2.876377
2026-05-17T21:37:13+00:00,cnsm-db-redis-02,"system.cpu.util[,softirq]",2.348151
2026-05-17T21:38:13+00:00,cnsm-db-redis-02,"system.cpu.util[,softirq]",2.910568
2026-05-17T21:39:13+00:00,cnsm-db-redis-02,"system.cpu.util[,softirq]",3.097566
2026-05-17T21:40:13+00:00,cnsm-db-redis-02,"system.cpu.util[,softirq]",2.539656
2026-05-17T20:31:22+00:00,cnsm-db-redis-02,"system.cpu.util[,steal]",0.011146
2026-05-17T20:32:22+00:00,cnsm-db-redis-02,"system.cpu.util[,steal]",0.008363
2026-05-17T20:33:22+00:00,cnsm-db-redis-02,"system.cpu.util[,steal]",0.011162
2026-05-17T20:34:22+00:00,cnsm-db-redis-02,"system.cpu.util[,steal]",0.019511
2026-05-17T20:35:22+00:00,cnsm-db-redis-02,"system.cpu.util[,steal]",0.008348
2026-05-17T20:36:22+00:00,cnsm-db-redis-02,"system.cpu.util[,steal]",0.008351
2026-05-17T20:37:22+00:00,cnsm-db-redis-02,"system.cpu.util[,steal]",0.008342
2026-05-17T20:38:22+00:00,cnsm-db-redis-02,"system.cpu.util[,steal]",0.011142
2026-05-17T20:39:22+00:00,cnsm-db-redis-02,"system.cpu.util[,steal]",0.011118
2026-05-17T20:40:22+00:00,cnsm-db-redis-02,"system.cpu.util[,steal]",0.008336
2026-05-17T20:41:22+00:00,cnsm-db-redis-02,"system.cpu.util[,steal]",0.011155
2026-05-17T20:42:22+00:00,cnsm-db-redis-02,"system.cpu.util[,steal]",0.011157
2026-05-17T20:43:22+00:00,cnsm-db-redis-02,"system.cpu.util[,steal]",0.011125
2026-05-17T20:44:22+00:00,cnsm-db-redis-02,"system.cpu.util[,steal]",0.00836
2026-05-17T20:45:22+00:00,cnsm-db-redis-02,"system.cpu.util[,steal]",0.016726
2026-05-17T20:46:22+00:00,cnsm-db-redis-02,"system.cpu.util[,steal]",0.00836
2026-05-17T20:47:22+00:00,cnsm-db-redis-02,"system.cpu.util[,steal]",0.011136
2026-05-17T20:48:22+00:00,cnsm-db-redis-02,"system.cpu.util[,steal]",0.011129
2026-05-17T20:49:22+00:00,cnsm-db-redis-02,"system.cpu.util[,steal]",0.008356
2026-05-17T20:50:22+00:00,cnsm-db-redis-02,"system.cpu.util[,steal]",0.008351
2026-05-17T20:51:22+00:00,cnsm-db-redis-02,"system.cpu.util[,steal]",0.011107
2026-05-17T20:52:22+00:00,cnsm-db-redis-02,"system.cpu.util[,steal]",0.013934
2026-05-17T20:53:22+00:00,cnsm-db-redis-02,"system.cpu.util[,steal]",0.008344
2026-05-17T20:54:22+00:00,cnsm-db-redis-02,"system.cpu.util[,steal]",0.016733
2026-05-17T20:55:22+00:00,cnsm-db-redis-02,"system.cpu.util[,steal]",0.011161
2026-05-17T20:56:22+00:00,cnsm-db-redis-02,"system.cpu.util[,steal]",0.008368
2026-05-17T20:57:22+00:00,cnsm-db-redis-02,"system.cpu.util[,steal]",0.01116
2026-05-17T20:58:22+00:00,cnsm-db-redis-02,"system.cpu.util[,steal]",0.011123
2026-05-17T20:59:22+00:00,cnsm-db-redis-02,"system.cpu.util[,steal]",0.008352
2026-05-17T21:00:22+00:00,cnsm-db-redis-02,"system.cpu.util[,steal]",0.013954
2026-05-17T21:01:22+00:00,cnsm-db-redis-02,"system.cpu.util[,steal]",0.036371
2026-05-17T21:02:22+00:00,cnsm-db-redis-02,"system.cpu.util[,steal]",0.062026
2026-05-17T21:03:22+00:00,cnsm-db-redis-02,"system.cpu.util[,steal]",0.047958
2026-05-17T21:04:22+00:00,cnsm-db-redis-02,"system.cpu.util[,steal]",0.030992
2026-05-17T21:05:22+00:00,cnsm-db-redis-02,"system.cpu.util[,steal]",0.036669
2026-05-17T21:06:22+00:00,cnsm-db-redis-02,"system.cpu.util[,steal]",0.073233
2026-05-17T21:07:22+00:00,cnsm-db-redis-02,"system.cpu.util[,steal]",0.022531
2026-05-17T21:08:22+00:00,cnsm-db-redis-02,"system.cpu.util[,steal]",0.025364
2026-05-17T21:09:22+00:00,cnsm-db-redis-02,"system.cpu.util[,steal]",0.039448
2026-05-17T21:10:22+00:00,cnsm-db-redis-02,"system.cpu.util[,steal]",0.039476
2026-05-17T21:11:22+00:00,cnsm-db-redis-02,"system.cpu.util[,steal]",0.014008
2026-05-17T21:12:22+00:00,cnsm-db-redis-02,"system.cpu.util[,steal]",0.013951
2026-05-17T21:13:22+00:00,cnsm-db-redis-02,"system.cpu.util[,steal]",0.01116
2026-05-17T21:14:22+00:00,cnsm-db-redis-02,"system.cpu.util[,steal]",0.011139
2026-05-17T21:15:22+00:00,cnsm-db-redis-02,"system.cpu.util[,steal]",0.019507
2026-05-17T21:16:22+00:00,cnsm-db-redis-02,"system.cpu.util[,steal]",0.008321
2026-05-17T21:17:22+00:00,cnsm-db-redis-02,"system.cpu.util[,steal]",0.013947
2026-05-17T21:18:22+00:00,cnsm-db-redis-02,"system.cpu.util[,steal]",0.008359
2026-05-17T21:19:22+00:00,cnsm-db-redis-02,"system.cpu.util[,steal]",0.008368
2026-05-17T21:20:22+00:00,cnsm-db-redis-02,"system.cpu.util[,steal]",0.008354
2026-05-17T21:21:22+00:00,cnsm-db-redis-02,"system.cpu.util[,steal]",0.011137
2026-05-17T21:22:22+00:00,cnsm-db-redis-02,"system.cpu.util[,steal]",0.008365
2026-05-17T21:23:22+00:00,cnsm-db-redis-02,"system.cpu.util[,steal]",0.011136
2026-05-17T21:24:22+00:00,cnsm-db-redis-02,"system.cpu.util[,steal]",0.008368
2026-05-17T21:25:22+00:00,cnsm-db-redis-02,"system.cpu.util[,steal]",0.013945
2026-05-17T21:26:22+00:00,cnsm-db-redis-02,"system.cpu.util[,steal]",0.008344
2026-05-17T21:27:22+00:00,cnsm-db-redis-02,"system.cpu.util[,steal]",0.008367
2026-05-17T21:28:22+00:00,cnsm-db-redis-02,"system.cpu.util[,steal]",0.011112
2026-05-17T21:29:22+00:00,cnsm-db-redis-02,"system.cpu.util[,steal]",0.008354
2026-05-17T21:30:22+00:00,cnsm-db-redis-02,"system.cpu.util[,steal]",0.02784
2026-05-17T21:31:22+00:00,cnsm-db-redis-02,"system.cpu.util[,steal]",0.013922
2026-05-17T21:32:22+00:00,cnsm-db-redis-02,"system.cpu.util[,steal]",0.011142
2026-05-17T21:33:22+00:00,cnsm-db-redis-02,"system.cpu.util[,steal]",0.011139
2026-05-17T21:34:22+00:00,cnsm-db-redis-02,"system.cpu.util[,steal]",0.011151
2026-05-17T21:35:22+00:00,cnsm-db-redis-02,"system.cpu.util[,steal]",0.00836
2026-05-17T21:36:22+00:00,cnsm-db-redis-02,"system.cpu.util[,steal]",0.013924
2026-05-17T21:37:22+00:00,cnsm-db-redis-02,"system.cpu.util[,steal]",0.008368
2026-05-17T21:38:22+00:00,cnsm-db-redis-02,"system.cpu.util[,steal]",0.008341
2026-05-17T21:39:22+00:00,cnsm-db-redis-02,"system.cpu.util[,steal]",0.025019
2026-05-17T21:40:22+00:00,cnsm-db-redis-02,"system.cpu.util[,steal]",0.008364
2026-05-17T20:31:05+00:00,cnsm-db-redis-02,"system.cpu.util[,system]",6.009193
2026-05-17T20:32:05+00:00,cnsm-db-redis-02,"system.cpu.util[,system]",6.537625
2026-05-17T20:33:05+00:00,cnsm-db-redis-02,"system.cpu.util[,system]",6.372002
2026-05-17T20:34:05+00:00,cnsm-db-redis-02,"system.cpu.util[,system]",6.233077
2026-05-17T20:35:05+00:00,cnsm-db-redis-02,"system.cpu.util[,system]",5.606385
2026-05-17T20:36:05+00:00,cnsm-db-redis-02,"system.cpu.util[,system]",6.579387
2026-05-17T20:37:05+00:00,cnsm-db-redis-02,"system.cpu.util[,system]",6.50881
2026-05-17T20:38:05+00:00,cnsm-db-redis-02,"system.cpu.util[,system]",6.578105
2026-05-17T20:39:05+00:00,cnsm-db-redis-02,"system.cpu.util[,system]",6.174284
2026-05-17T20:40:05+00:00,cnsm-db-redis-02,"system.cpu.util[,system]",5.798389
2026-05-17T20:41:05+00:00,cnsm-db-redis-02,"system.cpu.util[,system]",6.502979
2026-05-17T20:42:05+00:00,cnsm-db-redis-02,"system.cpu.util[,system]",6.425344
2026-05-17T20:43:05+00:00,cnsm-db-redis-02,"system.cpu.util[,system]",5.65371
2026-05-17T20:44:05+00:00,cnsm-db-redis-02,"system.cpu.util[,system]",6.080272
2026-05-17T20:45:05+00:00,cnsm-db-redis-02,"system.cpu.util[,system]",6.502523
2026-05-17T20:46:05+00:00,cnsm-db-redis-02,"system.cpu.util[,system]",5.721532
2026-05-17T20:47:05+00:00,cnsm-db-redis-02,"system.cpu.util[,system]",6.092601
2026-05-17T20:48:05+00:00,cnsm-db-redis-02,"system.cpu.util[,system]",6.32841
2026-05-17T20:49:05+00:00,cnsm-db-redis-02,"system.cpu.util[,system]",6.128017
2026-05-17T20:50:05+00:00,cnsm-db-redis-02,"system.cpu.util[,system]",5.975386
2026-05-17T20:51:05+00:00,cnsm-db-redis-02,"system.cpu.util[,system]",6.297418
2026-05-17T20:52:05+00:00,cnsm-db-redis-02,"system.cpu.util[,system]",5.761042
2026-05-17T20:53:05+00:00,cnsm-db-redis-02,"system.cpu.util[,system]",5.991425
2026-05-17T20:54:05+00:00,cnsm-db-redis-02,"system.cpu.util[,system]",6.516647
2026-05-17T20:55:05+00:00,cnsm-db-redis-02,"system.cpu.util[,system]",6.001728
2026-05-17T20:56:05+00:00,cnsm-db-redis-02,"system.cpu.util[,system]",5.794069
2026-05-17T20:57:05+00:00,cnsm-db-redis-02,"system.cpu.util[,system]",6.452153
2026-05-17T20:58:05+00:00,cnsm-db-redis-02,"system.cpu.util[,system]",6.305279
2026-05-17T20:59:05+00:00,cnsm-db-redis-02,"system.cpu.util[,system]",6.080517
2026-05-17T21:00:05+00:00,cnsm-db-redis-02,"system.cpu.util[,system]",6.022819
2026-05-17T21:01:05+00:00,cnsm-db-redis-02,"system.cpu.util[,system]",9.386332
2026-05-17T21:02:05+00:00,cnsm-db-redis-02,"system.cpu.util[,system]",63.291924
2026-05-17T21:03:05+00:00,cnsm-db-redis-02,"system.cpu.util[,system]",63.032065
2026-05-17T21:04:05+00:00,cnsm-db-redis-02,"system.cpu.util[,system]",64.358389
2026-05-17T21:05:05+00:00,cnsm-db-redis-02,"system.cpu.util[,system]",62.727786
2026-05-17T21:06:05+00:00,cnsm-db-redis-02,"system.cpu.util[,system]",63.265536
2026-05-17T21:07:05+00:00,cnsm-db-redis-02,"system.cpu.util[,system]",63.389286
2026-05-17T21:08:05+00:00,cnsm-db-redis-02,"system.cpu.util[,system]",63.449131
2026-05-17T21:09:05+00:00,cnsm-db-redis-02,"system.cpu.util[,system]",63.202841
2026-05-17T21:10:05+00:00,cnsm-db-redis-02,"system.cpu.util[,system]",63.166352
2026-05-17T21:11:05+00:00,cnsm-db-redis-02,"system.cpu.util[,system]",40.342106
2026-05-17T21:12:05+00:00,cnsm-db-redis-02,"system.cpu.util[,system]",6.731065
2026-05-17T21:13:05+00:00,cnsm-db-redis-02,"system.cpu.util[,system]",6.769977
2026-05-17T21:14:05+00:00,cnsm-db-redis-02,"system.cpu.util[,system]",6.604195
2026-05-17T21:15:05+00:00,cnsm-db-redis-02,"system.cpu.util[,system]",6.894247
2026-05-17T21:16:05+00:00,cnsm-db-redis-02,"system.cpu.util[,system]",6.515762
2026-05-17T21:17:05+00:00,cnsm-db-redis-02,"system.cpu.util[,system]",6.46051
2026-05-17T21:18:05+00:00,cnsm-db-redis-02,"system.cpu.util[,system]",6.297545
2026-05-17T21:19:05+00:00,cnsm-db-redis-02,"system.cpu.util[,system]",6.848971
2026-05-17T21:20:05+00:00,cnsm-db-redis-02,"system.cpu.util[,system]",6.365663
2026-05-17T21:21:05+00:00,cnsm-db-redis-02,"system.cpu.util[,system]",6.062209
2026-05-17T21:22:05+00:00,cnsm-db-redis-02,"system.cpu.util[,system]",6.159077
2026-05-17T21:23:05+00:00,cnsm-db-redis-02,"system.cpu.util[,system]",6.480708
2026-05-17T21:24:05+00:00,cnsm-db-redis-02,"system.cpu.util[,system]",6.447023
2026-05-17T21:25:05+00:00,cnsm-db-redis-02,"system.cpu.util[,system]",6.415263
2026-05-17T21:26:05+00:00,cnsm-db-redis-02,"system.cpu.util[,system]",5.826837
2026-05-17T21:27:05+00:00,cnsm-db-redis-02,"system.cpu.util[,system]",6.101808
2026-05-17T21:28:05+00:00,cnsm-db-redis-02,"system.cpu.util[,system]",6.349471
2026-05-17T21:29:05+00:00,cnsm-db-redis-02,"system.cpu.util[,system]",6.399265
2026-05-17T21:30:05+00:00,cnsm-db-redis-02,"system.cpu.util[,system]",6.278326
2026-05-17T21:31:05+00:00,cnsm-db-redis-02,"system.cpu.util[,system]",5.658012
2026-05-17T21:32:05+00:00,cnsm-db-redis-02,"system.cpu.util[,system]",6.463561
2026-05-17T21:33:05+00:00,cnsm-db-redis-02,"system.cpu.util[,system]",6.2641
2026-05-17T21:34:05+00:00,cnsm-db-redis-02,"system.cpu.util[,system]",6.436333
2026-05-17T21:35:05+00:00,cnsm-db-redis-02,"system.cpu.util[,system]",6.117837
2026-05-17T21:36:05+00:00,cnsm-db-redis-02,"system.cpu.util[,system]",6.126763
2026-05-17T21:37:05+00:00,cnsm-db-redis-02,"system.cpu.util[,system]",5.947665
2026-05-17T21:38:05+00:00,cnsm-db-redis-02,"system.cpu.util[,system]",6.559475
2026-05-17T21:39:05+00:00,cnsm-db-redis-02,"system.cpu.util[,system]",6.311719
2026-05-17T21:40:05+00:00,cnsm-db-redis-02,"system.cpu.util[,system]",5.987357
2026-05-17T20:31:06+00:00,cnsm-db-redis-02,"system.cpu.util[,user]",3.558491
2026-05-17T20:32:06+00:00,cnsm-db-redis-02,"system.cpu.util[,user]",3.515473
2026-05-17T20:33:06+00:00,cnsm-db-redis-02,"system.cpu.util[,user]",3.383354
2026-05-17T20:34:06+00:00,cnsm-db-redis-02,"system.cpu.util[,user]",3.402652
2026-05-17T20:35:06+00:00,cnsm-db-redis-02,"system.cpu.util[,user]",3.440412
2026-05-17T20:36:06+00:00,cnsm-db-redis-02,"system.cpu.util[,user]",3.444627
2026-05-17T20:37:06+00:00,cnsm-db-redis-02,"system.cpu.util[,user]",3.623631
2026-05-17T20:38:06+00:00,cnsm-db-redis-02,"system.cpu.util[,user]",3.326369
2026-05-17T20:39:06+00:00,cnsm-db-redis-02,"system.cpu.util[,user]",3.42811
2026-05-17T20:40:06+00:00,cnsm-db-redis-02,"system.cpu.util[,user]",3.265397
2026-05-17T20:41:06+00:00,cnsm-db-redis-02,"system.cpu.util[,user]",3.728351
2026-05-17T20:42:06+00:00,cnsm-db-redis-02,"system.cpu.util[,user]",3.396258
2026-05-17T20:43:06+00:00,cnsm-db-redis-02,"system.cpu.util[,user]",3.261081
2026-05-17T20:44:06+00:00,cnsm-db-redis-02,"system.cpu.util[,user]",3.457113
2026-05-17T20:45:06+00:00,cnsm-db-redis-02,"system.cpu.util[,user]",3.537874
2026-05-17T20:46:06+00:00,cnsm-db-redis-02,"system.cpu.util[,user]",3.199287
2026-05-17T20:47:06+00:00,cnsm-db-redis-02,"system.cpu.util[,user]",3.58357
2026-05-17T20:48:06+00:00,cnsm-db-redis-02,"system.cpu.util[,user]",3.31776
2026-05-17T20:49:06+00:00,cnsm-db-redis-02,"system.cpu.util[,user]",3.291012
2026-05-17T20:50:06+00:00,cnsm-db-redis-02,"system.cpu.util[,user]",3.35236
2026-05-17T20:51:06+00:00,cnsm-db-redis-02,"system.cpu.util[,user]",3.554654
2026-05-17T20:52:06+00:00,cnsm-db-redis-02,"system.cpu.util[,user]",3.244838
2026-05-17T20:53:06+00:00,cnsm-db-redis-02,"system.cpu.util[,user]",3.497536
2026-05-17T20:54:06+00:00,cnsm-db-redis-02,"system.cpu.util[,user]",3.582581
2026-05-17T20:55:06+00:00,cnsm-db-redis-02,"system.cpu.util[,user]",3.316981
2026-05-17T20:56:06+00:00,cnsm-db-redis-02,"system.cpu.util[,user]",3.348214
2026-05-17T20:57:06+00:00,cnsm-db-redis-02,"system.cpu.util[,user]",3.607902
2026-05-17T20:58:06+00:00,cnsm-db-redis-02,"system.cpu.util[,user]",3.407131
2026-05-17T20:59:06+00:00,cnsm-db-redis-02,"system.cpu.util[,user]",3.302058
2026-05-17T21:00:06+00:00,cnsm-db-redis-02,"system.cpu.util[,user]",3.512443
2026-05-17T21:01:06+00:00,cnsm-db-redis-02,"system.cpu.util[,user]",3.874477
2026-05-17T21:02:06+00:00,cnsm-db-redis-02,"system.cpu.util[,user]",6.824775
2026-05-17T21:03:06+00:00,cnsm-db-redis-02,"system.cpu.util[,user]",6.485769
2026-05-17T21:04:06+00:00,cnsm-db-redis-02,"system.cpu.util[,user]",6.817926
2026-05-17T21:05:06+00:00,cnsm-db-redis-02,"system.cpu.util[,user]",7.092099
2026-05-17T21:06:06+00:00,cnsm-db-redis-02,"system.cpu.util[,user]",7.021894
2026-05-17T21:07:06+00:00,cnsm-db-redis-02,"system.cpu.util[,user]",7.241642
2026-05-17T21:08:06+00:00,cnsm-db-redis-02,"system.cpu.util[,user]",7.288967
2026-05-17T21:09:06+00:00,cnsm-db-redis-02,"system.cpu.util[,user]",7.24066
2026-05-17T21:10:06+00:00,cnsm-db-redis-02,"system.cpu.util[,user]",7.02625
2026-05-17T21:11:06+00:00,cnsm-db-redis-02,"system.cpu.util[,user]",5.608133
2026-05-17T21:12:06+00:00,cnsm-db-redis-02,"system.cpu.util[,user]",3.727072
2026-05-17T21:13:06+00:00,cnsm-db-redis-02,"system.cpu.util[,user]",3.575709
2026-05-17T21:14:06+00:00,cnsm-db-redis-02,"system.cpu.util[,user]",3.603302
2026-05-17T21:15:06+00:00,cnsm-db-redis-02,"system.cpu.util[,user]",3.695144
2026-05-17T21:16:06+00:00,cnsm-db-redis-02,"system.cpu.util[,user]",3.479976
2026-05-17T21:17:06+00:00,cnsm-db-redis-02,"system.cpu.util[,user]",3.521578
2026-05-17T21:18:06+00:00,cnsm-db-redis-02,"system.cpu.util[,user]",3.444048
2026-05-17T21:19:06+00:00,cnsm-db-redis-02,"system.cpu.util[,user]",3.514983
2026-05-17T21:20:06+00:00,cnsm-db-redis-02,"system.cpu.util[,user]",3.519969
2026-05-17T21:21:06+00:00,cnsm-db-redis-02,"system.cpu.util[,user]",3.302701
2026-05-17T21:22:06+00:00,cnsm-db-redis-02,"system.cpu.util[,user]",3.531018
2026-05-17T21:23:06+00:00,cnsm-db-redis-02,"system.cpu.util[,user]",3.617075
2026-05-17T21:24:06+00:00,cnsm-db-redis-02,"system.cpu.util[,user]",3.578301
2026-05-17T21:25:06+00:00,cnsm-db-redis-02,"system.cpu.util[,user]",3.659489
2026-05-17T21:26:06+00:00,cnsm-db-redis-02,"system.cpu.util[,user]",3.198775
2026-05-17T21:27:06+00:00,cnsm-db-redis-02,"system.cpu.util[,user]",3.516398
2026-05-17T21:28:06+00:00,cnsm-db-redis-02,"system.cpu.util[,user]",3.552452
2026-05-17T21:29:06+00:00,cnsm-db-redis-02,"system.cpu.util[,user]",3.494264
2026-05-17T21:30:06+00:00,cnsm-db-redis-02,"system.cpu.util[,user]",3.405521
2026-05-17T21:31:06+00:00,cnsm-db-redis-02,"system.cpu.util[,user]",3.226076
2026-05-17T21:32:06+00:00,cnsm-db-redis-02,"system.cpu.util[,user]",3.456151
2026-05-17T21:33:06+00:00,cnsm-db-redis-02,"system.cpu.util[,user]",3.71041
2026-05-17T21:34:06+00:00,cnsm-db-redis-02,"system.cpu.util[,user]",3.487951
2026-05-17T21:35:06+00:00,cnsm-db-redis-02,"system.cpu.util[,user]",3.436733
2026-05-17T21:36:06+00:00,cnsm-db-redis-02,"system.cpu.util[,user]",3.457099
2026-05-17T21:37:06+00:00,cnsm-db-redis-02,"system.cpu.util[,user]",3.506863
2026-05-17T21:38:06+00:00,cnsm-db-redis-02,"system.cpu.util[,user]",3.611072
2026-05-17T21:39:06+00:00,cnsm-db-redis-02,"system.cpu.util[,user]",3.371068
2026-05-17T21:40:06+00:00,cnsm-db-redis-02,"system.cpu.util[,user]",3.441842
2026-05-17T20:31:40+00:00,cnsm-db-redis-02,system.cpu.util,12.950884000000002
2026-05-17T20:32:40+00:00,cnsm-db-redis-02,system.cpu.util,12.731274999999997
2026-05-17T20:33:40+00:00,cnsm-db-redis-02,system.cpu.util,11.846145000000007
2026-05-17T20:34:40+00:00,cnsm-db-redis-02,system.cpu.util,12.015827999999999
2026-05-17T20:35:40+00:00,cnsm-db-redis-02,system.cpu.util,12.719384000000005
2026-05-17T20:36:40+00:00,cnsm-db-redis-02,system.cpu.util,13.099378999999999
2026-05-17T20:37:40+00:00,cnsm-db-redis-02,system.cpu.util,13.266925
2026-05-17T20:38:40+00:00,cnsm-db-redis-02,system.cpu.util,12.137843000000004
2026-05-17T20:39:40+00:00,cnsm-db-redis-02,system.cpu.util,11.879620000000003
2026-05-17T20:40:40+00:00,cnsm-db-redis-02,system.cpu.util,12.880450999999994
2026-05-17T20:41:40+00:00,cnsm-db-redis-02,system.cpu.util,13.109909000000002
2026-05-17T20:42:40+00:00,cnsm-db-redis-02,system.cpu.util,11.506521000000006
2026-05-17T20:43:40+00:00,cnsm-db-redis-02,system.cpu.util,12.106887999999998
2026-05-17T20:44:40+00:00,cnsm-db-redis-02,system.cpu.util,12.712502999999998
2026-05-17T20:45:40+00:00,cnsm-db-redis-02,system.cpu.util,11.340781000000007
2026-05-17T20:46:40+00:00,cnsm-db-redis-02,system.cpu.util,12.125774000000007
2026-05-17T20:47:40+00:00,cnsm-db-redis-02,system.cpu.util,12.65777
2026-05-17T20:48:40+00:00,cnsm-db-redis-02,system.cpu.util,12.162237000000005
2026-05-17T20:49:40+00:00,cnsm-db-redis-02,system.cpu.util,12.453051000000002
2026-05-17T20:50:40+00:00,cnsm-db-redis-02,system.cpu.util,12.469375999999997
2026-05-17T20:51:40+00:00,cnsm-db-redis-02,system.cpu.util,12.138470999999996
2026-05-17T20:52:40+00:00,cnsm-db-redis-02,system.cpu.util,11.635937999999996
2026-05-17T20:53:40+00:00,cnsm-db-redis-02,system.cpu.util,13.107404000000002
2026-05-17T20:54:40+00:00,cnsm-db-redis-02,system.cpu.util,11.730737000000005
2026-05-17T20:55:40+00:00,cnsm-db-redis-02,system.cpu.util,11.929931999999994
2026-05-17T20:56:40+00:00,cnsm-db-redis-02,system.cpu.util,12.553702000000001
2026-05-17T20:57:40+00:00,cnsm-db-redis-02,system.cpu.util,12.756949000000006
2026-05-17T20:58:40+00:00,cnsm-db-redis-02,system.cpu.util,11.799893999999995
2026-05-17T20:59:40+00:00,cnsm-db-redis-02,system.cpu.util,12.185400999999999
2026-05-17T21:00:40+00:00,cnsm-db-redis-02,system.cpu.util,12.839837000000003
2026-05-17T21:01:40+00:00,cnsm-db-redis-02,system.cpu.util,50.343667
2026-05-17T21:02:40+00:00,cnsm-db-redis-02,system.cpu.util,71.969312
2026-05-17T21:03:40+00:00,cnsm-db-redis-02,system.cpu.util,72.946983
2026-05-17T21:04:40+00:00,cnsm-db-redis-02,system.cpu.util,73.666122
2026-05-17T21:05:40+00:00,cnsm-db-redis-02,system.cpu.util,71.838335
2026-05-17T21:06:40+00:00,cnsm-db-redis-02,system.cpu.util,72.921595
2026-05-17T21:07:40+00:00,cnsm-db-redis-02,system.cpu.util,73.114311
2026-05-17T21:08:40+00:00,cnsm-db-redis-02,system.cpu.util,73.446614
2026-05-17T21:09:40+00:00,cnsm-db-redis-02,system.cpu.util,72.839471
2026-05-17T21:10:40+00:00,cnsm-db-redis-02,system.cpu.util,72.306044
2026-05-17T21:11:40+00:00,cnsm-db-redis-02,system.cpu.util,13.709992999999997
2026-05-17T21:12:40+00:00,cnsm-db-redis-02,system.cpu.util,13.514795000000007
2026-05-17T21:13:40+00:00,cnsm-db-redis-02,system.cpu.util,13.320124000000007
2026-05-17T21:14:40+00:00,cnsm-db-redis-02,system.cpu.util,13.421361000000005
2026-05-17T21:15:40+00:00,cnsm-db-redis-02,system.cpu.util,13.421381999999994
2026-05-17T21:16:40+00:00,cnsm-db-redis-02,system.cpu.util,12.972071999999997
2026-05-17T21:17:40+00:00,cnsm-db-redis-02,system.cpu.util,12.734626000000006
2026-05-17T21:18:40+00:00,cnsm-db-redis-02,system.cpu.util,13.319209
2026-05-17T21:19:40+00:00,cnsm-db-redis-02,system.cpu.util,12.772959
2026-05-17T21:20:40+00:00,cnsm-db-redis-02,system.cpu.util,12.071942000000007
2026-05-17T21:21:40+00:00,cnsm-db-redis-02,system.cpu.util,12.644668999999993
2026-05-17T21:22:40+00:00,cnsm-db-redis-02,system.cpu.util,12.878555000000006
2026-05-17T21:23:40+00:00,cnsm-db-redis-02,system.cpu.util,13.109188000000003
2026-05-17T21:24:40+00:00,cnsm-db-redis-02,system.cpu.util,11.892675999999994
2026-05-17T21:25:40+00:00,cnsm-db-redis-02,system.cpu.util,12.327012999999994
2026-05-17T21:26:40+00:00,cnsm-db-redis-02,system.cpu.util,12.667260999999996
2026-05-17T21:27:40+00:00,cnsm-db-redis-02,system.cpu.util,12.343031999999994
2026-05-17T21:28:40+00:00,cnsm-db-redis-02,system.cpu.util,13.078783999999999
2026-05-17T21:29:40+00:00,cnsm-db-redis-02,system.cpu.util,12.775441
2026-05-17T21:30:40+00:00,cnsm-db-redis-02,system.cpu.util,11.472446000000005
2026-05-17T21:31:40+00:00,cnsm-db-redis-02,system.cpu.util,12.616146
2026-05-17T21:32:40+00:00,cnsm-db-redis-02,system.cpu.util,12.769338000000005
2026-05-17T21:33:40+00:00,cnsm-db-redis-02,system.cpu.util,12.824870000000004
2026-05-17T21:34:40+00:00,cnsm-db-redis-02,system.cpu.util,12.135745999999997
2026-05-17T21:35:40+00:00,cnsm-db-redis-02,system.cpu.util,12.545580999999999
2026-05-17T21:36:40+00:00,cnsm-db-redis-02,system.cpu.util,12.103898999999998
2026-05-17T21:37:40+00:00,cnsm-db-redis-02,system.cpu.util,12.707566999999997
2026-05-17T21:38:40+00:00,cnsm-db-redis-02,system.cpu.util,12.580977000000004
2026-05-17T21:39:40+00:00,cnsm-db-redis-02,system.cpu.util,12.120199999999997
2026-05-17T21:40:40+00:00,cnsm-db-redis-02,system.cpu.util,12.11927
2026-05-17T20:31:32+00:00,cnsm-db-redis-02,system.cpu.intr,5536.034441449693
2026-05-17T20:32:32+00:00,cnsm-db-redis-02,system.cpu.intr,5038.055352141842
2026-05-17T20:33:32+00:00,cnsm-db-redis-02,system.cpu.intr,4807.953169219602
2026-05-17T20:34:32+00:00,cnsm-db-redis-02,system.cpu.intr,5352.806348635579
2026-05-17T20:35:32+00:00,cnsm-db-redis-02,system.cpu.intr,5030.570081302569
2026-05-17T20:36:32+00:00,cnsm-db-redis-02,system.cpu.intr,5090.820684509088
2026-05-17T20:37:32+00:00,cnsm-db-redis-02,system.cpu.intr,4587.615170061026
2026-05-17T20:38:32+00:00,cnsm-db-redis-02,system.cpu.intr,4793.927448252194
2026-05-17T20:39:32+00:00,cnsm-db-redis-02,system.cpu.intr,4805.040140202321
2026-05-17T20:40:32+00:00,cnsm-db-redis-02,system.cpu.intr,4710.553440129649
2026-05-17T20:41:32+00:00,cnsm-db-redis-02,system.cpu.intr,4953.8495885827915
2026-05-17T20:42:32+00:00,cnsm-db-redis-02,system.cpu.intr,5122.270051272439
2026-05-17T20:43:32+00:00,cnsm-db-redis-02,system.cpu.intr,4938.98483385927
2026-05-17T20:44:32+00:00,cnsm-db-redis-02,system.cpu.intr,5578.79991501052
2026-05-17T20:45:32+00:00,cnsm-db-redis-02,system.cpu.intr,4466.580697752949
2026-05-17T20:46:32+00:00,cnsm-db-redis-02,system.cpu.intr,4662.330351461009
2026-05-17T20:47:32+00:00,cnsm-db-redis-02,system.cpu.intr,5405.393112599707
2026-05-17T20:48:32+00:00,cnsm-db-redis-02,system.cpu.intr,4411.13264532233
2026-05-17T20:49:32+00:00,cnsm-db-redis-02,system.cpu.intr,4894.981796578005
2026-05-17T20:50:32+00:00,cnsm-db-redis-02,system.cpu.intr,5352.092696712709
2026-05-17T20:51:32+00:00,cnsm-db-redis-02,system.cpu.intr,4914.788532496552
2026-05-17T20:52:32+00:00,cnsm-db-redis-02,system.cpu.intr,4696.002887015201
2026-05-17T20:53:32+00:00,cnsm-db-redis-02,system.cpu.intr,5462.901997601164
2026-05-17T20:54:32+00:00,cnsm-db-redis-02,system.cpu.intr,4966.868842335065
2026-05-17T20:55:32+00:00,cnsm-db-redis-02,system.cpu.intr,4956.859721784981
2026-05-17T20:56:32+00:00,cnsm-db-redis-02,system.cpu.intr,5346.246810241397
2026-05-17T20:57:32+00:00,cnsm-db-redis-02,system.cpu.intr,4784.846153733809
2026-05-17T20:58:32+00:00,cnsm-db-redis-02,system.cpu.intr,4913.190219293248
2026-05-17T20:59:32+00:00,cnsm-db-redis-02,system.cpu.intr,4823.365607464726
2026-05-17T21:00:32+00:00,cnsm-db-redis-02,system.cpu.intr,5635.8253618340805
2026-05-17T21:01:32+00:00,cnsm-db-redis-02,system.cpu.intr,10836.348219574735
2026-05-17T21:02:32+00:00,cnsm-db-redis-02,system.cpu.intr,16172.578190313627
2026-05-17T21:03:32+00:00,cnsm-db-redis-02,system.cpu.intr,16810.267624878434
2026-05-17T21:04:32+00:00,cnsm-db-redis-02,system.cpu.intr,17024.887668547322
2026-05-17T21:05:32+00:00,cnsm-db-redis-02,system.cpu.intr,16913.919392681884
2026-05-17T21:06:32+00:00,cnsm-db-redis-02,system.cpu.intr,17089.912310346393
2026-05-17T21:07:32+00:00,cnsm-db-redis-02,system.cpu.intr,17263.68359297683
2026-05-17T21:08:32+00:00,cnsm-db-redis-02,system.cpu.intr,17357.278036621006
2026-05-17T21:09:32+00:00,cnsm-db-redis-02,system.cpu.intr,17286.756127941622
2026-05-17T21:10:32+00:00,cnsm-db-redis-02,system.cpu.intr,17009.080086897986
2026-05-17T21:11:32+00:00,cnsm-db-redis-02,system.cpu.intr,7258.588720958266
2026-05-17T21:12:32+00:00,cnsm-db-redis-02,system.cpu.intr,5750.347342056768
2026-05-17T21:13:32+00:00,cnsm-db-redis-02,system.cpu.intr,5522.910906000117
2026-05-17T21:14:32+00:00,cnsm-db-redis-02,system.cpu.intr,4956.993560076608
2026-05-17T21:15:32+00:00,cnsm-db-redis-02,system.cpu.intr,5264.586991317053
2026-05-17T21:16:32+00:00,cnsm-db-redis-02,system.cpu.intr,4879.202885681737
2026-05-17T21:17:32+00:00,cnsm-db-redis-02,system.cpu.intr,4666.995274356152
2026-05-17T21:18:32+00:00,cnsm-db-redis-02,system.cpu.intr,4940.960321188005
2026-05-17T21:19:32+00:00,cnsm-db-redis-02,system.cpu.intr,4933.010350275781
2026-05-17T21:20:32+00:00,cnsm-db-redis-02,system.cpu.intr,5051.754820298894
2026-05-17T21:21:32+00:00,cnsm-db-redis-02,system.cpu.intr,5191.31331056331
2026-05-17T21:22:32+00:00,cnsm-db-redis-02,system.cpu.intr,5218.783387039781
2026-05-17T21:23:32+00:00,cnsm-db-redis-02,system.cpu.intr,5357.547036368504
2026-05-17T21:24:32+00:00,cnsm-db-redis-02,system.cpu.intr,4743.02438672936
2026-05-17T21:25:32+00:00,cnsm-db-redis-02,system.cpu.intr,4480.350632075468
2026-05-17T21:26:32+00:00,cnsm-db-redis-02,system.cpu.intr,5332.600264803512
2026-05-17T21:27:32+00:00,cnsm-db-redis-02,system.cpu.intr,5429.7944508312785
2026-05-17T21:28:32+00:00,cnsm-db-redis-02,system.cpu.intr,5430.989771862224
2026-05-17T21:29:32+00:00,cnsm-db-redis-02,system.cpu.intr,5351.9915604148055
2026-05-17T21:30:32+00:00,cnsm-db-redis-02,system.cpu.intr,5086.442003166799
2026-05-17T21:31:32+00:00,cnsm-db-redis-02,system.cpu.intr,4908.559858739571
2026-05-17T21:32:32+00:00,cnsm-db-redis-02,system.cpu.intr,4746.942199988437
2026-05-17T21:33:32+00:00,cnsm-db-redis-02,system.cpu.intr,5304.901606501036
2026-05-17T21:34:32+00:00,cnsm-db-redis-02,system.cpu.intr,4541.673123678372
2026-05-17T21:35:32+00:00,cnsm-db-redis-02,system.cpu.intr,5134.645664460232
2026-05-17T21:36:32+00:00,cnsm-db-redis-02,system.cpu.intr,5337.61666980928
2026-05-17T21:37:32+00:00,cnsm-db-redis-02,system.cpu.intr,5471.59666187007
2026-05-17T21:38:32+00:00,cnsm-db-redis-02,system.cpu.intr,4873.022793055686
2026-05-17T21:39:32+00:00,cnsm-db-redis-02,system.cpu.intr,5032.059533272212
2026-05-17T21:40:32+00:00,cnsm-db-redis-02,system.cpu.intr,4786.681855125092
2026-05-17T20:31:35+00:00,cnsm-db-redis-02,"system.cpu.load[all,avg15]",0.732422
2026-05-17T20:32:35+00:00,cnsm-db-redis-02,"system.cpu.load[all,avg15]",0.73584
2026-05-17T20:33:35+00:00,cnsm-db-redis-02,"system.cpu.load[all,avg15]",0.730469
2026-05-17T20:34:35+00:00,cnsm-db-redis-02,"system.cpu.load[all,avg15]",0.740234
2026-05-17T20:35:35+00:00,cnsm-db-redis-02,"system.cpu.load[all,avg15]",0.732422
2026-05-17T20:36:35+00:00,cnsm-db-redis-02,"system.cpu.load[all,avg15]",0.730469
2026-05-17T20:37:35+00:00,cnsm-db-redis-02,"system.cpu.load[all,avg15]",0.733887
2026-05-17T20:38:35+00:00,cnsm-db-redis-02,"system.cpu.load[all,avg15]",0.737305
2026-05-17T20:39:35+00:00,cnsm-db-redis-02,"system.cpu.load[all,avg15]",0.740723
2026-05-17T20:40:35+00:00,cnsm-db-redis-02,"system.cpu.load[all,avg15]",0.727539
2026-05-17T20:41:35+00:00,cnsm-db-redis-02,"system.cpu.load[all,avg15]",0.723145
2026-05-17T20:42:35+00:00,cnsm-db-redis-02,"system.cpu.load[all,avg15]",0.730469
2026-05-17T20:43:35+00:00,cnsm-db-redis-02,"system.cpu.load[all,avg15]",0.724609
2026-05-17T20:44:35+00:00,cnsm-db-redis-02,"system.cpu.load[all,avg15]",0.729492
2026-05-17T20:45:35+00:00,cnsm-db-redis-02,"system.cpu.load[all,avg15]",0.728516
2026-05-17T20:46:35+00:00,cnsm-db-redis-02,"system.cpu.load[all,avg15]",0.723145
2026-05-17T20:47:35+00:00,cnsm-db-redis-02,"system.cpu.load[all,avg15]",0.715332
2026-05-17T20:48:35+00:00,cnsm-db-redis-02,"system.cpu.load[all,avg15]",0.719238
2026-05-17T20:49:35+00:00,cnsm-db-redis-02,"system.cpu.load[all,avg15]",0.728027
2026-05-17T20:50:35+00:00,cnsm-db-redis-02,"system.cpu.load[all,avg15]",0.714844
2026-05-17T20:51:35+00:00,cnsm-db-redis-02,"system.cpu.load[all,avg15]",0.708008
2026-05-17T20:52:35+00:00,cnsm-db-redis-02,"system.cpu.load[all,avg15]",0.706055
2026-05-17T20:53:35+00:00,cnsm-db-redis-02,"system.cpu.load[all,avg15]",0.70459
2026-05-17T20:54:35+00:00,cnsm-db-redis-02,"system.cpu.load[all,avg15]",0.713867
2026-05-17T20:55:35+00:00,cnsm-db-redis-02,"system.cpu.load[all,avg15]",0.723145
2026-05-17T20:56:35+00:00,cnsm-db-redis-02,"system.cpu.load[all,avg15]",0.721191
2026-05-17T20:57:35+00:00,cnsm-db-redis-02,"system.cpu.load[all,avg15]",0.728516
2026-05-17T20:58:35+00:00,cnsm-db-redis-02,"system.cpu.load[all,avg15]",0.729492
2026-05-17T20:59:35+00:00,cnsm-db-redis-02,"system.cpu.load[all,avg15]",0.730957
2026-05-17T21:00:35+00:00,cnsm-db-redis-02,"system.cpu.load[all,avg15]",0.722656
2026-05-17T21:01:35+00:00,cnsm-db-redis-02,"system.cpu.load[all,avg15]",0.847168
2026-05-17T21:02:35+00:00,cnsm-db-redis-02,"system.cpu.load[all,avg15]",1.152344
2026-05-17T21:03:35+00:00,cnsm-db-redis-02,"system.cpu.load[all,avg15]",1.370117
2026-05-17T21:04:35+00:00,cnsm-db-redis-02,"system.cpu.load[all,avg15]",1.605469
2026-05-17T21:05:35+00:00,cnsm-db-redis-02,"system.cpu.load[all,avg15]",1.851074
2026-05-17T21:06:35+00:00,cnsm-db-redis-02,"system.cpu.load[all,avg15]",2.029297
2026-05-17T21:07:35+00:00,cnsm-db-redis-02,"system.cpu.load[all,avg15]",2.212402
2026-05-17T21:08:35+00:00,cnsm-db-redis-02,"system.cpu.load[all,avg15]",2.384766
2026-05-17T21:09:35+00:00,cnsm-db-redis-02,"system.cpu.load[all,avg15]",2.52002
2026-05-17T21:10:35+00:00,cnsm-db-redis-02,"system.cpu.load[all,avg15]",2.688477
2026-05-17T21:11:35+00:00,cnsm-db-redis-02,"system.cpu.load[all,avg15]",2.616699
2026-05-17T21:12:35+00:00,cnsm-db-redis-02,"system.cpu.load[all,avg15]",2.502441
2026-05-17T21:13:35+00:00,cnsm-db-redis-02,"system.cpu.load[all,avg15]",2.378906
2026-05-17T21:14:35+00:00,cnsm-db-redis-02,"system.cpu.load[all,avg15]",2.273926
2026-05-17T21:15:35+00:00,cnsm-db-redis-02,"system.cpu.load[all,avg15]",2.186035
2026-05-17T21:16:35+00:00,cnsm-db-redis-02,"system.cpu.load[all,avg15]",2.098633
2026-05-17T21:17:35+00:00,cnsm-db-redis-02,"system.cpu.load[all,avg15]",2.000977
2026-05-17T21:18:35+00:00,cnsm-db-redis-02,"system.cpu.load[all,avg15]",1.926758
2026-05-17T21:19:35+00:00,cnsm-db-redis-02,"system.cpu.load[all,avg15]",1.846191
2026-05-17T21:20:35+00:00,cnsm-db-redis-02,"system.cpu.load[all,avg15]",1.776367
2026-05-17T21:21:35+00:00,cnsm-db-redis-02,"system.cpu.load[all,avg15]",1.699707
2026-05-17T21:22:35+00:00,cnsm-db-redis-02,"system.cpu.load[all,avg15]",1.638672
2026-05-17T21:23:35+00:00,cnsm-db-redis-02,"system.cpu.load[all,avg15]",1.583008
2026-05-17T21:24:35+00:00,cnsm-db-redis-02,"system.cpu.load[all,avg15]",1.523926
2026-05-17T21:25:35+00:00,cnsm-db-redis-02,"system.cpu.load[all,avg15]",1.46875
2026-05-17T21:26:35+00:00,cnsm-db-redis-02,"system.cpu.load[all,avg15]",1.428711
2026-05-17T21:27:35+00:00,cnsm-db-redis-02,"system.cpu.load[all,avg15]",1.390625
2026-05-17T21:28:35+00:00,cnsm-db-redis-02,"system.cpu.load[all,avg15]",1.35498
2026-05-17T21:29:35+00:00,cnsm-db-redis-02,"system.cpu.load[all,avg15]",1.311523
2026-05-17T21:30:35+00:00,cnsm-db-redis-02,"system.cpu.load[all,avg15]",1.268555
2026-05-17T21:31:35+00:00,cnsm-db-redis-02,"system.cpu.load[all,avg15]",1.236328
2026-05-17T21:32:35+00:00,cnsm-db-redis-02,"system.cpu.load[all,avg15]",1.19873
2026-05-17T21:33:35+00:00,cnsm-db-redis-02,"system.cpu.load[all,avg15]",1.174805
2026-05-17T21:34:35+00:00,cnsm-db-redis-02,"system.cpu.load[all,avg15]",1.137695
2026-05-17T21:35:35+00:00,cnsm-db-redis-02,"system.cpu.load[all,avg15]",1.111816
2026-05-17T21:36:35+00:00,cnsm-db-redis-02,"system.cpu.load[all,avg15]",1.086426
2026-05-17T21:37:35+00:00,cnsm-db-redis-02,"system.cpu.load[all,avg15]",1.065918
2026-05-17T21:38:35+00:00,cnsm-db-redis-02,"system.cpu.load[all,avg15]",1.034668
2026-05-17T21:39:35+00:00,cnsm-db-redis-02,"system.cpu.load[all,avg15]",1.020508
2026-05-17T21:40:35+00:00,cnsm-db-redis-02,"system.cpu.load[all,avg15]",1.006348
2026-05-17T20:31:25+00:00,cnsm-db-redis-02,"system.cpu.load[all,avg1]",0.5625
2026-05-17T20:32:25+00:00,cnsm-db-redis-02,"system.cpu.load[all,avg1]",0.692871
2026-05-17T20:33:25+00:00,cnsm-db-redis-02,"system.cpu.load[all,avg1]",0.663086
2026-05-17T20:34:25+00:00,cnsm-db-redis-02,"system.cpu.load[all,avg1]",0.825684
2026-05-17T20:35:25+00:00,cnsm-db-redis-02,"system.cpu.load[all,avg1]",0.862793
2026-05-17T20:36:25+00:00,cnsm-db-redis-02,"system.cpu.load[all,avg1]",0.686035
2026-05-17T20:37:25+00:00,cnsm-db-redis-02,"system.cpu.load[all,avg1]",0.737793
2026-05-17T20:38:25+00:00,cnsm-db-redis-02,"system.cpu.load[all,avg1]",0.769043
2026-05-17T20:39:25+00:00,cnsm-db-redis-02,"system.cpu.load[all,avg1]",0.797363
2026-05-17T20:40:25+00:00,cnsm-db-redis-02,"system.cpu.load[all,avg1]",0.772949
2026-05-17T20:41:25+00:00,cnsm-db-redis-02,"system.cpu.load[all,avg1]",0.595703
2026-05-17T20:42:25+00:00,cnsm-db-redis-02,"system.cpu.load[all,avg1]",0.726562
2026-05-17T20:43:25+00:00,cnsm-db-redis-02,"system.cpu.load[all,avg1]",0.819336
2026-05-17T20:44:25+00:00,cnsm-db-redis-02,"system.cpu.load[all,avg1]",0.71582
2026-05-17T20:45:25+00:00,cnsm-db-redis-02,"system.cpu.load[all,avg1]",0.6875
2026-05-17T20:46:25+00:00,cnsm-db-redis-02,"system.cpu.load[all,avg1]",0.80127
2026-05-17T20:47:25+00:00,cnsm-db-redis-02,"system.cpu.load[all,avg1]",0.609863
2026-05-17T20:48:25+00:00,cnsm-db-redis-02,"system.cpu.load[all,avg1]",0.665527
2026-05-17T20:49:25+00:00,cnsm-db-redis-02,"system.cpu.load[all,avg1]",0.773438
2026-05-17T20:50:25+00:00,cnsm-db-redis-02,"system.cpu.load[all,avg1]",0.710938
2026-05-17T20:51:25+00:00,cnsm-db-redis-02,"system.cpu.load[all,avg1]",0.564453
2026-05-17T20:52:25+00:00,cnsm-db-redis-02,"system.cpu.load[all,avg1]",0.714355
2026-05-17T20:53:25+00:00,cnsm-db-redis-02,"system.cpu.load[all,avg1]",0.571289
2026-05-17T20:54:25+00:00,cnsm-db-redis-02,"system.cpu.load[all,avg1]",0.708008
2026-05-17T20:55:25+00:00,cnsm-db-redis-02,"system.cpu.load[all,avg1]",0.80127
2026-05-17T20:56:25+00:00,cnsm-db-redis-02,"system.cpu.load[all,avg1]",0.693359
2026-05-17T20:57:25+00:00,cnsm-db-redis-02,"system.cpu.load[all,avg1]",0.762695
2026-05-17T20:58:25+00:00,cnsm-db-redis-02,"system.cpu.load[all,avg1]",0.732422
2026-05-17T20:59:25+00:00,cnsm-db-redis-02,"system.cpu.load[all,avg1]",0.758301
2026-05-17T21:00:25+00:00,cnsm-db-redis-02,"system.cpu.load[all,avg1]",0.633301
2026-05-17T21:01:25+00:00,cnsm-db-redis-02,"system.cpu.load[all,avg1]",1.953613
2026-05-17T21:02:25+00:00,cnsm-db-redis-02,"system.cpu.load[all,avg1]",4.012695
2026-05-17T21:03:25+00:00,cnsm-db-redis-02,"system.cpu.load[all,avg1]",4.545898
2026-05-17T21:04:25+00:00,cnsm-db-redis-02,"system.cpu.load[all,avg1]",4.844238
2026-05-17T21:05:25+00:00,cnsm-db-redis-02,"system.cpu.load[all,avg1]",5.20459
2026-05-17T21:06:25+00:00,cnsm-db-redis-02,"system.cpu.load[all,avg1]",4.944336
2026-05-17T21:07:25+00:00,cnsm-db-redis-02,"system.cpu.load[all,avg1]",4.950195
2026-05-17T21:08:25+00:00,cnsm-db-redis-02,"system.cpu.load[all,avg1]",4.946777
2026-05-17T21:09:25+00:00,cnsm-db-redis-02,"system.cpu.load[all,avg1]",4.626953
2026-05-17T21:10:25+00:00,cnsm-db-redis-02,"system.cpu.load[all,avg1]",4.784668
2026-05-17T21:11:25+00:00,cnsm-db-redis-02,"system.cpu.load[all,avg1]",2.967773
2026-05-17T21:12:25+00:00,cnsm-db-redis-02,"system.cpu.load[all,avg1]",1.584473
2026-05-17T21:13:25+00:00,cnsm-db-redis-02,"system.cpu.load[all,avg1]",1.015137
2026-05-17T21:14:25+00:00,cnsm-db-redis-02,"system.cpu.load[all,avg1]",0.858398
2026-05-17T21:15:25+00:00,cnsm-db-redis-02,"system.cpu.load[all,avg1]",0.843262
2026-05-17T21:16:25+00:00,cnsm-db-redis-02,"system.cpu.load[all,avg1]",0.869629
2026-05-17T21:17:25+00:00,cnsm-db-redis-02,"system.cpu.load[all,avg1]",0.811035
2026-05-17T21:18:25+00:00,cnsm-db-redis-02,"system.cpu.load[all,avg1]",0.872559
2026-05-17T21:19:25+00:00,cnsm-db-redis-02,"system.cpu.load[all,avg1]",0.774414
2026-05-17T21:20:25+00:00,cnsm-db-redis-02,"system.cpu.load[all,avg1]",0.630859
2026-05-17T21:21:25+00:00,cnsm-db-redis-02,"system.cpu.load[all,avg1]",0.569824
2026-05-17T21:22:25+00:00,cnsm-db-redis-02,"system.cpu.load[all,avg1]",0.724121
2026-05-17T21:23:25+00:00,cnsm-db-redis-02,"system.cpu.load[all,avg1]",0.710449
2026-05-17T21:24:25+00:00,cnsm-db-redis-02,"system.cpu.load[all,avg1]",0.802734
2026-05-17T21:25:25+00:00,cnsm-db-redis-02,"system.cpu.load[all,avg1]",0.739746
2026-05-17T21:26:25+00:00,cnsm-db-redis-02,"system.cpu.load[all,avg1]",0.706055
2026-05-17T21:27:25+00:00,cnsm-db-redis-02,"system.cpu.load[all,avg1]",0.722168
2026-05-17T21:28:25+00:00,cnsm-db-redis-02,"system.cpu.load[all,avg1]",0.806641
2026-05-17T21:29:25+00:00,cnsm-db-redis-02,"system.cpu.load[all,avg1]",0.722656
2026-05-17T21:30:25+00:00,cnsm-db-redis-02,"system.cpu.load[all,avg1]",0.825684
2026-05-17T21:31:25+00:00,cnsm-db-redis-02,"system.cpu.load[all,avg1]",0.663086
2026-05-17T21:32:25+00:00,cnsm-db-redis-02,"system.cpu.load[all,avg1]",0.684082
2026-05-17T21:33:25+00:00,cnsm-db-redis-02,"system.cpu.load[all,avg1]",0.745605
2026-05-17T21:34:25+00:00,cnsm-db-redis-02,"system.cpu.load[all,avg1]",0.766113
2026-05-17T21:35:25+00:00,cnsm-db-redis-02,"system.cpu.load[all,avg1]",0.799316
2026-05-17T21:36:25+00:00,cnsm-db-redis-02,"system.cpu.load[all,avg1]",0.653809
2026-05-17T21:37:25+00:00,cnsm-db-redis-02,"system.cpu.load[all,avg1]",0.674316
2026-05-17T21:38:25+00:00,cnsm-db-redis-02,"system.cpu.load[all,avg1]",0.732422
2026-05-17T21:39:25+00:00,cnsm-db-redis-02,"system.cpu.load[all,avg1]",0.844238
2026-05-17T21:40:25+00:00,cnsm-db-redis-02,"system.cpu.load[all,avg1]",0.744141
2026-05-17T20:31:33+00:00,cnsm-db-redis-02,"system.cpu.load[all,avg5]",0.70459
2026-05-17T20:32:33+00:00,cnsm-db-redis-02,"system.cpu.load[all,avg5]",0.729004
2026-05-17T20:33:33+00:00,cnsm-db-redis-02,"system.cpu.load[all,avg5]",0.686523
2026-05-17T20:34:33+00:00,cnsm-db-redis-02,"system.cpu.load[all,avg5]",0.725098
2026-05-17T20:35:33+00:00,cnsm-db-redis-02,"system.cpu.load[all,avg5]",0.743652
2026-05-17T20:36:33+00:00,cnsm-db-redis-02,"system.cpu.load[all,avg5]",0.745605
2026-05-17T20:37:33+00:00,cnsm-db-redis-02,"system.cpu.load[all,avg5]",0.762207
2026-05-17T20:38:33+00:00,cnsm-db-redis-02,"system.cpu.load[all,avg5]",0.776367
2026-05-17T20:39:33+00:00,cnsm-db-redis-02,"system.cpu.load[all,avg5]",0.755371
2026-05-17T20:40:33+00:00,cnsm-db-redis-02,"system.cpu.load[all,avg5]",0.751953
2026-05-17T20:41:33+00:00,cnsm-db-redis-02,"system.cpu.load[all,avg5]",0.737305
2026-05-17T20:42:33+00:00,cnsm-db-redis-02,"system.cpu.load[all,avg5]",0.722656
2026-05-17T20:43:33+00:00,cnsm-db-redis-02,"system.cpu.load[all,avg5]",0.741211
2026-05-17T20:44:33+00:00,cnsm-db-redis-02,"system.cpu.load[all,avg5]",0.758301
2026-05-17T20:45:33+00:00,cnsm-db-redis-02,"system.cpu.load[all,avg5]",0.723145
2026-05-17T20:46:33+00:00,cnsm-db-redis-02,"system.cpu.load[all,avg5]",0.741699
2026-05-17T20:47:33+00:00,cnsm-db-redis-02,"system.cpu.load[all,avg5]",0.712402
2026-05-17T20:48:33+00:00,cnsm-db-redis-02,"system.cpu.load[all,avg5]",0.688965
2026-05-17T20:49:33+00:00,cnsm-db-redis-02,"system.cpu.load[all,avg5]",0.711914
2026-05-17T20:50:33+00:00,cnsm-db-redis-02,"system.cpu.load[all,avg5]",0.701172
2026-05-17T20:51:33+00:00,cnsm-db-redis-02,"system.cpu.load[all,avg5]",0.661621
2026-05-17T20:52:33+00:00,cnsm-db-redis-02,"system.cpu.load[all,avg5]",0.67627
2026-05-17T20:53:33+00:00,cnsm-db-redis-02,"system.cpu.load[all,avg5]",0.675781
2026-05-17T20:54:33+00:00,cnsm-db-redis-02,"system.cpu.load[all,avg5]",0.672852
2026-05-17T20:55:33+00:00,cnsm-db-redis-02,"system.cpu.load[all,avg5]",0.700195
2026-05-17T20:56:33+00:00,cnsm-db-redis-02,"system.cpu.load[all,avg5]",0.724121
2026-05-17T20:57:33+00:00,cnsm-db-redis-02,"system.cpu.load[all,avg5]",0.745605
2026-05-17T20:58:33+00:00,cnsm-db-redis-02,"system.cpu.load[all,avg5]",0.714844
2026-05-17T20:59:33+00:00,cnsm-db-redis-02,"system.cpu.load[all,avg5]",0.719238
2026-05-17T21:00:33+00:00,cnsm-db-redis-02,"system.cpu.load[all,avg5]",0.725098
2026-05-17T21:01:33+00:00,cnsm-db-redis-02,"system.cpu.load[all,avg5]",1.085449
2026-05-17T21:02:33+00:00,cnsm-db-redis-02,"system.cpu.load[all,avg5]",1.928711
2026-05-17T21:03:33+00:00,cnsm-db-redis-02,"system.cpu.load[all,avg5]",2.412109
2026-05-17T21:04:33+00:00,cnsm-db-redis-02,"system.cpu.load[all,avg5]",2.903809
2026-05-17T21:05:33+00:00,cnsm-db-redis-02,"system.cpu.load[all,avg5]",3.370605
2026-05-17T21:06:33+00:00,cnsm-db-redis-02,"system.cpu.load[all,avg5]",3.60498
2026-05-17T21:07:33+00:00,cnsm-db-redis-02,"system.cpu.load[all,avg5]",3.84082
2026-05-17T21:08:33+00:00,cnsm-db-redis-02,"system.cpu.load[all,avg5]",4.039551
2026-05-17T21:09:33+00:00,cnsm-db-redis-02,"system.cpu.load[all,avg5]",4.125977
2026-05-17T21:10:33+00:00,cnsm-db-redis-02,"system.cpu.load[all,avg5]",4.318359
2026-05-17T21:11:33+00:00,cnsm-db-redis-02,"system.cpu.load[all,avg5]",3.807129
2026-05-17T21:12:33+00:00,cnsm-db-redis-02,"system.cpu.load[all,avg5]",3.262207
2026-05-17T21:13:33+00:00,cnsm-db-redis-02,"system.cpu.load[all,avg5]",2.768555
2026-05-17T21:14:33+00:00,cnsm-db-redis-02,"system.cpu.load[all,avg5]",2.394531
2026-05-17T21:15:33+00:00,cnsm-db-redis-02,"system.cpu.load[all,avg5]",2.124023
2026-05-17T21:16:33+00:00,cnsm-db-redis-02,"system.cpu.load[all,avg5]",1.890137
2026-05-17T21:17:33+00:00,cnsm-db-redis-02,"system.cpu.load[all,avg5]",1.649414
2026-05-17T21:18:33+00:00,cnsm-db-redis-02,"system.cpu.load[all,avg5]",1.498047
2026-05-17T21:19:33+00:00,cnsm-db-redis-02,"system.cpu.load[all,avg5]",1.343262
2026-05-17T21:20:33+00:00,cnsm-db-redis-02,"system.cpu.load[all,avg5]",1.232422
2026-05-17T21:21:33+00:00,cnsm-db-redis-02,"system.cpu.load[all,avg5]",1.113281
2026-05-17T21:22:33+00:00,cnsm-db-redis-02,"system.cpu.load[all,avg5]",1.045898
2026-05-17T21:23:33+00:00,cnsm-db-redis-02,"system.cpu.load[all,avg5]",0.993164
2026-05-17T21:24:33+00:00,cnsm-db-redis-02,"system.cpu.load[all,avg5]",0.931641
2026-05-17T21:25:33+00:00,cnsm-db-redis-02,"system.cpu.load[all,avg5]",0.880859
2026-05-17T21:26:33+00:00,cnsm-db-redis-02,"system.cpu.load[all,avg5]",0.871094
2026-05-17T21:27:33+00:00,cnsm-db-redis-02,"system.cpu.load[all,avg5]",0.861816
2026-05-17T21:28:33+00:00,cnsm-db-redis-02,"system.cpu.load[all,avg5]",0.85791
2026-05-17T21:29:33+00:00,cnsm-db-redis-02,"system.cpu.load[all,avg5]",0.824707
2026-05-17T21:30:33+00:00,cnsm-db-redis-02,"system.cpu.load[all,avg5]",0.794922
2026-05-17T21:31:33+00:00,cnsm-db-redis-02,"system.cpu.load[all,avg5]",0.784668
2026-05-17T21:32:33+00:00,cnsm-db-redis-02,"system.cpu.load[all,avg5]",0.761719
2026-05-17T21:33:33+00:00,cnsm-db-redis-02,"system.cpu.load[all,avg5]",0.775391
2026-05-17T21:34:33+00:00,cnsm-db-redis-02,"system.cpu.load[all,avg5]",0.739258
2026-05-17T21:35:33+00:00,cnsm-db-redis-02,"system.cpu.load[all,avg5]",0.73877
2026-05-17T21:36:33+00:00,cnsm-db-redis-02,"system.cpu.load[all,avg5]",0.739258
2026-05-17T21:37:33+00:00,cnsm-db-redis-02,"system.cpu.load[all,avg5]",0.740723
2026-05-17T21:38:33+00:00,cnsm-db-redis-02,"system.cpu.load[all,avg5]",0.710449
2026-05-17T21:39:33+00:00,cnsm-db-redis-02,"system.cpu.load[all,avg5]",0.72998
2026-05-17T21:40:33+00:00,cnsm-db-redis-02,"system.cpu.load[all,avg5]",0.748047
2026-05-17T20:31:20+00:00,cnsm-db-redis-02,vm.memory.utilization,4.778228999999996
2026-05-17T20:32:20+00:00,cnsm-db-redis-02,vm.memory.utilization,4.916225999999995
2026-05-17T20:33:20+00:00,cnsm-db-redis-02,vm.memory.utilization,4.757086000000001
2026-05-17T20:34:20+00:00,cnsm-db-redis-02,vm.memory.utilization,4.7193829999999934
2026-05-17T20:35:20+00:00,cnsm-db-redis-02,vm.memory.utilization,4.708844999999997
2026-05-17T20:36:20+00:00,cnsm-db-redis-02,vm.memory.utilization,4.834264000000005
2026-05-17T20:37:20+00:00,cnsm-db-redis-02,vm.memory.utilization,4.823156999999995
2026-05-17T20:38:20+00:00,cnsm-db-redis-02,vm.memory.utilization,4.916928999999996
2026-05-17T20:39:20+00:00,cnsm-db-redis-02,vm.memory.utilization,4.817504
2026-05-17T20:40:20+00:00,cnsm-db-redis-02,vm.memory.utilization,4.908900000000003
2026-05-17T20:41:20+00:00,cnsm-db-redis-02,vm.memory.utilization,4.7657839999999965
2026-05-17T20:42:20+00:00,cnsm-db-redis-02,vm.memory.utilization,4.739489000000006
2026-05-17T20:43:20+00:00,cnsm-db-redis-02,vm.memory.utilization,4.683119000000005
2026-05-17T20:44:20+00:00,cnsm-db-redis-02,vm.memory.utilization,4.817805000000007
2026-05-17T20:45:20+00:00,cnsm-db-redis-02,vm.memory.utilization,4.7245690000000025
2026-05-17T20:46:20+00:00,cnsm-db-redis-02,vm.memory.utilization,4.741730000000004
2026-05-17T20:47:20+00:00,cnsm-db-redis-02,vm.memory.utilization,4.768527000000006
2026-05-17T20:48:20+00:00,cnsm-db-redis-02,vm.memory.utilization,4.716272000000004
2026-05-17T20:49:20+00:00,cnsm-db-redis-02,vm.memory.utilization,4.798367999999996
2026-05-17T20:50:20+00:00,cnsm-db-redis-02,vm.memory.utilization,4.738820000000004
2026-05-17T20:51:20+00:00,cnsm-db-redis-02,vm.memory.utilization,4.859087000000002
2026-05-17T20:52:20+00:00,cnsm-db-redis-02,vm.memory.utilization,4.879795000000001
2026-05-17T20:53:20+00:00,cnsm-db-redis-02,vm.memory.utilization,4.925693999999993
2026-05-17T20:54:20+00:00,cnsm-db-redis-02,vm.memory.utilization,4.781673999999995
2026-05-17T20:55:20+00:00,cnsm-db-redis-02,vm.memory.utilization,4.770768000000004
2026-05-17T20:56:20+00:00,cnsm-db-redis-02,vm.memory.utilization,4.876985000000005
2026-05-17T20:57:20+00:00,cnsm-db-redis-02,vm.memory.utilization,4.889396000000005
2026-05-17T20:58:20+00:00,cnsm-db-redis-02,vm.memory.utilization,4.812385000000006
2026-05-17T20:59:20+00:00,cnsm-db-redis-02,vm.memory.utilization,4.748086999999998
2026-05-17T21:00:20+00:00,cnsm-db-redis-02,vm.memory.utilization,4.975539999999995
2026-05-17T21:01:20+00:00,cnsm-db-redis-02,vm.memory.utilization,5.681585999999996
2026-05-17T21:02:20+00:00,cnsm-db-redis-02,vm.memory.utilization,5.843637000000001
2026-05-17T21:03:20+00:00,cnsm-db-redis-02,vm.memory.utilization,5.662885000000003
2026-05-17T21:04:20+00:00,cnsm-db-redis-02,vm.memory.utilization,5.581457999999998
2026-05-17T21:05:20+00:00,cnsm-db-redis-02,vm.memory.utilization,5.762276999999997
2026-05-17T21:06:20+00:00,cnsm-db-redis-02,vm.memory.utilization,5.33972
2026-05-17T21:07:20+00:00,cnsm-db-redis-02,vm.memory.utilization,5.45711
2026-05-17T21:08:20+00:00,cnsm-db-redis-02,vm.memory.utilization,5.309443999999999
2026-05-17T21:09:20+00:00,cnsm-db-redis-02,vm.memory.utilization,6.027332999999999
2026-05-17T21:10:20+00:00,cnsm-db-redis-02,vm.memory.utilization,5.7629459999999995
2026-05-17T21:11:20+00:00,cnsm-db-redis-02,vm.memory.utilization,4.880831999999998
2026-05-17T21:12:20+00:00,cnsm-db-redis-02,vm.memory.utilization,4.934960000000004
2026-05-17T21:13:20+00:00,cnsm-db-redis-02,vm.memory.utilization,4.824128000000002
2026-05-17T21:14:20+00:00,cnsm-db-redis-02,vm.memory.utilization,4.869926000000007
2026-05-17T21:15:20+00:00,cnsm-db-redis-02,vm.memory.utilization,4.902643999999995
2026-05-17T21:16:20+00:00,cnsm-db-redis-02,vm.memory.utilization,4.830685000000003
2026-05-17T21:17:20+00:00,cnsm-db-redis-02,vm.memory.utilization,4.808170000000004
2026-05-17T21:18:20+00:00,cnsm-db-redis-02,vm.memory.utilization,4.871129999999994
2026-05-17T21:19:20+00:00,cnsm-db-redis-02,vm.memory.utilization,4.840888000000007
2026-05-17T21:20:20+00:00,cnsm-db-redis-02,vm.memory.utilization,4.808905999999993
2026-05-17T21:21:20+00:00,cnsm-db-redis-02,vm.memory.utilization,4.747217000000006
2026-05-17T21:22:20+00:00,cnsm-db-redis-02,vm.memory.utilization,4.794252999999998
2026-05-17T21:23:20+00:00,cnsm-db-redis-02,vm.memory.utilization,4.780437000000006
2026-05-17T21:24:20+00:00,cnsm-db-redis-02,vm.memory.utilization,4.808839000000006
2026-05-17T21:25:20+00:00,cnsm-db-redis-02,vm.memory.utilization,4.743369999999999
2026-05-17T21:26:20+00:00,cnsm-db-redis-02,vm.memory.utilization,4.674689000000001
2026-05-17T21:27:20+00:00,cnsm-db-redis-02,vm.memory.utilization,4.893009000000006
2026-05-17T21:28:20+00:00,cnsm-db-redis-02,vm.memory.utilization,4.743770999999995
2026-05-17T21:29:20+00:00,cnsm-db-redis-02,vm.memory.utilization,4.855373999999998
2026-05-17T21:30:20+00:00,cnsm-db-redis-02,vm.memory.utilization,4.736879999999999
2026-05-17T21:31:20+00:00,cnsm-db-redis-02,vm.memory.utilization,4.743403000000001
2026-05-17T21:32:20+00:00,cnsm-db-redis-02,vm.memory.utilization,4.792479999999998
2026-05-17T21:33:20+00:00,cnsm-db-redis-02,vm.memory.utilization,4.7028569999999945
2026-05-17T21:34:20+00:00,cnsm-db-redis-02,vm.memory.utilization,4.9023090000000025
2026-05-17T21:35:20+00:00,cnsm-db-redis-02,vm.memory.utilization,4.705432999999999
2026-05-17T21:36:20+00:00,cnsm-db-redis-02,vm.memory.utilization,4.757988999999995
2026-05-17T21:37:20+00:00,cnsm-db-redis-02,vm.memory.utilization,4.682114999999996
2026-05-17T21:38:20+00:00,cnsm-db-redis-02,vm.memory.utilization,4.6984410000000025
2026-05-17T21:39:20+00:00,cnsm-db-redis-02,vm.memory.utilization,4.8650750000000045
2026-05-17T21:40:20+00:00,cnsm-db-redis-02,vm.memory.utilization,4.836572000000004
2026-05-17T20:31:29+00:00,cnsm-db-redis-02,proc.num,159
2026-05-17T20:32:29+00:00,cnsm-db-redis-02,proc.num,159
2026-05-17T20:33:29+00:00,cnsm-db-redis-02,proc.num,159
2026-05-17T20:34:29+00:00,cnsm-db-redis-02,proc.num,160
2026-05-17T20:35:29+00:00,cnsm-db-redis-02,proc.num,158
2026-05-17T20:36:29+00:00,cnsm-db-redis-02,proc.num,159
2026-05-17T20:37:29+00:00,cnsm-db-redis-02,proc.num,158
2026-05-17T20:38:29+00:00,cnsm-db-redis-02,proc.num,160
2026-05-17T20:39:29+00:00,cnsm-db-redis-02,proc.num,157
2026-05-17T20:40:29+00:00,cnsm-db-redis-02,proc.num,159
2026-05-17T20:41:29+00:00,cnsm-db-redis-02,proc.num,162
2026-05-17T20:42:29+00:00,cnsm-db-redis-02,proc.num,162
2026-05-17T20:43:29+00:00,cnsm-db-redis-02,proc.num,161
2026-05-17T20:44:29+00:00,cnsm-db-redis-02,proc.num,162
2026-05-17T20:45:29+00:00,cnsm-db-redis-02,proc.num,162
2026-05-17T20:46:29+00:00,cnsm-db-redis-02,proc.num,157
2026-05-17T20:47:29+00:00,cnsm-db-redis-02,proc.num,158
2026-05-17T20:48:29+00:00,cnsm-db-redis-02,proc.num,158
2026-05-17T20:49:29+00:00,cnsm-db-redis-02,proc.num,156
2026-05-17T20:50:29+00:00,cnsm-db-redis-02,proc.num,157
2026-05-17T20:51:29+00:00,cnsm-db-redis-02,proc.num,161
2026-05-17T20:52:29+00:00,cnsm-db-redis-02,proc.num,158
2026-05-17T20:53:29+00:00,cnsm-db-redis-02,proc.num,158
2026-05-17T20:54:29+00:00,cnsm-db-redis-02,proc.num,160
2026-05-17T20:55:29+00:00,cnsm-db-redis-02,proc.num,159
2026-05-17T20:56:29+00:00,cnsm-db-redis-02,proc.num,157
2026-05-17T20:57:29+00:00,cnsm-db-redis-02,proc.num,158
2026-05-17T20:58:29+00:00,cnsm-db-redis-02,proc.num,157
2026-05-17T20:59:29+00:00,cnsm-db-redis-02,proc.num,156
2026-05-17T21:00:29+00:00,cnsm-db-redis-02,proc.num,158
2026-05-17T21:01:29+00:00,cnsm-db-redis-02,proc.num,171
2026-05-17T21:02:29+00:00,cnsm-db-redis-02,proc.num,169
2026-05-17T21:03:29+00:00,cnsm-db-redis-02,proc.num,167
2026-05-17T21:04:29+00:00,cnsm-db-redis-02,proc.num,169
2026-05-17T21:05:29+00:00,cnsm-db-redis-02,proc.num,169
2026-05-17T21:06:29+00:00,cnsm-db-redis-02,proc.num,168
2026-05-17T21:07:29+00:00,cnsm-db-redis-02,proc.num,167
2026-05-17T21:08:29+00:00,cnsm-db-redis-02,proc.num,168
2026-05-17T21:09:29+00:00,cnsm-db-redis-02,proc.num,169
2026-05-17T21:10:29+00:00,cnsm-db-redis-02,proc.num,172
2026-05-17T21:11:29+00:00,cnsm-db-redis-02,proc.num,162
2026-05-17T21:12:29+00:00,cnsm-db-redis-02,proc.num,162
2026-05-17T21:13:29+00:00,cnsm-db-redis-02,proc.num,162
2026-05-17T21:14:29+00:00,cnsm-db-redis-02,proc.num,162
2026-05-17T21:15:29+00:00,cnsm-db-redis-02,proc.num,161
2026-05-17T21:16:29+00:00,cnsm-db-redis-02,proc.num,158
2026-05-17T21:17:29+00:00,cnsm-db-redis-02,proc.num,158
2026-05-17T21:18:29+00:00,cnsm-db-redis-02,proc.num,157
2026-05-17T21:19:29+00:00,cnsm-db-redis-02,proc.num,157
2026-05-17T21:20:29+00:00,cnsm-db-redis-02,proc.num,158
2026-05-17T21:21:29+00:00,cnsm-db-redis-02,proc.num,158
2026-05-17T21:22:29+00:00,cnsm-db-redis-02,proc.num,160
2026-05-17T21:23:29+00:00,cnsm-db-redis-02,proc.num,162
2026-05-17T21:24:29+00:00,cnsm-db-redis-02,proc.num,162
2026-05-17T21:25:29+00:00,cnsm-db-redis-02,proc.num,161
2026-05-17T21:26:29+00:00,cnsm-db-redis-02,proc.num,160
2026-05-17T21:27:29+00:00,cnsm-db-redis-02,proc.num,158
2026-05-17T21:28:29+00:00,cnsm-db-redis-02,proc.num,157
2026-05-17T21:29:29+00:00,cnsm-db-redis-02,proc.num,159
2026-05-17T21:30:29+00:00,cnsm-db-redis-02,proc.num,160
2026-05-17T21:31:29+00:00,cnsm-db-redis-02,proc.num,160
2026-05-17T21:32:29+00:00,cnsm-db-redis-02,proc.num,159
2026-05-17T21:33:29+00:00,cnsm-db-redis-02,proc.num,160
2026-05-17T21:34:29+00:00,cnsm-db-redis-02,proc.num,161
2026-05-17T21:35:29+00:00,cnsm-db-redis-02,proc.num,160
2026-05-17T21:36:29+00:00,cnsm-db-redis-02,proc.num,158
2026-05-17T21:37:29+00:00,cnsm-db-redis-02,proc.num,158
2026-05-17T21:38:29+00:00,cnsm-db-redis-02,proc.num,159
2026-05-17T21:39:29+00:00,cnsm-db-redis-02,proc.num,158
2026-05-17T21:40:29+00:00,cnsm-db-redis-02,proc.num,157
2026-05-17T20:31:30+00:00,cnsm-db-redis-02,"proc.num[,,run]",2
2026-05-17T20:32:30+00:00,cnsm-db-redis-02,"proc.num[,,run]",2
2026-05-17T20:33:30+00:00,cnsm-db-redis-02,"proc.num[,,run]",0
2026-05-17T20:34:30+00:00,cnsm-db-redis-02,"proc.num[,,run]",1
2026-05-17T20:35:30+00:00,cnsm-db-redis-02,"proc.num[,,run]",1
2026-05-17T20:36:30+00:00,cnsm-db-redis-02,"proc.num[,,run]",3
2026-05-17T20:37:30+00:00,cnsm-db-redis-02,"proc.num[,,run]",1
2026-05-17T20:38:30+00:00,cnsm-db-redis-02,"proc.num[,,run]",3
2026-05-17T20:39:30+00:00,cnsm-db-redis-02,"proc.num[,,run]",0
2026-05-17T20:40:30+00:00,cnsm-db-redis-02,"proc.num[,,run]",2
2026-05-17T20:41:30+00:00,cnsm-db-redis-02,"proc.num[,,run]",3
2026-05-17T20:42:30+00:00,cnsm-db-redis-02,"proc.num[,,run]",0
2026-05-17T20:43:30+00:00,cnsm-db-redis-02,"proc.num[,,run]",0
2026-05-17T20:44:30+00:00,cnsm-db-redis-02,"proc.num[,,run]",3
2026-05-17T20:45:30+00:00,cnsm-db-redis-02,"proc.num[,,run]",0
2026-05-17T20:46:30+00:00,cnsm-db-redis-02,"proc.num[,,run]",1
2026-05-17T20:47:30+00:00,cnsm-db-redis-02,"proc.num[,,run]",1
2026-05-17T20:48:30+00:00,cnsm-db-redis-02,"proc.num[,,run]",0
2026-05-17T20:49:30+00:00,cnsm-db-redis-02,"proc.num[,,run]",0
2026-05-17T20:50:30+00:00,cnsm-db-redis-02,"proc.num[,,run]",0
2026-05-17T20:51:30+00:00,cnsm-db-redis-02,"proc.num[,,run]",0
2026-05-17T20:52:30+00:00,cnsm-db-redis-02,"proc.num[,,run]",0
2026-05-17T20:53:30+00:00,cnsm-db-redis-02,"proc.num[,,run]",2
2026-05-17T20:54:30+00:00,cnsm-db-redis-02,"proc.num[,,run]",0
2026-05-17T20:55:30+00:00,cnsm-db-redis-02,"proc.num[,,run]",1
2026-05-17T20:56:30+00:00,cnsm-db-redis-02,"proc.num[,,run]",2
2026-05-17T20:57:30+00:00,cnsm-db-redis-02,"proc.num[,,run]",2
2026-05-17T20:58:30+00:00,cnsm-db-redis-02,"proc.num[,,run]",0
2026-05-17T20:59:30+00:00,cnsm-db-redis-02,"proc.num[,,run]",0
2026-05-17T21:00:30+00:00,cnsm-db-redis-02,"proc.num[,,run]",2
2026-05-17T21:01:30+00:00,cnsm-db-redis-02,"proc.num[,,run]",3
2026-05-17T21:02:30+00:00,cnsm-db-redis-02,"proc.num[,,run]",2
2026-05-17T21:03:30+00:00,cnsm-db-redis-02,"proc.num[,,run]",3
2026-05-17T21:04:30+00:00,cnsm-db-redis-02,"proc.num[,,run]",5
2026-05-17T21:05:30+00:00,cnsm-db-redis-02,"proc.num[,,run]",2
2026-05-17T21:06:30+00:00,cnsm-db-redis-02,"proc.num[,,run]",3
2026-05-17T21:07:30+00:00,cnsm-db-redis-02,"proc.num[,,run]",1
2026-05-17T21:08:30+00:00,cnsm-db-redis-02,"proc.num[,,run]",4
2026-05-17T21:09:30+00:00,cnsm-db-redis-02,"proc.num[,,run]",3
2026-05-17T21:10:30+00:00,cnsm-db-redis-02,"proc.num[,,run]",5
2026-05-17T21:11:30+00:00,cnsm-db-redis-02,"proc.num[,,run]",0
2026-05-17T21:12:30+00:00,cnsm-db-redis-02,"proc.num[,,run]",0
2026-05-17T21:13:30+00:00,cnsm-db-redis-02,"proc.num[,,run]",0
2026-05-17T21:14:30+00:00,cnsm-db-redis-02,"proc.num[,,run]",2
2026-05-17T21:15:30+00:00,cnsm-db-redis-02,"proc.num[,,run]",3
2026-05-17T21:16:30+00:00,cnsm-db-redis-02,"proc.num[,,run]",2
2026-05-17T21:17:30+00:00,cnsm-db-redis-02,"proc.num[,,run]",2
2026-05-17T21:18:30+00:00,cnsm-db-redis-02,"proc.num[,,run]",0
2026-05-17T21:19:30+00:00,cnsm-db-redis-02,"proc.num[,,run]",0
2026-05-17T21:20:30+00:00,cnsm-db-redis-02,"proc.num[,,run]",0
2026-05-17T21:21:30+00:00,cnsm-db-redis-02,"proc.num[,,run]",0
2026-05-17T21:22:30+00:00,cnsm-db-redis-02,"proc.num[,,run]",3
2026-05-17T21:23:30+00:00,cnsm-db-redis-02,"proc.num[,,run]",2
2026-05-17T21:24:30+00:00,cnsm-db-redis-02,"proc.num[,,run]",1
2026-05-17T21:25:30+00:00,cnsm-db-redis-02,"proc.num[,,run]",0
2026-05-17T21:26:30+00:00,cnsm-db-redis-02,"proc.num[,,run]",1
2026-05-17T21:27:30+00:00,cnsm-db-redis-02,"proc.num[,,run]",3
2026-05-17T21:28:30+00:00,cnsm-db-redis-02,"proc.num[,,run]",2
2026-05-17T21:29:30+00:00,cnsm-db-redis-02,"proc.num[,,run]",2
2026-05-17T21:30:30+00:00,cnsm-db-redis-02,"proc.num[,,run]",0
2026-05-17T21:31:30+00:00,cnsm-db-redis-02,"proc.num[,,run]",0
2026-05-17T21:32:30+00:00,cnsm-db-redis-02,"proc.num[,,run]",0
2026-05-17T21:33:30+00:00,cnsm-db-redis-02,"proc.num[,,run]",2
2026-05-17T21:34:30+00:00,cnsm-db-redis-02,"proc.num[,,run]",1
2026-05-17T21:35:30+00:00,cnsm-db-redis-02,"proc.num[,,run]",1
2026-05-17T21:36:30+00:00,cnsm-db-redis-02,"proc.num[,,run]",1
2026-05-17T21:37:30+00:00,cnsm-db-redis-02,"proc.num[,,run]",3
2026-05-17T21:38:30+00:00,cnsm-db-redis-02,"proc.num[,,run]",3
2026-05-17T21:39:30+00:00,cnsm-db-redis-02,"proc.num[,,run]",0
2026-05-17T21:40:30+00:00,cnsm-db-redis-02,"proc.num[,,run]",0
2026-05-17T20:31:23+00:00,cnsm-db-redis-02,vfs.dev.queue_size[sda],0.001983354074159396
2026-05-17T20:32:23+00:00,cnsm-db-redis-02,vfs.dev.queue_size[sda],0.0020333457499591553
2026-05-17T20:33:23+00:00,cnsm-db-redis-02,vfs.dev.queue_size[sda],0.0016666636744498164
2026-05-17T20:34:23+00:00,cnsm-db-redis-02,vfs.dev.queue_size[sda],0.0018666696775737454
2026-05-17T20:35:23+00:00,cnsm-db-redis-02,vfs.dev.queue_size[sda],0.0019499689907156235
2026-05-17T20:36:23+00:00,cnsm-db-redis-02,vfs.dev.queue_size[sda],0.0016500186857741086
2026-05-17T20:37:23+00:00,cnsm-db-redis-02,vfs.dev.queue_size[sda],0.0014499897133621428
2026-05-17T20:38:23+00:00,cnsm-db-redis-02,vfs.dev.queue_size[sda],0.0019500029227618807
2026-05-17T20:39:23+00:00,cnsm-db-redis-02,vfs.dev.queue_size[sda],0.001916686336085185
2026-05-17T20:40:23+00:00,cnsm-db-redis-02,vfs.dev.queue_size[sda],0.0017499648102492916
2026-05-17T20:41:23+00:00,cnsm-db-redis-02,vfs.dev.queue_size[sda],0.0019333369478356467
2026-05-17T20:42:23+00:00,cnsm-db-redis-02,vfs.dev.queue_size[sda],0.0024500456403485386
2026-05-17T20:43:23+00:00,cnsm-db-redis-02,vfs.dev.queue_size[sda],0.001049972075467667
2026-05-17T20:44:23+00:00,cnsm-db-redis-02,vfs.dev.queue_size[sda],0.0016333735190042383
2026-05-17T20:45:23+00:00,cnsm-db-redis-02,vfs.dev.queue_size[sda],0.0014999887592092376
2026-05-17T20:46:23+00:00,cnsm-db-redis-02,vfs.dev.queue_size[sda],0.0020500169285614586
2026-05-17T20:47:23+00:00,cnsm-db-redis-02,vfs.dev.queue_size[sda],0.001199991497160249
2026-05-17T20:48:23+00:00,cnsm-db-redis-02,vfs.dev.queue_size[sda],0.001566671601290543
2026-05-17T20:49:23+00:00,cnsm-db-redis-02,vfs.dev.queue_size[sda],0.0027166594605010593
2026-05-17T20:50:23+00:00,cnsm-db-redis-02,vfs.dev.queue_size[sda],0.002133304787048652
2026-05-17T20:51:23+00:00,cnsm-db-redis-02,vfs.dev.queue_size[sda],0.001300018895276302
2026-05-17T20:52:23+00:00,cnsm-db-redis-02,vfs.dev.queue_size[sda],0.001750011025302794
2026-05-17T20:53:23+00:00,cnsm-db-redis-02,vfs.dev.queue_size[sda],0.0019333149897184916
2026-05-17T20:54:23+00:00,cnsm-db-redis-02,vfs.dev.queue_size[sda],0.0017333365614415675
2026-05-17T20:55:23+00:00,cnsm-db-redis-02,vfs.dev.queue_size[sda],0.0011333254211352381
2026-05-17T20:56:23+00:00,cnsm-db-redis-02,vfs.dev.queue_size[sda],0.0013333119257659407
2026-05-17T20:57:23+00:00,cnsm-db-redis-02,vfs.dev.queue_size[sda],0.0023500421161622826
2026-05-17T20:58:23+00:00,cnsm-db-redis-02,vfs.dev.queue_size[sda],0.001766656726160377
2026-05-17T20:59:23+00:00,cnsm-db-redis-02,vfs.dev.queue_size[sda],0.0017666852875295974
2026-05-17T21:00:23+00:00,cnsm-db-redis-02,vfs.dev.queue_size[sda],0.0012166731802076484
2026-05-17T21:01:23+00:00,cnsm-db-redis-02,vfs.dev.queue_size[sda],0.0019499950119127593
2026-05-17T21:02:23+00:00,cnsm-db-redis-02,vfs.dev.queue_size[sda],0.0023833418527873977
2026-05-17T21:03:23+00:00,cnsm-db-redis-02,vfs.dev.queue_size[sda],0.0008333352837962318
2026-05-17T21:04:23+00:00,cnsm-db-redis-02,vfs.dev.queue_size[sda],0.0018499960135360902
2026-05-17T21:05:23+00:00,cnsm-db-redis-02,vfs.dev.queue_size[sda],0.001450000298216728
2026-05-17T21:06:23+00:00,cnsm-db-redis-02,vfs.dev.queue_size[sda],0.0008833344990993163
2026-05-17T21:07:23+00:00,cnsm-db-redis-02,vfs.dev.queue_size[sda],0.0014833333188461113
2026-05-17T21:08:23+00:00,cnsm-db-redis-02,vfs.dev.queue_size[sda],0.002599987556806218
2026-05-17T21:09:23+00:00,cnsm-db-redis-02,vfs.dev.queue_size[sda],0.0018000112285900447
2026-05-17T21:10:23+00:00,cnsm-db-redis-02,vfs.dev.queue_size[sda],0.001033325245048866
2026-05-17T21:11:23+00:00,cnsm-db-redis-02,vfs.dev.queue_size[sda],0.001433338410839098
2026-05-17T21:12:23+00:00,cnsm-db-redis-02,vfs.dev.queue_size[sda],0.0030666646929101596
2026-05-17T21:13:23+00:00,cnsm-db-redis-02,vfs.dev.queue_size[sda],0.001683267971140271
2026-05-17T21:14:23+00:00,cnsm-db-redis-02,vfs.dev.queue_size[sda],0.0010333728837859434
2026-05-17T21:15:23+00:00,cnsm-db-redis-02,vfs.dev.queue_size[sda],0.0016499904752374829
2026-05-17T21:16:23+00:00,cnsm-db-redis-02,vfs.dev.queue_size[sda],0.002266684321530844
2026-05-17T21:17:23+00:00,cnsm-db-redis-02,vfs.dev.queue_size[sda],0.0021333314074684054
2026-05-17T21:18:23+00:00,cnsm-db-redis-02,vfs.dev.queue_size[sda],0.0012999773362384526
2026-05-17T21:19:23+00:00,cnsm-db-redis-02,vfs.dev.queue_size[sda],0.0030500150124788926
2026-05-17T21:20:23+00:00,cnsm-db-redis-02,vfs.dev.queue_size[sda],0.0015833477533563275
2026-05-17T21:21:23+00:00,cnsm-db-redis-02,vfs.dev.queue_size[sda],0.0011500012306929837
2026-05-17T21:22:23+00:00,cnsm-db-redis-02,vfs.dev.queue_size[sda],0.002149995949300132
2026-05-17T21:23:23+00:00,cnsm-db-redis-02,vfs.dev.queue_size[sda],0.0021666141417289106
2026-05-17T21:24:23+00:00,cnsm-db-redis-02,vfs.dev.queue_size[sda],0.0028167221273620096
2026-05-17T21:25:23+00:00,cnsm-db-redis-02,vfs.dev.queue_size[sda],0.0017166569317340944
2026-05-17T21:26:23+00:00,cnsm-db-redis-02,vfs.dev.queue_size[sda],0.001183351000014308
2026-05-17T21:27:23+00:00,cnsm-db-redis-02,vfs.dev.queue_size[sda],0.0035832994730644056
2026-05-17T21:28:23+00:00,cnsm-db-redis-02,vfs.dev.queue_size[sda],0.002283350158883984
2026-05-17T21:29:23+00:00,cnsm-db-redis-02,vfs.dev.queue_size[sda],0.0018499797955689947
2026-05-17T21:30:23+00:00,cnsm-db-redis-02,vfs.dev.queue_size[sda],0.0019333479130966157
2026-05-17T21:31:23+00:00,cnsm-db-redis-02,vfs.dev.queue_size[sda],0.0015999952388408346
2026-05-17T21:32:23+00:00,cnsm-db-redis-02,vfs.dev.queue_size[sda],0.0017666746212074824
2026-05-17T21:33:23+00:00,cnsm-db-redis-02,vfs.dev.queue_size[sda],0.0010166730104520837
2026-05-17T21:34:23+00:00,cnsm-db-redis-02,vfs.dev.queue_size[sda],0.002266661668111023
2026-05-17T21:35:23+00:00,cnsm-db-redis-02,vfs.dev.queue_size[sda],0.001983330191473866
2026-05-17T21:36:23+00:00,cnsm-db-redis-02,vfs.dev.queue_size[sda],0.0014500061349034562
2026-05-17T21:37:23+00:00,cnsm-db-redis-02,vfs.dev.queue_size[sda],0.0015333279674010006
2026-05-17T21:38:23+00:00,cnsm-db-redis-02,vfs.dev.queue_size[sda],0.0016166532890493092
2026-05-17T21:39:23+00:00,cnsm-db-redis-02,vfs.dev.queue_size[sda],0.0010666767496241999
2026-05-17T21:40:23+00:00,cnsm-db-redis-02,vfs.dev.queue_size[sda],0.0019333316760169763
2026-05-17T20:31:23+00:00,cnsm-db-redis-02,vfs.dev.read.rate[sda],0
2026-05-17T20:32:23+00:00,cnsm-db-redis-02,vfs.dev.read.rate[sda],0
2026-05-17T20:33:23+00:00,cnsm-db-redis-02,vfs.dev.read.rate[sda],0
2026-05-17T20:34:23+00:00,cnsm-db-redis-02,vfs.dev.read.rate[sda],0
2026-05-17T20:35:23+00:00,cnsm-db-redis-02,vfs.dev.read.rate[sda],0
2026-05-17T20:36:23+00:00,cnsm-db-redis-02,vfs.dev.read.rate[sda],0
2026-05-17T20:37:23+00:00,cnsm-db-redis-02,vfs.dev.read.rate[sda],0
2026-05-17T20:38:23+00:00,cnsm-db-redis-02,vfs.dev.read.rate[sda],0
2026-05-17T20:39:23+00:00,cnsm-db-redis-02,vfs.dev.read.rate[sda],0
2026-05-17T20:40:23+00:00,cnsm-db-redis-02,vfs.dev.read.rate[sda],0
2026-05-17T20:41:23+00:00,cnsm-db-redis-02,vfs.dev.read.rate[sda],0
2026-05-17T20:42:23+00:00,cnsm-db-redis-02,vfs.dev.read.rate[sda],0
2026-05-17T20:43:23+00:00,cnsm-db-redis-02,vfs.dev.read.rate[sda],0
2026-05-17T20:44:23+00:00,cnsm-db-redis-02,vfs.dev.read.rate[sda],0
2026-05-17T20:45:23+00:00,cnsm-db-redis-02,vfs.dev.read.rate[sda],0
2026-05-17T20:46:23+00:00,cnsm-db-redis-02,vfs.dev.read.rate[sda],0
2026-05-17T20:47:23+00:00,cnsm-db-redis-02,vfs.dev.read.rate[sda],0
2026-05-17T20:48:23+00:00,cnsm-db-redis-02,vfs.dev.read.rate[sda],0
2026-05-17T20:49:23+00:00,cnsm-db-redis-02,vfs.dev.read.rate[sda],0
2026-05-17T20:50:23+00:00,cnsm-db-redis-02,vfs.dev.read.rate[sda],0
2026-05-17T20:51:23+00:00,cnsm-db-redis-02,vfs.dev.read.rate[sda],0
2026-05-17T20:52:23+00:00,cnsm-db-redis-02,vfs.dev.read.rate[sda],0
2026-05-17T20:53:23+00:00,cnsm-db-redis-02,vfs.dev.read.rate[sda],0
2026-05-17T20:54:23+00:00,cnsm-db-redis-02,vfs.dev.read.rate[sda],0
2026-05-17T20:55:23+00:00,cnsm-db-redis-02,vfs.dev.read.rate[sda],0
2026-05-17T20:56:23+00:00,cnsm-db-redis-02,vfs.dev.read.rate[sda],0
2026-05-17T20:57:23+00:00,cnsm-db-redis-02,vfs.dev.read.rate[sda],0
2026-05-17T20:58:23+00:00,cnsm-db-redis-02,vfs.dev.read.rate[sda],0
2026-05-17T20:59:23+00:00,cnsm-db-redis-02,vfs.dev.read.rate[sda],0
2026-05-17T21:00:23+00:00,cnsm-db-redis-02,vfs.dev.read.rate[sda],0
2026-05-17T21:01:23+00:00,cnsm-db-redis-02,vfs.dev.read.rate[sda],0
2026-05-17T21:02:23+00:00,cnsm-db-redis-02,vfs.dev.read.rate[sda],0
2026-05-17T21:03:23+00:00,cnsm-db-redis-02,vfs.dev.read.rate[sda],0
2026-05-17T21:04:23+00:00,cnsm-db-redis-02,vfs.dev.read.rate[sda],0
2026-05-17T21:05:23+00:00,cnsm-db-redis-02,vfs.dev.read.rate[sda],0
2026-05-17T21:06:23+00:00,cnsm-db-redis-02,vfs.dev.read.rate[sda],0
2026-05-17T21:07:23+00:00,cnsm-db-redis-02,vfs.dev.read.rate[sda],0
2026-05-17T21:08:23+00:00,cnsm-db-redis-02,vfs.dev.read.rate[sda],0
2026-05-17T21:09:23+00:00,cnsm-db-redis-02,vfs.dev.read.rate[sda],0
2026-05-17T21:10:23+00:00,cnsm-db-redis-02,vfs.dev.read.rate[sda],0
2026-05-17T21:11:23+00:00,cnsm-db-redis-02,vfs.dev.read.rate[sda],0
2026-05-17T21:12:23+00:00,cnsm-db-redis-02,vfs.dev.read.rate[sda],0
2026-05-17T21:13:23+00:00,cnsm-db-redis-02,vfs.dev.read.rate[sda],0
2026-05-17T21:14:23+00:00,cnsm-db-redis-02,vfs.dev.read.rate[sda],0
2026-05-17T21:15:23+00:00,cnsm-db-redis-02,vfs.dev.read.rate[sda],0
2026-05-17T21:16:23+00:00,cnsm-db-redis-02,vfs.dev.read.rate[sda],0
2026-05-17T21:17:23+00:00,cnsm-db-redis-02,vfs.dev.read.rate[sda],0
2026-05-17T21:18:23+00:00,cnsm-db-redis-02,vfs.dev.read.rate[sda],0
2026-05-17T21:19:23+00:00,cnsm-db-redis-02,vfs.dev.read.rate[sda],0
2026-05-17T21:20:23+00:00,cnsm-db-redis-02,vfs.dev.read.rate[sda],0
2026-05-17T21:21:23+00:00,cnsm-db-redis-02,vfs.dev.read.rate[sda],0
2026-05-17T21:22:23+00:00,cnsm-db-redis-02,vfs.dev.read.rate[sda],0
2026-05-17T21:23:23+00:00,cnsm-db-redis-02,vfs.dev.read.rate[sda],0
2026-05-17T21:24:23+00:00,cnsm-db-redis-02,vfs.dev.read.rate[sda],0
2026-05-17T21:25:23+00:00,cnsm-db-redis-02,vfs.dev.read.rate[sda],0
2026-05-17T21:26:23+00:00,cnsm-db-redis-02,vfs.dev.read.rate[sda],0
2026-05-17T21:27:23+00:00,cnsm-db-redis-02,vfs.dev.read.rate[sda],0
2026-05-17T21:28:23+00:00,cnsm-db-redis-02,vfs.dev.read.rate[sda],0
2026-05-17T21:29:23+00:00,cnsm-db-redis-02,vfs.dev.read.rate[sda],0
2026-05-17T21:30:23+00:00,cnsm-db-redis-02,vfs.dev.read.rate[sda],0
2026-05-17T21:31:23+00:00,cnsm-db-redis-02,vfs.dev.read.rate[sda],0
2026-05-17T21:32:23+00:00,cnsm-db-redis-02,vfs.dev.read.rate[sda],0
2026-05-17T21:33:23+00:00,cnsm-db-redis-02,vfs.dev.read.rate[sda],0
2026-05-17T21:34:23+00:00,cnsm-db-redis-02,vfs.dev.read.rate[sda],0
2026-05-17T21:35:23+00:00,cnsm-db-redis-02,vfs.dev.read.rate[sda],0
2026-05-17T21:36:23+00:00,cnsm-db-redis-02,vfs.dev.read.rate[sda],0
2026-05-17T21:37:23+00:00,cnsm-db-redis-02,vfs.dev.read.rate[sda],0
2026-05-17T21:38:23+00:00,cnsm-db-redis-02,vfs.dev.read.rate[sda],0
2026-05-17T21:39:23+00:00,cnsm-db-redis-02,vfs.dev.read.rate[sda],0
2026-05-17T21:40:23+00:00,cnsm-db-redis-02,vfs.dev.read.rate[sda],0
2026-05-17T20:31:21+00:00,cnsm-db-redis-02,vfs.dev.read.await[sda],0
2026-05-17T20:32:21+00:00,cnsm-db-redis-02,vfs.dev.read.await[sda],0
2026-05-17T20:33:21+00:00,cnsm-db-redis-02,vfs.dev.read.await[sda],0
2026-05-17T20:34:21+00:00,cnsm-db-redis-02,vfs.dev.read.await[sda],0
2026-05-17T20:35:21+00:00,cnsm-db-redis-02,vfs.dev.read.await[sda],0
2026-05-17T20:36:21+00:00,cnsm-db-redis-02,vfs.dev.read.await[sda],0
2026-05-17T20:37:21+00:00,cnsm-db-redis-02,vfs.dev.read.await[sda],0
2026-05-17T20:38:21+00:00,cnsm-db-redis-02,vfs.dev.read.await[sda],0
2026-05-17T20:39:21+00:00,cnsm-db-redis-02,vfs.dev.read.await[sda],0
2026-05-17T20:40:21+00:00,cnsm-db-redis-02,vfs.dev.read.await[sda],0
2026-05-17T20:41:21+00:00,cnsm-db-redis-02,vfs.dev.read.await[sda],0
2026-05-17T20:42:21+00:00,cnsm-db-redis-02,vfs.dev.read.await[sda],0
2026-05-17T20:43:21+00:00,cnsm-db-redis-02,vfs.dev.read.await[sda],0
2026-05-17T20:44:21+00:00,cnsm-db-redis-02,vfs.dev.read.await[sda],0
2026-05-17T20:45:21+00:00,cnsm-db-redis-02,vfs.dev.read.await[sda],0
2026-05-17T20:46:21+00:00,cnsm-db-redis-02,vfs.dev.read.await[sda],0
2026-05-17T20:47:21+00:00,cnsm-db-redis-02,vfs.dev.read.await[sda],0
2026-05-17T20:48:21+00:00,cnsm-db-redis-02,vfs.dev.read.await[sda],0
2026-05-17T20:49:21+00:00,cnsm-db-redis-02,vfs.dev.read.await[sda],0
2026-05-17T20:50:21+00:00,cnsm-db-redis-02,vfs.dev.read.await[sda],0
2026-05-17T20:51:21+00:00,cnsm-db-redis-02,vfs.dev.read.await[sda],0
2026-05-17T20:52:21+00:00,cnsm-db-redis-02,vfs.dev.read.await[sda],0
2026-05-17T20:53:21+00:00,cnsm-db-redis-02,vfs.dev.read.await[sda],0
2026-05-17T20:54:21+00:00,cnsm-db-redis-02,vfs.dev.read.await[sda],0
2026-05-17T20:55:21+00:00,cnsm-db-redis-02,vfs.dev.read.await[sda],0
2026-05-17T20:56:21+00:00,cnsm-db-redis-02,vfs.dev.read.await[sda],0
2026-05-17T20:57:21+00:00,cnsm-db-redis-02,vfs.dev.read.await[sda],0
2026-05-17T20:58:21+00:00,cnsm-db-redis-02,vfs.dev.read.await[sda],0
2026-05-17T20:59:21+00:00,cnsm-db-redis-02,vfs.dev.read.await[sda],0
2026-05-17T21:00:21+00:00,cnsm-db-redis-02,vfs.dev.read.await[sda],0
2026-05-17T21:01:21+00:00,cnsm-db-redis-02,vfs.dev.read.await[sda],0
2026-05-17T21:02:21+00:00,cnsm-db-redis-02,vfs.dev.read.await[sda],0
2026-05-17T21:03:21+00:00,cnsm-db-redis-02,vfs.dev.read.await[sda],0
2026-05-17T21:04:21+00:00,cnsm-db-redis-02,vfs.dev.read.await[sda],0
2026-05-17T21:05:21+00:00,cnsm-db-redis-02,vfs.dev.read.await[sda],0
2026-05-17T21:06:21+00:00,cnsm-db-redis-02,vfs.dev.read.await[sda],0
2026-05-17T21:07:21+00:00,cnsm-db-redis-02,vfs.dev.read.await[sda],0
2026-05-17T21:08:21+00:00,cnsm-db-redis-02,vfs.dev.read.await[sda],0
2026-05-17T21:09:21+00:00,cnsm-db-redis-02,vfs.dev.read.await[sda],0
2026-05-17T21:10:21+00:00,cnsm-db-redis-02,vfs.dev.read.await[sda],0
2026-05-17T21:11:21+00:00,cnsm-db-redis-02,vfs.dev.read.await[sda],0
2026-05-17T21:12:21+00:00,cnsm-db-redis-02,vfs.dev.read.await[sda],0
2026-05-17T21:13:21+00:00,cnsm-db-redis-02,vfs.dev.read.await[sda],0
2026-05-17T21:14:21+00:00,cnsm-db-redis-02,vfs.dev.read.await[sda],0
2026-05-17T21:15:21+00:00,cnsm-db-redis-02,vfs.dev.read.await[sda],0
2026-05-17T21:16:21+00:00,cnsm-db-redis-02,vfs.dev.read.await[sda],0
2026-05-17T21:17:21+00:00,cnsm-db-redis-02,vfs.dev.read.await[sda],0
2026-05-17T21:18:21+00:00,cnsm-db-redis-02,vfs.dev.read.await[sda],0
2026-05-17T21:19:21+00:00,cnsm-db-redis-02,vfs.dev.read.await[sda],0
2026-05-17T21:20:21+00:00,cnsm-db-redis-02,vfs.dev.read.await[sda],0
2026-05-17T21:21:21+00:00,cnsm-db-redis-02,vfs.dev.read.await[sda],0
2026-05-17T21:22:21+00:00,cnsm-db-redis-02,vfs.dev.read.await[sda],0
2026-05-17T21:23:21+00:00,cnsm-db-redis-02,vfs.dev.read.await[sda],0
2026-05-17T21:24:21+00:00,cnsm-db-redis-02,vfs.dev.read.await[sda],0
2026-05-17T21:25:21+00:00,cnsm-db-redis-02,vfs.dev.read.await[sda],0
2026-05-17T21:26:21+00:00,cnsm-db-redis-02,vfs.dev.read.await[sda],0
2026-05-17T21:27:21+00:00,cnsm-db-redis-02,vfs.dev.read.await[sda],0
2026-05-17T21:28:21+00:00,cnsm-db-redis-02,vfs.dev.read.await[sda],0
2026-05-17T21:29:21+00:00,cnsm-db-redis-02,vfs.dev.read.await[sda],0
2026-05-17T21:30:21+00:00,cnsm-db-redis-02,vfs.dev.read.await[sda],0
2026-05-17T21:31:21+00:00,cnsm-db-redis-02,vfs.dev.read.await[sda],0
2026-05-17T21:32:21+00:00,cnsm-db-redis-02,vfs.dev.read.await[sda],0
2026-05-17T21:33:21+00:00,cnsm-db-redis-02,vfs.dev.read.await[sda],0
2026-05-17T21:34:21+00:00,cnsm-db-redis-02,vfs.dev.read.await[sda],0
2026-05-17T21:35:21+00:00,cnsm-db-redis-02,vfs.dev.read.await[sda],0
2026-05-17T21:36:21+00:00,cnsm-db-redis-02,vfs.dev.read.await[sda],0
2026-05-17T21:37:21+00:00,cnsm-db-redis-02,vfs.dev.read.await[sda],0
2026-05-17T21:38:21+00:00,cnsm-db-redis-02,vfs.dev.read.await[sda],0
2026-05-17T21:39:21+00:00,cnsm-db-redis-02,vfs.dev.read.await[sda],0
2026-05-17T21:40:21+00:00,cnsm-db-redis-02,vfs.dev.read.await[sda],0
2026-05-17T20:31:23+00:00,cnsm-db-redis-02,vfs.dev.read.time.rate[sda],0
2026-05-17T20:32:23+00:00,cnsm-db-redis-02,vfs.dev.read.time.rate[sda],0
2026-05-17T20:33:23+00:00,cnsm-db-redis-02,vfs.dev.read.time.rate[sda],0
2026-05-17T20:34:23+00:00,cnsm-db-redis-02,vfs.dev.read.time.rate[sda],0
2026-05-17T20:35:23+00:00,cnsm-db-redis-02,vfs.dev.read.time.rate[sda],0
2026-05-17T20:36:23+00:00,cnsm-db-redis-02,vfs.dev.read.time.rate[sda],0
2026-05-17T20:37:23+00:00,cnsm-db-redis-02,vfs.dev.read.time.rate[sda],0
2026-05-17T20:38:23+00:00,cnsm-db-redis-02,vfs.dev.read.time.rate[sda],0
2026-05-17T20:39:23+00:00,cnsm-db-redis-02,vfs.dev.read.time.rate[sda],0
2026-05-17T20:40:23+00:00,cnsm-db-redis-02,vfs.dev.read.time.rate[sda],0
2026-05-17T20:41:23+00:00,cnsm-db-redis-02,vfs.dev.read.time.rate[sda],0
2026-05-17T20:42:23+00:00,cnsm-db-redis-02,vfs.dev.read.time.rate[sda],0
2026-05-17T20:43:23+00:00,cnsm-db-redis-02,vfs.dev.read.time.rate[sda],0
2026-05-17T20:44:23+00:00,cnsm-db-redis-02,vfs.dev.read.time.rate[sda],0
2026-05-17T20:45:23+00:00,cnsm-db-redis-02,vfs.dev.read.time.rate[sda],0
2026-05-17T20:46:23+00:00,cnsm-db-redis-02,vfs.dev.read.time.rate[sda],0
2026-05-17T20:47:23+00:00,cnsm-db-redis-02,vfs.dev.read.time.rate[sda],0
2026-05-17T20:48:23+00:00,cnsm-db-redis-02,vfs.dev.read.time.rate[sda],0
2026-05-17T20:49:23+00:00,cnsm-db-redis-02,vfs.dev.read.time.rate[sda],0
2026-05-17T20:50:23+00:00,cnsm-db-redis-02,vfs.dev.read.time.rate[sda],0
2026-05-17T20:51:23+00:00,cnsm-db-redis-02,vfs.dev.read.time.rate[sda],0
2026-05-17T20:52:23+00:00,cnsm-db-redis-02,vfs.dev.read.time.rate[sda],0
2026-05-17T20:53:23+00:00,cnsm-db-redis-02,vfs.dev.read.time.rate[sda],0
2026-05-17T20:54:23+00:00,cnsm-db-redis-02,vfs.dev.read.time.rate[sda],0
2026-05-17T20:55:23+00:00,cnsm-db-redis-02,vfs.dev.read.time.rate[sda],0
2026-05-17T20:56:23+00:00,cnsm-db-redis-02,vfs.dev.read.time.rate[sda],0
2026-05-17T20:57:23+00:00,cnsm-db-redis-02,vfs.dev.read.time.rate[sda],0
2026-05-17T20:58:23+00:00,cnsm-db-redis-02,vfs.dev.read.time.rate[sda],0
2026-05-17T20:59:23+00:00,cnsm-db-redis-02,vfs.dev.read.time.rate[sda],0
2026-05-17T21:00:23+00:00,cnsm-db-redis-02,vfs.dev.read.time.rate[sda],0
2026-05-17T21:01:23+00:00,cnsm-db-redis-02,vfs.dev.read.time.rate[sda],0
2026-05-17T21:02:23+00:00,cnsm-db-redis-02,vfs.dev.read.time.rate[sda],0
2026-05-17T21:03:23+00:00,cnsm-db-redis-02,vfs.dev.read.time.rate[sda],0
2026-05-17T21:04:23+00:00,cnsm-db-redis-02,vfs.dev.read.time.rate[sda],0
2026-05-17T21:05:23+00:00,cnsm-db-redis-02,vfs.dev.read.time.rate[sda],0
2026-05-17T21:06:23+00:00,cnsm-db-redis-02,vfs.dev.read.time.rate[sda],0
2026-05-17T21:07:23+00:00,cnsm-db-redis-02,vfs.dev.read.time.rate[sda],0
2026-05-17T21:08:23+00:00,cnsm-db-redis-02,vfs.dev.read.time.rate[sda],0
2026-05-17T21:09:23+00:00,cnsm-db-redis-02,vfs.dev.read.time.rate[sda],0
2026-05-17T21:10:23+00:00,cnsm-db-redis-02,vfs.dev.read.time.rate[sda],0
2026-05-17T21:11:23+00:00,cnsm-db-redis-02,vfs.dev.read.time.rate[sda],0
2026-05-17T21:12:23+00:00,cnsm-db-redis-02,vfs.dev.read.time.rate[sda],0
2026-05-17T21:13:23+00:00,cnsm-db-redis-02,vfs.dev.read.time.rate[sda],0
2026-05-17T21:14:23+00:00,cnsm-db-redis-02,vfs.dev.read.time.rate[sda],0
2026-05-17T21:15:23+00:00,cnsm-db-redis-02,vfs.dev.read.time.rate[sda],0
2026-05-17T21:16:23+00:00,cnsm-db-redis-02,vfs.dev.read.time.rate[sda],0
2026-05-17T21:17:23+00:00,cnsm-db-redis-02,vfs.dev.read.time.rate[sda],0
2026-05-17T21:18:23+00:00,cnsm-db-redis-02,vfs.dev.read.time.rate[sda],0
2026-05-17T21:19:23+00:00,cnsm-db-redis-02,vfs.dev.read.time.rate[sda],0
2026-05-17T21:20:23+00:00,cnsm-db-redis-02,vfs.dev.read.time.rate[sda],0
2026-05-17T21:21:23+00:00,cnsm-db-redis-02,vfs.dev.read.time.rate[sda],0
2026-05-17T21:22:23+00:00,cnsm-db-redis-02,vfs.dev.read.time.rate[sda],0
2026-05-17T21:23:23+00:00,cnsm-db-redis-02,vfs.dev.read.time.rate[sda],0
2026-05-17T21:24:23+00:00,cnsm-db-redis-02,vfs.dev.read.time.rate[sda],0
2026-05-17T21:25:23+00:00,cnsm-db-redis-02,vfs.dev.read.time.rate[sda],0
2026-05-17T21:26:23+00:00,cnsm-db-redis-02,vfs.dev.read.time.rate[sda],0
2026-05-17T21:27:23+00:00,cnsm-db-redis-02,vfs.dev.read.time.rate[sda],0
2026-05-17T21:28:23+00:00,cnsm-db-redis-02,vfs.dev.read.time.rate[sda],0
2026-05-17T21:29:23+00:00,cnsm-db-redis-02,vfs.dev.read.time.rate[sda],0
2026-05-17T21:30:23+00:00,cnsm-db-redis-02,vfs.dev.read.time.rate[sda],0
2026-05-17T21:31:23+00:00,cnsm-db-redis-02,vfs.dev.read.time.rate[sda],0
2026-05-17T21:32:23+00:00,cnsm-db-redis-02,vfs.dev.read.time.rate[sda],0
2026-05-17T21:33:23+00:00,cnsm-db-redis-02,vfs.dev.read.time.rate[sda],0
2026-05-17T21:34:23+00:00,cnsm-db-redis-02,vfs.dev.read.time.rate[sda],0
2026-05-17T21:35:23+00:00,cnsm-db-redis-02,vfs.dev.read.time.rate[sda],0
2026-05-17T21:36:23+00:00,cnsm-db-redis-02,vfs.dev.read.time.rate[sda],0
2026-05-17T21:37:23+00:00,cnsm-db-redis-02,vfs.dev.read.time.rate[sda],0
2026-05-17T21:38:23+00:00,cnsm-db-redis-02,vfs.dev.read.time.rate[sda],0
2026-05-17T21:39:23+00:00,cnsm-db-redis-02,vfs.dev.read.time.rate[sda],0
2026-05-17T21:40:23+00:00,cnsm-db-redis-02,vfs.dev.read.time.rate[sda],0
2026-05-17T20:31:23+00:00,cnsm-db-redis-02,vfs.dev.util[sda],0.02833362963084852
2026-05-17T20:32:23+00:00,cnsm-db-redis-02,vfs.dev.util[sda],0.02166679897497461
2026-05-17T20:33:23+00:00,cnsm-db-redis-02,vfs.dev.util[sda],0.024999955116747248
2026-05-17T20:34:23+00:00,cnsm-db-redis-02,vfs.dev.util[sda],0.02333337096967182
2026-05-17T20:35:23+00:00,cnsm-db-redis-02,vfs.dev.util[sda],0.029999522934086517
2026-05-17T20:36:23+00:00,cnsm-db-redis-02,vfs.dev.util[sda],0.025000283117789526
2026-05-17T20:37:23+00:00,cnsm-db-redis-02,vfs.dev.util[sda],0.019999858115339903
2026-05-17T20:38:23+00:00,cnsm-db-redis-02,vfs.dev.util[sda],0.020000029977044934
2026-05-17T20:39:23+00:00,cnsm-db-redis-02,vfs.dev.util[sda],0.021666889016615135
2026-05-17T20:40:23+00:00,cnsm-db-redis-02,vfs.dev.util[sda],0.02166623098403885
2026-05-17T20:41:23+00:00,cnsm-db-redis-02,vfs.dev.util[sda],0.025000046739254052
2026-05-17T20:42:23+00:00,cnsm-db-redis-02,vfs.dev.util[sda],0.028333861146887865
2026-05-17T20:43:23+00:00,cnsm-db-redis-02,vfs.dev.util[sda],0.014999601078109529
2026-05-17T20:44:23+00:00,cnsm-db-redis-02,vfs.dev.util[sda],0.026667322759252873
2026-05-17T20:45:23+00:00,cnsm-db-redis-02,vfs.dev.util[sda],0.014999887592092377
2026-05-17T20:46:23+00:00,cnsm-db-redis-02,vfs.dev.util[sda],0.026666886875596214
2026-05-17T20:47:23+00:00,cnsm-db-redis-02,vfs.dev.util[sda],0.024999822857505186
2026-05-17T20:48:23+00:00,cnsm-db-redis-02,vfs.dev.util[sda],0.015000047246398815
2026-05-17T20:49:23+00:00,cnsm-db-redis-02,vfs.dev.util[sda],0.03166658266841726
2026-05-17T20:50:23+00:00,cnsm-db-redis-02,vfs.dev.util[sda],0.02499966547322639
2026-05-17T20:51:23+00:00,cnsm-db-redis-02,vfs.dev.util[sda],0.016666908913798746
2026-05-17T20:52:23+00:00,cnsm-db-redis-02,vfs.dev.util[sda],0.025000157504325632
2026-05-17T20:53:23+00:00,cnsm-db-redis-02,vfs.dev.util[sda],0.024999762798083944
2026-05-17T20:54:23+00:00,cnsm-db-redis-02,vfs.dev.util[sda],0.025000046559253378
2026-05-17T20:55:23+00:00,cnsm-db-redis-02,vfs.dev.util[sda],0.01666655031081233
2026-05-17T20:56:23+00:00,cnsm-db-redis-02,vfs.dev.util[sda],0.01999967888648911
2026-05-17T20:57:23+00:00,cnsm-db-redis-02,vfs.dev.util[sda],0.026667144580564912
2026-05-17T20:58:23+00:00,cnsm-db-redis-02,vfs.dev.util[sda],0.014999915599474901
2026-05-17T20:59:23+00:00,cnsm-db-redis-02,vfs.dev.util[sda],0.02500026350277732
2026-05-17T21:00:23+00:00,cnsm-db-redis-02,vfs.dev.util[sda],0.0216667826612321
2026-05-17T21:01:23+00:00,cnsm-db-redis-02,vfs.dev.util[sda],0.0299999232601963
2026-05-17T21:02:23+00:00,cnsm-db-redis-02,vfs.dev.util[sda],0.026666761989229626
2026-05-17T21:03:23+00:00,cnsm-db-redis-02,vfs.dev.util[sda],0.015000035108332171
2026-05-17T21:04:23+00:00,cnsm-db-redis-02,vfs.dev.util[sda],0.026666609204123826
2026-05-17T21:05:23+00:00,cnsm-db-redis-02,vfs.dev.util[sda],0.02333333813222321
2026-05-17T21:06:23+00:00,cnsm-db-redis-02,vfs.dev.util[sda],0.01666668866225125
2026-05-17T21:07:23+00:00,cnsm-db-redis-02,vfs.dev.util[sda],0.02166666645505556
2026-05-17T21:08:23+00:00,cnsm-db-redis-02,vfs.dev.util[sda],0.02499988035390595
2026-05-17T21:09:23+00:00,cnsm-db-redis-02,vfs.dev.util[sda],0.03166686420667671
2026-05-17T21:10:23+00:00,cnsm-db-redis-02,vfs.dev.util[sda],0.019999843452558702
2026-05-17T21:11:23+00:00,cnsm-db-redis-02,vfs.dev.util[sda],0.01833339827817451
2026-05-17T21:12:23+00:00,cnsm-db-redis-02,vfs.dev.util[sda],0.036666643067404074
2026-05-17T21:13:23+00:00,cnsm-db-redis-02,vfs.dev.util[sda],0.026665631225984494
2026-05-17T21:14:23+00:00,cnsm-db-redis-02,vfs.dev.util[sda],0.015000574119473371
2026-05-17T21:15:23+00:00,cnsm-db-redis-02,vfs.dev.util[sda],0.016666570456944273
2026-05-17T21:16:23+00:00,cnsm-db-redis-02,vfs.dev.util[sda],0.023333515074582225
2026-05-17T21:17:23+00:00,cnsm-db-redis-02,vfs.dev.util[sda],0.02999997291752445
2026-05-17T21:18:23+00:00,cnsm-db-redis-02,vfs.dev.util[sda],0.019999651326745426
2026-05-17T21:19:23+00:00,cnsm-db-redis-02,vfs.dev.util[sda],0.036666847144555
2026-05-17T21:20:23+00:00,cnsm-db-redis-02,vfs.dev.util[sda],0.026666909530211832
2026-05-17T21:21:23+00:00,cnsm-db-redis-02,vfs.dev.util[sda],0.01000001070167812
2026-05-17T21:22:23+00:00,cnsm-db-redis-02,vfs.dev.util[sda],0.03166660700519574
2026-05-17T21:23:23+00:00,cnsm-db-redis-02,vfs.dev.util[sda],0.021666141417289106
2026-05-17T21:24:23+00:00,cnsm-db-redis-02,vfs.dev.util[sda],0.035000689156569356
2026-05-17T21:25:23+00:00,cnsm-db-redis-02,vfs.dev.util[sda],0.01833322936803402
2026-05-17T21:26:23+00:00,cnsm-db-redis-02,vfs.dev.util[sda],0.018333607042475192
2026-05-17T21:27:23+00:00,cnsm-db-redis-02,vfs.dev.util[sda],0.033333018354087494
2026-05-17T21:28:23+00:00,cnsm-db-redis-02,vfs.dev.util[sda],0.030000221065628992
2026-05-17T21:29:23+00:00,cnsm-db-redis-02,vfs.dev.util[sda],0.01666648464476572
2026-05-17T21:30:23+00:00,cnsm-db-redis-02,vfs.dev.util[sda],0.028333547002277987
2026-05-17T21:31:23+00:00,cnsm-db-redis-02,vfs.dev.util[sda],0.021666602192636303
2026-05-17T21:32:23+00:00,cnsm-db-redis-02,vfs.dev.util[sda],0.02333343839330637
2026-05-17T21:33:23+00:00,cnsm-db-redis-02,vfs.dev.util[sda],0.01666677066314891
2026-05-17T21:34:23+00:00,cnsm-db-redis-02,vfs.dev.util[sda],0.019999955895097263
2026-05-17T21:35:23+00:00,cnsm-db-redis-02,vfs.dev.util[sda],0.023333296370280778
2026-05-17T21:36:23+00:00,cnsm-db-redis-02,vfs.dev.util[sda],0.021666758337637856
2026-05-17T21:37:23+00:00,cnsm-db-redis-02,vfs.dev.util[sda],0.018333269175446747
2026-05-17T21:38:23+00:00,cnsm-db-redis-02,vfs.dev.util[sda],0.019999834503702796
2026-05-17T21:39:23+00:00,cnsm-db-redis-02,vfs.dev.util[sda],0.016666824212878125
2026-05-17T21:40:23+00:00,cnsm-db-redis-02,vfs.dev.util[sda],0.02666664380713071
2026-05-17T20:31:23+00:00,cnsm-db-redis-02,vfs.dev.write.rate[sda],4.20004392174931
2026-05-17T20:32:23+00:00,cnsm-db-redis-02,vfs.dev.write.rate[sda],3.566688446649666
2026-05-17T20:33:23+00:00,cnsm-db-redis-02,vfs.dev.write.rate[sda],3.7833265410010832
2026-05-17T20:34:23+00:00,cnsm-db-redis-02,vfs.dev.write.rate[sda],3.4500055648014762
2026-05-17T20:35:23+00:00,cnsm-db-redis-02,vfs.dev.write.rate[sda],4.016602792841583
2026-05-17T20:36:23+00:00,cnsm-db-redis-02,vfs.dev.write.rate[sda],2.6000294442501106
2026-05-17T20:37:23+00:00,cnsm-db-redis-02,vfs.dev.write.rate[sda],2.6999808455708867
2026-05-17T20:38:23+00:00,cnsm-db-redis-02,vfs.dev.write.rate[sda],2.600003897015841
2026-05-17T20:39:23+00:00,cnsm-db-redis-02,vfs.dev.write.rate[sda],2.950030273800676
2026-05-17T20:40:23+00:00,cnsm-db-redis-02,vfs.dev.write.rate[sda],2.5499487235061107
2026-05-17T20:41:23+00:00,cnsm-db-redis-02,vfs.dev.write.rate[sda],3.5000065434955667
2026-05-17T20:42:23+00:00,cnsm-db-redis-02,vfs.dev.write.rate[sda],3.6667349719501936
2026-05-17T20:43:23+00:00,cnsm-db-redis-02,vfs.dev.write.rate[sda],1.7166210122725347
2026-05-17T20:44:23+00:00,cnsm-db-redis-02,vfs.dev.write.rate[sda],2.6000639690271545
2026-05-17T20:45:23+00:00,cnsm-db-redis-02,vfs.dev.write.rate[sda],2.649980141269653
2026-05-17T20:46:23+00:00,cnsm-db-redis-02,vfs.dev.write.rate[sda],4.066700248528422
2026-05-17T20:47:23+00:00,cnsm-db-redis-02,vfs.dev.write.rate[sda],2.0499854743154255
2026-05-17T20:48:23+00:00,cnsm-db-redis-02,vfs.dev.write.rate[sda],2.6000081893757945
2026-05-17T20:49:23+00:00,cnsm-db-redis-02,vfs.dev.write.rate[sda],3.849989787581256
2026-05-17T20:50:23+00:00,cnsm-db-redis-02,vfs.dev.write.rate[sda],3.4499538353052412
2026-05-17T20:51:23+00:00,cnsm-db-redis-02,vfs.dev.write.rate[sda],1.9333614340006546
2026-05-17T20:52:23+00:00,cnsm-db-redis-02,vfs.dev.write.rate[sda],3.4000214205882857
2026-05-17T20:53:23+00:00,cnsm-db-redis-02,vfs.dev.write.rate[sda],3.3666347234753045
2026-05-17T20:54:23+00:00,cnsm-db-redis-02,vfs.dev.write.rate[sda],3.516673216001642
2026-05-17T20:55:23+00:00,cnsm-db-redis-02,vfs.dev.write.rate[sda],1.8666536348109806
2026-05-17T20:56:23+00:00,cnsm-db-redis-02,vfs.dev.write.rate[sda],2.616624654315659
2026-05-17T20:57:23+00:00,cnsm-db-redis-02,vfs.dev.write.rate[sda],4.033405617810443
2026-05-17T20:58:23+00:00,cnsm-db-redis-02,vfs.dev.write.rate[sda],1.7166570074954606
2026-05-17T20:59:23+00:00,cnsm-db-redis-02,vfs.dev.write.rate[sda],3.050032147338833
2026-05-17T21:00:23+00:00,cnsm-db-redis-02,vfs.dev.write.rate[sda],2.0500109748704216
2026-05-17T21:01:23+00:00,cnsm-db-redis-02,vfs.dev.write.rate[sda],3.7499904075245376
2026-05-17T21:02:23+00:00,cnsm-db-redis-02,vfs.dev.write.rate[sda],3.516679237329657
2026-05-17T21:03:23+00:00,cnsm-db-redis-02,vfs.dev.write.rate[sda],1.4833368051572926
2026-05-17T21:04:23+00:00,cnsm-db-redis-02,vfs.dev.write.rate[sda],3.3166595197629003
2026-05-17T21:05:23+00:00,cnsm-db-redis-02,vfs.dev.write.rate[sda],2.6500005450167787
2026-05-17T21:06:23+00:00,cnsm-db-redis-02,vfs.dev.write.rate[sda],1.666668866225125
2026-05-17T21:07:23+00:00,cnsm-db-redis-02,vfs.dev.write.rate[sda],3.2833333012661114
2026-05-17T21:08:23+00:00,cnsm-db-redis-02,vfs.dev.write.rate[sda],3.3166507936181886
2026-05-17T21:09:23+00:00,cnsm-db-redis-02,vfs.dev.write.rate[sda],4.166692658773252
2026-05-17T21:10:23+00:00,cnsm-db-redis-02,vfs.dev.write.rate[sda],2.099983562518663
2026-05-17T21:11:23+00:00,cnsm-db-redis-02,vfs.dev.write.rate[sda],2.466675404699843
2026-05-17T21:12:23+00:00,cnsm-db-redis-02,vfs.dev.write.rate[sda],4.649997007184426
2026-05-17T21:13:23+00:00,cnsm-db-redis-02,vfs.dev.write.rate[sda],3.083213610504457
2026-05-17T21:14:23+00:00,cnsm-db-redis-02,vfs.dev.write.rate[sda],1.683397762296456
2026-05-17T21:15:23+00:00,cnsm-db-redis-02,vfs.dev.write.rate[sda],2.566651850369418
2026-05-17T21:16:23+00:00,cnsm-db-redis-02,vfs.dev.write.rate[sda],3.4500268717418003
2026-05-17T21:17:23+00:00,cnsm-db-redis-02,vfs.dev.write.rate[sda],3.483330188757005
2026-05-17T21:18:23+00:00,cnsm-db-redis-02,vfs.dev.write.rate[sda],1.9666323804633001
2026-05-17T21:19:23+00:00,cnsm-db-redis-02,vfs.dev.write.rate[sda],3.900019196284486
2026-05-17T21:20:23+00:00,cnsm-db-redis-02,vfs.dev.write.rate[sda],2.4666891315445945
2026-05-17T21:21:23+00:00,cnsm-db-redis-02,vfs.dev.write.rate[sda],1.850001979810452
2026-05-17T21:22:23+00:00,cnsm-db-redis-02,vfs.dev.write.rate[sda],3.5499933116351015
2026-05-17T21:23:23+00:00,cnsm-db-redis-02,vfs.dev.write.rate[sda],3.5999127277957284
2026-05-17T21:24:23+00:00,cnsm-db-redis-02,vfs.dev.write.rate[sda],2.983392075726626
2026-05-17T21:25:23+00:00,cnsm-db-redis-02,vfs.dev.write.rate[sda],1.9666555140254673
2026-05-17T21:26:23+00:00,cnsm-db-redis-02,vfs.dev.write.rate[sda],2.2333666760833415
2026-05-17T21:27:23+00:00,cnsm-db-redis-02,vfs.dev.write.rate[sda],5.533281046778525
2026-05-17T21:28:23+00:00,cnsm-db-redis-02,vfs.dev.write.rate[sda],4.1500305807453435
2026-05-17T21:29:23+00:00,cnsm-db-redis-02,vfs.dev.write.rate[sda],2.483306212070092
2026-05-17T21:30:23+00:00,cnsm-db-redis-02,vfs.dev.write.rate[sda],3.8000286567761066
2026-05-17T21:31:23+00:00,cnsm-db-redis-02,vfs.dev.write.rate[sda],2.899991370399013
2026-05-17T21:32:23+00:00,cnsm-db-redis-02,vfs.dev.write.rate[sda],2.633345190101719
2026-05-17T21:33:23+00:00,cnsm-db-redis-02,vfs.dev.write.rate[sda],1.5333429010097
2026-05-17T21:34:23+00:00,cnsm-db-redis-02,vfs.dev.write.rate[sda],3.433325761991697
2026-05-17T21:35:23+00:00,cnsm-db-redis-02,vfs.dev.write.rate[sda],2.783328924169207
2026-05-17T21:36:23+00:00,cnsm-db-redis-02,vfs.dev.write.rate[sda],2.566677526150946
2026-05-17T21:37:23+00:00,cnsm-db-redis-02,vfs.dev.write.rate[sda],2.566657684562544
2026-05-17T21:38:23+00:00,cnsm-db-redis-02,vfs.dev.write.rate[sda],3.0833078193208476
2026-05-17T21:39:23+00:00,cnsm-db-redis-02,vfs.dev.write.rate[sda],1.750016542352203
2026-05-17T21:40:23+00:00,cnsm-db-redis-02,vfs.dev.write.rate[sda],2.766664294989811
2026-05-17T20:31:22+00:00,cnsm-db-redis-02,vfs.dev.write.await[sda],0.5311004784688995
2026-05-17T20:32:22+00:00,cnsm-db-redis-02,vfs.dev.write.await[sda],0.4682539682539683
2026-05-17T20:33:22+00:00,cnsm-db-redis-02,vfs.dev.write.await[sda],0.5654205607476636
2026-05-17T20:34:22+00:00,cnsm-db-redis-02,vfs.dev.write.await[sda],0.42731277533039647
2026-05-17T20:35:22+00:00,cnsm-db-redis-02,vfs.dev.write.await[sda],0.536231884057971
2026-05-17T20:36:22+00:00,cnsm-db-redis-02,vfs.dev.write.await[sda],0.47717842323651455
2026-05-17T20:37:22+00:00,cnsm-db-redis-02,vfs.dev.write.await[sda],0.6217948717948717
2026-05-17T20:38:22+00:00,cnsm-db-redis-02,vfs.dev.write.await[sda],0.5246913580246914
2026-05-17T20:39:22+00:00,cnsm-db-redis-02,vfs.dev.write.await[sda],0.7435897435897437
2026-05-17T20:40:22+00:00,cnsm-db-redis-02,vfs.dev.write.await[sda],0.6384180790960452
2026-05-17T20:41:22+00:00,cnsm-db-redis-02,vfs.dev.write.await[sda],0.6666666666666666
2026-05-17T20:42:22+00:00,cnsm-db-redis-02,vfs.dev.write.await[sda],0.5476190476190477
2026-05-17T20:43:22+00:00,cnsm-db-redis-02,vfs.dev.write.await[sda],0.6590909090909091
2026-05-17T20:44:22+00:00,cnsm-db-redis-02,vfs.dev.write.await[sda],0.5922330097087379
2026-05-17T20:45:22+00:00,cnsm-db-redis-02,vfs.dev.write.await[sda],0.6217948717948718
2026-05-17T20:46:22+00:00,cnsm-db-redis-02,vfs.dev.write.await[sda],0.5534591194968553
2026-05-17T20:47:22+00:00,cnsm-db-redis-02,vfs.dev.write.await[sda],0.4959016393442624
2026-05-17T20:48:22+00:00,cnsm-db-redis-02,vfs.dev.write.await[sda],0.5691056910569106
2026-05-17T20:49:22+00:00,cnsm-db-redis-02,vfs.dev.write.await[sda],0.5961538461538461
2026-05-17T20:50:22+00:00,cnsm-db-redis-02,vfs.dev.write.await[sda],0.6926406926406926
2026-05-17T20:51:22+00:00,cnsm-db-redis-02,vfs.dev.write.await[sda],0.608695652173913
2026-05-17T20:52:22+00:00,cnsm-db-redis-02,vfs.dev.write.await[sda],0.6637931034482759
2026-05-17T20:53:22+00:00,cnsm-db-redis-02,vfs.dev.write.await[sda],0.5
2026-05-17T20:54:22+00:00,cnsm-db-redis-02,vfs.dev.write.await[sda],0.5693069306930693
2026-05-17T20:55:22+00:00,cnsm-db-redis-02,vfs.dev.write.await[sda],0.4834123222748815
2026-05-17T20:56:22+00:00,cnsm-db-redis-02,vfs.dev.write.await[sda],0.5892857142857143
2026-05-17T20:57:22+00:00,cnsm-db-redis-02,vfs.dev.write.await[sda],0.5031847133757961
2026-05-17T20:58:22+00:00,cnsm-db-redis-02,vfs.dev.write.await[sda],0.5702479338842975
2026-05-17T20:59:22+00:00,cnsm-db-redis-02,vfs.dev.write.await[sda],1.0097087378640779
2026-05-17T21:00:22+00:00,cnsm-db-redis-02,vfs.dev.write.await[sda],0.5683060109289618
2026-05-17T21:01:22+00:00,cnsm-db-redis-02,vfs.dev.write.await[sda],0.5609756097560976
2026-05-17T21:02:22+00:00,cnsm-db-redis-02,vfs.dev.write.await[sda],0.5066666666666667
2026-05-17T21:03:22+00:00,cnsm-db-redis-02,vfs.dev.write.await[sda],0.6682464454976302
2026-05-17T21:04:22+00:00,cnsm-db-redis-02,vfs.dev.write.await[sda],0.5393258426966292
2026-05-17T21:05:22+00:00,cnsm-db-redis-02,vfs.dev.write.await[sda],0.5427135678391959
2026-05-17T21:06:22+00:00,cnsm-db-redis-02,vfs.dev.write.await[sda],0.5408805031446541
2026-05-17T21:07:22+00:00,cnsm-db-redis-02,vfs.dev.write.await[sda],0.51
2026-05-17T21:08:22+00:00,cnsm-db-redis-02,vfs.dev.write.await[sda],0.43654822335025384
2026-05-17T21:09:22+00:00,cnsm-db-redis-02,vfs.dev.write.await[sda],0.7738693467336684
2026-05-17T21:10:22+00:00,cnsm-db-redis-02,vfs.dev.write.await[sda],0.424
2026-05-17T21:11:22+00:00,cnsm-db-redis-02,vfs.dev.write.await[sda],0.48412698412698413
2026-05-17T21:12:22+00:00,cnsm-db-redis-02,vfs.dev.write.await[sda],0.5675675675675675
2026-05-17T21:13:22+00:00,cnsm-db-redis-02,vfs.dev.write.await[sda],0.6487455197132617
2026-05-17T21:14:22+00:00,cnsm-db-redis-02,vfs.dev.write.await[sda],0.5297297297297298
2026-05-17T21:15:22+00:00,cnsm-db-redis-02,vfs.dev.write.await[sda],0.594059405940594
2026-05-17T21:16:22+00:00,cnsm-db-redis-02,vfs.dev.write.await[sda],0.62987012987013
2026-05-17T21:17:22+00:00,cnsm-db-redis-02,vfs.dev.write.await[sda],0.6473429951690821
2026-05-17T21:18:22+00:00,cnsm-db-redis-02,vfs.dev.write.await[sda],0.6076555023923446
2026-05-17T21:19:22+00:00,cnsm-db-redis-02,vfs.dev.write.await[sda],0.6440677966101694
2026-05-17T21:20:22+00:00,cnsm-db-redis-02,vfs.dev.write.await[sda],0.764957264957265
2026-05-17T21:21:22+00:00,cnsm-db-redis-02,vfs.dev.write.await[sda],0.6283783783783784
2026-05-17T21:22:22+00:00,cnsm-db-redis-02,vfs.dev.write.await[sda],0.5945945945945945
2026-05-17T21:23:22+00:00,cnsm-db-redis-02,vfs.dev.write.await[sda],0.6009389671361502
2026-05-17T21:24:22+00:00,cnsm-db-redis-02,vfs.dev.write.await[sda],0.5879629629629631
2026-05-17T21:25:22+00:00,cnsm-db-redis-02,vfs.dev.write.await[sda],0.9162011173184357
2026-05-17T21:26:22+00:00,cnsm-db-redis-02,vfs.dev.write.await[sda],0.8559322033898306
2026-05-17T21:27:22+00:00,cnsm-db-redis-02,vfs.dev.write.await[sda],0.5149253731343284
2026-05-17T21:28:22+00:00,cnsm-db-redis-02,vfs.dev.write.await[sda],0.6325301204819277
2026-05-17T21:29:22+00:00,cnsm-db-redis-02,vfs.dev.write.await[sda],0.5381526104417671
2026-05-17T21:30:22+00:00,cnsm-db-redis-02,vfs.dev.write.await[sda],0.738255033557047
2026-05-17T21:31:22+00:00,cnsm-db-redis-02,vfs.dev.write.await[sda],0.5
2026-05-17T21:32:22+00:00,cnsm-db-redis-02,vfs.dev.write.await[sda],0.5402298850574714
2026-05-17T21:33:22+00:00,cnsm-db-redis-02,vfs.dev.write.await[sda],0.6582278481012658
2026-05-17T21:34:22+00:00,cnsm-db-redis-02,vfs.dev.write.await[sda],0.641304347826087
2026-05-17T21:35:22+00:00,cnsm-db-redis-02,vfs.dev.write.await[sda],0.6553398058252426
2026-05-17T21:36:22+00:00,cnsm-db-redis-02,vfs.dev.write.await[sda],0.7005988023952096
2026-05-17T21:37:22+00:00,cnsm-db-redis-02,vfs.dev.write.await[sda],0.5454545454545454
2026-05-17T21:38:22+00:00,cnsm-db-redis-02,vfs.dev.write.await[sda],0.5909090909090909
2026-05-17T21:39:22+00:00,cnsm-db-redis-02,vfs.dev.write.await[sda],0.5135135135135136
2026-05-17T21:40:22+00:00,cnsm-db-redis-02,vfs.dev.write.await[sda],0.6
2026-05-17T20:31:23+00:00,cnsm-db-redis-02,vfs.dev.write.time.rate[sda],0.001966687233200074
2026-05-17T20:32:23+00:00,cnsm-db-redis-02,vfs.dev.write.time.rate[sda],0.0020166789815168674
2026-05-17T20:33:23+00:00,cnsm-db-redis-02,vfs.dev.write.time.rate[sda],0.001616663764216322
2026-05-17T20:34:23+00:00,cnsm-db-redis-02,vfs.dev.write.time.rate[sda],0.00185000298402398
2026-05-17T20:35:23+00:00,cnsm-db-redis-02,vfs.dev.write.time.rate[sda],0.0019166361874555274
2026-05-17T20:36:23+00:00,cnsm-db-redis-02,vfs.dev.write.time.rate[sda],0.001616684974950389
2026-05-17T20:37:23+00:00,cnsm-db-redis-02,vfs.dev.write.time.rate[sda],0.001416656616503243
2026-05-17T20:38:23+00:00,cnsm-db-redis-02,vfs.dev.write.time.rate[sda],0.0019333362311143435
2026-05-17T20:39:23+00:00,cnsm-db-redis-02,vfs.dev.write.time.rate[sda],0.0018833526606750078
2026-05-17T20:40:23+00:00,cnsm-db-redis-02,vfs.dev.write.time.rate[sda],0.0016999658156707405
2026-05-17T20:41:23+00:00,cnsm-db-redis-02,vfs.dev.write.time.rate[sda],0.0019166702500094772
2026-05-17T20:42:23+00:00,cnsm-db-redis-02,vfs.dev.write.time.rate[sda],0.002416711686058082
2026-05-17T20:43:23+00:00,cnsm-db-redis-02,vfs.dev.write.time.rate[sda],0.0010166396286274235
2026-05-17T20:44:23+00:00,cnsm-db-redis-02,vfs.dev.write.time.rate[sda],0.0016167064422797051
2026-05-17T20:45:23+00:00,cnsm-db-redis-02,vfs.dev.write.time.rate[sda],0.0014666556756712543
2026-05-17T20:46:23+00:00,cnsm-db-redis-02,vfs.dev.write.time.rate[sda],0.0020166833199669635
2026-05-17T20:47:23+00:00,cnsm-db-redis-02,vfs.dev.write.time.rate[sda],0.0011666584000169088
2026-05-17T20:48:23+00:00,cnsm-db-redis-02,vfs.dev.write.time.rate[sda],0.0015500048821278777
2026-05-17T20:49:23+00:00,cnsm-db-redis-02,vfs.dev.write.time.rate[sda],0.0026666595931298743
2026-05-17T20:50:23+00:00,cnsm-db-redis-02,vfs.dev.write.time.rate[sda],0.0020999718997510163
2026-05-17T20:51:23+00:00,cnsm-db-redis-02,vfs.dev.write.time.rate[sda],0.0012833519863625035
2026-05-17T20:52:23+00:00,cnsm-db-redis-02,vfs.dev.write.time.rate[sda],0.0017000107102941428
2026-05-17T20:53:23+00:00,cnsm-db-redis-02,vfs.dev.write.time.rate[sda],0.0019166484811864357
2026-05-17T20:54:23+00:00,cnsm-db-redis-02,vfs.dev.write.time.rate[sda],0.0017000031660292297
2026-05-17T20:55:23+00:00,cnsm-db-redis-02,vfs.dev.write.time.rate[sda],0.0010999923205136136
2026-05-17T20:56:23+00:00,cnsm-db-redis-02,vfs.dev.write.time.rate[sda],0.0013166455266938664
2026-05-17T20:57:23+00:00,cnsm-db-redis-02,vfs.dev.write.time.rate[sda],0.0023000412200737236
2026-05-17T20:58:23+00:00,cnsm-db-redis-02,vfs.dev.write.time.rate[sda],0.0017333235803837662
2026-05-17T20:59:23+00:00,cnsm-db-redis-02,vfs.dev.write.time.rate[sda],0.0017333516028592275
2026-05-17T21:00:23+00:00,cnsm-db-redis-02,vfs.dev.write.time.rate[sda],0.0011500061566346268
2026-05-17T21:01:23+00:00,cnsm-db-redis-02,vfs.dev.write.time.rate[sda],0.0018999951398124325
2026-05-17T21:02:23+00:00,cnsm-db-redis-02,vfs.dev.write.time.rate[sda],0.002350008400300861
2026-05-17T21:03:23+00:00,cnsm-db-redis-02,vfs.dev.write.time.rate[sda],0.0008000018724443825
2026-05-17T21:04:23+00:00,cnsm-db-redis-02,vfs.dev.write.time.rate[sda],0.001799996121278358
2026-05-17T21:05:23+00:00,cnsm-db-redis-02,vfs.dev.write.time.rate[sda],0.0014333336281222829
2026-05-17T21:06:23+00:00,cnsm-db-redis-02,vfs.dev.write.time.rate[sda],0.0008500011217748138
2026-05-17T21:07:23+00:00,cnsm-db-redis-02,vfs.dev.write.time.rate[sda],0.0014333333193344447
2026-05-17T21:08:23+00:00,cnsm-db-redis-02,vfs.dev.write.time.rate[sda],0.0025666543830010105
2026-05-17T21:09:23+00:00,cnsm-db-redis-02,vfs.dev.write.time.rate[sda],0.001766677687319859
2026-05-17T21:10:23+00:00,cnsm-db-redis-02,vfs.dev.write.time.rate[sda],0.0010166587088384004
2026-05-17T21:11:23+00:00,cnsm-db-redis-02,vfs.dev.write.time.rate[sda],0.0014000049594242352
2026-05-17T21:12:23+00:00,cnsm-db-redis-02,vfs.dev.write.time.rate[sda],0.0030166647250909717
2026-05-17T21:13:23+00:00,cnsm-db-redis-02,vfs.dev.write.time.rate[sda],0.0016332699125915502
2026-05-17T21:14:23+00:00,cnsm-db-redis-02,vfs.dev.write.time.rate[sda],0.001000038274631558
2026-05-17T21:15:23+00:00,cnsm-db-redis-02,vfs.dev.write.time.rate[sda],0.0016166573343235945
2026-05-17T21:16:23+00:00,cnsm-db-redis-02,vfs.dev.write.time.rate[sda],0.0022333507285671557
2026-05-17T21:17:23+00:00,cnsm-db-redis-02,vfs.dev.write.time.rate[sda],0.0021166647558475585
2026-05-17T21:18:23+00:00,cnsm-db-redis-02,vfs.dev.write.time.rate[sda],0.0012666445840272102
2026-05-17T21:19:23+00:00,cnsm-db-redis-02,vfs.dev.write.time.rate[sda],0.0029833480176706113
2026-05-17T21:20:23+00:00,cnsm-db-redis-02,vfs.dev.write.time.rate[sda],0.0015500141164435629
2026-05-17T21:21:23+00:00,cnsm-db-redis-02,vfs.dev.write.time.rate[sda],0.001100001177184593
2026-05-17T21:22:23+00:00,cnsm-db-redis-02,vfs.dev.write.time.rate[sda],0.0021333293140342394
2026-05-17T21:23:23+00:00,cnsm-db-redis-02,vfs.dev.write.time.rate[sda],0.002116615353842859
2026-05-17T21:24:23+00:00,cnsm-db-redis-02,vfs.dev.write.time.rate[sda],0.002733387153179702
2026-05-17T21:25:23+00:00,cnsm-db-redis-02,vfs.dev.write.time.rate[sda],0.001683323787428578
2026-05-17T21:26:23+00:00,cnsm-db-redis-02,vfs.dev.write.time.rate[sda],0.0011500171690279894
2026-05-17T21:27:23+00:00,cnsm-db-redis-02,vfs.dev.write.time.rate[sda],0.0034999669271791873
2026-05-17T21:28:23+00:00,cnsm-db-redis-02,vfs.dev.write.time.rate[sda],0.0022333497904412692
2026-05-17T21:29:23+00:00,cnsm-db-redis-02,vfs.dev.write.time.rate[sda],0.0018333133109242291
2026-05-17T21:30:23+00:00,cnsm-db-redis-02,vfs.dev.write.time.rate[sda],0.0019000143283880533
2026-05-17T21:31:23+00:00,cnsm-db-redis-02,vfs.dev.write.time.rate[sda],0.0015666620046983174
2026-05-17T21:32:23+00:00,cnsm-db-redis-02,vfs.dev.write.time.rate[sda],0.0017333411377884733
2026-05-17T21:33:23+00:00,cnsm-db-redis-02,vfs.dev.write.time.rate[sda],0.000983339469125786
2026-05-17T21:34:23+00:00,cnsm-db-redis-02,vfs.dev.write.time.rate[sda],0.002249995038198442
2026-05-17T21:35:23+00:00,cnsm-db-redis-02,vfs.dev.write.time.rate[sda],0.0019499969109448936
2026-05-17T21:36:23+00:00,cnsm-db-redis-02,vfs.dev.write.time.rate[sda],0.0014000059233550612
2026-05-17T21:37:23+00:00,cnsm-db-redis-02,vfs.dev.write.time.rate[sda],0.0015166613590596853
2026-05-17T21:38:23+00:00,cnsm-db-redis-02,vfs.dev.write.time.rate[sda],0.001583320231543138
2026-05-17T21:39:23+00:00,cnsm-db-redis-02,vfs.dev.write.time.rate[sda],0.0010500099254113218
2026-05-17T21:40:23+00:00,cnsm-db-redis-02,vfs.dev.write.time.rate[sda],0.0018833317188786064
2026-05-17T20:31:21+00:00,cnsm-db-redis-02,vm.memory.size[total],12243693568
2026-05-17T20:32:21+00:00,cnsm-db-redis-02,vm.memory.size[total],12243693568
2026-05-17T20:33:21+00:00,cnsm-db-redis-02,vm.memory.size[total],12243693568
2026-05-17T20:34:21+00:00,cnsm-db-redis-02,vm.memory.size[total],12243693568
2026-05-17T20:35:21+00:00,cnsm-db-redis-02,vm.memory.size[total],12243693568
2026-05-17T20:36:21+00:00,cnsm-db-redis-02,vm.memory.size[total],12243693568
2026-05-17T20:37:21+00:00,cnsm-db-redis-02,vm.memory.size[total],12243693568
2026-05-17T20:38:21+00:00,cnsm-db-redis-02,vm.memory.size[total],12243693568
2026-05-17T20:39:21+00:00,cnsm-db-redis-02,vm.memory.size[total],12243693568
2026-05-17T20:40:21+00:00,cnsm-db-redis-02,vm.memory.size[total],12243693568
2026-05-17T20:41:21+00:00,cnsm-db-redis-02,vm.memory.size[total],12243693568
2026-05-17T20:42:21+00:00,cnsm-db-redis-02,vm.memory.size[total],12243693568
2026-05-17T20:43:21+00:00,cnsm-db-redis-02,vm.memory.size[total],12243693568
2026-05-17T20:44:21+00:00,cnsm-db-redis-02,vm.memory.size[total],12243693568
2026-05-17T20:45:21+00:00,cnsm-db-redis-02,vm.memory.size[total],12243693568
2026-05-17T20:46:21+00:00,cnsm-db-redis-02,vm.memory.size[total],12243693568
2026-05-17T20:47:21+00:00,cnsm-db-redis-02,vm.memory.size[total],12243693568
2026-05-17T20:48:21+00:00,cnsm-db-redis-02,vm.memory.size[total],12243693568
2026-05-17T20:49:21+00:00,cnsm-db-redis-02,vm.memory.size[total],12243693568
2026-05-17T20:50:21+00:00,cnsm-db-redis-02,vm.memory.size[total],12243693568
2026-05-17T20:51:21+00:00,cnsm-db-redis-02,vm.memory.size[total],12243693568
2026-05-17T20:52:21+00:00,cnsm-db-redis-02,vm.memory.size[total],12243693568
2026-05-17T20:53:21+00:00,cnsm-db-redis-02,vm.memory.size[total],12243693568
2026-05-17T20:54:21+00:00,cnsm-db-redis-02,vm.memory.size[total],12243693568
2026-05-17T20:55:21+00:00,cnsm-db-redis-02,vm.memory.size[total],12243693568
2026-05-17T20:56:21+00:00,cnsm-db-redis-02,vm.memory.size[total],12243693568
2026-05-17T20:57:21+00:00,cnsm-db-redis-02,vm.memory.size[total],12243693568
2026-05-17T20:58:21+00:00,cnsm-db-redis-02,vm.memory.size[total],12243693568
2026-05-17T20:59:21+00:00,cnsm-db-redis-02,vm.memory.size[total],12243693568
2026-05-17T21:00:21+00:00,cnsm-db-redis-02,vm.memory.size[total],12243693568
2026-05-17T21:01:21+00:00,cnsm-db-redis-02,vm.memory.size[total],12243693568
2026-05-17T21:02:21+00:00,cnsm-db-redis-02,vm.memory.size[total],12243693568
2026-05-17T21:03:21+00:00,cnsm-db-redis-02,vm.memory.size[total],12243693568
2026-05-17T21:04:21+00:00,cnsm-db-redis-02,vm.memory.size[total],12243693568
2026-05-17T21:05:21+00:00,cnsm-db-redis-02,vm.memory.size[total],12243693568
2026-05-17T21:06:21+00:00,cnsm-db-redis-02,vm.memory.size[total],12243693568
2026-05-17T21:07:21+00:00,cnsm-db-redis-02,vm.memory.size[total],12243693568
2026-05-17T21:08:21+00:00,cnsm-db-redis-02,vm.memory.size[total],12243693568
2026-05-17T21:09:21+00:00,cnsm-db-redis-02,vm.memory.size[total],12243693568
2026-05-17T21:10:21+00:00,cnsm-db-redis-02,vm.memory.size[total],12243693568
2026-05-17T21:11:21+00:00,cnsm-db-redis-02,vm.memory.size[total],12243693568
2026-05-17T21:12:21+00:00,cnsm-db-redis-02,vm.memory.size[total],12243693568
2026-05-17T21:13:21+00:00,cnsm-db-redis-02,vm.memory.size[total],12243693568
2026-05-17T21:14:21+00:00,cnsm-db-redis-02,vm.memory.size[total],12243693568
2026-05-17T21:15:21+00:00,cnsm-db-redis-02,vm.memory.size[total],12243693568
2026-05-17T21:16:21+00:00,cnsm-db-redis-02,vm.memory.size[total],12243693568
2026-05-17T21:17:21+00:00,cnsm-db-redis-02,vm.memory.size[total],12243693568
2026-05-17T21:18:21+00:00,cnsm-db-redis-02,vm.memory.size[total],12243693568
2026-05-17T21:19:21+00:00,cnsm-db-redis-02,vm.memory.size[total],12243693568
2026-05-17T21:20:21+00:00,cnsm-db-redis-02,vm.memory.size[total],12243693568
2026-05-17T21:21:21+00:00,cnsm-db-redis-02,vm.memory.size[total],12243693568
2026-05-17T21:22:21+00:00,cnsm-db-redis-02,vm.memory.size[total],12243693568
2026-05-17T21:23:21+00:00,cnsm-db-redis-02,vm.memory.size[total],12243693568
2026-05-17T21:24:21+00:00,cnsm-db-redis-02,vm.memory.size[total],12243693568
2026-05-17T21:25:21+00:00,cnsm-db-redis-02,vm.memory.size[total],12243693568
2026-05-17T21:26:21+00:00,cnsm-db-redis-02,vm.memory.size[total],12243693568
2026-05-17T21:27:21+00:00,cnsm-db-redis-02,vm.memory.size[total],12243693568
2026-05-17T21:28:21+00:00,cnsm-db-redis-02,vm.memory.size[total],12243693568
2026-05-17T21:29:21+00:00,cnsm-db-redis-02,vm.memory.size[total],12243693568
2026-05-17T21:30:21+00:00,cnsm-db-redis-02,vm.memory.size[total],12243693568
2026-05-17T21:31:21+00:00,cnsm-db-redis-02,vm.memory.size[total],12243693568
2026-05-17T21:32:21+00:00,cnsm-db-redis-02,vm.memory.size[total],12243693568
2026-05-17T21:33:21+00:00,cnsm-db-redis-02,vm.memory.size[total],12243693568
2026-05-17T21:34:21+00:00,cnsm-db-redis-02,vm.memory.size[total],12243693568
2026-05-17T21:35:21+00:00,cnsm-db-redis-02,vm.memory.size[total],12243693568
2026-05-17T21:36:21+00:00,cnsm-db-redis-02,vm.memory.size[total],12243693568
2026-05-17T21:37:21+00:00,cnsm-db-redis-02,vm.memory.size[total],12243693568
2026-05-17T21:38:21+00:00,cnsm-db-redis-02,vm.memory.size[total],12243693568
2026-05-17T21:39:21+00:00,cnsm-db-redis-02,vm.memory.size[total],12243693568
2026-05-17T21:40:21+00:00,cnsm-db-redis-02,vm.memory.size[total],12243693568
