timestamp_utc,host,item_key,value
2026-05-16T11:15:55+00:00,cnsm-web-04,vm.memory.size[available],7613120512
2026-05-16T11:16:55+00:00,cnsm-web-04,vm.memory.size[available],7604359168
2026-05-16T11:17:55+00:00,cnsm-web-04,vm.memory.size[available],7604727808
2026-05-16T11:18:55+00:00,cnsm-web-04,vm.memory.size[available],7606448128
2026-05-16T11:19:55+00:00,cnsm-web-04,vm.memory.size[available],7606902784
2026-05-16T11:20:55+00:00,cnsm-web-04,vm.memory.size[available],7598309376
2026-05-16T11:21:55+00:00,cnsm-web-04,vm.memory.size[available],7603134464
2026-05-16T11:22:55+00:00,cnsm-web-04,vm.memory.size[available],7604932608
2026-05-16T11:23:55+00:00,cnsm-web-04,vm.memory.size[available],7611314176
2026-05-16T11:24:55+00:00,cnsm-web-04,vm.memory.size[available],7585681408
2026-05-16T11:25:55+00:00,cnsm-web-04,vm.memory.size[available],7613419520
2026-05-16T11:26:55+00:00,cnsm-web-04,vm.memory.size[available],7613771776
2026-05-16T11:27:55+00:00,cnsm-web-04,vm.memory.size[available],7608705024
2026-05-16T11:28:55+00:00,cnsm-web-04,vm.memory.size[available],7611858944
2026-05-16T11:29:55+00:00,cnsm-web-04,vm.memory.size[available],7611019264
2026-05-16T11:30:55+00:00,cnsm-web-04,vm.memory.size[available],7605084160
2026-05-16T11:31:55+00:00,cnsm-web-04,vm.memory.size[available],7607267328
2026-05-16T11:32:55+00:00,cnsm-web-04,vm.memory.size[available],7604912128
2026-05-16T11:33:55+00:00,cnsm-web-04,vm.memory.size[available],7605227520
2026-05-16T11:34:55+00:00,cnsm-web-04,vm.memory.size[available],7602089984
2026-05-16T11:35:55+00:00,cnsm-web-04,vm.memory.size[available],7599824896
2026-05-16T11:36:55+00:00,cnsm-web-04,vm.memory.size[available],7597006848
2026-05-16T11:37:55+00:00,cnsm-web-04,vm.memory.size[available],7597768704
2026-05-16T11:38:55+00:00,cnsm-web-04,vm.memory.size[available],7579279360
2026-05-16T11:39:55+00:00,cnsm-web-04,vm.memory.size[available],7596552192
2026-05-16T11:40:55+00:00,cnsm-web-04,vm.memory.size[available],7607623680
2026-05-16T11:41:55+00:00,cnsm-web-04,vm.memory.size[available],7608918016
2026-05-16T11:42:55+00:00,cnsm-web-04,vm.memory.size[available],7597314048
2026-05-16T11:43:55+00:00,cnsm-web-04,vm.memory.size[available],7596249088
2026-05-16T11:44:55+00:00,cnsm-web-04,vm.memory.size[available],7590850560
2026-05-16T11:45:55+00:00,cnsm-web-04,vm.memory.size[available],7597252608
2026-05-16T11:46:55+00:00,cnsm-web-04,vm.memory.size[available],7587033088
2026-05-16T11:47:55+00:00,cnsm-web-04,vm.memory.size[available],7591833600
2026-05-16T11:48:55+00:00,cnsm-web-04,vm.memory.size[available],7581163520
2026-05-16T11:49:55+00:00,cnsm-web-04,vm.memory.size[available],7592632320
2026-05-16T11:50:55+00:00,cnsm-web-04,vm.memory.size[available],7602016256
2026-05-16T11:51:55+00:00,cnsm-web-04,vm.memory.size[available],7600320512
2026-05-16T11:52:55+00:00,cnsm-web-04,vm.memory.size[available],7596097536
2026-05-16T11:53:55+00:00,cnsm-web-04,vm.memory.size[available],7599120384
2026-05-16T11:54:55+00:00,cnsm-web-04,vm.memory.size[available],7599255552
2026-05-16T11:55:55+00:00,cnsm-web-04,vm.memory.size[available],7578714112
2026-05-16T11:56:55+00:00,cnsm-web-04,vm.memory.size[available],7596486656
2026-05-16T11:57:55+00:00,cnsm-web-04,vm.memory.size[available],7592927232
2026-05-16T11:58:55+00:00,cnsm-web-04,vm.memory.size[available],7594725376
2026-05-16T11:59:55+00:00,cnsm-web-04,vm.memory.size[available],7600488448
2026-05-16T12:00:55+00:00,cnsm-web-04,vm.memory.size[available],7603630080
2026-05-16T12:01:55+00:00,cnsm-web-04,vm.memory.size[available],7597531136
2026-05-16T12:02:55+00:00,cnsm-web-04,vm.memory.size[available],7595073536
2026-05-16T12:03:55+00:00,cnsm-web-04,vm.memory.size[available],7590924288
2026-05-16T12:04:55+00:00,cnsm-web-04,vm.memory.size[available],7599214592
2026-05-16T12:05:55+00:00,cnsm-web-04,vm.memory.size[available],7591821312
2026-05-16T12:06:55+00:00,cnsm-web-04,vm.memory.size[available],7596810240
2026-05-16T12:07:55+00:00,cnsm-web-04,vm.memory.size[available],7594717184
2026-05-16T12:08:55+00:00,cnsm-web-04,vm.memory.size[available],7597912064
2026-05-16T12:09:55+00:00,cnsm-web-04,vm.memory.size[available],7594586112
2026-05-16T12:10:55+00:00,cnsm-web-04,vm.memory.size[available],7595417600
2026-05-16T12:11:55+00:00,cnsm-web-04,vm.memory.size[available],7596101632
2026-05-16T12:12:55+00:00,cnsm-web-04,vm.memory.size[available],7588900864
2026-05-16T12:13:55+00:00,cnsm-web-04,vm.memory.size[available],7589687296
2026-05-16T12:14:55+00:00,cnsm-web-04,vm.memory.size[available],7605432320
2026-05-16T12:15:55+00:00,cnsm-web-04,vm.memory.size[available],7606243328
2026-05-16T12:16:55+00:00,cnsm-web-04,vm.memory.size[available],7602671616
2026-05-16T12:17:55+00:00,cnsm-web-04,vm.memory.size[available],7591407616
2026-05-16T12:18:55+00:00,cnsm-web-04,vm.memory.size[available],7602180096
2026-05-16T12:19:55+00:00,cnsm-web-04,vm.memory.size[available],7593611264
2026-05-16T12:20:55+00:00,cnsm-web-04,vm.memory.size[available],7601176576
2026-05-16T12:21:55+00:00,cnsm-web-04,vm.memory.size[available],7607164928
2026-05-16T12:22:55+00:00,cnsm-web-04,vm.memory.size[available],7597371392
2026-05-16T12:23:55+00:00,cnsm-web-04,vm.memory.size[available],7590645760
2026-05-16T12:24:55+00:00,cnsm-web-04,vm.memory.size[available],7594954752
2026-05-16T12:25:55+00:00,cnsm-web-04,vm.memory.size[available],7599656960
2026-05-16T12:26:55+00:00,cnsm-web-04,vm.memory.size[available],7592652800
2026-05-16T12:27:55+00:00,cnsm-web-04,vm.memory.size[available],7605358592
2026-05-16T12:28:55+00:00,cnsm-web-04,vm.memory.size[available],7599267840
2026-05-16T12:29:55+00:00,cnsm-web-04,vm.memory.size[available],7602937856
2026-05-16T12:30:55+00:00,cnsm-web-04,vm.memory.size[available],7592681472
2026-05-16T12:31:55+00:00,cnsm-web-04,vm.memory.size[available],7593054208
2026-05-16T12:32:55+00:00,cnsm-web-04,vm.memory.size[available],7603052544
2026-05-16T12:33:55+00:00,cnsm-web-04,vm.memory.size[available],7602200576
2026-05-16T12:34:55+00:00,cnsm-web-04,vm.memory.size[available],7607504896
2026-05-16T12:35:55+00:00,cnsm-web-04,vm.memory.size[available],7606554624
2026-05-16T12:36:55+00:00,cnsm-web-04,vm.memory.size[available],7604678656
2026-05-16T12:37:55+00:00,cnsm-web-04,vm.memory.size[available],7602888704
2026-05-16T12:38:55+00:00,cnsm-web-04,vm.memory.size[available],7601643520
2026-05-16T12:39:55+00:00,cnsm-web-04,vm.memory.size[available],7598592000
2026-05-16T12:40:55+00:00,cnsm-web-04,vm.memory.size[available],7603453952
2026-05-16T12:41:55+00:00,cnsm-web-04,vm.memory.size[available],7602221056
2026-05-16T12:42:55+00:00,cnsm-web-04,vm.memory.size[available],7603507200
2026-05-16T12:43:55+00:00,cnsm-web-04,vm.memory.size[available],7596175360
2026-05-16T11:15:56+00:00,cnsm-web-04,vm.memory.size[pavailable],93.668334
2026-05-16T11:16:56+00:00,cnsm-web-04,vm.memory.size[pavailable],93.560539
2026-05-16T11:17:56+00:00,cnsm-web-04,vm.memory.size[pavailable],93.569358
2026-05-16T11:18:56+00:00,cnsm-web-04,vm.memory.size[pavailable],93.582511
2026-05-16T11:19:56+00:00,cnsm-web-04,vm.memory.size[pavailable],93.627665
2026-05-16T11:20:56+00:00,cnsm-web-04,vm.memory.size[pavailable],93.486105
2026-05-16T11:21:56+00:00,cnsm-web-04,vm.memory.size[pavailable],93.539927
2026-05-16T11:22:56+00:00,cnsm-web-04,vm.memory.size[pavailable],93.619703
2026-05-16T11:23:56+00:00,cnsm-web-04,vm.memory.size[pavailable],93.63976
2026-05-16T11:24:56+00:00,cnsm-web-04,vm.memory.size[pavailable],93.342277
2026-05-16T11:25:56+00:00,cnsm-web-04,vm.memory.size[pavailable],93.646614
2026-05-16T11:26:56+00:00,cnsm-web-04,vm.memory.size[pavailable],93.666823
2026-05-16T11:27:56+00:00,cnsm-web-04,vm.memory.size[pavailable],93.604484
2026-05-16T11:28:56+00:00,cnsm-web-04,vm.memory.size[pavailable],93.660876
2026-05-16T11:29:56+00:00,cnsm-web-04,vm.memory.size[pavailable],93.610783
2026-05-16T11:30:56+00:00,cnsm-web-04,vm.memory.size[pavailable],93.569459
2026-05-16T11:31:56+00:00,cnsm-web-04,vm.memory.size[pavailable],93.61678
2026-05-16T11:32:56+00:00,cnsm-web-04,vm.memory.size[pavailable],93.561345
2026-05-16T11:33:56+00:00,cnsm-web-04,vm.memory.size[pavailable],93.558876
2026-05-16T11:34:56+00:00,cnsm-web-04,vm.memory.size[pavailable],93.556205
2026-05-16T11:35:56+00:00,cnsm-web-04,vm.memory.size[pavailable],93.508178
2026-05-16T11:36:56+00:00,cnsm-web-04,vm.memory.size[pavailable],93.45738
2026-05-16T11:37:56+00:00,cnsm-web-04,vm.memory.size[pavailable],93.457581
2026-05-16T11:38:56+00:00,cnsm-web-04,vm.memory.size[pavailable],93.260384
2026-05-16T11:39:56+00:00,cnsm-web-04,vm.memory.size[pavailable],93.479705
2026-05-16T11:40:56+00:00,cnsm-web-04,vm.memory.size[pavailable],93.591179
2026-05-16T11:41:56+00:00,cnsm-web-04,vm.memory.size[pavailable],93.592288
2026-05-16T11:42:56+00:00,cnsm-web-04,vm.memory.size[pavailable],93.452592
2026-05-16T11:43:56+00:00,cnsm-web-04,vm.memory.size[pavailable],93.502332
2026-05-16T11:44:56+00:00,cnsm-web-04,vm.memory.size[pavailable],93.394335
2026-05-16T11:45:56+00:00,cnsm-web-04,vm.memory.size[pavailable],93.41157
2026-05-16T11:46:56+00:00,cnsm-web-04,vm.memory.size[pavailable],93.500669
2026-05-16T11:47:56+00:00,cnsm-web-04,vm.memory.size[pavailable],93.438935
2026-05-16T11:48:56+00:00,cnsm-web-04,vm.memory.size[pavailable],93.320456
2026-05-16T11:49:56+00:00,cnsm-web-04,vm.memory.size[pavailable],93.475774
2026-05-16T11:50:56+00:00,cnsm-web-04,vm.memory.size[pavailable],93.528538
2026-05-16T11:51:56+00:00,cnsm-web-04,vm.memory.size[pavailable],93.501324
2026-05-16T11:52:56+00:00,cnsm-web-04,vm.memory.size[pavailable],93.450476
2026-05-16T11:53:56+00:00,cnsm-web-04,vm.memory.size[pavailable],93.251968
2026-05-16T11:54:56+00:00,cnsm-web-04,vm.memory.size[pavailable],93.485047
2026-05-16T11:55:56+00:00,cnsm-web-04,vm.memory.size[pavailable],93.446494
2026-05-16T11:56:56+00:00,cnsm-web-04,vm.memory.size[pavailable],93.501476
2026-05-16T11:57:56+00:00,cnsm-web-04,vm.memory.size[pavailable],93.394688
2026-05-16T11:58:56+00:00,cnsm-web-04,vm.memory.size[pavailable],93.552828
2026-05-16T11:59:56+00:00,cnsm-web-04,vm.memory.size[pavailable],93.521281
2026-05-16T12:00:56+00:00,cnsm-web-04,vm.memory.size[pavailable],93.535694
2026-05-16T12:01:56+00:00,cnsm-web-04,vm.memory.size[pavailable],93.437776
2026-05-16T12:02:56+00:00,cnsm-web-04,vm.memory.size[pavailable],93.454104
2026-05-16T12:03:56+00:00,cnsm-web-04,vm.memory.size[pavailable],93.385718
2026-05-16T12:04:56+00:00,cnsm-web-04,vm.memory.size[pavailable],93.504499
2026-05-16T12:05:56+00:00,cnsm-web-04,vm.memory.size[pavailable],93.407136
2026-05-16T12:06:56+00:00,cnsm-web-04,vm.memory.size[pavailable],93.463024
2026-05-16T12:07:56+00:00,cnsm-web-04,vm.memory.size[pavailable],93.398216
2026-05-16T12:08:56+00:00,cnsm-web-04,vm.memory.size[pavailable],93.465745
2026-05-16T12:09:56+00:00,cnsm-web-04,vm.memory.size[pavailable],93.42941
2026-05-16T12:10:56+00:00,cnsm-web-04,vm.memory.size[pavailable],93.450526
2026-05-16T12:11:56+00:00,cnsm-web-04,vm.memory.size[pavailable],93.441102
2026-05-16T12:12:56+00:00,cnsm-web-04,vm.memory.size[pavailable],93.196886
2026-05-16T12:13:56+00:00,cnsm-web-04,vm.memory.size[pavailable],93.369793
2026-05-16T12:14:56+00:00,cnsm-web-04,vm.memory.size[pavailable],93.542145
2026-05-16T12:15:56+00:00,cnsm-web-04,vm.memory.size[pavailable],93.556306
2026-05-16T12:16:56+00:00,cnsm-web-04,vm.memory.size[pavailable],93.579135
2026-05-16T12:17:56+00:00,cnsm-web-04,vm.memory.size[pavailable],93.398014
2026-05-16T12:18:56+00:00,cnsm-web-04,vm.memory.size[pavailable],93.533729
2026-05-16T12:19:56+00:00,cnsm-web-04,vm.memory.size[pavailable],93.385667
2026-05-16T12:20:56+00:00,cnsm-web-04,vm.memory.size[pavailable],93.517199
2026-05-16T12:21:56+00:00,cnsm-web-04,vm.memory.size[pavailable],93.59506
2026-05-16T12:22:56+00:00,cnsm-web-04,vm.memory.size[pavailable],93.474564
2026-05-16T12:23:56+00:00,cnsm-web-04,vm.memory.size[pavailable],93.382845
2026-05-16T12:24:56+00:00,cnsm-web-04,vm.memory.size[pavailable],93.441656
2026-05-16T12:25:56+00:00,cnsm-web-04,vm.memory.size[pavailable],93.502685
2026-05-16T12:26:56+00:00,cnsm-web-04,vm.memory.size[pavailable],93.431325
2026-05-16T12:27:56+00:00,cnsm-web-04,vm.memory.size[pavailable],93.572835
2026-05-16T12:28:56+00:00,cnsm-web-04,vm.memory.size[pavailable],93.527883
2026-05-16T12:29:56+00:00,cnsm-web-04,vm.memory.size[pavailable],93.515334
2026-05-16T12:30:56+00:00,cnsm-web-04,vm.memory.size[pavailable],93.55051
2026-05-16T12:31:56+00:00,cnsm-web-04,vm.memory.size[pavailable],93.443823
2026-05-16T12:32:56+00:00,cnsm-web-04,vm.memory.size[pavailable],93.583872
2026-05-16T12:33:56+00:00,cnsm-web-04,vm.memory.size[pavailable],93.531763
2026-05-16T12:34:56+00:00,cnsm-web-04,vm.memory.size[pavailable],93.594153
2026-05-16T12:35:56+00:00,cnsm-web-04,vm.memory.size[pavailable],93.587551
2026-05-16T12:36:56+00:00,cnsm-web-04,vm.memory.size[pavailable],93.536248
2026-05-16T12:37:56+00:00,cnsm-web-04,vm.memory.size[pavailable],93.543505
2026-05-16T12:38:56+00:00,cnsm-web-04,vm.memory.size[pavailable],93.620257
2026-05-16T12:39:56+00:00,cnsm-web-04,vm.memory.size[pavailable],93.489582
2026-05-16T12:40:56+00:00,cnsm-web-04,vm.memory.size[pavailable],93.54925
2026-05-16T12:41:56+00:00,cnsm-web-04,vm.memory.size[pavailable],93.510648
2026-05-16T12:42:56+00:00,cnsm-web-04,vm.memory.size[pavailable],93.546882
2026-05-16T12:43:56+00:00,cnsm-web-04,vm.memory.size[pavailable],93.459849
2026-05-16T11:15:07+00:00,cnsm-web-04,cnsm.fault.active,0
2026-05-16T11:15:22+00:00,cnsm-web-04,cnsm.fault.active,0
2026-05-16T11:15:37+00:00,cnsm-web-04,cnsm.fault.active,0
2026-05-16T11:15:52+00:00,cnsm-web-04,cnsm.fault.active,0
2026-05-16T11:16:07+00:00,cnsm-web-04,cnsm.fault.active,0
2026-05-16T11:16:22+00:00,cnsm-web-04,cnsm.fault.active,0
2026-05-16T11:16:37+00:00,cnsm-web-04,cnsm.fault.active,0
2026-05-16T11:16:52+00:00,cnsm-web-04,cnsm.fault.active,0
2026-05-16T11:17:07+00:00,cnsm-web-04,cnsm.fault.active,0
2026-05-16T11:17:22+00:00,cnsm-web-04,cnsm.fault.active,0
2026-05-16T11:17:37+00:00,cnsm-web-04,cnsm.fault.active,0
2026-05-16T11:17:52+00:00,cnsm-web-04,cnsm.fault.active,0
2026-05-16T11:18:07+00:00,cnsm-web-04,cnsm.fault.active,0
2026-05-16T11:18:22+00:00,cnsm-web-04,cnsm.fault.active,0
2026-05-16T11:18:37+00:00,cnsm-web-04,cnsm.fault.active,0
2026-05-16T11:18:52+00:00,cnsm-web-04,cnsm.fault.active,0
2026-05-16T11:19:07+00:00,cnsm-web-04,cnsm.fault.active,0
2026-05-16T11:19:22+00:00,cnsm-web-04,cnsm.fault.active,0
2026-05-16T11:19:37+00:00,cnsm-web-04,cnsm.fault.active,0
2026-05-16T11:19:52+00:00,cnsm-web-04,cnsm.fault.active,0
2026-05-16T11:20:07+00:00,cnsm-web-04,cnsm.fault.active,0
2026-05-16T11:20:22+00:00,cnsm-web-04,cnsm.fault.active,0
2026-05-16T11:20:37+00:00,cnsm-web-04,cnsm.fault.active,0
2026-05-16T11:20:52+00:00,cnsm-web-04,cnsm.fault.active,0
2026-05-16T11:21:07+00:00,cnsm-web-04,cnsm.fault.active,0
2026-05-16T11:21:22+00:00,cnsm-web-04,cnsm.fault.active,0
2026-05-16T11:21:37+00:00,cnsm-web-04,cnsm.fault.active,0
2026-05-16T11:21:52+00:00,cnsm-web-04,cnsm.fault.active,0
2026-05-16T11:22:07+00:00,cnsm-web-04,cnsm.fault.active,0
2026-05-16T11:22:22+00:00,cnsm-web-04,cnsm.fault.active,0
2026-05-16T11:22:37+00:00,cnsm-web-04,cnsm.fault.active,0
2026-05-16T11:22:52+00:00,cnsm-web-04,cnsm.fault.active,0
2026-05-16T11:23:07+00:00,cnsm-web-04,cnsm.fault.active,0
2026-05-16T11:23:22+00:00,cnsm-web-04,cnsm.fault.active,0
2026-05-16T11:23:37+00:00,cnsm-web-04,cnsm.fault.active,0
2026-05-16T11:23:52+00:00,cnsm-web-04,cnsm.fault.active,0
2026-05-16T11:24:07+00:00,cnsm-web-04,cnsm.fault.active,0
2026-05-16T11:24:22+00:00,cnsm-web-04,cnsm.fault.active,0
2026-05-16T11:24:37+00:00,cnsm-web-04,cnsm.fault.active,0
2026-05-16T11:24:52+00:00,cnsm-web-04,cnsm.fault.active,0
2026-05-16T11:25:07+00:00,cnsm-web-04,cnsm.fault.active,0
2026-05-16T11:25:22+00:00,cnsm-web-04,cnsm.fault.active,0
2026-05-16T11:25:37+00:00,cnsm-web-04,cnsm.fault.active,0
2026-05-16T11:25:52+00:00,cnsm-web-04,cnsm.fault.active,0
2026-05-16T11:26:07+00:00,cnsm-web-04,cnsm.fault.active,0
2026-05-16T11:26:22+00:00,cnsm-web-04,cnsm.fault.active,0
2026-05-16T11:26:37+00:00,cnsm-web-04,cnsm.fault.active,0
2026-05-16T11:26:52+00:00,cnsm-web-04,cnsm.fault.active,0
2026-05-16T11:27:07+00:00,cnsm-web-04,cnsm.fault.active,0
2026-05-16T11:27:22+00:00,cnsm-web-04,cnsm.fault.active,0
2026-05-16T11:27:37+00:00,cnsm-web-04,cnsm.fault.active,0
2026-05-16T11:27:52+00:00,cnsm-web-04,cnsm.fault.active,0
2026-05-16T11:28:07+00:00,cnsm-web-04,cnsm.fault.active,0
2026-05-16T11:28:22+00:00,cnsm-web-04,cnsm.fault.active,0
2026-05-16T11:28:37+00:00,cnsm-web-04,cnsm.fault.active,0
2026-05-16T11:28:52+00:00,cnsm-web-04,cnsm.fault.active,0
2026-05-16T11:29:07+00:00,cnsm-web-04,cnsm.fault.active,0
2026-05-16T11:29:22+00:00,cnsm-web-04,cnsm.fault.active,0
2026-05-16T11:29:37+00:00,cnsm-web-04,cnsm.fault.active,0
2026-05-16T11:29:52+00:00,cnsm-web-04,cnsm.fault.active,0
2026-05-16T11:30:07+00:00,cnsm-web-04,cnsm.fault.active,0
2026-05-16T11:30:22+00:00,cnsm-web-04,cnsm.fault.active,0
2026-05-16T11:30:37+00:00,cnsm-web-04,cnsm.fault.active,0
2026-05-16T11:30:52+00:00,cnsm-web-04,cnsm.fault.active,0
2026-05-16T11:31:07+00:00,cnsm-web-04,cnsm.fault.active,0
2026-05-16T11:31:22+00:00,cnsm-web-04,cnsm.fault.active,0
2026-05-16T11:31:37+00:00,cnsm-web-04,cnsm.fault.active,0
2026-05-16T11:31:52+00:00,cnsm-web-04,cnsm.fault.active,0
2026-05-16T11:32:07+00:00,cnsm-web-04,cnsm.fault.active,0
2026-05-16T11:32:22+00:00,cnsm-web-04,cnsm.fault.active,0
2026-05-16T11:32:37+00:00,cnsm-web-04,cnsm.fault.active,0
2026-05-16T11:32:52+00:00,cnsm-web-04,cnsm.fault.active,0
2026-05-16T11:33:07+00:00,cnsm-web-04,cnsm.fault.active,0
2026-05-16T11:33:22+00:00,cnsm-web-04,cnsm.fault.active,0
2026-05-16T11:33:37+00:00,cnsm-web-04,cnsm.fault.active,0
2026-05-16T11:33:52+00:00,cnsm-web-04,cnsm.fault.active,0
2026-05-16T11:34:07+00:00,cnsm-web-04,cnsm.fault.active,0
2026-05-16T11:34:22+00:00,cnsm-web-04,cnsm.fault.active,0
2026-05-16T11:34:37+00:00,cnsm-web-04,cnsm.fault.active,0
2026-05-16T11:34:52+00:00,cnsm-web-04,cnsm.fault.active,0
2026-05-16T11:35:07+00:00,cnsm-web-04,cnsm.fault.active,0
2026-05-16T11:35:22+00:00,cnsm-web-04,cnsm.fault.active,0
2026-05-16T11:35:37+00:00,cnsm-web-04,cnsm.fault.active,0
2026-05-16T11:35:52+00:00,cnsm-web-04,cnsm.fault.active,0
2026-05-16T11:36:07+00:00,cnsm-web-04,cnsm.fault.active,0
2026-05-16T11:36:22+00:00,cnsm-web-04,cnsm.fault.active,0
2026-05-16T11:36:37+00:00,cnsm-web-04,cnsm.fault.active,0
2026-05-16T11:36:52+00:00,cnsm-web-04,cnsm.fault.active,0
2026-05-16T11:37:07+00:00,cnsm-web-04,cnsm.fault.active,0
2026-05-16T11:37:22+00:00,cnsm-web-04,cnsm.fault.active,0
2026-05-16T11:37:37+00:00,cnsm-web-04,cnsm.fault.active,0
2026-05-16T11:37:52+00:00,cnsm-web-04,cnsm.fault.active,0
2026-05-16T11:38:07+00:00,cnsm-web-04,cnsm.fault.active,0
2026-05-16T11:38:22+00:00,cnsm-web-04,cnsm.fault.active,0
2026-05-16T11:38:37+00:00,cnsm-web-04,cnsm.fault.active,0
2026-05-16T11:38:52+00:00,cnsm-web-04,cnsm.fault.active,0
2026-05-16T11:39:07+00:00,cnsm-web-04,cnsm.fault.active,0
2026-05-16T11:39:22+00:00,cnsm-web-04,cnsm.fault.active,0
2026-05-16T11:39:37+00:00,cnsm-web-04,cnsm.fault.active,0
2026-05-16T11:39:52+00:00,cnsm-web-04,cnsm.fault.active,0
2026-05-16T11:40:07+00:00,cnsm-web-04,cnsm.fault.active,0
2026-05-16T11:40:22+00:00,cnsm-web-04,cnsm.fault.active,0
2026-05-16T11:40:37+00:00,cnsm-web-04,cnsm.fault.active,0
2026-05-16T11:40:52+00:00,cnsm-web-04,cnsm.fault.active,0
2026-05-16T11:41:07+00:00,cnsm-web-04,cnsm.fault.active,0
2026-05-16T11:41:22+00:00,cnsm-web-04,cnsm.fault.active,0
2026-05-16T11:41:37+00:00,cnsm-web-04,cnsm.fault.active,0
2026-05-16T11:41:52+00:00,cnsm-web-04,cnsm.fault.active,0
2026-05-16T11:42:07+00:00,cnsm-web-04,cnsm.fault.active,0
2026-05-16T11:42:22+00:00,cnsm-web-04,cnsm.fault.active,0
2026-05-16T11:42:37+00:00,cnsm-web-04,cnsm.fault.active,0
2026-05-16T11:42:52+00:00,cnsm-web-04,cnsm.fault.active,0
2026-05-16T11:43:07+00:00,cnsm-web-04,cnsm.fault.active,0
2026-05-16T11:43:22+00:00,cnsm-web-04,cnsm.fault.active,0
2026-05-16T11:43:37+00:00,cnsm-web-04,cnsm.fault.active,0
2026-05-16T11:43:52+00:00,cnsm-web-04,cnsm.fault.active,0
2026-05-16T11:44:07+00:00,cnsm-web-04,cnsm.fault.active,0
2026-05-16T11:44:22+00:00,cnsm-web-04,cnsm.fault.active,0
2026-05-16T11:44:37+00:00,cnsm-web-04,cnsm.fault.active,0
2026-05-16T11:44:52+00:00,cnsm-web-04,cnsm.fault.active,0
2026-05-16T11:45:08+00:00,cnsm-web-04,cnsm.fault.active,1
2026-05-16T11:45:23+00:00,cnsm-web-04,cnsm.fault.active,1
2026-05-16T11:45:38+00:00,cnsm-web-04,cnsm.fault.active,1
2026-05-16T11:45:52+00:00,cnsm-web-04,cnsm.fault.active,1
2026-05-16T11:46:08+00:00,cnsm-web-04,cnsm.fault.active,1
2026-05-16T11:46:23+00:00,cnsm-web-04,cnsm.fault.active,1
2026-05-16T11:46:38+00:00,cnsm-web-04,cnsm.fault.active,1
2026-05-16T11:46:52+00:00,cnsm-web-04,cnsm.fault.active,1
2026-05-16T11:47:08+00:00,cnsm-web-04,cnsm.fault.active,1
2026-05-16T11:47:23+00:00,cnsm-web-04,cnsm.fault.active,1
2026-05-16T11:47:38+00:00,cnsm-web-04,cnsm.fault.active,1
2026-05-16T11:47:52+00:00,cnsm-web-04,cnsm.fault.active,1
2026-05-16T11:48:08+00:00,cnsm-web-04,cnsm.fault.active,1
2026-05-16T11:48:23+00:00,cnsm-web-04,cnsm.fault.active,1
2026-05-16T11:48:38+00:00,cnsm-web-04,cnsm.fault.active,1
2026-05-16T11:48:52+00:00,cnsm-web-04,cnsm.fault.active,1
2026-05-16T11:49:08+00:00,cnsm-web-04,cnsm.fault.active,1
2026-05-16T11:49:23+00:00,cnsm-web-04,cnsm.fault.active,1
2026-05-16T11:49:38+00:00,cnsm-web-04,cnsm.fault.active,1
2026-05-16T11:49:52+00:00,cnsm-web-04,cnsm.fault.active,1
2026-05-16T11:50:08+00:00,cnsm-web-04,cnsm.fault.active,1
2026-05-16T11:50:23+00:00,cnsm-web-04,cnsm.fault.active,1
2026-05-16T11:50:38+00:00,cnsm-web-04,cnsm.fault.active,1
2026-05-16T11:50:52+00:00,cnsm-web-04,cnsm.fault.active,1
2026-05-16T11:51:08+00:00,cnsm-web-04,cnsm.fault.active,1
2026-05-16T11:51:23+00:00,cnsm-web-04,cnsm.fault.active,1
2026-05-16T11:51:38+00:00,cnsm-web-04,cnsm.fault.active,1
2026-05-16T11:51:52+00:00,cnsm-web-04,cnsm.fault.active,1
2026-05-16T11:52:08+00:00,cnsm-web-04,cnsm.fault.active,1
2026-05-16T11:52:23+00:00,cnsm-web-04,cnsm.fault.active,1
2026-05-16T11:52:38+00:00,cnsm-web-04,cnsm.fault.active,1
2026-05-16T11:52:52+00:00,cnsm-web-04,cnsm.fault.active,1
2026-05-16T11:53:08+00:00,cnsm-web-04,cnsm.fault.active,1
2026-05-16T11:53:23+00:00,cnsm-web-04,cnsm.fault.active,1
2026-05-16T11:53:38+00:00,cnsm-web-04,cnsm.fault.active,1
2026-05-16T11:53:52+00:00,cnsm-web-04,cnsm.fault.active,1
2026-05-16T11:54:08+00:00,cnsm-web-04,cnsm.fault.active,1
2026-05-16T11:54:23+00:00,cnsm-web-04,cnsm.fault.active,1
2026-05-16T11:54:38+00:00,cnsm-web-04,cnsm.fault.active,1
2026-05-16T11:54:52+00:00,cnsm-web-04,cnsm.fault.active,1
2026-05-16T11:55:08+00:00,cnsm-web-04,cnsm.fault.active,1
2026-05-16T11:55:23+00:00,cnsm-web-04,cnsm.fault.active,1
2026-05-16T11:55:38+00:00,cnsm-web-04,cnsm.fault.active,1
2026-05-16T11:55:52+00:00,cnsm-web-04,cnsm.fault.active,1
2026-05-16T11:56:08+00:00,cnsm-web-04,cnsm.fault.active,1
2026-05-16T11:56:23+00:00,cnsm-web-04,cnsm.fault.active,1
2026-05-16T11:56:38+00:00,cnsm-web-04,cnsm.fault.active,1
2026-05-16T11:56:52+00:00,cnsm-web-04,cnsm.fault.active,1
2026-05-16T11:57:08+00:00,cnsm-web-04,cnsm.fault.active,1
2026-05-16T11:57:23+00:00,cnsm-web-04,cnsm.fault.active,1
2026-05-16T11:57:38+00:00,cnsm-web-04,cnsm.fault.active,1
2026-05-16T11:57:52+00:00,cnsm-web-04,cnsm.fault.active,1
2026-05-16T11:58:08+00:00,cnsm-web-04,cnsm.fault.active,1
2026-05-16T11:58:23+00:00,cnsm-web-04,cnsm.fault.active,1
2026-05-16T11:58:38+00:00,cnsm-web-04,cnsm.fault.active,1
2026-05-16T11:58:52+00:00,cnsm-web-04,cnsm.fault.active,1
2026-05-16T11:59:08+00:00,cnsm-web-04,cnsm.fault.active,1
2026-05-16T11:59:23+00:00,cnsm-web-04,cnsm.fault.active,1
2026-05-16T11:59:38+00:00,cnsm-web-04,cnsm.fault.active,1
2026-05-16T11:59:52+00:00,cnsm-web-04,cnsm.fault.active,1
2026-05-16T12:00:08+00:00,cnsm-web-04,cnsm.fault.active,1
2026-05-16T12:00:23+00:00,cnsm-web-04,cnsm.fault.active,1
2026-05-16T12:00:38+00:00,cnsm-web-04,cnsm.fault.active,1
2026-05-16T12:00:52+00:00,cnsm-web-04,cnsm.fault.active,1
2026-05-16T12:01:08+00:00,cnsm-web-04,cnsm.fault.active,1
2026-05-16T12:01:23+00:00,cnsm-web-04,cnsm.fault.active,1
2026-05-16T12:01:38+00:00,cnsm-web-04,cnsm.fault.active,1
2026-05-16T12:01:52+00:00,cnsm-web-04,cnsm.fault.active,1
2026-05-16T12:02:08+00:00,cnsm-web-04,cnsm.fault.active,1
2026-05-16T12:02:23+00:00,cnsm-web-04,cnsm.fault.active,1
2026-05-16T12:02:38+00:00,cnsm-web-04,cnsm.fault.active,1
2026-05-16T12:02:52+00:00,cnsm-web-04,cnsm.fault.active,1
2026-05-16T12:03:08+00:00,cnsm-web-04,cnsm.fault.active,1
2026-05-16T12:03:23+00:00,cnsm-web-04,cnsm.fault.active,1
2026-05-16T12:03:38+00:00,cnsm-web-04,cnsm.fault.active,1
2026-05-16T12:03:52+00:00,cnsm-web-04,cnsm.fault.active,1
2026-05-16T12:04:08+00:00,cnsm-web-04,cnsm.fault.active,1
2026-05-16T12:04:23+00:00,cnsm-web-04,cnsm.fault.active,1
2026-05-16T12:04:38+00:00,cnsm-web-04,cnsm.fault.active,1
2026-05-16T12:04:52+00:00,cnsm-web-04,cnsm.fault.active,1
2026-05-16T12:05:08+00:00,cnsm-web-04,cnsm.fault.active,1
2026-05-16T12:05:23+00:00,cnsm-web-04,cnsm.fault.active,1
2026-05-16T12:05:38+00:00,cnsm-web-04,cnsm.fault.active,1
2026-05-16T12:05:52+00:00,cnsm-web-04,cnsm.fault.active,1
2026-05-16T12:06:08+00:00,cnsm-web-04,cnsm.fault.active,1
2026-05-16T12:06:23+00:00,cnsm-web-04,cnsm.fault.active,1
2026-05-16T12:06:38+00:00,cnsm-web-04,cnsm.fault.active,1
2026-05-16T12:06:52+00:00,cnsm-web-04,cnsm.fault.active,1
2026-05-16T12:07:08+00:00,cnsm-web-04,cnsm.fault.active,1
2026-05-16T12:07:23+00:00,cnsm-web-04,cnsm.fault.active,1
2026-05-16T12:07:38+00:00,cnsm-web-04,cnsm.fault.active,1
2026-05-16T12:07:52+00:00,cnsm-web-04,cnsm.fault.active,1
2026-05-16T12:08:08+00:00,cnsm-web-04,cnsm.fault.active,1
2026-05-16T12:08:23+00:00,cnsm-web-04,cnsm.fault.active,1
2026-05-16T12:08:38+00:00,cnsm-web-04,cnsm.fault.active,1
2026-05-16T12:08:52+00:00,cnsm-web-04,cnsm.fault.active,1
2026-05-16T12:09:08+00:00,cnsm-web-04,cnsm.fault.active,1
2026-05-16T12:09:23+00:00,cnsm-web-04,cnsm.fault.active,1
2026-05-16T12:09:38+00:00,cnsm-web-04,cnsm.fault.active,1
2026-05-16T12:09:52+00:00,cnsm-web-04,cnsm.fault.active,1
2026-05-16T12:10:08+00:00,cnsm-web-04,cnsm.fault.active,1
2026-05-16T12:10:23+00:00,cnsm-web-04,cnsm.fault.active,1
2026-05-16T12:10:38+00:00,cnsm-web-04,cnsm.fault.active,1
2026-05-16T12:10:53+00:00,cnsm-web-04,cnsm.fault.active,1
2026-05-16T12:11:08+00:00,cnsm-web-04,cnsm.fault.active,1
2026-05-16T12:11:23+00:00,cnsm-web-04,cnsm.fault.active,1
2026-05-16T12:11:38+00:00,cnsm-web-04,cnsm.fault.active,1
2026-05-16T12:11:52+00:00,cnsm-web-04,cnsm.fault.active,1
2026-05-16T12:12:08+00:00,cnsm-web-04,cnsm.fault.active,1
2026-05-16T12:12:23+00:00,cnsm-web-04,cnsm.fault.active,1
2026-05-16T12:12:38+00:00,cnsm-web-04,cnsm.fault.active,1
2026-05-16T12:12:52+00:00,cnsm-web-04,cnsm.fault.active,1
2026-05-16T12:13:30+00:00,cnsm-web-04,cnsm.fault.active,1
2026-05-16T12:13:38+00:00,cnsm-web-04,cnsm.fault.active,1
2026-05-16T12:13:52+00:00,cnsm-web-04,cnsm.fault.active,1
2026-05-16T12:14:08+00:00,cnsm-web-04,cnsm.fault.active,1
2026-05-16T12:14:23+00:00,cnsm-web-04,cnsm.fault.active,1
2026-05-16T12:14:38+00:00,cnsm-web-04,cnsm.fault.active,1
2026-05-16T12:14:52+00:00,cnsm-web-04,cnsm.fault.active,0
2026-05-16T12:15:07+00:00,cnsm-web-04,cnsm.fault.active,0
2026-05-16T12:15:22+00:00,cnsm-web-04,cnsm.fault.active,0
2026-05-16T12:15:37+00:00,cnsm-web-04,cnsm.fault.active,0
2026-05-16T12:15:52+00:00,cnsm-web-04,cnsm.fault.active,0
2026-05-16T12:16:07+00:00,cnsm-web-04,cnsm.fault.active,0
2026-05-16T12:16:22+00:00,cnsm-web-04,cnsm.fault.active,0
2026-05-16T12:16:37+00:00,cnsm-web-04,cnsm.fault.active,0
2026-05-16T12:16:52+00:00,cnsm-web-04,cnsm.fault.active,0
2026-05-16T12:17:07+00:00,cnsm-web-04,cnsm.fault.active,0
2026-05-16T12:17:22+00:00,cnsm-web-04,cnsm.fault.active,0
2026-05-16T12:17:37+00:00,cnsm-web-04,cnsm.fault.active,0
2026-05-16T12:17:52+00:00,cnsm-web-04,cnsm.fault.active,0
2026-05-16T12:18:07+00:00,cnsm-web-04,cnsm.fault.active,0
2026-05-16T12:18:22+00:00,cnsm-web-04,cnsm.fault.active,0
2026-05-16T12:18:37+00:00,cnsm-web-04,cnsm.fault.active,0
2026-05-16T12:18:52+00:00,cnsm-web-04,cnsm.fault.active,0
2026-05-16T12:19:07+00:00,cnsm-web-04,cnsm.fault.active,0
2026-05-16T12:19:22+00:00,cnsm-web-04,cnsm.fault.active,0
2026-05-16T12:19:37+00:00,cnsm-web-04,cnsm.fault.active,0
2026-05-16T12:19:52+00:00,cnsm-web-04,cnsm.fault.active,0
2026-05-16T12:20:07+00:00,cnsm-web-04,cnsm.fault.active,0
2026-05-16T12:20:24+00:00,cnsm-web-04,cnsm.fault.active,0
2026-05-16T12:20:37+00:00,cnsm-web-04,cnsm.fault.active,0
2026-05-16T12:20:52+00:00,cnsm-web-04,cnsm.fault.active,0
2026-05-16T12:21:07+00:00,cnsm-web-04,cnsm.fault.active,0
2026-05-16T12:21:22+00:00,cnsm-web-04,cnsm.fault.active,0
2026-05-16T12:21:37+00:00,cnsm-web-04,cnsm.fault.active,0
2026-05-16T12:21:52+00:00,cnsm-web-04,cnsm.fault.active,0
2026-05-16T12:22:07+00:00,cnsm-web-04,cnsm.fault.active,0
2026-05-16T12:22:22+00:00,cnsm-web-04,cnsm.fault.active,0
2026-05-16T12:22:37+00:00,cnsm-web-04,cnsm.fault.active,0
2026-05-16T12:22:52+00:00,cnsm-web-04,cnsm.fault.active,0
2026-05-16T12:23:07+00:00,cnsm-web-04,cnsm.fault.active,0
2026-05-16T12:23:22+00:00,cnsm-web-04,cnsm.fault.active,0
2026-05-16T12:23:37+00:00,cnsm-web-04,cnsm.fault.active,0
2026-05-16T12:23:52+00:00,cnsm-web-04,cnsm.fault.active,0
2026-05-16T12:24:07+00:00,cnsm-web-04,cnsm.fault.active,0
2026-05-16T12:24:22+00:00,cnsm-web-04,cnsm.fault.active,0
2026-05-16T12:24:37+00:00,cnsm-web-04,cnsm.fault.active,0
2026-05-16T12:24:52+00:00,cnsm-web-04,cnsm.fault.active,0
2026-05-16T12:25:07+00:00,cnsm-web-04,cnsm.fault.active,0
2026-05-16T12:25:22+00:00,cnsm-web-04,cnsm.fault.active,0
2026-05-16T12:25:37+00:00,cnsm-web-04,cnsm.fault.active,0
2026-05-16T12:25:52+00:00,cnsm-web-04,cnsm.fault.active,0
2026-05-16T12:26:07+00:00,cnsm-web-04,cnsm.fault.active,0
2026-05-16T12:26:22+00:00,cnsm-web-04,cnsm.fault.active,0
2026-05-16T12:26:37+00:00,cnsm-web-04,cnsm.fault.active,0
2026-05-16T12:26:52+00:00,cnsm-web-04,cnsm.fault.active,0
2026-05-16T12:27:07+00:00,cnsm-web-04,cnsm.fault.active,0
2026-05-16T12:27:22+00:00,cnsm-web-04,cnsm.fault.active,0
2026-05-16T12:27:37+00:00,cnsm-web-04,cnsm.fault.active,0
2026-05-16T12:27:52+00:00,cnsm-web-04,cnsm.fault.active,0
2026-05-16T12:28:07+00:00,cnsm-web-04,cnsm.fault.active,0
2026-05-16T12:28:22+00:00,cnsm-web-04,cnsm.fault.active,0
2026-05-16T12:28:37+00:00,cnsm-web-04,cnsm.fault.active,0
2026-05-16T12:28:52+00:00,cnsm-web-04,cnsm.fault.active,0
2026-05-16T12:29:07+00:00,cnsm-web-04,cnsm.fault.active,0
2026-05-16T12:29:22+00:00,cnsm-web-04,cnsm.fault.active,0
2026-05-16T12:29:37+00:00,cnsm-web-04,cnsm.fault.active,0
2026-05-16T12:29:52+00:00,cnsm-web-04,cnsm.fault.active,0
2026-05-16T12:30:07+00:00,cnsm-web-04,cnsm.fault.active,0
2026-05-16T12:30:22+00:00,cnsm-web-04,cnsm.fault.active,0
2026-05-16T12:30:37+00:00,cnsm-web-04,cnsm.fault.active,0
2026-05-16T12:30:52+00:00,cnsm-web-04,cnsm.fault.active,0
2026-05-16T12:31:07+00:00,cnsm-web-04,cnsm.fault.active,0
2026-05-16T12:31:22+00:00,cnsm-web-04,cnsm.fault.active,0
2026-05-16T12:31:37+00:00,cnsm-web-04,cnsm.fault.active,0
2026-05-16T12:31:52+00:00,cnsm-web-04,cnsm.fault.active,0
2026-05-16T12:32:07+00:00,cnsm-web-04,cnsm.fault.active,0
2026-05-16T12:32:22+00:00,cnsm-web-04,cnsm.fault.active,0
2026-05-16T12:32:37+00:00,cnsm-web-04,cnsm.fault.active,0
2026-05-16T12:32:52+00:00,cnsm-web-04,cnsm.fault.active,0
2026-05-16T12:33:07+00:00,cnsm-web-04,cnsm.fault.active,0
2026-05-16T12:33:22+00:00,cnsm-web-04,cnsm.fault.active,0
2026-05-16T12:33:37+00:00,cnsm-web-04,cnsm.fault.active,0
2026-05-16T12:33:52+00:00,cnsm-web-04,cnsm.fault.active,0
2026-05-16T12:34:07+00:00,cnsm-web-04,cnsm.fault.active,0
2026-05-16T12:34:22+00:00,cnsm-web-04,cnsm.fault.active,0
2026-05-16T12:34:37+00:00,cnsm-web-04,cnsm.fault.active,0
2026-05-16T12:34:52+00:00,cnsm-web-04,cnsm.fault.active,0
2026-05-16T12:35:07+00:00,cnsm-web-04,cnsm.fault.active,0
2026-05-16T12:35:22+00:00,cnsm-web-04,cnsm.fault.active,0
2026-05-16T12:35:37+00:00,cnsm-web-04,cnsm.fault.active,0
2026-05-16T12:35:52+00:00,cnsm-web-04,cnsm.fault.active,0
2026-05-16T12:36:07+00:00,cnsm-web-04,cnsm.fault.active,0
2026-05-16T12:36:22+00:00,cnsm-web-04,cnsm.fault.active,0
2026-05-16T12:36:37+00:00,cnsm-web-04,cnsm.fault.active,0
2026-05-16T12:36:52+00:00,cnsm-web-04,cnsm.fault.active,0
2026-05-16T12:37:07+00:00,cnsm-web-04,cnsm.fault.active,0
2026-05-16T12:37:22+00:00,cnsm-web-04,cnsm.fault.active,0
2026-05-16T12:37:37+00:00,cnsm-web-04,cnsm.fault.active,0
2026-05-16T12:37:52+00:00,cnsm-web-04,cnsm.fault.active,0
2026-05-16T12:38:07+00:00,cnsm-web-04,cnsm.fault.active,0
2026-05-16T12:38:22+00:00,cnsm-web-04,cnsm.fault.active,0
2026-05-16T12:38:37+00:00,cnsm-web-04,cnsm.fault.active,0
2026-05-16T12:38:52+00:00,cnsm-web-04,cnsm.fault.active,0
2026-05-16T12:39:07+00:00,cnsm-web-04,cnsm.fault.active,0
2026-05-16T12:39:22+00:00,cnsm-web-04,cnsm.fault.active,0
2026-05-16T12:39:37+00:00,cnsm-web-04,cnsm.fault.active,0
2026-05-16T12:39:52+00:00,cnsm-web-04,cnsm.fault.active,0
2026-05-16T12:40:08+00:00,cnsm-web-04,cnsm.fault.active,0
2026-05-16T12:40:22+00:00,cnsm-web-04,cnsm.fault.active,0
2026-05-16T12:40:37+00:00,cnsm-web-04,cnsm.fault.active,0
2026-05-16T12:40:52+00:00,cnsm-web-04,cnsm.fault.active,0
2026-05-16T12:41:07+00:00,cnsm-web-04,cnsm.fault.active,0
2026-05-16T12:41:22+00:00,cnsm-web-04,cnsm.fault.active,0
2026-05-16T12:41:37+00:00,cnsm-web-04,cnsm.fault.active,0
2026-05-16T12:41:52+00:00,cnsm-web-04,cnsm.fault.active,0
2026-05-16T12:42:07+00:00,cnsm-web-04,cnsm.fault.active,0
2026-05-16T12:42:22+00:00,cnsm-web-04,cnsm.fault.active,0
2026-05-16T12:42:37+00:00,cnsm-web-04,cnsm.fault.active,0
2026-05-16T12:42:52+00:00,cnsm-web-04,cnsm.fault.active,0
2026-05-16T12:43:07+00:00,cnsm-web-04,cnsm.fault.active,0
2026-05-16T12:43:44+00:00,cnsm-web-04,cnsm.fault.active,0
2026-05-16T12:43:52+00:00,cnsm-web-04,cnsm.fault.active,0
2026-05-16T12:44:07+00:00,cnsm-web-04,cnsm.fault.active,0
2026-05-16T12:44:22+00:00,cnsm-web-04,cnsm.fault.active,0
2026-05-16T12:44:37+00:00,cnsm-web-04,cnsm.fault.active,0
2026-05-16T11:15:38+00:00,cnsm-web-04,cnsm.fault.class,none
2026-05-16T11:16:38+00:00,cnsm-web-04,cnsm.fault.class,none
2026-05-16T11:17:38+00:00,cnsm-web-04,cnsm.fault.class,none
2026-05-16T11:18:38+00:00,cnsm-web-04,cnsm.fault.class,none
2026-05-16T11:19:38+00:00,cnsm-web-04,cnsm.fault.class,none
2026-05-16T11:20:38+00:00,cnsm-web-04,cnsm.fault.class,none
2026-05-16T11:21:38+00:00,cnsm-web-04,cnsm.fault.class,none
2026-05-16T11:22:38+00:00,cnsm-web-04,cnsm.fault.class,none
2026-05-16T11:23:38+00:00,cnsm-web-04,cnsm.fault.class,none
2026-05-16T11:24:38+00:00,cnsm-web-04,cnsm.fault.class,none
2026-05-16T11:25:38+00:00,cnsm-web-04,cnsm.fault.class,none
2026-05-16T11:26:38+00:00,cnsm-web-04,cnsm.fault.class,none
2026-05-16T11:27:38+00:00,cnsm-web-04,cnsm.fault.class,none
2026-05-16T11:28:38+00:00,cnsm-web-04,cnsm.fault.class,none
2026-05-16T11:29:38+00:00,cnsm-web-04,cnsm.fault.class,none
2026-05-16T11:30:38+00:00,cnsm-web-04,cnsm.fault.class,none
2026-05-16T11:31:38+00:00,cnsm-web-04,cnsm.fault.class,none
2026-05-16T11:32:38+00:00,cnsm-web-04,cnsm.fault.class,none
2026-05-16T11:33:38+00:00,cnsm-web-04,cnsm.fault.class,none
2026-05-16T11:34:38+00:00,cnsm-web-04,cnsm.fault.class,none
2026-05-16T11:35:38+00:00,cnsm-web-04,cnsm.fault.class,none
2026-05-16T11:36:38+00:00,cnsm-web-04,cnsm.fault.class,none
2026-05-16T11:37:38+00:00,cnsm-web-04,cnsm.fault.class,none
2026-05-16T11:38:38+00:00,cnsm-web-04,cnsm.fault.class,none
2026-05-16T11:39:38+00:00,cnsm-web-04,cnsm.fault.class,none
2026-05-16T11:40:38+00:00,cnsm-web-04,cnsm.fault.class,none
2026-05-16T11:41:38+00:00,cnsm-web-04,cnsm.fault.class,none
2026-05-16T11:42:38+00:00,cnsm-web-04,cnsm.fault.class,none
2026-05-16T11:43:38+00:00,cnsm-web-04,cnsm.fault.class,none
2026-05-16T11:44:38+00:00,cnsm-web-04,cnsm.fault.class,none
2026-05-16T11:45:38+00:00,cnsm-web-04,cnsm.fault.class,network_latency
2026-05-16T11:46:38+00:00,cnsm-web-04,cnsm.fault.class,network_latency
2026-05-16T11:47:38+00:00,cnsm-web-04,cnsm.fault.class,network_latency
2026-05-16T11:48:38+00:00,cnsm-web-04,cnsm.fault.class,network_latency
2026-05-16T11:49:38+00:00,cnsm-web-04,cnsm.fault.class,network_latency
2026-05-16T11:50:38+00:00,cnsm-web-04,cnsm.fault.class,network_latency
2026-05-16T11:51:38+00:00,cnsm-web-04,cnsm.fault.class,network_latency
2026-05-16T11:52:38+00:00,cnsm-web-04,cnsm.fault.class,network_latency
2026-05-16T11:53:38+00:00,cnsm-web-04,cnsm.fault.class,network_latency
2026-05-16T11:54:38+00:00,cnsm-web-04,cnsm.fault.class,network_latency
2026-05-16T11:55:38+00:00,cnsm-web-04,cnsm.fault.class,network_latency
2026-05-16T11:56:38+00:00,cnsm-web-04,cnsm.fault.class,network_latency
2026-05-16T11:57:38+00:00,cnsm-web-04,cnsm.fault.class,network_latency
2026-05-16T11:58:38+00:00,cnsm-web-04,cnsm.fault.class,network_latency
2026-05-16T11:59:38+00:00,cnsm-web-04,cnsm.fault.class,network_latency
2026-05-16T12:00:38+00:00,cnsm-web-04,cnsm.fault.class,network_latency
2026-05-16T12:01:38+00:00,cnsm-web-04,cnsm.fault.class,network_latency
2026-05-16T12:02:38+00:00,cnsm-web-04,cnsm.fault.class,network_latency
2026-05-16T12:03:38+00:00,cnsm-web-04,cnsm.fault.class,network_latency
2026-05-16T12:04:38+00:00,cnsm-web-04,cnsm.fault.class,network_latency
2026-05-16T12:05:38+00:00,cnsm-web-04,cnsm.fault.class,network_latency
2026-05-16T12:06:38+00:00,cnsm-web-04,cnsm.fault.class,network_latency
2026-05-16T12:07:38+00:00,cnsm-web-04,cnsm.fault.class,network_latency
2026-05-16T12:08:38+00:00,cnsm-web-04,cnsm.fault.class,network_latency
2026-05-16T12:09:38+00:00,cnsm-web-04,cnsm.fault.class,network_latency
2026-05-16T12:10:38+00:00,cnsm-web-04,cnsm.fault.class,network_latency
2026-05-16T12:11:38+00:00,cnsm-web-04,cnsm.fault.class,network_latency
2026-05-16T12:12:38+00:00,cnsm-web-04,cnsm.fault.class,network_latency
2026-05-16T12:13:38+00:00,cnsm-web-04,cnsm.fault.class,network_latency
2026-05-16T12:14:38+00:00,cnsm-web-04,cnsm.fault.class,network_latency
2026-05-16T12:15:38+00:00,cnsm-web-04,cnsm.fault.class,none
2026-05-16T12:16:38+00:00,cnsm-web-04,cnsm.fault.class,none
2026-05-16T12:17:38+00:00,cnsm-web-04,cnsm.fault.class,none
2026-05-16T12:18:38+00:00,cnsm-web-04,cnsm.fault.class,none
2026-05-16T12:19:38+00:00,cnsm-web-04,cnsm.fault.class,none
2026-05-16T12:20:38+00:00,cnsm-web-04,cnsm.fault.class,none
2026-05-16T12:21:38+00:00,cnsm-web-04,cnsm.fault.class,none
2026-05-16T12:22:38+00:00,cnsm-web-04,cnsm.fault.class,none
2026-05-16T12:23:38+00:00,cnsm-web-04,cnsm.fault.class,none
2026-05-16T12:24:38+00:00,cnsm-web-04,cnsm.fault.class,none
2026-05-16T12:25:38+00:00,cnsm-web-04,cnsm.fault.class,none
2026-05-16T12:26:38+00:00,cnsm-web-04,cnsm.fault.class,none
2026-05-16T12:27:38+00:00,cnsm-web-04,cnsm.fault.class,none
2026-05-16T12:28:38+00:00,cnsm-web-04,cnsm.fault.class,none
2026-05-16T12:29:38+00:00,cnsm-web-04,cnsm.fault.class,none
2026-05-16T12:30:38+00:00,cnsm-web-04,cnsm.fault.class,none
2026-05-16T12:31:38+00:00,cnsm-web-04,cnsm.fault.class,none
2026-05-16T12:32:38+00:00,cnsm-web-04,cnsm.fault.class,none
2026-05-16T12:33:38+00:00,cnsm-web-04,cnsm.fault.class,none
2026-05-16T12:34:38+00:00,cnsm-web-04,cnsm.fault.class,none
2026-05-16T12:35:38+00:00,cnsm-web-04,cnsm.fault.class,none
2026-05-16T12:36:38+00:00,cnsm-web-04,cnsm.fault.class,none
2026-05-16T12:37:38+00:00,cnsm-web-04,cnsm.fault.class,none
2026-05-16T12:38:38+00:00,cnsm-web-04,cnsm.fault.class,none
2026-05-16T12:39:38+00:00,cnsm-web-04,cnsm.fault.class,none
2026-05-16T12:40:38+00:00,cnsm-web-04,cnsm.fault.class,none
2026-05-16T12:41:38+00:00,cnsm-web-04,cnsm.fault.class,none
2026-05-16T12:42:38+00:00,cnsm-web-04,cnsm.fault.class,none
2026-05-16T12:43:40+00:00,cnsm-web-04,cnsm.fault.class,none
2026-05-16T12:44:38+00:00,cnsm-web-04,cnsm.fault.class,none
2026-05-16T11:15:21+00:00,cnsm-web-04,cnsm.tcp.established,13
2026-05-16T11:16:21+00:00,cnsm-web-04,cnsm.tcp.established,1
2026-05-16T11:17:20+00:00,cnsm-web-04,cnsm.tcp.established,19
2026-05-16T11:18:21+00:00,cnsm-web-04,cnsm.tcp.established,17
2026-05-16T11:19:21+00:00,cnsm-web-04,cnsm.tcp.established,19
2026-05-16T11:20:20+00:00,cnsm-web-04,cnsm.tcp.established,1
2026-05-16T11:21:21+00:00,cnsm-web-04,cnsm.tcp.established,1
2026-05-16T11:22:21+00:00,cnsm-web-04,cnsm.tcp.established,9
2026-05-16T11:23:20+00:00,cnsm-web-04,cnsm.tcp.established,17
2026-05-16T11:24:20+00:00,cnsm-web-04,cnsm.tcp.established,1
2026-05-16T11:25:21+00:00,cnsm-web-04,cnsm.tcp.established,16
2026-05-16T11:26:21+00:00,cnsm-web-04,cnsm.tcp.established,1
2026-05-16T11:27:21+00:00,cnsm-web-04,cnsm.tcp.established,2
2026-05-16T11:28:20+00:00,cnsm-web-04,cnsm.tcp.established,14
2026-05-16T11:29:20+00:00,cnsm-web-04,cnsm.tcp.established,11
2026-05-16T11:30:21+00:00,cnsm-web-04,cnsm.tcp.established,1
2026-05-16T11:31:20+00:00,cnsm-web-04,cnsm.tcp.established,2
2026-05-16T11:32:21+00:00,cnsm-web-04,cnsm.tcp.established,15
2026-05-16T11:33:20+00:00,cnsm-web-04,cnsm.tcp.established,2
2026-05-16T11:34:20+00:00,cnsm-web-04,cnsm.tcp.established,1
2026-05-16T11:35:20+00:00,cnsm-web-04,cnsm.tcp.established,19
2026-05-16T11:36:20+00:00,cnsm-web-04,cnsm.tcp.established,1
2026-05-16T11:37:20+00:00,cnsm-web-04,cnsm.tcp.established,1
2026-05-16T11:38:21+00:00,cnsm-web-04,cnsm.tcp.established,1
2026-05-16T11:39:20+00:00,cnsm-web-04,cnsm.tcp.established,12
2026-05-16T11:40:20+00:00,cnsm-web-04,cnsm.tcp.established,3
2026-05-16T11:41:20+00:00,cnsm-web-04,cnsm.tcp.established,2
2026-05-16T11:42:21+00:00,cnsm-web-04,cnsm.tcp.established,1
2026-05-16T11:43:20+00:00,cnsm-web-04,cnsm.tcp.established,14
2026-05-16T11:44:21+00:00,cnsm-web-04,cnsm.tcp.established,1
2026-05-16T11:45:21+00:00,cnsm-web-04,cnsm.tcp.established,1
2026-05-16T11:46:21+00:00,cnsm-web-04,cnsm.tcp.established,10
2026-05-16T11:47:21+00:00,cnsm-web-04,cnsm.tcp.established,2
2026-05-16T11:48:21+00:00,cnsm-web-04,cnsm.tcp.established,2
2026-05-16T11:49:21+00:00,cnsm-web-04,cnsm.tcp.established,14
2026-05-16T11:50:21+00:00,cnsm-web-04,cnsm.tcp.established,6
2026-05-16T11:51:21+00:00,cnsm-web-04,cnsm.tcp.established,2
2026-05-16T11:52:21+00:00,cnsm-web-04,cnsm.tcp.established,18
2026-05-16T11:53:21+00:00,cnsm-web-04,cnsm.tcp.established,15
2026-05-16T11:54:21+00:00,cnsm-web-04,cnsm.tcp.established,1
2026-05-16T11:55:21+00:00,cnsm-web-04,cnsm.tcp.established,2
2026-05-16T11:56:21+00:00,cnsm-web-04,cnsm.tcp.established,12
2026-05-16T11:57:21+00:00,cnsm-web-04,cnsm.tcp.established,1
2026-05-16T11:58:21+00:00,cnsm-web-04,cnsm.tcp.established,1
2026-05-16T11:59:21+00:00,cnsm-web-04,cnsm.tcp.established,18
2026-05-16T12:00:21+00:00,cnsm-web-04,cnsm.tcp.established,2
2026-05-16T12:01:21+00:00,cnsm-web-04,cnsm.tcp.established,2
2026-05-16T12:02:21+00:00,cnsm-web-04,cnsm.tcp.established,21
2026-05-16T12:03:21+00:00,cnsm-web-04,cnsm.tcp.established,19
2026-05-16T12:04:21+00:00,cnsm-web-04,cnsm.tcp.established,2
2026-05-16T12:05:21+00:00,cnsm-web-04,cnsm.tcp.established,20
2026-05-16T12:06:21+00:00,cnsm-web-04,cnsm.tcp.established,18
2026-05-16T12:07:21+00:00,cnsm-web-04,cnsm.tcp.established,1
2026-05-16T12:08:21+00:00,cnsm-web-04,cnsm.tcp.established,2
2026-05-16T12:09:21+00:00,cnsm-web-04,cnsm.tcp.established,20
2026-05-16T12:10:21+00:00,cnsm-web-04,cnsm.tcp.established,2
2026-05-16T12:11:21+00:00,cnsm-web-04,cnsm.tcp.established,3
2026-05-16T12:12:21+00:00,cnsm-web-04,cnsm.tcp.established,18
2026-05-16T12:13:30+00:00,cnsm-web-04,cnsm.tcp.established,3
2026-05-16T12:14:21+00:00,cnsm-web-04,cnsm.tcp.established,3
2026-05-16T12:15:20+00:00,cnsm-web-04,cnsm.tcp.established,19
2026-05-16T12:16:21+00:00,cnsm-web-04,cnsm.tcp.established,17
2026-05-16T12:17:21+00:00,cnsm-web-04,cnsm.tcp.established,2
2026-05-16T12:18:20+00:00,cnsm-web-04,cnsm.tcp.established,2
2026-05-16T12:19:21+00:00,cnsm-web-04,cnsm.tcp.established,1
2026-05-16T12:20:24+00:00,cnsm-web-04,cnsm.tcp.established,4
2026-05-16T12:21:21+00:00,cnsm-web-04,cnsm.tcp.established,2
2026-05-16T12:22:21+00:00,cnsm-web-04,cnsm.tcp.established,2
2026-05-16T12:23:21+00:00,cnsm-web-04,cnsm.tcp.established,3
2026-05-16T12:24:21+00:00,cnsm-web-04,cnsm.tcp.established,20
2026-05-16T12:25:21+00:00,cnsm-web-04,cnsm.tcp.established,3
2026-05-16T12:26:20+00:00,cnsm-web-04,cnsm.tcp.established,2
2026-05-16T12:27:20+00:00,cnsm-web-04,cnsm.tcp.established,23
2026-05-16T12:28:20+00:00,cnsm-web-04,cnsm.tcp.established,2
2026-05-16T12:29:21+00:00,cnsm-web-04,cnsm.tcp.established,3
2026-05-16T12:30:21+00:00,cnsm-web-04,cnsm.tcp.established,21
2026-05-16T12:31:21+00:00,cnsm-web-04,cnsm.tcp.established,3
2026-05-16T12:32:21+00:00,cnsm-web-04,cnsm.tcp.established,2
2026-05-16T12:33:20+00:00,cnsm-web-04,cnsm.tcp.established,3
2026-05-16T12:34:20+00:00,cnsm-web-04,cnsm.tcp.established,16
2026-05-16T12:35:21+00:00,cnsm-web-04,cnsm.tcp.established,19
2026-05-16T12:36:20+00:00,cnsm-web-04,cnsm.tcp.established,2
2026-05-16T12:37:21+00:00,cnsm-web-04,cnsm.tcp.established,24
2026-05-16T12:38:20+00:00,cnsm-web-04,cnsm.tcp.established,15
2026-05-16T12:39:20+00:00,cnsm-web-04,cnsm.tcp.established,2
2026-05-16T12:40:20+00:00,cnsm-web-04,cnsm.tcp.established,27
2026-05-16T12:41:20+00:00,cnsm-web-04,cnsm.tcp.established,17
2026-05-16T12:42:20+00:00,cnsm-web-04,cnsm.tcp.established,26
2026-05-16T12:43:45+00:00,cnsm-web-04,cnsm.tcp.established,2
2026-05-16T12:44:21+00:00,cnsm-web-04,cnsm.tcp.established,2
2026-05-16T11:15:21+00:00,cnsm-web-04,cnsm.tcp.listen,7
2026-05-16T11:16:21+00:00,cnsm-web-04,cnsm.tcp.listen,7
2026-05-16T11:17:21+00:00,cnsm-web-04,cnsm.tcp.listen,7
2026-05-16T11:18:21+00:00,cnsm-web-04,cnsm.tcp.listen,7
2026-05-16T11:19:21+00:00,cnsm-web-04,cnsm.tcp.listen,7
2026-05-16T11:20:21+00:00,cnsm-web-04,cnsm.tcp.listen,7
2026-05-16T11:21:21+00:00,cnsm-web-04,cnsm.tcp.listen,7
2026-05-16T11:22:21+00:00,cnsm-web-04,cnsm.tcp.listen,7
2026-05-16T11:23:21+00:00,cnsm-web-04,cnsm.tcp.listen,7
2026-05-16T11:24:21+00:00,cnsm-web-04,cnsm.tcp.listen,7
2026-05-16T11:25:21+00:00,cnsm-web-04,cnsm.tcp.listen,7
2026-05-16T11:26:21+00:00,cnsm-web-04,cnsm.tcp.listen,7
2026-05-16T11:27:21+00:00,cnsm-web-04,cnsm.tcp.listen,7
2026-05-16T11:28:21+00:00,cnsm-web-04,cnsm.tcp.listen,7
2026-05-16T11:29:21+00:00,cnsm-web-04,cnsm.tcp.listen,7
2026-05-16T11:30:21+00:00,cnsm-web-04,cnsm.tcp.listen,7
2026-05-16T11:31:21+00:00,cnsm-web-04,cnsm.tcp.listen,7
2026-05-16T11:32:21+00:00,cnsm-web-04,cnsm.tcp.listen,7
2026-05-16T11:33:21+00:00,cnsm-web-04,cnsm.tcp.listen,7
2026-05-16T11:34:21+00:00,cnsm-web-04,cnsm.tcp.listen,7
2026-05-16T11:35:21+00:00,cnsm-web-04,cnsm.tcp.listen,7
2026-05-16T11:36:21+00:00,cnsm-web-04,cnsm.tcp.listen,7
2026-05-16T11:37:21+00:00,cnsm-web-04,cnsm.tcp.listen,7
2026-05-16T11:38:21+00:00,cnsm-web-04,cnsm.tcp.listen,7
2026-05-16T11:39:21+00:00,cnsm-web-04,cnsm.tcp.listen,7
2026-05-16T11:40:21+00:00,cnsm-web-04,cnsm.tcp.listen,7
2026-05-16T11:41:21+00:00,cnsm-web-04,cnsm.tcp.listen,7
2026-05-16T11:42:21+00:00,cnsm-web-04,cnsm.tcp.listen,7
2026-05-16T11:43:21+00:00,cnsm-web-04,cnsm.tcp.listen,7
2026-05-16T11:44:21+00:00,cnsm-web-04,cnsm.tcp.listen,7
2026-05-16T11:45:21+00:00,cnsm-web-04,cnsm.tcp.listen,7
2026-05-16T11:46:21+00:00,cnsm-web-04,cnsm.tcp.listen,7
2026-05-16T11:47:21+00:00,cnsm-web-04,cnsm.tcp.listen,7
2026-05-16T11:48:21+00:00,cnsm-web-04,cnsm.tcp.listen,7
2026-05-16T11:49:21+00:00,cnsm-web-04,cnsm.tcp.listen,7
2026-05-16T11:50:21+00:00,cnsm-web-04,cnsm.tcp.listen,7
2026-05-16T11:51:21+00:00,cnsm-web-04,cnsm.tcp.listen,7
2026-05-16T11:52:21+00:00,cnsm-web-04,cnsm.tcp.listen,7
2026-05-16T11:53:21+00:00,cnsm-web-04,cnsm.tcp.listen,7
2026-05-16T11:54:21+00:00,cnsm-web-04,cnsm.tcp.listen,7
2026-05-16T11:55:21+00:00,cnsm-web-04,cnsm.tcp.listen,7
2026-05-16T11:56:21+00:00,cnsm-web-04,cnsm.tcp.listen,7
2026-05-16T11:57:21+00:00,cnsm-web-04,cnsm.tcp.listen,7
2026-05-16T11:58:21+00:00,cnsm-web-04,cnsm.tcp.listen,7
2026-05-16T11:59:21+00:00,cnsm-web-04,cnsm.tcp.listen,7
2026-05-16T12:00:21+00:00,cnsm-web-04,cnsm.tcp.listen,7
2026-05-16T12:01:21+00:00,cnsm-web-04,cnsm.tcp.listen,7
2026-05-16T12:02:21+00:00,cnsm-web-04,cnsm.tcp.listen,7
2026-05-16T12:03:21+00:00,cnsm-web-04,cnsm.tcp.listen,7
2026-05-16T12:04:21+00:00,cnsm-web-04,cnsm.tcp.listen,7
2026-05-16T12:05:21+00:00,cnsm-web-04,cnsm.tcp.listen,7
2026-05-16T12:06:21+00:00,cnsm-web-04,cnsm.tcp.listen,7
2026-05-16T12:07:21+00:00,cnsm-web-04,cnsm.tcp.listen,7
2026-05-16T12:08:21+00:00,cnsm-web-04,cnsm.tcp.listen,7
2026-05-16T12:09:21+00:00,cnsm-web-04,cnsm.tcp.listen,7
2026-05-16T12:10:21+00:00,cnsm-web-04,cnsm.tcp.listen,7
2026-05-16T12:11:21+00:00,cnsm-web-04,cnsm.tcp.listen,7
2026-05-16T12:12:21+00:00,cnsm-web-04,cnsm.tcp.listen,7
2026-05-16T12:13:27+00:00,cnsm-web-04,cnsm.tcp.listen,7
2026-05-16T12:14:21+00:00,cnsm-web-04,cnsm.tcp.listen,7
2026-05-16T12:15:21+00:00,cnsm-web-04,cnsm.tcp.listen,7
2026-05-16T12:16:21+00:00,cnsm-web-04,cnsm.tcp.listen,7
2026-05-16T12:17:21+00:00,cnsm-web-04,cnsm.tcp.listen,7
2026-05-16T12:18:21+00:00,cnsm-web-04,cnsm.tcp.listen,7
2026-05-16T12:19:21+00:00,cnsm-web-04,cnsm.tcp.listen,7
2026-05-16T12:20:24+00:00,cnsm-web-04,cnsm.tcp.listen,7
2026-05-16T12:21:21+00:00,cnsm-web-04,cnsm.tcp.listen,7
2026-05-16T12:22:21+00:00,cnsm-web-04,cnsm.tcp.listen,7
2026-05-16T12:23:21+00:00,cnsm-web-04,cnsm.tcp.listen,7
2026-05-16T12:24:21+00:00,cnsm-web-04,cnsm.tcp.listen,7
2026-05-16T12:25:21+00:00,cnsm-web-04,cnsm.tcp.listen,7
2026-05-16T12:26:21+00:00,cnsm-web-04,cnsm.tcp.listen,7
2026-05-16T12:27:21+00:00,cnsm-web-04,cnsm.tcp.listen,7
2026-05-16T12:28:21+00:00,cnsm-web-04,cnsm.tcp.listen,7
2026-05-16T12:29:21+00:00,cnsm-web-04,cnsm.tcp.listen,7
2026-05-16T12:30:21+00:00,cnsm-web-04,cnsm.tcp.listen,7
2026-05-16T12:31:21+00:00,cnsm-web-04,cnsm.tcp.listen,7
2026-05-16T12:32:21+00:00,cnsm-web-04,cnsm.tcp.listen,7
2026-05-16T12:33:21+00:00,cnsm-web-04,cnsm.tcp.listen,7
2026-05-16T12:34:21+00:00,cnsm-web-04,cnsm.tcp.listen,7
2026-05-16T12:35:21+00:00,cnsm-web-04,cnsm.tcp.listen,7
2026-05-16T12:36:21+00:00,cnsm-web-04,cnsm.tcp.listen,7
2026-05-16T12:37:21+00:00,cnsm-web-04,cnsm.tcp.listen,7
2026-05-16T12:38:21+00:00,cnsm-web-04,cnsm.tcp.listen,7
2026-05-16T12:39:21+00:00,cnsm-web-04,cnsm.tcp.listen,7
2026-05-16T12:40:21+00:00,cnsm-web-04,cnsm.tcp.listen,7
2026-05-16T12:41:21+00:00,cnsm-web-04,cnsm.tcp.listen,7
2026-05-16T12:42:21+00:00,cnsm-web-04,cnsm.tcp.listen,7
2026-05-16T12:43:44+00:00,cnsm-web-04,cnsm.tcp.listen,7
2026-05-16T12:44:21+00:00,cnsm-web-04,cnsm.tcp.listen,7
2026-05-16T11:15:23+00:00,cnsm-web-04,cnsm.tcp.timewait,14110
2026-05-16T11:16:23+00:00,cnsm-web-04,cnsm.tcp.timewait,14120
2026-05-16T11:17:23+00:00,cnsm-web-04,cnsm.tcp.timewait,14101
2026-05-16T11:18:23+00:00,cnsm-web-04,cnsm.tcp.timewait,14084
2026-05-16T11:19:23+00:00,cnsm-web-04,cnsm.tcp.timewait,14124
2026-05-16T11:20:23+00:00,cnsm-web-04,cnsm.tcp.timewait,14115
2026-05-16T11:21:23+00:00,cnsm-web-04,cnsm.tcp.timewait,14067
2026-05-16T11:22:23+00:00,cnsm-web-04,cnsm.tcp.timewait,14125
2026-05-16T11:23:23+00:00,cnsm-web-04,cnsm.tcp.timewait,14114
2026-05-16T11:24:23+00:00,cnsm-web-04,cnsm.tcp.timewait,14080
2026-05-16T11:25:23+00:00,cnsm-web-04,cnsm.tcp.timewait,14109
2026-05-16T11:26:23+00:00,cnsm-web-04,cnsm.tcp.timewait,14105
2026-05-16T11:27:23+00:00,cnsm-web-04,cnsm.tcp.timewait,14096
2026-05-16T11:28:23+00:00,cnsm-web-04,cnsm.tcp.timewait,14106
2026-05-16T11:29:23+00:00,cnsm-web-04,cnsm.tcp.timewait,14115
2026-05-16T11:30:23+00:00,cnsm-web-04,cnsm.tcp.timewait,14086
2026-05-16T11:31:23+00:00,cnsm-web-04,cnsm.tcp.timewait,14090
2026-05-16T11:32:23+00:00,cnsm-web-04,cnsm.tcp.timewait,14109
2026-05-16T11:33:23+00:00,cnsm-web-04,cnsm.tcp.timewait,14121
2026-05-16T11:34:23+00:00,cnsm-web-04,cnsm.tcp.timewait,14075
2026-05-16T11:35:23+00:00,cnsm-web-04,cnsm.tcp.timewait,14097
2026-05-16T11:36:23+00:00,cnsm-web-04,cnsm.tcp.timewait,14125
2026-05-16T11:37:23+00:00,cnsm-web-04,cnsm.tcp.timewait,14096
2026-05-16T11:38:23+00:00,cnsm-web-04,cnsm.tcp.timewait,14080
2026-05-16T11:39:23+00:00,cnsm-web-04,cnsm.tcp.timewait,14102
2026-05-16T11:40:23+00:00,cnsm-web-04,cnsm.tcp.timewait,14117
2026-05-16T11:41:23+00:00,cnsm-web-04,cnsm.tcp.timewait,14093
2026-05-16T11:42:23+00:00,cnsm-web-04,cnsm.tcp.timewait,14081
2026-05-16T11:43:23+00:00,cnsm-web-04,cnsm.tcp.timewait,14117
2026-05-16T11:44:23+00:00,cnsm-web-04,cnsm.tcp.timewait,14090
2026-05-16T11:45:23+00:00,cnsm-web-04,cnsm.tcp.timewait,14066
2026-05-16T11:46:23+00:00,cnsm-web-04,cnsm.tcp.timewait,14114
2026-05-16T11:47:23+00:00,cnsm-web-04,cnsm.tcp.timewait,14086
2026-05-16T11:48:23+00:00,cnsm-web-04,cnsm.tcp.timewait,14074
2026-05-16T11:49:23+00:00,cnsm-web-04,cnsm.tcp.timewait,14118
2026-05-16T11:50:23+00:00,cnsm-web-04,cnsm.tcp.timewait,14118
2026-05-16T11:51:23+00:00,cnsm-web-04,cnsm.tcp.timewait,14084
2026-05-16T11:52:23+00:00,cnsm-web-04,cnsm.tcp.timewait,14091
2026-05-16T11:53:23+00:00,cnsm-web-04,cnsm.tcp.timewait,14127
2026-05-16T11:54:23+00:00,cnsm-web-04,cnsm.tcp.timewait,14098
2026-05-16T11:55:23+00:00,cnsm-web-04,cnsm.tcp.timewait,14080
2026-05-16T11:56:23+00:00,cnsm-web-04,cnsm.tcp.timewait,14127
2026-05-16T11:57:23+00:00,cnsm-web-04,cnsm.tcp.timewait,14101
2026-05-16T11:58:23+00:00,cnsm-web-04,cnsm.tcp.timewait,14071
2026-05-16T11:59:23+00:00,cnsm-web-04,cnsm.tcp.timewait,14123
2026-05-16T12:00:23+00:00,cnsm-web-04,cnsm.tcp.timewait,14112
2026-05-16T12:01:23+00:00,cnsm-web-04,cnsm.tcp.timewait,14072
2026-05-16T12:02:23+00:00,cnsm-web-04,cnsm.tcp.timewait,14087
2026-05-16T12:03:23+00:00,cnsm-web-04,cnsm.tcp.timewait,14113
2026-05-16T12:04:23+00:00,cnsm-web-04,cnsm.tcp.timewait,14097
2026-05-16T12:05:23+00:00,cnsm-web-04,cnsm.tcp.timewait,14089
2026-05-16T12:06:23+00:00,cnsm-web-04,cnsm.tcp.timewait,14110
2026-05-16T12:07:23+00:00,cnsm-web-04,cnsm.tcp.timewait,14092
2026-05-16T12:08:23+00:00,cnsm-web-04,cnsm.tcp.timewait,14081
2026-05-16T12:09:23+00:00,cnsm-web-04,cnsm.tcp.timewait,14127
2026-05-16T12:10:23+00:00,cnsm-web-04,cnsm.tcp.timewait,14126
2026-05-16T12:11:23+00:00,cnsm-web-04,cnsm.tcp.timewait,14065
2026-05-16T12:12:23+00:00,cnsm-web-04,cnsm.tcp.timewait,14121
2026-05-16T12:13:30+00:00,cnsm-web-04,cnsm.tcp.timewait,14117
2026-05-16T12:14:23+00:00,cnsm-web-04,cnsm.tcp.timewait,14107
2026-05-16T12:15:23+00:00,cnsm-web-04,cnsm.tcp.timewait,14083
2026-05-16T12:16:23+00:00,cnsm-web-04,cnsm.tcp.timewait,14131
2026-05-16T12:17:23+00:00,cnsm-web-04,cnsm.tcp.timewait,14092
2026-05-16T12:18:23+00:00,cnsm-web-04,cnsm.tcp.timewait,14093
2026-05-16T12:19:23+00:00,cnsm-web-04,cnsm.tcp.timewait,14081
2026-05-16T12:20:24+00:00,cnsm-web-04,cnsm.tcp.timewait,14126
2026-05-16T12:21:23+00:00,cnsm-web-04,cnsm.tcp.timewait,14112
2026-05-16T12:22:23+00:00,cnsm-web-04,cnsm.tcp.timewait,14107
2026-05-16T12:23:23+00:00,cnsm-web-04,cnsm.tcp.timewait,14089
2026-05-16T12:24:23+00:00,cnsm-web-04,cnsm.tcp.timewait,14108
2026-05-16T12:25:23+00:00,cnsm-web-04,cnsm.tcp.timewait,14112
2026-05-16T12:26:23+00:00,cnsm-web-04,cnsm.tcp.timewait,14091
2026-05-16T12:27:23+00:00,cnsm-web-04,cnsm.tcp.timewait,14118
2026-05-16T12:28:23+00:00,cnsm-web-04,cnsm.tcp.timewait,14113
2026-05-16T12:29:23+00:00,cnsm-web-04,cnsm.tcp.timewait,14092
2026-05-16T12:30:23+00:00,cnsm-web-04,cnsm.tcp.timewait,14121
2026-05-16T12:31:23+00:00,cnsm-web-04,cnsm.tcp.timewait,14115
2026-05-16T12:32:23+00:00,cnsm-web-04,cnsm.tcp.timewait,14086
2026-05-16T12:33:23+00:00,cnsm-web-04,cnsm.tcp.timewait,14103
2026-05-16T12:34:23+00:00,cnsm-web-04,cnsm.tcp.timewait,14103
2026-05-16T12:35:23+00:00,cnsm-web-04,cnsm.tcp.timewait,14104
2026-05-16T12:36:23+00:00,cnsm-web-04,cnsm.tcp.timewait,14118
2026-05-16T12:37:23+00:00,cnsm-web-04,cnsm.tcp.timewait,14098
2026-05-16T12:38:23+00:00,cnsm-web-04,cnsm.tcp.timewait,14105
2026-05-16T12:39:23+00:00,cnsm-web-04,cnsm.tcp.timewait,14115
2026-05-16T12:40:23+00:00,cnsm-web-04,cnsm.tcp.timewait,14082
2026-05-16T12:41:23+00:00,cnsm-web-04,cnsm.tcp.timewait,14091
2026-05-16T12:42:23+00:00,cnsm-web-04,cnsm.tcp.timewait,14108
2026-05-16T12:43:45+00:00,cnsm-web-04,cnsm.tcp.timewait,14119
2026-05-16T12:44:23+00:00,cnsm-web-04,cnsm.tcp.timewait,14081
2026-05-16T11:15:23+00:00,cnsm-web-04,cnsm.workload.heartbeat,1
2026-05-16T11:16:23+00:00,cnsm-web-04,cnsm.workload.heartbeat,1
2026-05-16T11:17:23+00:00,cnsm-web-04,cnsm.workload.heartbeat,1
2026-05-16T11:18:23+00:00,cnsm-web-04,cnsm.workload.heartbeat,1
2026-05-16T11:19:23+00:00,cnsm-web-04,cnsm.workload.heartbeat,1
2026-05-16T11:20:23+00:00,cnsm-web-04,cnsm.workload.heartbeat,1
2026-05-16T11:21:23+00:00,cnsm-web-04,cnsm.workload.heartbeat,1
2026-05-16T11:22:23+00:00,cnsm-web-04,cnsm.workload.heartbeat,1
2026-05-16T11:23:23+00:00,cnsm-web-04,cnsm.workload.heartbeat,1
2026-05-16T11:24:23+00:00,cnsm-web-04,cnsm.workload.heartbeat,1
2026-05-16T11:25:23+00:00,cnsm-web-04,cnsm.workload.heartbeat,1
2026-05-16T11:26:23+00:00,cnsm-web-04,cnsm.workload.heartbeat,1
2026-05-16T11:27:23+00:00,cnsm-web-04,cnsm.workload.heartbeat,1
2026-05-16T11:28:23+00:00,cnsm-web-04,cnsm.workload.heartbeat,1
2026-05-16T11:29:23+00:00,cnsm-web-04,cnsm.workload.heartbeat,1
2026-05-16T11:30:23+00:00,cnsm-web-04,cnsm.workload.heartbeat,1
2026-05-16T11:31:23+00:00,cnsm-web-04,cnsm.workload.heartbeat,1
2026-05-16T11:32:23+00:00,cnsm-web-04,cnsm.workload.heartbeat,1
2026-05-16T11:33:23+00:00,cnsm-web-04,cnsm.workload.heartbeat,1
2026-05-16T11:34:23+00:00,cnsm-web-04,cnsm.workload.heartbeat,1
2026-05-16T11:35:23+00:00,cnsm-web-04,cnsm.workload.heartbeat,1
2026-05-16T11:36:23+00:00,cnsm-web-04,cnsm.workload.heartbeat,1
2026-05-16T11:37:23+00:00,cnsm-web-04,cnsm.workload.heartbeat,1
2026-05-16T11:38:23+00:00,cnsm-web-04,cnsm.workload.heartbeat,1
2026-05-16T11:39:23+00:00,cnsm-web-04,cnsm.workload.heartbeat,1
2026-05-16T11:40:23+00:00,cnsm-web-04,cnsm.workload.heartbeat,1
2026-05-16T11:41:23+00:00,cnsm-web-04,cnsm.workload.heartbeat,1
2026-05-16T11:42:23+00:00,cnsm-web-04,cnsm.workload.heartbeat,1
2026-05-16T11:43:23+00:00,cnsm-web-04,cnsm.workload.heartbeat,1
2026-05-16T11:44:23+00:00,cnsm-web-04,cnsm.workload.heartbeat,1
2026-05-16T11:45:23+00:00,cnsm-web-04,cnsm.workload.heartbeat,1
2026-05-16T11:46:23+00:00,cnsm-web-04,cnsm.workload.heartbeat,1
2026-05-16T11:47:23+00:00,cnsm-web-04,cnsm.workload.heartbeat,1
2026-05-16T11:48:23+00:00,cnsm-web-04,cnsm.workload.heartbeat,1
2026-05-16T11:49:23+00:00,cnsm-web-04,cnsm.workload.heartbeat,1
2026-05-16T11:50:23+00:00,cnsm-web-04,cnsm.workload.heartbeat,1
2026-05-16T11:51:23+00:00,cnsm-web-04,cnsm.workload.heartbeat,1
2026-05-16T11:52:23+00:00,cnsm-web-04,cnsm.workload.heartbeat,1
2026-05-16T11:53:23+00:00,cnsm-web-04,cnsm.workload.heartbeat,1
2026-05-16T11:54:23+00:00,cnsm-web-04,cnsm.workload.heartbeat,1
2026-05-16T11:55:23+00:00,cnsm-web-04,cnsm.workload.heartbeat,1
2026-05-16T11:56:23+00:00,cnsm-web-04,cnsm.workload.heartbeat,1
2026-05-16T11:57:23+00:00,cnsm-web-04,cnsm.workload.heartbeat,1
2026-05-16T11:58:23+00:00,cnsm-web-04,cnsm.workload.heartbeat,1
2026-05-16T11:59:23+00:00,cnsm-web-04,cnsm.workload.heartbeat,1
2026-05-16T12:00:23+00:00,cnsm-web-04,cnsm.workload.heartbeat,1
2026-05-16T12:01:23+00:00,cnsm-web-04,cnsm.workload.heartbeat,1
2026-05-16T12:02:23+00:00,cnsm-web-04,cnsm.workload.heartbeat,1
2026-05-16T12:03:23+00:00,cnsm-web-04,cnsm.workload.heartbeat,1
2026-05-16T12:04:23+00:00,cnsm-web-04,cnsm.workload.heartbeat,1
2026-05-16T12:05:23+00:00,cnsm-web-04,cnsm.workload.heartbeat,1
2026-05-16T12:06:23+00:00,cnsm-web-04,cnsm.workload.heartbeat,1
2026-05-16T12:07:23+00:00,cnsm-web-04,cnsm.workload.heartbeat,1
2026-05-16T12:08:23+00:00,cnsm-web-04,cnsm.workload.heartbeat,1
2026-05-16T12:09:23+00:00,cnsm-web-04,cnsm.workload.heartbeat,1
2026-05-16T12:10:23+00:00,cnsm-web-04,cnsm.workload.heartbeat,1
2026-05-16T12:11:23+00:00,cnsm-web-04,cnsm.workload.heartbeat,1
2026-05-16T12:12:23+00:00,cnsm-web-04,cnsm.workload.heartbeat,1
2026-05-16T12:13:30+00:00,cnsm-web-04,cnsm.workload.heartbeat,1
2026-05-16T12:14:23+00:00,cnsm-web-04,cnsm.workload.heartbeat,1
2026-05-16T12:15:23+00:00,cnsm-web-04,cnsm.workload.heartbeat,1
2026-05-16T12:16:23+00:00,cnsm-web-04,cnsm.workload.heartbeat,1
2026-05-16T12:17:23+00:00,cnsm-web-04,cnsm.workload.heartbeat,1
2026-05-16T12:18:23+00:00,cnsm-web-04,cnsm.workload.heartbeat,1
2026-05-16T12:19:23+00:00,cnsm-web-04,cnsm.workload.heartbeat,1
2026-05-16T12:20:24+00:00,cnsm-web-04,cnsm.workload.heartbeat,1
2026-05-16T12:21:23+00:00,cnsm-web-04,cnsm.workload.heartbeat,1
2026-05-16T12:22:23+00:00,cnsm-web-04,cnsm.workload.heartbeat,1
2026-05-16T12:23:23+00:00,cnsm-web-04,cnsm.workload.heartbeat,1
2026-05-16T12:24:23+00:00,cnsm-web-04,cnsm.workload.heartbeat,1
2026-05-16T12:25:23+00:00,cnsm-web-04,cnsm.workload.heartbeat,1
2026-05-16T12:26:23+00:00,cnsm-web-04,cnsm.workload.heartbeat,1
2026-05-16T12:27:23+00:00,cnsm-web-04,cnsm.workload.heartbeat,1
2026-05-16T12:28:23+00:00,cnsm-web-04,cnsm.workload.heartbeat,1
2026-05-16T12:29:23+00:00,cnsm-web-04,cnsm.workload.heartbeat,1
2026-05-16T12:30:23+00:00,cnsm-web-04,cnsm.workload.heartbeat,1
2026-05-16T12:31:23+00:00,cnsm-web-04,cnsm.workload.heartbeat,1
2026-05-16T12:32:23+00:00,cnsm-web-04,cnsm.workload.heartbeat,1
2026-05-16T12:33:23+00:00,cnsm-web-04,cnsm.workload.heartbeat,1
2026-05-16T12:34:23+00:00,cnsm-web-04,cnsm.workload.heartbeat,1
2026-05-16T12:35:23+00:00,cnsm-web-04,cnsm.workload.heartbeat,1
2026-05-16T12:36:23+00:00,cnsm-web-04,cnsm.workload.heartbeat,1
2026-05-16T12:37:23+00:00,cnsm-web-04,cnsm.workload.heartbeat,1
2026-05-16T12:38:23+00:00,cnsm-web-04,cnsm.workload.heartbeat,1
2026-05-16T12:39:23+00:00,cnsm-web-04,cnsm.workload.heartbeat,1
2026-05-16T12:40:23+00:00,cnsm-web-04,cnsm.workload.heartbeat,1
2026-05-16T12:41:23+00:00,cnsm-web-04,cnsm.workload.heartbeat,1
2026-05-16T12:42:23+00:00,cnsm-web-04,cnsm.workload.heartbeat,1
2026-05-16T12:43:44+00:00,cnsm-web-04,cnsm.workload.heartbeat,1
2026-05-16T12:44:23+00:00,cnsm-web-04,cnsm.workload.heartbeat,1
2026-05-16T11:15:13+00:00,cnsm-web-04,system.cpu.switches,4901.134104311488
2026-05-16T11:16:13+00:00,cnsm-web-04,system.cpu.switches,4676.017243892075
2026-05-16T11:17:13+00:00,cnsm-web-04,system.cpu.switches,4845.770331522769
2026-05-16T11:18:13+00:00,cnsm-web-04,system.cpu.switches,4632.161278691073
2026-05-16T11:19:13+00:00,cnsm-web-04,system.cpu.switches,4468.174457588283
2026-05-16T11:20:13+00:00,cnsm-web-04,system.cpu.switches,5071.779411910997
2026-05-16T11:21:13+00:00,cnsm-web-04,system.cpu.switches,4601.785946840965
2026-05-16T11:22:13+00:00,cnsm-web-04,system.cpu.switches,5011.824352836021
2026-05-16T11:23:13+00:00,cnsm-web-04,system.cpu.switches,4882.416394954011
2026-05-16T11:24:13+00:00,cnsm-web-04,system.cpu.switches,4463.713914793203
2026-05-16T11:25:13+00:00,cnsm-web-04,system.cpu.switches,4943.759705029042
2026-05-16T11:26:13+00:00,cnsm-web-04,system.cpu.switches,5023.643643322788
2026-05-16T11:27:13+00:00,cnsm-web-04,system.cpu.switches,4705.227326809931
2026-05-16T11:28:13+00:00,cnsm-web-04,system.cpu.switches,4716.168141333842
2026-05-16T11:29:13+00:00,cnsm-web-04,system.cpu.switches,5095.448315515244
2026-05-16T11:30:13+00:00,cnsm-web-04,system.cpu.switches,4669.058993236477
2026-05-16T11:31:13+00:00,cnsm-web-04,system.cpu.switches,4650.973560338912
2026-05-16T11:32:13+00:00,cnsm-web-04,system.cpu.switches,5100.9317204513445
2026-05-16T11:33:13+00:00,cnsm-web-04,system.cpu.switches,4596.838111618644
2026-05-16T11:34:13+00:00,cnsm-web-04,system.cpu.switches,4764.127472025381
2026-05-16T11:35:13+00:00,cnsm-web-04,system.cpu.switches,4919.220493082327
2026-05-16T11:36:13+00:00,cnsm-web-04,system.cpu.switches,5055.123765676949
2026-05-16T11:37:13+00:00,cnsm-web-04,system.cpu.switches,4551.837351430232
2026-05-16T11:38:13+00:00,cnsm-web-04,system.cpu.switches,4687.144161803578
2026-05-16T11:39:13+00:00,cnsm-web-04,system.cpu.switches,4450.583240064577
2026-05-16T11:40:13+00:00,cnsm-web-04,system.cpu.switches,5236.583920375785
2026-05-16T11:41:13+00:00,cnsm-web-04,system.cpu.switches,4697.8217971578515
2026-05-16T11:42:13+00:00,cnsm-web-04,system.cpu.switches,4529.757261909143
2026-05-16T11:43:13+00:00,cnsm-web-04,system.cpu.switches,5020.435433959654
2026-05-16T11:44:13+00:00,cnsm-web-04,system.cpu.switches,4945.905186605905
2026-05-16T11:45:13+00:00,cnsm-web-04,system.cpu.switches,4645.967617386506
2026-05-16T11:46:13+00:00,cnsm-web-04,system.cpu.switches,5017.852754765159
2026-05-16T11:47:13+00:00,cnsm-web-04,system.cpu.switches,5163.298600739309
2026-05-16T11:48:13+00:00,cnsm-web-04,system.cpu.switches,4716.917080487995
2026-05-16T11:49:13+00:00,cnsm-web-04,system.cpu.switches,4991.89805113005
2026-05-16T11:50:13+00:00,cnsm-web-04,system.cpu.switches,4898.465670545243
2026-05-16T11:51:13+00:00,cnsm-web-04,system.cpu.switches,4588.777669322042
2026-05-16T11:52:13+00:00,cnsm-web-04,system.cpu.switches,4644.095200389799
2026-05-16T11:53:13+00:00,cnsm-web-04,system.cpu.switches,5276.386738641253
2026-05-16T11:54:13+00:00,cnsm-web-04,system.cpu.switches,4785.115079784615
2026-05-16T11:55:13+00:00,cnsm-web-04,system.cpu.switches,4581.727322107087
2026-05-16T11:56:13+00:00,cnsm-web-04,system.cpu.switches,5233.671432393388
2026-05-16T11:57:13+00:00,cnsm-web-04,system.cpu.switches,4653.248225123628
2026-05-16T11:58:13+00:00,cnsm-web-04,system.cpu.switches,4722.6901184793305
2026-05-16T11:59:13+00:00,cnsm-web-04,system.cpu.switches,5147.18036226244
2026-05-16T12:00:13+00:00,cnsm-web-04,system.cpu.switches,4795.261636659288
2026-05-16T12:01:13+00:00,cnsm-web-04,system.cpu.switches,4693.928575019705
2026-05-16T12:02:13+00:00,cnsm-web-04,system.cpu.switches,4792.350505873306
2026-05-16T12:03:13+00:00,cnsm-web-04,system.cpu.switches,5286.542221216115
2026-05-16T12:04:13+00:00,cnsm-web-04,system.cpu.switches,4664.950464940062
2026-05-16T12:05:13+00:00,cnsm-web-04,system.cpu.switches,4602.372673394453
2026-05-16T12:06:13+00:00,cnsm-web-04,system.cpu.switches,5076.870013234095
2026-05-16T12:07:13+00:00,cnsm-web-04,system.cpu.switches,4863.442459799868
2026-05-16T12:08:13+00:00,cnsm-web-04,system.cpu.switches,4626.820338731072
2026-05-16T12:09:13+00:00,cnsm-web-04,system.cpu.switches,4946.520372955304
2026-05-16T12:10:13+00:00,cnsm-web-04,system.cpu.switches,4939.490292897826
2026-05-16T12:11:13+00:00,cnsm-web-04,system.cpu.switches,4544.541797177799
2026-05-16T12:12:13+00:00,cnsm-web-04,system.cpu.switches,5078.054818768958
2026-05-16T12:13:13+00:00,cnsm-web-04,system.cpu.switches,4996.381037829338
2026-05-16T12:14:13+00:00,cnsm-web-04,system.cpu.switches,4630.112565898555
2026-05-16T12:15:13+00:00,cnsm-web-04,system.cpu.switches,4575.647536105954
2026-05-16T12:16:13+00:00,cnsm-web-04,system.cpu.switches,5038.5716921190615
2026-05-16T12:17:13+00:00,cnsm-web-04,system.cpu.switches,4767.35208268207
2026-05-16T12:18:13+00:00,cnsm-web-04,system.cpu.switches,4585.778276521382
2026-05-16T12:19:13+00:00,cnsm-web-04,system.cpu.switches,4443.40774145239
2026-05-16T12:20:13+00:00,cnsm-web-04,system.cpu.switches,5153.851689628832
2026-05-16T12:21:13+00:00,cnsm-web-04,system.cpu.switches,4715.866720090055
2026-05-16T12:22:13+00:00,cnsm-web-04,system.cpu.switches,4515.070309650156
2026-05-16T12:23:13+00:00,cnsm-web-04,system.cpu.switches,4667.836617468012
2026-05-16T12:24:13+00:00,cnsm-web-04,system.cpu.switches,5092.219542160018
2026-05-16T12:25:13+00:00,cnsm-web-04,system.cpu.switches,4846.249281993525
2026-05-16T12:26:13+00:00,cnsm-web-04,system.cpu.switches,4585.872537418586
2026-05-16T12:27:13+00:00,cnsm-web-04,system.cpu.switches,5122.642435415538
2026-05-16T12:28:13+00:00,cnsm-web-04,system.cpu.switches,4677.3435685303975
2026-05-16T12:29:13+00:00,cnsm-web-04,system.cpu.switches,4657.437133208928
2026-05-16T12:30:13+00:00,cnsm-web-04,system.cpu.switches,4878.496911612559
2026-05-16T12:31:13+00:00,cnsm-web-04,system.cpu.switches,4951.482112809142
2026-05-16T12:32:13+00:00,cnsm-web-04,system.cpu.switches,4578.176421507784
2026-05-16T12:33:13+00:00,cnsm-web-04,system.cpu.switches,4660.641135381468
2026-05-16T12:34:13+00:00,cnsm-web-04,system.cpu.switches,4730.018813673414
2026-05-16T12:35:13+00:00,cnsm-web-04,system.cpu.switches,5031.8052148370025
2026-05-16T12:36:13+00:00,cnsm-web-04,system.cpu.switches,4689.733254291306
2026-05-16T12:37:13+00:00,cnsm-web-04,system.cpu.switches,4982.840638679942
2026-05-16T12:38:13+00:00,cnsm-web-04,system.cpu.switches,4884.246552780188
2026-05-16T12:39:13+00:00,cnsm-web-04,system.cpu.switches,4641.476797979286
2026-05-16T12:40:13+00:00,cnsm-web-04,system.cpu.switches,4565.026904445407
2026-05-16T12:41:13+00:00,cnsm-web-04,system.cpu.switches,4778.507885101708
2026-05-16T12:42:13+00:00,cnsm-web-04,system.cpu.switches,4645.35829705588
2026-05-16T12:43:13+00:00,cnsm-web-04,system.cpu.switches,4524.482707706793
2026-05-16T12:44:13+00:00,cnsm-web-04,system.cpu.switches,4513.839300466192
2026-05-16T11:15:15+00:00,cnsm-web-04,"system.cpu.util[,guest_nice]",0
2026-05-16T11:16:15+00:00,cnsm-web-04,"system.cpu.util[,guest_nice]",0
2026-05-16T11:17:15+00:00,cnsm-web-04,"system.cpu.util[,guest_nice]",0
2026-05-16T11:18:15+00:00,cnsm-web-04,"system.cpu.util[,guest_nice]",0
2026-05-16T11:19:15+00:00,cnsm-web-04,"system.cpu.util[,guest_nice]",0
2026-05-16T11:20:15+00:00,cnsm-web-04,"system.cpu.util[,guest_nice]",0
2026-05-16T11:21:15+00:00,cnsm-web-04,"system.cpu.util[,guest_nice]",0
2026-05-16T11:22:15+00:00,cnsm-web-04,"system.cpu.util[,guest_nice]",0
2026-05-16T11:23:15+00:00,cnsm-web-04,"system.cpu.util[,guest_nice]",0
2026-05-16T11:24:15+00:00,cnsm-web-04,"system.cpu.util[,guest_nice]",0
2026-05-16T11:25:15+00:00,cnsm-web-04,"system.cpu.util[,guest_nice]",0
2026-05-16T11:26:15+00:00,cnsm-web-04,"system.cpu.util[,guest_nice]",0
2026-05-16T11:27:15+00:00,cnsm-web-04,"system.cpu.util[,guest_nice]",0
2026-05-16T11:28:15+00:00,cnsm-web-04,"system.cpu.util[,guest_nice]",0
2026-05-16T11:29:15+00:00,cnsm-web-04,"system.cpu.util[,guest_nice]",0
2026-05-16T11:30:15+00:00,cnsm-web-04,"system.cpu.util[,guest_nice]",0
2026-05-16T11:31:15+00:00,cnsm-web-04,"system.cpu.util[,guest_nice]",0
2026-05-16T11:32:15+00:00,cnsm-web-04,"system.cpu.util[,guest_nice]",0
2026-05-16T11:33:15+00:00,cnsm-web-04,"system.cpu.util[,guest_nice]",0
2026-05-16T11:34:15+00:00,cnsm-web-04,"system.cpu.util[,guest_nice]",0
2026-05-16T11:35:15+00:00,cnsm-web-04,"system.cpu.util[,guest_nice]",0
2026-05-16T11:36:15+00:00,cnsm-web-04,"system.cpu.util[,guest_nice]",0
2026-05-16T11:37:15+00:00,cnsm-web-04,"system.cpu.util[,guest_nice]",0
2026-05-16T11:38:15+00:00,cnsm-web-04,"system.cpu.util[,guest_nice]",0
2026-05-16T11:39:15+00:00,cnsm-web-04,"system.cpu.util[,guest_nice]",0
2026-05-16T11:40:15+00:00,cnsm-web-04,"system.cpu.util[,guest_nice]",0
2026-05-16T11:41:15+00:00,cnsm-web-04,"system.cpu.util[,guest_nice]",0
2026-05-16T11:42:15+00:00,cnsm-web-04,"system.cpu.util[,guest_nice]",0
2026-05-16T11:43:15+00:00,cnsm-web-04,"system.cpu.util[,guest_nice]",0
2026-05-16T11:44:15+00:00,cnsm-web-04,"system.cpu.util[,guest_nice]",0
2026-05-16T11:45:15+00:00,cnsm-web-04,"system.cpu.util[,guest_nice]",0
2026-05-16T11:46:15+00:00,cnsm-web-04,"system.cpu.util[,guest_nice]",0
2026-05-16T11:47:15+00:00,cnsm-web-04,"system.cpu.util[,guest_nice]",0
2026-05-16T11:48:15+00:00,cnsm-web-04,"system.cpu.util[,guest_nice]",0
2026-05-16T11:49:15+00:00,cnsm-web-04,"system.cpu.util[,guest_nice]",0
2026-05-16T11:50:15+00:00,cnsm-web-04,"system.cpu.util[,guest_nice]",0
2026-05-16T11:51:15+00:00,cnsm-web-04,"system.cpu.util[,guest_nice]",0
2026-05-16T11:52:15+00:00,cnsm-web-04,"system.cpu.util[,guest_nice]",0
2026-05-16T11:53:15+00:00,cnsm-web-04,"system.cpu.util[,guest_nice]",0
2026-05-16T11:54:15+00:00,cnsm-web-04,"system.cpu.util[,guest_nice]",0
2026-05-16T11:55:15+00:00,cnsm-web-04,"system.cpu.util[,guest_nice]",0
2026-05-16T11:56:15+00:00,cnsm-web-04,"system.cpu.util[,guest_nice]",0
2026-05-16T11:57:15+00:00,cnsm-web-04,"system.cpu.util[,guest_nice]",0
2026-05-16T11:58:15+00:00,cnsm-web-04,"system.cpu.util[,guest_nice]",0
2026-05-16T11:59:15+00:00,cnsm-web-04,"system.cpu.util[,guest_nice]",0
2026-05-16T12:00:15+00:00,cnsm-web-04,"system.cpu.util[,guest_nice]",0
2026-05-16T12:01:15+00:00,cnsm-web-04,"system.cpu.util[,guest_nice]",0
2026-05-16T12:02:15+00:00,cnsm-web-04,"system.cpu.util[,guest_nice]",0
2026-05-16T12:03:15+00:00,cnsm-web-04,"system.cpu.util[,guest_nice]",0
2026-05-16T12:04:15+00:00,cnsm-web-04,"system.cpu.util[,guest_nice]",0
2026-05-16T12:05:15+00:00,cnsm-web-04,"system.cpu.util[,guest_nice]",0
2026-05-16T12:06:15+00:00,cnsm-web-04,"system.cpu.util[,guest_nice]",0
2026-05-16T12:07:15+00:00,cnsm-web-04,"system.cpu.util[,guest_nice]",0
2026-05-16T12:08:15+00:00,cnsm-web-04,"system.cpu.util[,guest_nice]",0
2026-05-16T12:09:15+00:00,cnsm-web-04,"system.cpu.util[,guest_nice]",0
2026-05-16T12:10:15+00:00,cnsm-web-04,"system.cpu.util[,guest_nice]",0
2026-05-16T12:11:15+00:00,cnsm-web-04,"system.cpu.util[,guest_nice]",0
2026-05-16T12:12:15+00:00,cnsm-web-04,"system.cpu.util[,guest_nice]",0
2026-05-16T12:13:15+00:00,cnsm-web-04,"system.cpu.util[,guest_nice]",0
2026-05-16T12:14:15+00:00,cnsm-web-04,"system.cpu.util[,guest_nice]",0
2026-05-16T12:15:15+00:00,cnsm-web-04,"system.cpu.util[,guest_nice]",0
2026-05-16T12:16:15+00:00,cnsm-web-04,"system.cpu.util[,guest_nice]",0
2026-05-16T12:17:15+00:00,cnsm-web-04,"system.cpu.util[,guest_nice]",0
2026-05-16T12:18:15+00:00,cnsm-web-04,"system.cpu.util[,guest_nice]",0
2026-05-16T12:19:15+00:00,cnsm-web-04,"system.cpu.util[,guest_nice]",0
2026-05-16T12:20:15+00:00,cnsm-web-04,"system.cpu.util[,guest_nice]",0
2026-05-16T12:21:15+00:00,cnsm-web-04,"system.cpu.util[,guest_nice]",0
2026-05-16T12:22:15+00:00,cnsm-web-04,"system.cpu.util[,guest_nice]",0
2026-05-16T12:23:15+00:00,cnsm-web-04,"system.cpu.util[,guest_nice]",0
2026-05-16T12:24:15+00:00,cnsm-web-04,"system.cpu.util[,guest_nice]",0
2026-05-16T12:25:15+00:00,cnsm-web-04,"system.cpu.util[,guest_nice]",0
2026-05-16T12:26:15+00:00,cnsm-web-04,"system.cpu.util[,guest_nice]",0
2026-05-16T12:27:15+00:00,cnsm-web-04,"system.cpu.util[,guest_nice]",0
2026-05-16T12:28:15+00:00,cnsm-web-04,"system.cpu.util[,guest_nice]",0
2026-05-16T12:29:15+00:00,cnsm-web-04,"system.cpu.util[,guest_nice]",0
2026-05-16T12:30:15+00:00,cnsm-web-04,"system.cpu.util[,guest_nice]",0
2026-05-16T12:31:15+00:00,cnsm-web-04,"system.cpu.util[,guest_nice]",0
2026-05-16T12:32:15+00:00,cnsm-web-04,"system.cpu.util[,guest_nice]",0
2026-05-16T12:33:15+00:00,cnsm-web-04,"system.cpu.util[,guest_nice]",0
2026-05-16T12:34:15+00:00,cnsm-web-04,"system.cpu.util[,guest_nice]",0
2026-05-16T12:35:15+00:00,cnsm-web-04,"system.cpu.util[,guest_nice]",0
2026-05-16T12:36:15+00:00,cnsm-web-04,"system.cpu.util[,guest_nice]",0
2026-05-16T12:37:15+00:00,cnsm-web-04,"system.cpu.util[,guest_nice]",0
2026-05-16T12:38:15+00:00,cnsm-web-04,"system.cpu.util[,guest_nice]",0
2026-05-16T12:39:15+00:00,cnsm-web-04,"system.cpu.util[,guest_nice]",0
2026-05-16T12:40:15+00:00,cnsm-web-04,"system.cpu.util[,guest_nice]",0
2026-05-16T12:41:15+00:00,cnsm-web-04,"system.cpu.util[,guest_nice]",0
2026-05-16T12:42:15+00:00,cnsm-web-04,"system.cpu.util[,guest_nice]",0
2026-05-16T12:43:15+00:00,cnsm-web-04,"system.cpu.util[,guest_nice]",0
2026-05-16T12:44:15+00:00,cnsm-web-04,"system.cpu.util[,guest_nice]",0
2026-05-16T11:15:14+00:00,cnsm-web-04,"system.cpu.util[,guest]",0
2026-05-16T11:16:14+00:00,cnsm-web-04,"system.cpu.util[,guest]",0
2026-05-16T11:17:14+00:00,cnsm-web-04,"system.cpu.util[,guest]",0
2026-05-16T11:18:14+00:00,cnsm-web-04,"system.cpu.util[,guest]",0
2026-05-16T11:19:14+00:00,cnsm-web-04,"system.cpu.util[,guest]",0
2026-05-16T11:20:14+00:00,cnsm-web-04,"system.cpu.util[,guest]",0
2026-05-16T11:21:14+00:00,cnsm-web-04,"system.cpu.util[,guest]",0
2026-05-16T11:22:14+00:00,cnsm-web-04,"system.cpu.util[,guest]",0
2026-05-16T11:23:14+00:00,cnsm-web-04,"system.cpu.util[,guest]",0
2026-05-16T11:24:14+00:00,cnsm-web-04,"system.cpu.util[,guest]",0
2026-05-16T11:25:14+00:00,cnsm-web-04,"system.cpu.util[,guest]",0
2026-05-16T11:26:14+00:00,cnsm-web-04,"system.cpu.util[,guest]",0
2026-05-16T11:27:14+00:00,cnsm-web-04,"system.cpu.util[,guest]",0
2026-05-16T11:28:14+00:00,cnsm-web-04,"system.cpu.util[,guest]",0
2026-05-16T11:29:14+00:00,cnsm-web-04,"system.cpu.util[,guest]",0
2026-05-16T11:30:14+00:00,cnsm-web-04,"system.cpu.util[,guest]",0
2026-05-16T11:31:14+00:00,cnsm-web-04,"system.cpu.util[,guest]",0
2026-05-16T11:32:14+00:00,cnsm-web-04,"system.cpu.util[,guest]",0
2026-05-16T11:33:14+00:00,cnsm-web-04,"system.cpu.util[,guest]",0
2026-05-16T11:34:14+00:00,cnsm-web-04,"system.cpu.util[,guest]",0
2026-05-16T11:35:14+00:00,cnsm-web-04,"system.cpu.util[,guest]",0
2026-05-16T11:36:14+00:00,cnsm-web-04,"system.cpu.util[,guest]",0
2026-05-16T11:37:14+00:00,cnsm-web-04,"system.cpu.util[,guest]",0
2026-05-16T11:38:14+00:00,cnsm-web-04,"system.cpu.util[,guest]",0
2026-05-16T11:39:14+00:00,cnsm-web-04,"system.cpu.util[,guest]",0
2026-05-16T11:40:14+00:00,cnsm-web-04,"system.cpu.util[,guest]",0
2026-05-16T11:41:14+00:00,cnsm-web-04,"system.cpu.util[,guest]",0
2026-05-16T11:42:14+00:00,cnsm-web-04,"system.cpu.util[,guest]",0
2026-05-16T11:43:14+00:00,cnsm-web-04,"system.cpu.util[,guest]",0
2026-05-16T11:44:14+00:00,cnsm-web-04,"system.cpu.util[,guest]",0
2026-05-16T11:45:14+00:00,cnsm-web-04,"system.cpu.util[,guest]",0
2026-05-16T11:46:14+00:00,cnsm-web-04,"system.cpu.util[,guest]",0
2026-05-16T11:47:14+00:00,cnsm-web-04,"system.cpu.util[,guest]",0
2026-05-16T11:48:14+00:00,cnsm-web-04,"system.cpu.util[,guest]",0
2026-05-16T11:49:14+00:00,cnsm-web-04,"system.cpu.util[,guest]",0
2026-05-16T11:50:14+00:00,cnsm-web-04,"system.cpu.util[,guest]",0
2026-05-16T11:51:14+00:00,cnsm-web-04,"system.cpu.util[,guest]",0
2026-05-16T11:52:14+00:00,cnsm-web-04,"system.cpu.util[,guest]",0
2026-05-16T11:53:14+00:00,cnsm-web-04,"system.cpu.util[,guest]",0
2026-05-16T11:54:14+00:00,cnsm-web-04,"system.cpu.util[,guest]",0
2026-05-16T11:55:14+00:00,cnsm-web-04,"system.cpu.util[,guest]",0
2026-05-16T11:56:14+00:00,cnsm-web-04,"system.cpu.util[,guest]",0
2026-05-16T11:57:14+00:00,cnsm-web-04,"system.cpu.util[,guest]",0
2026-05-16T11:58:14+00:00,cnsm-web-04,"system.cpu.util[,guest]",0
2026-05-16T11:59:14+00:00,cnsm-web-04,"system.cpu.util[,guest]",0
2026-05-16T12:00:14+00:00,cnsm-web-04,"system.cpu.util[,guest]",0
2026-05-16T12:01:14+00:00,cnsm-web-04,"system.cpu.util[,guest]",0
2026-05-16T12:02:14+00:00,cnsm-web-04,"system.cpu.util[,guest]",0
2026-05-16T12:03:14+00:00,cnsm-web-04,"system.cpu.util[,guest]",0
2026-05-16T12:04:14+00:00,cnsm-web-04,"system.cpu.util[,guest]",0
2026-05-16T12:05:14+00:00,cnsm-web-04,"system.cpu.util[,guest]",0
2026-05-16T12:06:14+00:00,cnsm-web-04,"system.cpu.util[,guest]",0
2026-05-16T12:07:14+00:00,cnsm-web-04,"system.cpu.util[,guest]",0
2026-05-16T12:08:14+00:00,cnsm-web-04,"system.cpu.util[,guest]",0
2026-05-16T12:09:14+00:00,cnsm-web-04,"system.cpu.util[,guest]",0
2026-05-16T12:10:14+00:00,cnsm-web-04,"system.cpu.util[,guest]",0
2026-05-16T12:11:14+00:00,cnsm-web-04,"system.cpu.util[,guest]",0
2026-05-16T12:12:14+00:00,cnsm-web-04,"system.cpu.util[,guest]",0
2026-05-16T12:13:14+00:00,cnsm-web-04,"system.cpu.util[,guest]",0
2026-05-16T12:14:14+00:00,cnsm-web-04,"system.cpu.util[,guest]",0
2026-05-16T12:15:14+00:00,cnsm-web-04,"system.cpu.util[,guest]",0
2026-05-16T12:16:14+00:00,cnsm-web-04,"system.cpu.util[,guest]",0
2026-05-16T12:17:14+00:00,cnsm-web-04,"system.cpu.util[,guest]",0
2026-05-16T12:18:14+00:00,cnsm-web-04,"system.cpu.util[,guest]",0
2026-05-16T12:19:14+00:00,cnsm-web-04,"system.cpu.util[,guest]",0
2026-05-16T12:20:14+00:00,cnsm-web-04,"system.cpu.util[,guest]",0
2026-05-16T12:21:14+00:00,cnsm-web-04,"system.cpu.util[,guest]",0
2026-05-16T12:22:14+00:00,cnsm-web-04,"system.cpu.util[,guest]",0
2026-05-16T12:23:14+00:00,cnsm-web-04,"system.cpu.util[,guest]",0
2026-05-16T12:24:14+00:00,cnsm-web-04,"system.cpu.util[,guest]",0
2026-05-16T12:25:14+00:00,cnsm-web-04,"system.cpu.util[,guest]",0
2026-05-16T12:26:14+00:00,cnsm-web-04,"system.cpu.util[,guest]",0
2026-05-16T12:27:14+00:00,cnsm-web-04,"system.cpu.util[,guest]",0
2026-05-16T12:28:14+00:00,cnsm-web-04,"system.cpu.util[,guest]",0
2026-05-16T12:29:14+00:00,cnsm-web-04,"system.cpu.util[,guest]",0
2026-05-16T12:30:14+00:00,cnsm-web-04,"system.cpu.util[,guest]",0
2026-05-16T12:31:14+00:00,cnsm-web-04,"system.cpu.util[,guest]",0
2026-05-16T12:32:14+00:00,cnsm-web-04,"system.cpu.util[,guest]",0
2026-05-16T12:33:14+00:00,cnsm-web-04,"system.cpu.util[,guest]",0
2026-05-16T12:34:14+00:00,cnsm-web-04,"system.cpu.util[,guest]",0
2026-05-16T12:35:14+00:00,cnsm-web-04,"system.cpu.util[,guest]",0
2026-05-16T12:36:14+00:00,cnsm-web-04,"system.cpu.util[,guest]",0
2026-05-16T12:37:14+00:00,cnsm-web-04,"system.cpu.util[,guest]",0
2026-05-16T12:38:14+00:00,cnsm-web-04,"system.cpu.util[,guest]",0
2026-05-16T12:39:14+00:00,cnsm-web-04,"system.cpu.util[,guest]",0
2026-05-16T12:40:14+00:00,cnsm-web-04,"system.cpu.util[,guest]",0
2026-05-16T12:41:14+00:00,cnsm-web-04,"system.cpu.util[,guest]",0
2026-05-16T12:42:14+00:00,cnsm-web-04,"system.cpu.util[,guest]",0
2026-05-16T12:43:14+00:00,cnsm-web-04,"system.cpu.util[,guest]",0
2026-05-16T12:44:14+00:00,cnsm-web-04,"system.cpu.util[,guest]",0
2026-05-16T11:15:16+00:00,cnsm-web-04,"system.cpu.util[,idle]",85.604446
2026-05-16T11:16:16+00:00,cnsm-web-04,"system.cpu.util[,idle]",85.284155
2026-05-16T11:17:16+00:00,cnsm-web-04,"system.cpu.util[,idle]",84.061611
2026-05-16T11:18:16+00:00,cnsm-web-04,"system.cpu.util[,idle]",84.882943
2026-05-16T11:19:16+00:00,cnsm-web-04,"system.cpu.util[,idle]",84.892959
2026-05-16T11:20:16+00:00,cnsm-web-04,"system.cpu.util[,idle]",85.491903
2026-05-16T11:21:16+00:00,cnsm-web-04,"system.cpu.util[,idle]",84.642424
2026-05-16T11:22:16+00:00,cnsm-web-04,"system.cpu.util[,idle]",84.769959
2026-05-16T11:23:16+00:00,cnsm-web-04,"system.cpu.util[,idle]",84.997699
2026-05-16T11:24:16+00:00,cnsm-web-04,"system.cpu.util[,idle]",84.715134
2026-05-16T11:25:16+00:00,cnsm-web-04,"system.cpu.util[,idle]",84.739309
2026-05-16T11:26:16+00:00,cnsm-web-04,"system.cpu.util[,idle]",85.595985
2026-05-16T11:27:16+00:00,cnsm-web-04,"system.cpu.util[,idle]",84.815264
2026-05-16T11:28:16+00:00,cnsm-web-04,"system.cpu.util[,idle]",84.232105
2026-05-16T11:29:16+00:00,cnsm-web-04,"system.cpu.util[,idle]",85.365854
2026-05-16T11:30:16+00:00,cnsm-web-04,"system.cpu.util[,idle]",85.024903
2026-05-16T11:31:16+00:00,cnsm-web-04,"system.cpu.util[,idle]",83.811956
2026-05-16T11:32:16+00:00,cnsm-web-04,"system.cpu.util[,idle]",85.056894
2026-05-16T11:33:16+00:00,cnsm-web-04,"system.cpu.util[,idle]",85.426421
2026-05-16T11:34:16+00:00,cnsm-web-04,"system.cpu.util[,idle]",84.215592
2026-05-16T11:35:16+00:00,cnsm-web-04,"system.cpu.util[,idle]",84.384812
2026-05-16T11:36:16+00:00,cnsm-web-04,"system.cpu.util[,idle]",85.715481
2026-05-16T11:37:16+00:00,cnsm-web-04,"system.cpu.util[,idle]",84.56199
2026-05-16T11:38:16+00:00,cnsm-web-04,"system.cpu.util[,idle]",84.227472
2026-05-16T11:39:16+00:00,cnsm-web-04,"system.cpu.util[,idle]",84.878661
2026-05-16T11:40:16+00:00,cnsm-web-04,"system.cpu.util[,idle]",85.613346
2026-05-16T11:41:16+00:00,cnsm-web-04,"system.cpu.util[,idle]",84.859258
2026-05-16T11:42:16+00:00,cnsm-web-04,"system.cpu.util[,idle]",84.124728
2026-05-16T11:43:16+00:00,cnsm-web-04,"system.cpu.util[,idle]",85.066946
2026-05-16T11:44:16+00:00,cnsm-web-04,"system.cpu.util[,idle]",85.30322
2026-05-16T11:45:16+00:00,cnsm-web-04,"system.cpu.util[,idle]",84.755128
2026-05-16T11:46:16+00:00,cnsm-web-04,"system.cpu.util[,idle]",84.418848
2026-05-16T11:47:16+00:00,cnsm-web-04,"system.cpu.util[,idle]",85.466259
2026-05-16T11:48:16+00:00,cnsm-web-04,"system.cpu.util[,idle]",84.098333
2026-05-16T11:49:16+00:00,cnsm-web-04,"system.cpu.util[,idle]",84.767048
2026-05-16T11:50:16+00:00,cnsm-web-04,"system.cpu.util[,idle]",85.610277
2026-05-16T11:51:16+00:00,cnsm-web-04,"system.cpu.util[,idle]",85.092596
2026-05-16T11:52:16+00:00,cnsm-web-04,"system.cpu.util[,idle]",83.817375
2026-05-16T11:53:16+00:00,cnsm-web-04,"system.cpu.util[,idle]",85.273557
2026-05-16T11:54:16+00:00,cnsm-web-04,"system.cpu.util[,idle]",85.082434
2026-05-16T11:55:16+00:00,cnsm-web-04,"system.cpu.util[,idle]",83.945914
2026-05-16T11:56:16+00:00,cnsm-web-04,"system.cpu.util[,idle]",85.117078
2026-05-16T11:57:16+00:00,cnsm-web-04,"system.cpu.util[,idle]",85.081995
2026-05-16T11:58:16+00:00,cnsm-web-04,"system.cpu.util[,idle]",84.381152
2026-05-16T11:59:16+00:00,cnsm-web-04,"system.cpu.util[,idle]",84.87666
2026-05-16T12:00:16+00:00,cnsm-web-04,"system.cpu.util[,idle]",85.162585
2026-05-16T12:01:16+00:00,cnsm-web-04,"system.cpu.util[,idle]",84.77542
2026-05-16T12:02:16+00:00,cnsm-web-04,"system.cpu.util[,idle]",84.278178
2026-05-16T12:03:16+00:00,cnsm-web-04,"system.cpu.util[,idle]",84.680156
2026-05-16T12:04:16+00:00,cnsm-web-04,"system.cpu.util[,idle]",84.631808
2026-05-16T12:05:16+00:00,cnsm-web-04,"system.cpu.util[,idle]",83.81295
2026-05-16T12:06:16+00:00,cnsm-web-04,"system.cpu.util[,idle]",84.922098
2026-05-16T12:07:16+00:00,cnsm-web-04,"system.cpu.util[,idle]",84.797722
2026-05-16T12:08:16+00:00,cnsm-web-04,"system.cpu.util[,idle]",83.070223
2026-05-16T12:09:16+00:00,cnsm-web-04,"system.cpu.util[,idle]",84.736468
2026-05-16T12:10:16+00:00,cnsm-web-04,"system.cpu.util[,idle]",85.031194
2026-05-16T12:11:16+00:00,cnsm-web-04,"system.cpu.util[,idle]",84.404438
2026-05-16T12:12:16+00:00,cnsm-web-04,"system.cpu.util[,idle]",84.175042
2026-05-16T12:13:16+00:00,cnsm-web-04,"system.cpu.util[,idle]",84.950155
2026-05-16T12:14:16+00:00,cnsm-web-04,"system.cpu.util[,idle]",84.025626
2026-05-16T12:15:16+00:00,cnsm-web-04,"system.cpu.util[,idle]",83.838722
2026-05-16T12:16:16+00:00,cnsm-web-04,"system.cpu.util[,idle]",84.899975
2026-05-16T12:17:16+00:00,cnsm-web-04,"system.cpu.util[,idle]",84.932882
2026-05-16T12:18:16+00:00,cnsm-web-04,"system.cpu.util[,idle]",84.521419
2026-05-16T12:19:16+00:00,cnsm-web-04,"system.cpu.util[,idle]",83.589894
2026-05-16T12:20:16+00:00,cnsm-web-04,"system.cpu.util[,idle]",84.967758
2026-05-16T12:21:16+00:00,cnsm-web-04,"system.cpu.util[,idle]",84.864344
2026-05-16T12:22:16+00:00,cnsm-web-04,"system.cpu.util[,idle]",84.560331
2026-05-16T12:23:16+00:00,cnsm-web-04,"system.cpu.util[,idle]",83.363321
2026-05-16T12:24:16+00:00,cnsm-web-04,"system.cpu.util[,idle]",84.575426
2026-05-16T12:25:16+00:00,cnsm-web-04,"system.cpu.util[,idle]",85.015278
2026-05-16T12:26:16+00:00,cnsm-web-04,"system.cpu.util[,idle]",83.315176
2026-05-16T12:27:16+00:00,cnsm-web-04,"system.cpu.util[,idle]",84.818924
2026-05-16T12:28:16+00:00,cnsm-web-04,"system.cpu.util[,idle]",84.566455
2026-05-16T12:29:16+00:00,cnsm-web-04,"system.cpu.util[,idle]",84.047848
2026-05-16T12:30:16+00:00,cnsm-web-04,"system.cpu.util[,idle]",83.973205
2026-05-16T12:31:16+00:00,cnsm-web-04,"system.cpu.util[,idle]",84.893261
2026-05-16T12:32:16+00:00,cnsm-web-04,"system.cpu.util[,idle]",84.339315
2026-05-16T12:33:16+00:00,cnsm-web-04,"system.cpu.util[,idle]",83.798485
2026-05-16T12:34:16+00:00,cnsm-web-04,"system.cpu.util[,idle]",84.597999
2026-05-16T12:35:16+00:00,cnsm-web-04,"system.cpu.util[,idle]",85.301255
2026-05-16T12:36:16+00:00,cnsm-web-04,"system.cpu.util[,idle]",84.914516
2026-05-16T12:37:16+00:00,cnsm-web-04,"system.cpu.util[,idle]",83.872455
2026-05-16T12:38:16+00:00,cnsm-web-04,"system.cpu.util[,idle]",84.746046
2026-05-16T12:39:16+00:00,cnsm-web-04,"system.cpu.util[,idle]",85.333501
2026-05-16T12:40:16+00:00,cnsm-web-04,"system.cpu.util[,idle]",83.707019
2026-05-16T12:41:16+00:00,cnsm-web-04,"system.cpu.util[,idle]",84.946461
2026-05-16T12:42:16+00:00,cnsm-web-04,"system.cpu.util[,idle]",84.934945
2026-05-16T12:43:16+00:00,cnsm-web-04,"system.cpu.util[,idle]",85.175585
2026-05-16T12:44:16+00:00,cnsm-web-04,"system.cpu.util[,idle]",84.332915
2026-05-16T11:15:17+00:00,cnsm-web-04,"system.cpu.util[,interrupt]",0
2026-05-16T11:16:17+00:00,cnsm-web-04,"system.cpu.util[,interrupt]",0
2026-05-16T11:17:17+00:00,cnsm-web-04,"system.cpu.util[,interrupt]",0
2026-05-16T11:18:17+00:00,cnsm-web-04,"system.cpu.util[,interrupt]",0
2026-05-16T11:19:17+00:00,cnsm-web-04,"system.cpu.util[,interrupt]",0
2026-05-16T11:20:17+00:00,cnsm-web-04,"system.cpu.util[,interrupt]",0
2026-05-16T11:21:17+00:00,cnsm-web-04,"system.cpu.util[,interrupt]",0
2026-05-16T11:22:17+00:00,cnsm-web-04,"system.cpu.util[,interrupt]",0
2026-05-16T11:23:17+00:00,cnsm-web-04,"system.cpu.util[,interrupt]",0
2026-05-16T11:24:17+00:00,cnsm-web-04,"system.cpu.util[,interrupt]",0
2026-05-16T11:25:17+00:00,cnsm-web-04,"system.cpu.util[,interrupt]",0
2026-05-16T11:26:17+00:00,cnsm-web-04,"system.cpu.util[,interrupt]",0
2026-05-16T11:27:17+00:00,cnsm-web-04,"system.cpu.util[,interrupt]",0
2026-05-16T11:28:17+00:00,cnsm-web-04,"system.cpu.util[,interrupt]",0
2026-05-16T11:29:17+00:00,cnsm-web-04,"system.cpu.util[,interrupt]",0
2026-05-16T11:30:17+00:00,cnsm-web-04,"system.cpu.util[,interrupt]",0
2026-05-16T11:31:17+00:00,cnsm-web-04,"system.cpu.util[,interrupt]",0
2026-05-16T11:32:17+00:00,cnsm-web-04,"system.cpu.util[,interrupt]",0
2026-05-16T11:33:17+00:00,cnsm-web-04,"system.cpu.util[,interrupt]",0
2026-05-16T11:34:17+00:00,cnsm-web-04,"system.cpu.util[,interrupt]",0
2026-05-16T11:35:17+00:00,cnsm-web-04,"system.cpu.util[,interrupt]",0
2026-05-16T11:36:17+00:00,cnsm-web-04,"system.cpu.util[,interrupt]",0
2026-05-16T11:37:17+00:00,cnsm-web-04,"system.cpu.util[,interrupt]",0
2026-05-16T11:38:17+00:00,cnsm-web-04,"system.cpu.util[,interrupt]",0
2026-05-16T11:39:17+00:00,cnsm-web-04,"system.cpu.util[,interrupt]",0
2026-05-16T11:40:17+00:00,cnsm-web-04,"system.cpu.util[,interrupt]",0
2026-05-16T11:41:17+00:00,cnsm-web-04,"system.cpu.util[,interrupt]",0
2026-05-16T11:42:17+00:00,cnsm-web-04,"system.cpu.util[,interrupt]",0
2026-05-16T11:43:17+00:00,cnsm-web-04,"system.cpu.util[,interrupt]",0
2026-05-16T11:44:17+00:00,cnsm-web-04,"system.cpu.util[,interrupt]",0
2026-05-16T11:45:17+00:00,cnsm-web-04,"system.cpu.util[,interrupt]",0
2026-05-16T11:46:17+00:00,cnsm-web-04,"system.cpu.util[,interrupt]",0
2026-05-16T11:47:17+00:00,cnsm-web-04,"system.cpu.util[,interrupt]",0
2026-05-16T11:48:17+00:00,cnsm-web-04,"system.cpu.util[,interrupt]",0
2026-05-16T11:49:17+00:00,cnsm-web-04,"system.cpu.util[,interrupt]",0
2026-05-16T11:50:17+00:00,cnsm-web-04,"system.cpu.util[,interrupt]",0
2026-05-16T11:51:17+00:00,cnsm-web-04,"system.cpu.util[,interrupt]",0
2026-05-16T11:52:17+00:00,cnsm-web-04,"system.cpu.util[,interrupt]",0
2026-05-16T11:53:17+00:00,cnsm-web-04,"system.cpu.util[,interrupt]",0
2026-05-16T11:54:17+00:00,cnsm-web-04,"system.cpu.util[,interrupt]",0
2026-05-16T11:55:17+00:00,cnsm-web-04,"system.cpu.util[,interrupt]",0
2026-05-16T11:56:17+00:00,cnsm-web-04,"system.cpu.util[,interrupt]",0
2026-05-16T11:57:17+00:00,cnsm-web-04,"system.cpu.util[,interrupt]",0
2026-05-16T11:58:17+00:00,cnsm-web-04,"system.cpu.util[,interrupt]",0
2026-05-16T11:59:17+00:00,cnsm-web-04,"system.cpu.util[,interrupt]",0
2026-05-16T12:00:17+00:00,cnsm-web-04,"system.cpu.util[,interrupt]",0
2026-05-16T12:01:17+00:00,cnsm-web-04,"system.cpu.util[,interrupt]",0
2026-05-16T12:02:17+00:00,cnsm-web-04,"system.cpu.util[,interrupt]",0
2026-05-16T12:03:17+00:00,cnsm-web-04,"system.cpu.util[,interrupt]",0
2026-05-16T12:04:17+00:00,cnsm-web-04,"system.cpu.util[,interrupt]",0
2026-05-16T12:05:17+00:00,cnsm-web-04,"system.cpu.util[,interrupt]",0
2026-05-16T12:06:17+00:00,cnsm-web-04,"system.cpu.util[,interrupt]",0
2026-05-16T12:07:17+00:00,cnsm-web-04,"system.cpu.util[,interrupt]",0
2026-05-16T12:08:17+00:00,cnsm-web-04,"system.cpu.util[,interrupt]",0
2026-05-16T12:09:17+00:00,cnsm-web-04,"system.cpu.util[,interrupt]",0
2026-05-16T12:10:17+00:00,cnsm-web-04,"system.cpu.util[,interrupt]",0
2026-05-16T12:11:17+00:00,cnsm-web-04,"system.cpu.util[,interrupt]",0
2026-05-16T12:12:17+00:00,cnsm-web-04,"system.cpu.util[,interrupt]",0
2026-05-16T12:13:17+00:00,cnsm-web-04,"system.cpu.util[,interrupt]",0
2026-05-16T12:14:17+00:00,cnsm-web-04,"system.cpu.util[,interrupt]",0
2026-05-16T12:15:17+00:00,cnsm-web-04,"system.cpu.util[,interrupt]",0
2026-05-16T12:16:17+00:00,cnsm-web-04,"system.cpu.util[,interrupt]",0
2026-05-16T12:17:17+00:00,cnsm-web-04,"system.cpu.util[,interrupt]",0
2026-05-16T12:18:17+00:00,cnsm-web-04,"system.cpu.util[,interrupt]",0
2026-05-16T12:19:17+00:00,cnsm-web-04,"system.cpu.util[,interrupt]",0
2026-05-16T12:20:17+00:00,cnsm-web-04,"system.cpu.util[,interrupt]",0
2026-05-16T12:21:17+00:00,cnsm-web-04,"system.cpu.util[,interrupt]",0
2026-05-16T12:22:17+00:00,cnsm-web-04,"system.cpu.util[,interrupt]",0
2026-05-16T12:23:17+00:00,cnsm-web-04,"system.cpu.util[,interrupt]",0
2026-05-16T12:24:17+00:00,cnsm-web-04,"system.cpu.util[,interrupt]",0
2026-05-16T12:25:17+00:00,cnsm-web-04,"system.cpu.util[,interrupt]",0
2026-05-16T12:26:17+00:00,cnsm-web-04,"system.cpu.util[,interrupt]",0
2026-05-16T12:27:17+00:00,cnsm-web-04,"system.cpu.util[,interrupt]",0
2026-05-16T12:28:17+00:00,cnsm-web-04,"system.cpu.util[,interrupt]",0
2026-05-16T12:29:17+00:00,cnsm-web-04,"system.cpu.util[,interrupt]",0
2026-05-16T12:30:17+00:00,cnsm-web-04,"system.cpu.util[,interrupt]",0
2026-05-16T12:31:17+00:00,cnsm-web-04,"system.cpu.util[,interrupt]",0
2026-05-16T12:32:17+00:00,cnsm-web-04,"system.cpu.util[,interrupt]",0
2026-05-16T12:33:17+00:00,cnsm-web-04,"system.cpu.util[,interrupt]",0
2026-05-16T12:34:17+00:00,cnsm-web-04,"system.cpu.util[,interrupt]",0
2026-05-16T12:35:17+00:00,cnsm-web-04,"system.cpu.util[,interrupt]",0
2026-05-16T12:36:17+00:00,cnsm-web-04,"system.cpu.util[,interrupt]",0
2026-05-16T12:37:17+00:00,cnsm-web-04,"system.cpu.util[,interrupt]",0
2026-05-16T12:38:17+00:00,cnsm-web-04,"system.cpu.util[,interrupt]",0
2026-05-16T12:39:17+00:00,cnsm-web-04,"system.cpu.util[,interrupt]",0
2026-05-16T12:40:17+00:00,cnsm-web-04,"system.cpu.util[,interrupt]",0
2026-05-16T12:41:17+00:00,cnsm-web-04,"system.cpu.util[,interrupt]",0
2026-05-16T12:42:17+00:00,cnsm-web-04,"system.cpu.util[,interrupt]",0
2026-05-16T12:43:17+00:00,cnsm-web-04,"system.cpu.util[,interrupt]",0
2026-05-16T12:44:17+00:00,cnsm-web-04,"system.cpu.util[,interrupt]",0
2026-05-16T11:15:10+00:00,cnsm-web-04,"system.cpu.util[,iowait]",0.004179
2026-05-16T11:16:10+00:00,cnsm-web-04,"system.cpu.util[,iowait]",0
2026-05-16T11:17:10+00:00,cnsm-web-04,"system.cpu.util[,iowait]",0.004184
2026-05-16T11:18:10+00:00,cnsm-web-04,"system.cpu.util[,iowait]",0
2026-05-16T11:19:10+00:00,cnsm-web-04,"system.cpu.util[,iowait]",0
2026-05-16T11:20:10+00:00,cnsm-web-04,"system.cpu.util[,iowait]",0.004184
2026-05-16T11:21:10+00:00,cnsm-web-04,"system.cpu.util[,iowait]",0
2026-05-16T11:22:10+00:00,cnsm-web-04,"system.cpu.util[,iowait]",0.004184
2026-05-16T11:23:10+00:00,cnsm-web-04,"system.cpu.util[,iowait]",0
2026-05-16T11:24:10+00:00,cnsm-web-04,"system.cpu.util[,iowait]",0.004183
2026-05-16T11:25:10+00:00,cnsm-web-04,"system.cpu.util[,iowait]",0
2026-05-16T11:26:10+00:00,cnsm-web-04,"system.cpu.util[,iowait]",0.004183
2026-05-16T11:27:10+00:00,cnsm-web-04,"system.cpu.util[,iowait]",0
2026-05-16T11:28:10+00:00,cnsm-web-04,"system.cpu.util[,iowait]",0.004183
2026-05-16T11:29:10+00:00,cnsm-web-04,"system.cpu.util[,iowait]",0
2026-05-16T11:30:10+00:00,cnsm-web-04,"system.cpu.util[,iowait]",0.004185
2026-05-16T11:31:10+00:00,cnsm-web-04,"system.cpu.util[,iowait]",0
2026-05-16T11:32:10+00:00,cnsm-web-04,"system.cpu.util[,iowait]",0.004183
2026-05-16T11:33:10+00:00,cnsm-web-04,"system.cpu.util[,iowait]",0
2026-05-16T11:34:10+00:00,cnsm-web-04,"system.cpu.util[,iowait]",0.004184
2026-05-16T11:35:10+00:00,cnsm-web-04,"system.cpu.util[,iowait]",0.004185
2026-05-16T11:36:10+00:00,cnsm-web-04,"system.cpu.util[,iowait]",0
2026-05-16T11:37:10+00:00,cnsm-web-04,"system.cpu.util[,iowait]",0.004182
2026-05-16T11:38:10+00:00,cnsm-web-04,"system.cpu.util[,iowait]",0.004182
2026-05-16T11:39:10+00:00,cnsm-web-04,"system.cpu.util[,iowait]",0.004182
2026-05-16T11:40:10+00:00,cnsm-web-04,"system.cpu.util[,iowait]",0.004183
2026-05-16T11:41:10+00:00,cnsm-web-04,"system.cpu.util[,iowait]",0.004182
2026-05-16T11:42:10+00:00,cnsm-web-04,"system.cpu.util[,iowait]",0.004179
2026-05-16T11:43:10+00:00,cnsm-web-04,"system.cpu.util[,iowait]",0.004183
2026-05-16T11:44:10+00:00,cnsm-web-04,"system.cpu.util[,iowait]",0.004183
2026-05-16T11:45:10+00:00,cnsm-web-04,"system.cpu.util[,iowait]",0.012559
2026-05-16T11:46:10+00:00,cnsm-web-04,"system.cpu.util[,iowait]",0.004187
2026-05-16T11:47:10+00:00,cnsm-web-04,"system.cpu.util[,iowait]",0.004185
2026-05-16T11:48:10+00:00,cnsm-web-04,"system.cpu.util[,iowait]",0.004189
2026-05-16T11:49:10+00:00,cnsm-web-04,"system.cpu.util[,iowait]",0.004184
2026-05-16T11:50:10+00:00,cnsm-web-04,"system.cpu.util[,iowait]",0
2026-05-16T11:51:10+00:00,cnsm-web-04,"system.cpu.util[,iowait]",0.004181
2026-05-16T11:52:10+00:00,cnsm-web-04,"system.cpu.util[,iowait]",0.004183
2026-05-16T11:53:10+00:00,cnsm-web-04,"system.cpu.util[,iowait]",0.004186
2026-05-16T11:54:10+00:00,cnsm-web-04,"system.cpu.util[,iowait]",0.004186
2026-05-16T11:55:10+00:00,cnsm-web-04,"system.cpu.util[,iowait]",0
2026-05-16T11:56:10+00:00,cnsm-web-04,"system.cpu.util[,iowait]",0.004188
2026-05-16T11:57:10+00:00,cnsm-web-04,"system.cpu.util[,iowait]",0.004186
2026-05-16T11:58:10+00:00,cnsm-web-04,"system.cpu.util[,iowait]",0.004186
2026-05-16T11:59:10+00:00,cnsm-web-04,"system.cpu.util[,iowait]",0
2026-05-16T12:00:10+00:00,cnsm-web-04,"system.cpu.util[,iowait]",0.004182
2026-05-16T12:01:10+00:00,cnsm-web-04,"system.cpu.util[,iowait]",0
2026-05-16T12:02:10+00:00,cnsm-web-04,"system.cpu.util[,iowait]",0.004186
2026-05-16T12:03:10+00:00,cnsm-web-04,"system.cpu.util[,iowait]",0.008376
2026-05-16T12:04:10+00:00,cnsm-web-04,"system.cpu.util[,iowait]",0.004189
2026-05-16T12:05:10+00:00,cnsm-web-04,"system.cpu.util[,iowait]",0.004181
2026-05-16T12:06:10+00:00,cnsm-web-04,"system.cpu.util[,iowait]",0.004188
2026-05-16T12:07:10+00:00,cnsm-web-04,"system.cpu.util[,iowait]",0.004189
2026-05-16T12:08:10+00:00,cnsm-web-04,"system.cpu.util[,iowait]",0.008373
2026-05-16T12:09:10+00:00,cnsm-web-04,"system.cpu.util[,iowait]",0.008371
2026-05-16T12:10:10+00:00,cnsm-web-04,"system.cpu.util[,iowait]",0.004188
2026-05-16T12:11:10+00:00,cnsm-web-04,"system.cpu.util[,iowait]",0.004188
2026-05-16T12:12:10+00:00,cnsm-web-04,"system.cpu.util[,iowait]",0.008375
2026-05-16T12:13:10+00:00,cnsm-web-04,"system.cpu.util[,iowait]",0.008376
2026-05-16T12:14:10+00:00,cnsm-web-04,"system.cpu.util[,iowait]",0.008377
2026-05-16T12:15:10+00:00,cnsm-web-04,"system.cpu.util[,iowait]",0.004181
2026-05-16T12:16:10+00:00,cnsm-web-04,"system.cpu.util[,iowait]",0.004185
2026-05-16T12:17:10+00:00,cnsm-web-04,"system.cpu.util[,iowait]",0.004183
2026-05-16T12:18:10+00:00,cnsm-web-04,"system.cpu.util[,iowait]",0.004184
2026-05-16T12:19:10+00:00,cnsm-web-04,"system.cpu.util[,iowait]",0.008364
2026-05-16T12:20:10+00:00,cnsm-web-04,"system.cpu.util[,iowait]",0.004186
2026-05-16T12:21:10+00:00,cnsm-web-04,"system.cpu.util[,iowait]",0.008373
2026-05-16T12:22:10+00:00,cnsm-web-04,"system.cpu.util[,iowait]",0.008375
2026-05-16T12:23:10+00:00,cnsm-web-04,"system.cpu.util[,iowait]",0.008366
2026-05-16T12:24:10+00:00,cnsm-web-04,"system.cpu.util[,iowait]",0.008378
2026-05-16T12:25:10+00:00,cnsm-web-04,"system.cpu.util[,iowait]",0.008375
2026-05-16T12:26:10+00:00,cnsm-web-04,"system.cpu.util[,iowait]",0.004189
2026-05-16T12:27:10+00:00,cnsm-web-04,"system.cpu.util[,iowait]",0.012559
2026-05-16T12:28:10+00:00,cnsm-web-04,"system.cpu.util[,iowait]",0.008372
2026-05-16T12:29:10+00:00,cnsm-web-04,"system.cpu.util[,iowait]",0.008366
2026-05-16T12:30:10+00:00,cnsm-web-04,"system.cpu.util[,iowait]",0.004186
2026-05-16T12:31:10+00:00,cnsm-web-04,"system.cpu.util[,iowait]",0.008373
2026-05-16T12:32:10+00:00,cnsm-web-04,"system.cpu.util[,iowait]",0.008366
2026-05-16T12:33:10+00:00,cnsm-web-04,"system.cpu.util[,iowait]",0.008367
2026-05-16T12:34:10+00:00,cnsm-web-04,"system.cpu.util[,iowait]",0.004184
2026-05-16T12:35:10+00:00,cnsm-web-04,"system.cpu.util[,iowait]",0.004184
2026-05-16T12:36:10+00:00,cnsm-web-04,"system.cpu.util[,iowait]",0.008384
2026-05-16T12:37:10+00:00,cnsm-web-04,"system.cpu.util[,iowait]",0.004188
2026-05-16T12:38:10+00:00,cnsm-web-04,"system.cpu.util[,iowait]",0.004184
2026-05-16T12:39:10+00:00,cnsm-web-04,"system.cpu.util[,iowait]",0.008372
2026-05-16T12:40:10+00:00,cnsm-web-04,"system.cpu.util[,iowait]",0.004182
2026-05-16T12:41:10+00:00,cnsm-web-04,"system.cpu.util[,iowait]",0
2026-05-16T12:42:10+00:00,cnsm-web-04,"system.cpu.util[,iowait]",0.004184
2026-05-16T12:43:10+00:00,cnsm-web-04,"system.cpu.util[,iowait]",0
2026-05-16T12:44:10+00:00,cnsm-web-04,"system.cpu.util[,iowait]",0
2026-05-16T11:15:59+00:00,cnsm-web-04,"system.cpu.util[,nice]",0
2026-05-16T11:16:59+00:00,cnsm-web-04,"system.cpu.util[,nice]",0
2026-05-16T11:17:59+00:00,cnsm-web-04,"system.cpu.util[,nice]",0
2026-05-16T11:18:59+00:00,cnsm-web-04,"system.cpu.util[,nice]",0
2026-05-16T11:19:59+00:00,cnsm-web-04,"system.cpu.util[,nice]",0
2026-05-16T11:20:59+00:00,cnsm-web-04,"system.cpu.util[,nice]",0
2026-05-16T11:21:59+00:00,cnsm-web-04,"system.cpu.util[,nice]",0
2026-05-16T11:22:59+00:00,cnsm-web-04,"system.cpu.util[,nice]",0
2026-05-16T11:23:59+00:00,cnsm-web-04,"system.cpu.util[,nice]",0
2026-05-16T11:24:59+00:00,cnsm-web-04,"system.cpu.util[,nice]",0
2026-05-16T11:25:59+00:00,cnsm-web-04,"system.cpu.util[,nice]",0
2026-05-16T11:26:59+00:00,cnsm-web-04,"system.cpu.util[,nice]",0
2026-05-16T11:27:59+00:00,cnsm-web-04,"system.cpu.util[,nice]",0
2026-05-16T11:28:59+00:00,cnsm-web-04,"system.cpu.util[,nice]",0
2026-05-16T11:29:59+00:00,cnsm-web-04,"system.cpu.util[,nice]",0
2026-05-16T11:30:59+00:00,cnsm-web-04,"system.cpu.util[,nice]",0
2026-05-16T11:31:59+00:00,cnsm-web-04,"system.cpu.util[,nice]",0
2026-05-16T11:32:59+00:00,cnsm-web-04,"system.cpu.util[,nice]",0
2026-05-16T11:33:59+00:00,cnsm-web-04,"system.cpu.util[,nice]",0
2026-05-16T11:34:59+00:00,cnsm-web-04,"system.cpu.util[,nice]",0
2026-05-16T11:35:59+00:00,cnsm-web-04,"system.cpu.util[,nice]",0
2026-05-16T11:36:59+00:00,cnsm-web-04,"system.cpu.util[,nice]",0
2026-05-16T11:37:59+00:00,cnsm-web-04,"system.cpu.util[,nice]",0
2026-05-16T11:38:59+00:00,cnsm-web-04,"system.cpu.util[,nice]",0
2026-05-16T11:39:59+00:00,cnsm-web-04,"system.cpu.util[,nice]",0
2026-05-16T11:40:59+00:00,cnsm-web-04,"system.cpu.util[,nice]",0
2026-05-16T11:41:59+00:00,cnsm-web-04,"system.cpu.util[,nice]",0
2026-05-16T11:42:59+00:00,cnsm-web-04,"system.cpu.util[,nice]",0
2026-05-16T11:43:59+00:00,cnsm-web-04,"system.cpu.util[,nice]",0
2026-05-16T11:44:59+00:00,cnsm-web-04,"system.cpu.util[,nice]",0
2026-05-16T11:45:59+00:00,cnsm-web-04,"system.cpu.util[,nice]",0
2026-05-16T11:46:59+00:00,cnsm-web-04,"system.cpu.util[,nice]",0
2026-05-16T11:47:59+00:00,cnsm-web-04,"system.cpu.util[,nice]",0
2026-05-16T11:48:59+00:00,cnsm-web-04,"system.cpu.util[,nice]",0
2026-05-16T11:49:59+00:00,cnsm-web-04,"system.cpu.util[,nice]",0
2026-05-16T11:50:59+00:00,cnsm-web-04,"system.cpu.util[,nice]",0
2026-05-16T11:51:59+00:00,cnsm-web-04,"system.cpu.util[,nice]",0
2026-05-16T11:52:59+00:00,cnsm-web-04,"system.cpu.util[,nice]",0
2026-05-16T11:53:59+00:00,cnsm-web-04,"system.cpu.util[,nice]",0
2026-05-16T11:54:59+00:00,cnsm-web-04,"system.cpu.util[,nice]",0
2026-05-16T11:55:59+00:00,cnsm-web-04,"system.cpu.util[,nice]",0
2026-05-16T11:56:59+00:00,cnsm-web-04,"system.cpu.util[,nice]",0
2026-05-16T11:57:59+00:00,cnsm-web-04,"system.cpu.util[,nice]",0
2026-05-16T11:58:59+00:00,cnsm-web-04,"system.cpu.util[,nice]",0
2026-05-16T11:59:59+00:00,cnsm-web-04,"system.cpu.util[,nice]",0
2026-05-16T12:00:59+00:00,cnsm-web-04,"system.cpu.util[,nice]",0
2026-05-16T12:01:59+00:00,cnsm-web-04,"system.cpu.util[,nice]",0
2026-05-16T12:02:59+00:00,cnsm-web-04,"system.cpu.util[,nice]",0
2026-05-16T12:03:59+00:00,cnsm-web-04,"system.cpu.util[,nice]",0
2026-05-16T12:04:59+00:00,cnsm-web-04,"system.cpu.util[,nice]",0
2026-05-16T12:05:59+00:00,cnsm-web-04,"system.cpu.util[,nice]",0
2026-05-16T12:06:59+00:00,cnsm-web-04,"system.cpu.util[,nice]",0
2026-05-16T12:07:59+00:00,cnsm-web-04,"system.cpu.util[,nice]",0
2026-05-16T12:08:59+00:00,cnsm-web-04,"system.cpu.util[,nice]",0
2026-05-16T12:09:59+00:00,cnsm-web-04,"system.cpu.util[,nice]",0
2026-05-16T12:10:59+00:00,cnsm-web-04,"system.cpu.util[,nice]",0
2026-05-16T12:11:59+00:00,cnsm-web-04,"system.cpu.util[,nice]",0
2026-05-16T12:12:59+00:00,cnsm-web-04,"system.cpu.util[,nice]",0
2026-05-16T12:13:59+00:00,cnsm-web-04,"system.cpu.util[,nice]",0
2026-05-16T12:14:59+00:00,cnsm-web-04,"system.cpu.util[,nice]",0
2026-05-16T12:15:59+00:00,cnsm-web-04,"system.cpu.util[,nice]",0
2026-05-16T12:16:59+00:00,cnsm-web-04,"system.cpu.util[,nice]",0
2026-05-16T12:17:59+00:00,cnsm-web-04,"system.cpu.util[,nice]",0
2026-05-16T12:18:59+00:00,cnsm-web-04,"system.cpu.util[,nice]",0
2026-05-16T12:19:59+00:00,cnsm-web-04,"system.cpu.util[,nice]",0
2026-05-16T12:20:59+00:00,cnsm-web-04,"system.cpu.util[,nice]",0
2026-05-16T12:21:59+00:00,cnsm-web-04,"system.cpu.util[,nice]",0
2026-05-16T12:22:59+00:00,cnsm-web-04,"system.cpu.util[,nice]",0
2026-05-16T12:23:59+00:00,cnsm-web-04,"system.cpu.util[,nice]",0
2026-05-16T12:24:59+00:00,cnsm-web-04,"system.cpu.util[,nice]",0
2026-05-16T12:25:59+00:00,cnsm-web-04,"system.cpu.util[,nice]",0
2026-05-16T12:26:59+00:00,cnsm-web-04,"system.cpu.util[,nice]",0
2026-05-16T12:27:59+00:00,cnsm-web-04,"system.cpu.util[,nice]",0
2026-05-16T12:28:59+00:00,cnsm-web-04,"system.cpu.util[,nice]",0
2026-05-16T12:29:59+00:00,cnsm-web-04,"system.cpu.util[,nice]",0
2026-05-16T12:30:59+00:00,cnsm-web-04,"system.cpu.util[,nice]",0
2026-05-16T12:31:59+00:00,cnsm-web-04,"system.cpu.util[,nice]",0
2026-05-16T12:32:59+00:00,cnsm-web-04,"system.cpu.util[,nice]",0
2026-05-16T12:33:59+00:00,cnsm-web-04,"system.cpu.util[,nice]",0
2026-05-16T12:34:59+00:00,cnsm-web-04,"system.cpu.util[,nice]",0
2026-05-16T12:35:59+00:00,cnsm-web-04,"system.cpu.util[,nice]",0
2026-05-16T12:36:59+00:00,cnsm-web-04,"system.cpu.util[,nice]",0
2026-05-16T12:37:59+00:00,cnsm-web-04,"system.cpu.util[,nice]",0
2026-05-16T12:38:59+00:00,cnsm-web-04,"system.cpu.util[,nice]",0
2026-05-16T12:39:59+00:00,cnsm-web-04,"system.cpu.util[,nice]",0
2026-05-16T12:40:59+00:00,cnsm-web-04,"system.cpu.util[,nice]",0
2026-05-16T12:41:59+00:00,cnsm-web-04,"system.cpu.util[,nice]",0
2026-05-16T12:42:59+00:00,cnsm-web-04,"system.cpu.util[,nice]",0
2026-05-16T12:43:59+00:00,cnsm-web-04,"system.cpu.util[,nice]",0
2026-05-16T11:15:49+00:00,cnsm-web-04,"system.cpu.util[,softirq]",2.914854
2026-05-16T11:16:49+00:00,cnsm-web-04,"system.cpu.util[,softirq]",3.008242
2026-05-16T11:17:49+00:00,cnsm-web-04,"system.cpu.util[,softirq]",3.216362
2026-05-16T11:18:49+00:00,cnsm-web-04,"system.cpu.util[,softirq]",2.997617
2026-05-16T11:19:49+00:00,cnsm-web-04,"system.cpu.util[,softirq]",2.881278
2026-05-16T11:20:49+00:00,cnsm-web-04,"system.cpu.util[,softirq]",2.933545
2026-05-16T11:21:49+00:00,cnsm-web-04,"system.cpu.util[,softirq]",3.114404
2026-05-16T11:22:49+00:00,cnsm-web-04,"system.cpu.util[,softirq]",3.059986
2026-05-16T11:23:49+00:00,cnsm-web-04,"system.cpu.util[,softirq]",2.978083
2026-05-16T11:24:49+00:00,cnsm-web-04,"system.cpu.util[,softirq]",3.09964
2026-05-16T11:25:49+00:00,cnsm-web-04,"system.cpu.util[,softirq]",3.013183
2026-05-16T11:26:49+00:00,cnsm-web-04,"system.cpu.util[,softirq]",3.006356
2026-05-16T11:27:49+00:00,cnsm-web-04,"system.cpu.util[,softirq]",3.122645
2026-05-16T11:28:49+00:00,cnsm-web-04,"system.cpu.util[,softirq]",3.099122
2026-05-16T11:29:49+00:00,cnsm-web-04,"system.cpu.util[,softirq]",2.854034
2026-05-16T11:30:49+00:00,cnsm-web-04,"system.cpu.util[,softirq]",3.016989
2026-05-16T11:31:49+00:00,cnsm-web-04,"system.cpu.util[,softirq]",3.29008
2026-05-16T11:32:49+00:00,cnsm-web-04,"system.cpu.util[,softirq]",3.006104
2026-05-16T11:33:49+00:00,cnsm-web-04,"system.cpu.util[,softirq]",2.894187
2026-05-16T11:34:49+00:00,cnsm-web-04,"system.cpu.util[,softirq]",3.224051
2026-05-16T11:35:49+00:00,cnsm-web-04,"system.cpu.util[,softirq]",3.025991
2026-05-16T11:36:49+00:00,cnsm-web-04,"system.cpu.util[,softirq]",2.91745
2026-05-16T11:37:49+00:00,cnsm-web-04,"system.cpu.util[,softirq]",3.100029
2026-05-16T11:38:49+00:00,cnsm-web-04,"system.cpu.util[,softirq]",3.00623
2026-05-16T11:39:49+00:00,cnsm-web-04,"system.cpu.util[,softirq]",3.021806
2026-05-16T11:40:49+00:00,cnsm-web-04,"system.cpu.util[,softirq]",2.94339
2026-05-16T11:41:49+00:00,cnsm-web-04,"system.cpu.util[,softirq]",3.118859
2026-05-16T11:42:49+00:00,cnsm-web-04,"system.cpu.util[,softirq]",3.094292
2026-05-16T11:43:49+00:00,cnsm-web-04,"system.cpu.util[,softirq]",3.040569
2026-05-16T11:44:49+00:00,cnsm-web-04,"system.cpu.util[,softirq]",2.87568
2026-05-16T11:45:49+00:00,cnsm-web-04,"system.cpu.util[,softirq]",3.085877
2026-05-16T11:46:49+00:00,cnsm-web-04,"system.cpu.util[,softirq]",3.015202
2026-05-16T11:47:49+00:00,cnsm-web-04,"system.cpu.util[,softirq]",3.033727
2026-05-16T11:48:49+00:00,cnsm-web-04,"system.cpu.util[,softirq]",3.12801
2026-05-16T11:49:49+00:00,cnsm-web-04,"system.cpu.util[,softirq]",3.010005
2026-05-16T11:50:49+00:00,cnsm-web-04,"system.cpu.util[,softirq]",2.82656
2026-05-16T11:51:49+00:00,cnsm-web-04,"system.cpu.util[,softirq]",3.101877
2026-05-16T11:52:49+00:00,cnsm-web-04,"system.cpu.util[,softirq]",3.266468
2026-05-16T11:53:49+00:00,cnsm-web-04,"system.cpu.util[,softirq]",2.950285
2026-05-16T11:54:49+00:00,cnsm-web-04,"system.cpu.util[,softirq]",2.932073
2026-05-16T11:55:49+00:00,cnsm-web-04,"system.cpu.util[,softirq]",3.297164
2026-05-16T11:56:49+00:00,cnsm-web-04,"system.cpu.util[,softirq]",3.009753
2026-05-16T11:57:49+00:00,cnsm-web-04,"system.cpu.util[,softirq]",2.849015
2026-05-16T11:58:49+00:00,cnsm-web-04,"system.cpu.util[,softirq]",3.235812
2026-05-16T11:59:49+00:00,cnsm-web-04,"system.cpu.util[,softirq]",2.991757
2026-05-16T12:00:49+00:00,cnsm-web-04,"system.cpu.util[,softirq]",2.985199
2026-05-16T12:01:49+00:00,cnsm-web-04,"system.cpu.util[,softirq]",3.129845
2026-05-16T12:02:49+00:00,cnsm-web-04,"system.cpu.util[,softirq]",3.084973
2026-05-16T12:03:49+00:00,cnsm-web-04,"system.cpu.util[,softirq]",2.919739
2026-05-16T12:04:49+00:00,cnsm-web-04,"system.cpu.util[,softirq]",3.035879
2026-05-16T12:05:49+00:00,cnsm-web-04,"system.cpu.util[,softirq]",3.261461
2026-05-16T12:06:49+00:00,cnsm-web-04,"system.cpu.util[,softirq]",2.973822
2026-05-16T12:07:49+00:00,cnsm-web-04,"system.cpu.util[,softirq]",3.064942
2026-05-16T12:08:49+00:00,cnsm-web-04,"system.cpu.util[,softirq]",3.325097
2026-05-16T12:09:49+00:00,cnsm-web-04,"system.cpu.util[,softirq]",3.031953
2026-05-16T12:10:49+00:00,cnsm-web-04,"system.cpu.util[,softirq]",2.868269
2026-05-16T12:11:49+00:00,cnsm-web-04,"system.cpu.util[,softirq]",3.177594
2026-05-16T12:12:49+00:00,cnsm-web-04,"system.cpu.util[,softirq]",3.02383
2026-05-16T12:13:49+00:00,cnsm-web-04,"system.cpu.util[,softirq]",2.994263
2026-05-16T12:14:49+00:00,cnsm-web-04,"system.cpu.util[,softirq]",3.187751
2026-05-16T12:15:49+00:00,cnsm-web-04,"system.cpu.util[,softirq]",3.308378
2026-05-16T12:16:49+00:00,cnsm-web-04,"system.cpu.util[,softirq]",3.001256
2026-05-16T12:17:49+00:00,cnsm-web-04,"system.cpu.util[,softirq]",3.072871
2026-05-16T12:18:49+00:00,cnsm-web-04,"system.cpu.util[,softirq]",2.936993
2026-05-16T12:19:49+00:00,cnsm-web-04,"system.cpu.util[,softirq]",3.373655
2026-05-16T12:20:49+00:00,cnsm-web-04,"system.cpu.util[,softirq]",3.00289
2026-05-16T12:21:49+00:00,cnsm-web-04,"system.cpu.util[,softirq]",3.106422
2026-05-16T12:22:49+00:00,cnsm-web-04,"system.cpu.util[,softirq]",3.099251
2026-05-16T12:23:49+00:00,cnsm-web-04,"system.cpu.util[,softirq]",3.263237
2026-05-16T12:24:49+00:00,cnsm-web-04,"system.cpu.util[,softirq]",2.892545
2026-05-16T12:25:49+00:00,cnsm-web-04,"system.cpu.util[,softirq]",2.89412
2026-05-16T12:26:49+00:00,cnsm-web-04,"system.cpu.util[,softirq]",3.255132
2026-05-16T12:27:49+00:00,cnsm-web-04,"system.cpu.util[,softirq]",2.937976
2026-05-16T12:28:49+00:00,cnsm-web-04,"system.cpu.util[,softirq]",3.081232
2026-05-16T12:29:49+00:00,cnsm-web-04,"system.cpu.util[,softirq]",3.09753
2026-05-16T12:30:49+00:00,cnsm-web-04,"system.cpu.util[,softirq]",3.114534
2026-05-16T12:31:49+00:00,cnsm-web-04,"system.cpu.util[,softirq]",2.972577
2026-05-16T12:32:49+00:00,cnsm-web-04,"system.cpu.util[,softirq]",3.123824
2026-05-16T12:33:49+00:00,cnsm-web-04,"system.cpu.util[,softirq]",3.227832
2026-05-16T12:34:49+00:00,cnsm-web-04,"system.cpu.util[,softirq]",3.125131
2026-05-16T12:35:49+00:00,cnsm-web-04,"system.cpu.util[,softirq]",2.910142
2026-05-16T12:36:49+00:00,cnsm-web-04,"system.cpu.util[,softirq]",3.079695
2026-05-16T12:37:49+00:00,cnsm-web-04,"system.cpu.util[,softirq]",3.201909
2026-05-16T12:38:49+00:00,cnsm-web-04,"system.cpu.util[,softirq]",2.972452
2026-05-16T12:39:49+00:00,cnsm-web-04,"system.cpu.util[,softirq]",2.95311
2026-05-16T12:40:49+00:00,cnsm-web-04,"system.cpu.util[,softirq]",3.279374
2026-05-16T12:41:49+00:00,cnsm-web-04,"system.cpu.util[,softirq]",3.196118
2026-05-16T12:42:49+00:00,cnsm-web-04,"system.cpu.util[,softirq]",3.014844
2026-05-16T12:43:49+00:00,cnsm-web-04,"system.cpu.util[,softirq]",3.056148
2026-05-16T11:15:58+00:00,cnsm-web-04,"system.cpu.util[,steal]",0.029279
2026-05-16T11:16:58+00:00,cnsm-web-04,"system.cpu.util[,steal]",0.050209
2026-05-16T11:17:58+00:00,cnsm-web-04,"system.cpu.util[,steal]",0.025084
2026-05-16T11:18:58+00:00,cnsm-web-04,"system.cpu.util[,steal]",0.020907
2026-05-16T11:19:58+00:00,cnsm-web-04,"system.cpu.util[,steal]",0.02929
2026-05-16T11:20:58+00:00,cnsm-web-04,"system.cpu.util[,steal]",0.025106
2026-05-16T11:21:58+00:00,cnsm-web-04,"system.cpu.util[,steal]",0.029302
2026-05-16T11:22:58+00:00,cnsm-web-04,"system.cpu.util[,steal]",0.029295
2026-05-16T11:23:58+00:00,cnsm-web-04,"system.cpu.util[,steal]",0.025091
2026-05-16T11:24:58+00:00,cnsm-web-04,"system.cpu.util[,steal]",0.046015
2026-05-16T11:25:58+00:00,cnsm-web-04,"system.cpu.util[,steal]",0.025109
2026-05-16T11:26:58+00:00,cnsm-web-04,"system.cpu.util[,steal]",0.037638
2026-05-16T11:27:58+00:00,cnsm-web-04,"system.cpu.util[,steal]",0.029296
2026-05-16T11:28:58+00:00,cnsm-web-04,"system.cpu.util[,steal]",0.025101
2026-05-16T11:29:58+00:00,cnsm-web-04,"system.cpu.util[,steal]",0.025107
2026-05-16T11:30:58+00:00,cnsm-web-04,"system.cpu.util[,steal]",0.046041
2026-05-16T11:31:58+00:00,cnsm-web-04,"system.cpu.util[,steal]",0.033485
2026-05-16T11:32:58+00:00,cnsm-web-04,"system.cpu.util[,steal]",0.025078
2026-05-16T11:33:58+00:00,cnsm-web-04,"system.cpu.util[,steal]",0.025103
2026-05-16T11:34:58+00:00,cnsm-web-04,"system.cpu.util[,steal]",0.033477
2026-05-16T11:35:58+00:00,cnsm-web-04,"system.cpu.util[,steal]",0.025116
2026-05-16T11:36:58+00:00,cnsm-web-04,"system.cpu.util[,steal]",0.033443
2026-05-16T11:37:58+00:00,cnsm-web-04,"system.cpu.util[,steal]",0.029287
2026-05-16T11:38:58+00:00,cnsm-web-04,"system.cpu.util[,steal]",0.033448
2026-05-16T11:39:58+00:00,cnsm-web-04,"system.cpu.util[,steal]",0.029297
2026-05-16T11:40:58+00:00,cnsm-web-04,"system.cpu.util[,steal]",0.079431
2026-05-16T11:41:58+00:00,cnsm-web-04,"system.cpu.util[,steal]",0.033439
2026-05-16T11:42:58+00:00,cnsm-web-04,"system.cpu.util[,steal]",0.03347
2026-05-16T11:43:58+00:00,cnsm-web-04,"system.cpu.util[,steal]",0.029272
2026-05-16T11:44:58+00:00,cnsm-web-04,"system.cpu.util[,steal]",0.025114
2026-05-16T11:45:58+00:00,cnsm-web-04,"system.cpu.util[,steal]",0.029318
2026-05-16T11:46:58+00:00,cnsm-web-04,"system.cpu.util[,steal]",0.025111
2026-05-16T11:47:58+00:00,cnsm-web-04,"system.cpu.util[,steal]",0.03349
2026-05-16T11:48:58+00:00,cnsm-web-04,"system.cpu.util[,steal]",0.029318
2026-05-16T11:49:58+00:00,cnsm-web-04,"system.cpu.util[,steal]",0.029292
2026-05-16T11:50:58+00:00,cnsm-web-04,"system.cpu.util[,steal]",0.03763
2026-05-16T11:51:58+00:00,cnsm-web-04,"system.cpu.util[,steal]",0.029269
2026-05-16T11:52:58+00:00,cnsm-web-04,"system.cpu.util[,steal]",0.025128
2026-05-16T11:53:58+00:00,cnsm-web-04,"system.cpu.util[,steal]",0.029291
2026-05-16T11:54:58+00:00,cnsm-web-04,"system.cpu.util[,steal]",0.025101
2026-05-16T11:55:58+00:00,cnsm-web-04,"system.cpu.util[,steal]",0.033519
2026-05-16T11:56:58+00:00,cnsm-web-04,"system.cpu.util[,steal]",0.025114
2026-05-16T11:57:58+00:00,cnsm-web-04,"system.cpu.util[,steal]",0.025103
2026-05-16T11:58:58+00:00,cnsm-web-04,"system.cpu.util[,steal]",0.029334
2026-05-16T11:59:58+00:00,cnsm-web-04,"system.cpu.util[,steal]",0.025099
2026-05-16T12:00:58+00:00,cnsm-web-04,"system.cpu.util[,steal]",0.062733
2026-05-16T12:01:58+00:00,cnsm-web-04,"system.cpu.util[,steal]",0.029318
2026-05-16T12:02:58+00:00,cnsm-web-04,"system.cpu.util[,steal]",0.029314
2026-05-16T12:03:58+00:00,cnsm-web-04,"system.cpu.util[,steal]",0.033502
2026-05-16T12:04:58+00:00,cnsm-web-04,"system.cpu.util[,steal]",0.029267
2026-05-16T12:05:58+00:00,cnsm-web-04,"system.cpu.util[,steal]",0.025136
2026-05-16T12:06:58+00:00,cnsm-web-04,"system.cpu.util[,steal]",0.029311
2026-05-16T12:07:58+00:00,cnsm-web-04,"system.cpu.util[,steal]",0.029297
2026-05-16T12:08:58+00:00,cnsm-web-04,"system.cpu.util[,steal]",0.033513
2026-05-16T12:09:58+00:00,cnsm-web-04,"system.cpu.util[,steal]",0.029312
2026-05-16T12:10:58+00:00,cnsm-web-04,"system.cpu.util[,steal]",0.037677
2026-05-16T12:11:58+00:00,cnsm-web-04,"system.cpu.util[,steal]",0.033518
2026-05-16T12:12:58+00:00,cnsm-web-04,"system.cpu.util[,steal]",0.025119
2026-05-16T12:13:58+00:00,cnsm-web-04,"system.cpu.util[,steal]",0.025119
2026-05-16T12:14:58+00:00,cnsm-web-04,"system.cpu.util[,steal]",0.033469
2026-05-16T12:15:58+00:00,cnsm-web-04,"system.cpu.util[,steal]",0.025107
2026-05-16T12:16:58+00:00,cnsm-web-04,"system.cpu.util[,steal]",0.029284
2026-05-16T12:17:58+00:00,cnsm-web-04,"system.cpu.util[,steal]",0.029283
2026-05-16T12:18:58+00:00,cnsm-web-04,"system.cpu.util[,steal]",0.033457
2026-05-16T12:19:58+00:00,cnsm-web-04,"system.cpu.util[,steal]",0.037681
2026-05-16T12:20:58+00:00,cnsm-web-04,"system.cpu.util[,steal]",0.025121
2026-05-16T12:21:58+00:00,cnsm-web-04,"system.cpu.util[,steal]",0.025118
2026-05-16T12:22:58+00:00,cnsm-web-04,"system.cpu.util[,steal]",0.029283
2026-05-16T12:23:58+00:00,cnsm-web-04,"system.cpu.util[,steal]",0.033519
2026-05-16T12:24:58+00:00,cnsm-web-04,"system.cpu.util[,steal]",0.033485
2026-05-16T12:25:58+00:00,cnsm-web-04,"system.cpu.util[,steal]",0.029323
2026-05-16T12:26:58+00:00,cnsm-web-04,"system.cpu.util[,steal]",0.025129
2026-05-16T12:27:58+00:00,cnsm-web-04,"system.cpu.util[,steal]",0.025109
2026-05-16T12:28:58+00:00,cnsm-web-04,"system.cpu.util[,steal]",0.029268
2026-05-16T12:29:58+00:00,cnsm-web-04,"system.cpu.util[,steal]",0.029317
2026-05-16T12:30:58+00:00,cnsm-web-04,"system.cpu.util[,steal]",0.033474
2026-05-16T12:31:58+00:00,cnsm-web-04,"system.cpu.util[,steal]",0.025112
2026-05-16T12:32:58+00:00,cnsm-web-04,"system.cpu.util[,steal]",0.054386
2026-05-16T12:33:58+00:00,cnsm-web-04,"system.cpu.util[,steal]",0.029294
2026-05-16T12:34:58+00:00,cnsm-web-04,"system.cpu.util[,steal]",0.029297
2026-05-16T12:35:58+00:00,cnsm-web-04,"system.cpu.util[,steal]",0.029312
2026-05-16T12:36:58+00:00,cnsm-web-04,"system.cpu.util[,steal]",0.033525
2026-05-16T12:37:58+00:00,cnsm-web-04,"system.cpu.util[,steal]",0.025111
2026-05-16T12:38:58+00:00,cnsm-web-04,"system.cpu.util[,steal]",0.033481
2026-05-16T12:39:58+00:00,cnsm-web-04,"system.cpu.util[,steal]",0.029276
2026-05-16T12:40:58+00:00,cnsm-web-04,"system.cpu.util[,steal]",0.029278
2026-05-16T12:41:58+00:00,cnsm-web-04,"system.cpu.util[,steal]",0.025105
2026-05-16T12:42:58+00:00,cnsm-web-04,"system.cpu.util[,steal]",0.025083
2026-05-16T12:43:58+00:00,cnsm-web-04,"system.cpu.util[,steal]",0.025095
2026-05-16T11:15:41+00:00,cnsm-web-04,"system.cpu.util[,system]",9.00046
2026-05-16T11:16:41+00:00,cnsm-web-04,"system.cpu.util[,system]",9.150245
2026-05-16T11:17:41+00:00,cnsm-web-04,"system.cpu.util[,system]",9.857328
2026-05-16T11:18:41+00:00,cnsm-web-04,"system.cpu.util[,system]",9.44398
2026-05-16T11:19:41+00:00,cnsm-web-04,"system.cpu.util[,system]",9.24447
2026-05-16T11:20:41+00:00,cnsm-web-04,"system.cpu.util[,system]",9.00113
2026-05-16T11:21:41+00:00,cnsm-web-04,"system.cpu.util[,system]",9.880265
2026-05-16T11:22:41+00:00,cnsm-web-04,"system.cpu.util[,system]",9.411617
2026-05-16T11:23:41+00:00,cnsm-web-04,"system.cpu.util[,system]",9.068853
2026-05-16T11:24:41+00:00,cnsm-web-04,"system.cpu.util[,system]",9.779061
2026-05-16T11:25:41+00:00,cnsm-web-04,"system.cpu.util[,system]",9.313418
2026-05-16T11:26:41+00:00,cnsm-web-04,"system.cpu.util[,system]",8.92327
2026-05-16T11:27:41+00:00,cnsm-web-04,"system.cpu.util[,system]",9.641227
2026-05-16T11:28:41+00:00,cnsm-web-04,"system.cpu.util[,system]",9.514449
2026-05-16T11:29:41+00:00,cnsm-web-04,"system.cpu.util[,system]",9.193623
2026-05-16T11:30:41+00:00,cnsm-web-04,"system.cpu.util[,system]",9.446513
2026-05-16T11:31:41+00:00,cnsm-web-04,"system.cpu.util[,system]",10.154091
2026-05-16T11:32:41+00:00,cnsm-web-04,"system.cpu.util[,system]",9.031611
2026-05-16T11:33:41+00:00,cnsm-web-04,"system.cpu.util[,system]",9.09357
2026-05-16T11:34:41+00:00,cnsm-web-04,"system.cpu.util[,system]",10.017163
2026-05-16T11:35:41+00:00,cnsm-web-04,"system.cpu.util[,system]",9.300963
2026-05-16T11:36:41+00:00,cnsm-web-04,"system.cpu.util[,system]",8.897065
2026-05-16T11:37:41+00:00,cnsm-web-04,"system.cpu.util[,system]",9.651104
2026-05-16T11:38:41+00:00,cnsm-web-04,"system.cpu.util[,system]",9.407534
2026-05-16T11:39:41+00:00,cnsm-web-04,"system.cpu.util[,system]",9.553314
2026-05-16T11:40:41+00:00,cnsm-web-04,"system.cpu.util[,system]",9.077611
2026-05-16T11:41:41+00:00,cnsm-web-04,"system.cpu.util[,system]",9.588526
2026-05-16T11:42:41+00:00,cnsm-web-04,"system.cpu.util[,system]",9.520823
2026-05-16T11:43:41+00:00,cnsm-web-04,"system.cpu.util[,system]",9.327032
2026-05-16T11:44:41+00:00,cnsm-web-04,"system.cpu.util[,system]",9.017114
2026-05-16T11:45:41+00:00,cnsm-web-04,"system.cpu.util[,system]",9.639059
2026-05-16T11:46:41+00:00,cnsm-web-04,"system.cpu.util[,system]",9.495288
2026-05-16T11:47:41+00:00,cnsm-web-04,"system.cpu.util[,system]",9.007614
2026-05-16T11:48:41+00:00,cnsm-web-04,"system.cpu.util[,system]",10.066186
2026-05-16T11:49:41+00:00,cnsm-web-04,"system.cpu.util[,system]",9.173851
2026-05-16T11:50:41+00:00,cnsm-web-04,"system.cpu.util[,system]",8.778754
2026-05-16T11:51:41+00:00,cnsm-web-04,"system.cpu.util[,system]",9.339074
2026-05-16T11:52:41+00:00,cnsm-web-04,"system.cpu.util[,system]",10.241166
2026-05-16T11:53:41+00:00,cnsm-web-04,"system.cpu.util[,system]",9.10727
2026-05-16T11:54:41+00:00,cnsm-web-04,"system.cpu.util[,system]",9.084065
2026-05-16T11:55:41+00:00,cnsm-web-04,"system.cpu.util[,system]",10.05322
2026-05-16T11:56:41+00:00,cnsm-web-04,"system.cpu.util[,system]",9.167364
2026-05-16T11:57:41+00:00,cnsm-web-04,"system.cpu.util[,system]",9.088627
2026-05-16T11:58:41+00:00,cnsm-web-04,"system.cpu.util[,system]",9.962698
2026-05-16T11:59:41+00:00,cnsm-web-04,"system.cpu.util[,system]",9.231284
2026-05-16T12:00:41+00:00,cnsm-web-04,"system.cpu.util[,system]",8.931633
2026-05-16T12:01:41+00:00,cnsm-web-04,"system.cpu.util[,system]",9.884817
2026-05-16T12:02:41+00:00,cnsm-web-04,"system.cpu.util[,system]",9.668913
2026-05-16T12:03:41+00:00,cnsm-web-04,"system.cpu.util[,system]",9.308366
2026-05-16T12:04:41+00:00,cnsm-web-04,"system.cpu.util[,system]",9.385587
2026-05-16T12:05:41+00:00,cnsm-web-04,"system.cpu.util[,system]",9.983674
2026-05-16T12:06:41+00:00,cnsm-web-04,"system.cpu.util[,system]",9.35746
2026-05-16T12:07:41+00:00,cnsm-web-04,"system.cpu.util[,system]",9.597186
2026-05-16T12:08:41+00:00,cnsm-web-04,"system.cpu.util[,system]",10.26253
2026-05-16T12:09:41+00:00,cnsm-web-04,"system.cpu.util[,system]",9.302618
2026-05-16T12:10:41+00:00,cnsm-web-04,"system.cpu.util[,system]",9.053222
2026-05-16T12:11:41+00:00,cnsm-web-04,"system.cpu.util[,system]",9.93638
2026-05-16T12:12:41+00:00,cnsm-web-04,"system.cpu.util[,system]",9.485719
2026-05-16T12:13:41+00:00,cnsm-web-04,"system.cpu.util[,system]",9.381413
2026-05-16T12:14:41+00:00,cnsm-web-04,"system.cpu.util[,system]",9.889098
2026-05-16T12:15:41+00:00,cnsm-web-04,"system.cpu.util[,system]",9.962776
2026-05-16T12:16:41+00:00,cnsm-web-04,"system.cpu.util[,system]",8.946289
2026-05-16T12:17:41+00:00,cnsm-web-04,"system.cpu.util[,system]",9.519231
2026-05-16T12:18:41+00:00,cnsm-web-04,"system.cpu.util[,system]",9.44312
2026-05-16T12:19:41+00:00,cnsm-web-04,"system.cpu.util[,system]",10.193322
2026-05-16T12:20:41+00:00,cnsm-web-04,"system.cpu.util[,system]",9.138501
2026-05-16T12:21:41+00:00,cnsm-web-04,"system.cpu.util[,system]",9.375131
2026-05-16T12:22:41+00:00,cnsm-web-04,"system.cpu.util[,system]",9.363233
2026-05-16T12:23:41+00:00,cnsm-web-04,"system.cpu.util[,system]",10.255014
2026-05-16T12:24:41+00:00,cnsm-web-04,"system.cpu.util[,system]",9.333389
2026-05-16T12:25:41+00:00,cnsm-web-04,"system.cpu.util[,system]",9.255382
2026-05-16T12:26:41+00:00,cnsm-web-04,"system.cpu.util[,system]",10.440757
2026-05-16T12:27:41+00:00,cnsm-web-04,"system.cpu.util[,system]",9.354596
2026-05-16T12:28:41+00:00,cnsm-web-04,"system.cpu.util[,system]",9.279083
2026-05-16T12:29:41+00:00,cnsm-web-04,"system.cpu.util[,system]",10.018832
2026-05-16T12:30:41+00:00,cnsm-web-04,"system.cpu.util[,system]",9.672289
2026-05-16T12:31:41+00:00,cnsm-web-04,"system.cpu.util[,system]",9.173505
2026-05-16T12:32:41+00:00,cnsm-web-04,"system.cpu.util[,system]",9.611041
2026-05-16T12:33:41+00:00,cnsm-web-04,"system.cpu.util[,system]",9.994557
2026-05-16T12:34:41+00:00,cnsm-web-04,"system.cpu.util[,system]",9.267395
2026-05-16T12:35:41+00:00,cnsm-web-04,"system.cpu.util[,system]",9.023563
2026-05-16T12:36:41+00:00,cnsm-web-04,"system.cpu.util[,system]",9.602815
2026-05-16T12:37:41+00:00,cnsm-web-04,"system.cpu.util[,system]",10.009214
2026-05-16T12:38:41+00:00,cnsm-web-04,"system.cpu.util[,system]",9.003014
2026-05-16T12:39:41+00:00,cnsm-web-04,"system.cpu.util[,system]",9.170397
2026-05-16T12:40:41+00:00,cnsm-web-04,"system.cpu.util[,system]",9.931006
2026-05-16T12:41:41+00:00,cnsm-web-04,"system.cpu.util[,system]",9.402067
2026-05-16T12:42:41+00:00,cnsm-web-04,"system.cpu.util[,system]",9.079503
2026-05-16T12:43:41+00:00,cnsm-web-04,"system.cpu.util[,system]",9.374477
2026-05-16T11:15:42+00:00,cnsm-web-04,"system.cpu.util[,user]",2.57107
2026-05-16T11:16:42+00:00,cnsm-web-04,"system.cpu.util[,user]",2.761969
2026-05-16T11:17:42+00:00,cnsm-web-04,"system.cpu.util[,user]",2.689589
2026-05-16T11:18:42+00:00,cnsm-web-04,"system.cpu.util[,user]",2.663155
2026-05-16T11:19:42+00:00,cnsm-web-04,"system.cpu.util[,user]",2.613095
2026-05-16T11:20:42+00:00,cnsm-web-04,"system.cpu.util[,user]",2.569468
2026-05-16T11:21:42+00:00,cnsm-web-04,"system.cpu.util[,user]",2.830465
2026-05-16T11:22:42+00:00,cnsm-web-04,"system.cpu.util[,user]",2.58159
2026-05-16T11:23:42+00:00,cnsm-web-04,"system.cpu.util[,user]",2.555737
2026-05-16T11:24:42+00:00,cnsm-web-04,"system.cpu.util[,user]",2.808471
2026-05-16T11:25:42+00:00,cnsm-web-04,"system.cpu.util[,user]",2.576759
2026-05-16T11:26:42+00:00,cnsm-web-04,"system.cpu.util[,user]",2.5507
2026-05-16T11:27:42+00:00,cnsm-web-04,"system.cpu.util[,user]",2.842788
2026-05-16T11:28:42+00:00,cnsm-web-04,"system.cpu.util[,user]",2.622114
2026-05-16T11:29:42+00:00,cnsm-web-04,"system.cpu.util[,user]",2.535883
2026-05-16T11:30:42+00:00,cnsm-web-04,"system.cpu.util[,user]",2.749069
2026-05-16T11:31:42+00:00,cnsm-web-04,"system.cpu.util[,user]",2.737891
2026-05-16T11:32:42+00:00,cnsm-web-04,"system.cpu.util[,user]",2.525612
2026-05-16T11:33:42+00:00,cnsm-web-04,"system.cpu.util[,user]",2.63818
2026-05-16T11:34:42+00:00,cnsm-web-04,"system.cpu.util[,user]",2.943023
2026-05-16T11:35:42+00:00,cnsm-web-04,"system.cpu.util[,user]",2.636866
2026-05-16T11:36:42+00:00,cnsm-web-04,"system.cpu.util[,user]",2.642472
2026-05-16T11:37:42+00:00,cnsm-web-04,"system.cpu.util[,user]",2.861326
2026-05-16T11:38:42+00:00,cnsm-web-04,"system.cpu.util[,user]",2.659308
2026-05-16T11:39:42+00:00,cnsm-web-04,"system.cpu.util[,user]",2.628715
2026-05-16T11:40:42+00:00,cnsm-web-04,"system.cpu.util[,user]",2.578892
2026-05-16T11:41:42+00:00,cnsm-web-04,"system.cpu.util[,user]",2.890004
2026-05-16T11:42:42+00:00,cnsm-web-04,"system.cpu.util[,user]",2.709257
2026-05-16T11:43:42+00:00,cnsm-web-04,"system.cpu.util[,user]",2.647206
2026-05-16T11:44:42+00:00,cnsm-web-04,"system.cpu.util[,user]",2.569145
2026-05-16T11:45:42+00:00,cnsm-web-04,"system.cpu.util[,user]",2.944256
2026-05-16T11:46:42+00:00,cnsm-web-04,"system.cpu.util[,user]",2.629816
2026-05-16T11:47:42+00:00,cnsm-web-04,"system.cpu.util[,user]",2.598218
2026-05-16T11:48:42+00:00,cnsm-web-04,"system.cpu.util[,user]",2.899158
2026-05-16T11:49:42+00:00,cnsm-web-04,"system.cpu.util[,user]",2.548437
2026-05-16T11:50:42+00:00,cnsm-web-04,"system.cpu.util[,user]",2.638732
2026-05-16T11:51:42+00:00,cnsm-web-04,"system.cpu.util[,user]",2.747115
2026-05-16T11:52:42+00:00,cnsm-web-04,"system.cpu.util[,user]",2.792314
2026-05-16T11:53:42+00:00,cnsm-web-04,"system.cpu.util[,user]",2.678609
2026-05-16T11:54:42+00:00,cnsm-web-04,"system.cpu.util[,user]",2.765112
2026-05-16T11:55:42+00:00,cnsm-web-04,"system.cpu.util[,user]",2.756829
2026-05-16T11:56:42+00:00,cnsm-web-04,"system.cpu.util[,user]",2.636094
2026-05-16T11:57:42+00:00,cnsm-web-04,"system.cpu.util[,user]",2.640499
2026-05-16T11:58:42+00:00,cnsm-web-04,"system.cpu.util[,user]",2.825403
2026-05-16T11:59:42+00:00,cnsm-web-04,"system.cpu.util[,user]",2.627285
2026-05-16T12:00:42+00:00,cnsm-web-04,"system.cpu.util[,user]",2.617713
2026-05-16T12:01:42+00:00,cnsm-web-04,"system.cpu.util[,user]",2.882279
2026-05-16T12:02:42+00:00,cnsm-web-04,"system.cpu.util[,user]",2.732675
2026-05-16T12:03:42+00:00,cnsm-web-04,"system.cpu.util[,user]",2.840266
2026-05-16T12:04:42+00:00,cnsm-web-04,"system.cpu.util[,user]",2.940684
2026-05-16T12:05:42+00:00,cnsm-web-04,"system.cpu.util[,user]",2.879504
2026-05-16T12:06:42+00:00,cnsm-web-04,"system.cpu.util[,user]",2.79814
2026-05-16T12:07:42+00:00,cnsm-web-04,"system.cpu.util[,user]",2.944133
2026-05-16T12:08:42+00:00,cnsm-web-04,"system.cpu.util[,user]",3.056311
2026-05-16T12:09:42+00:00,cnsm-web-04,"system.cpu.util[,user]",2.738923
2026-05-16T12:10:42+00:00,cnsm-web-04,"system.cpu.util[,user]",2.801625
2026-05-16T12:11:42+00:00,cnsm-web-04,"system.cpu.util[,user]",3.005819
2026-05-16T12:12:42+00:00,cnsm-web-04,"system.cpu.util[,user]",2.780104
2026-05-16T12:13:42+00:00,cnsm-web-04,"system.cpu.util[,user]",2.827225
2026-05-16T12:14:42+00:00,cnsm-web-04,"system.cpu.util[,user]",3.013183
2026-05-16T12:15:42+00:00,cnsm-web-04,"system.cpu.util[,user]",2.810304
2026-05-16T12:16:42+00:00,cnsm-web-04,"system.cpu.util[,user]",2.704513
2026-05-16T12:17:42+00:00,cnsm-web-04,"system.cpu.util[,user]",2.913636
2026-05-16T12:18:42+00:00,cnsm-web-04,"system.cpu.util[,user]",2.912378
2026-05-16T12:19:42+00:00,cnsm-web-04,"system.cpu.util[,user]",2.874597
2026-05-16T12:20:42+00:00,cnsm-web-04,"system.cpu.util[,user]",2.701231
2026-05-16T12:21:42+00:00,cnsm-web-04,"system.cpu.util[,user]",2.808236
2026-05-16T12:22:42+00:00,cnsm-web-04,"system.cpu.util[,user]",3.017115
2026-05-16T12:23:42+00:00,cnsm-web-04,"system.cpu.util[,user]",2.994012
2026-05-16T12:24:42+00:00,cnsm-web-04,"system.cpu.util[,user]",2.859416
2026-05-16T12:25:42+00:00,cnsm-web-04,"system.cpu.util[,user]",2.957316
2026-05-16T12:26:42+00:00,cnsm-web-04,"system.cpu.util[,user]",3.066097
2026-05-16T12:27:42+00:00,cnsm-web-04,"system.cpu.util[,user]",2.863003
2026-05-16T12:28:42+00:00,cnsm-web-04,"system.cpu.util[,user]",2.893823
2026-05-16T12:29:42+00:00,cnsm-web-04,"system.cpu.util[,user]",3.180848
2026-05-16T12:30:42+00:00,cnsm-web-04,"system.cpu.util[,user]",2.862404
2026-05-16T12:31:42+00:00,cnsm-web-04,"system.cpu.util[,user]",2.851281
2026-05-16T12:32:42+00:00,cnsm-web-04,"system.cpu.util[,user]",2.965659
2026-05-16T12:33:42+00:00,cnsm-web-04,"system.cpu.util[,user]",2.897216
2026-05-16T12:34:42+00:00,cnsm-web-04,"system.cpu.util[,user]",2.698632
2026-05-16T12:35:42+00:00,cnsm-web-04,"system.cpu.util[,user]",2.728719
2026-05-16T12:36:42+00:00,cnsm-web-04,"system.cpu.util[,user]",2.912703
2026-05-16T12:37:42+00:00,cnsm-web-04,"system.cpu.util[,user]",2.876282
2026-05-16T12:38:42+00:00,cnsm-web-04,"system.cpu.util[,user]",2.666164
2026-05-16T12:39:42+00:00,cnsm-web-04,"system.cpu.util[,user]",2.841599
2026-05-16T12:40:42+00:00,cnsm-web-04,"system.cpu.util[,user]",2.767211
2026-05-16T12:41:42+00:00,cnsm-web-04,"system.cpu.util[,user]",2.581806
2026-05-16T12:42:42+00:00,cnsm-web-04,"system.cpu.util[,user]",2.538474
2026-05-16T12:43:42+00:00,cnsm-web-04,"system.cpu.util[,user]",2.676033
2026-05-16T11:15:16+00:00,cnsm-web-04,system.cpu.util,14.395554000000004
2026-05-16T11:16:16+00:00,cnsm-web-04,system.cpu.util,14.715845000000002
2026-05-16T11:17:16+00:00,cnsm-web-04,system.cpu.util,15.938389
2026-05-16T11:18:16+00:00,cnsm-web-04,system.cpu.util,15.117057000000003
2026-05-16T11:19:16+00:00,cnsm-web-04,system.cpu.util,15.107040999999995
2026-05-16T11:20:16+00:00,cnsm-web-04,system.cpu.util,14.508097000000006
2026-05-16T11:21:16+00:00,cnsm-web-04,system.cpu.util,15.357575999999995
2026-05-16T11:22:16+00:00,cnsm-web-04,system.cpu.util,15.230041
2026-05-16T11:23:16+00:00,cnsm-web-04,system.cpu.util,15.002301000000003
2026-05-16T11:24:16+00:00,cnsm-web-04,system.cpu.util,15.284865999999994
2026-05-16T11:25:16+00:00,cnsm-web-04,system.cpu.util,15.260690999999994
2026-05-16T11:26:16+00:00,cnsm-web-04,system.cpu.util,14.404015000000001
2026-05-16T11:27:16+00:00,cnsm-web-04,system.cpu.util,15.184736000000001
2026-05-16T11:28:16+00:00,cnsm-web-04,system.cpu.util,15.767894999999996
2026-05-16T11:29:16+00:00,cnsm-web-04,system.cpu.util,14.634146000000001
2026-05-16T11:30:16+00:00,cnsm-web-04,system.cpu.util,14.975097000000005
2026-05-16T11:31:16+00:00,cnsm-web-04,system.cpu.util,16.188044000000005
2026-05-16T11:32:16+00:00,cnsm-web-04,system.cpu.util,14.943106
2026-05-16T11:33:16+00:00,cnsm-web-04,system.cpu.util,14.573578999999995
2026-05-16T11:34:16+00:00,cnsm-web-04,system.cpu.util,15.784407999999999
2026-05-16T11:35:16+00:00,cnsm-web-04,system.cpu.util,15.615188000000003
2026-05-16T11:36:16+00:00,cnsm-web-04,system.cpu.util,14.284519000000003
2026-05-16T11:37:16+00:00,cnsm-web-04,system.cpu.util,15.438010000000006
2026-05-16T11:38:16+00:00,cnsm-web-04,system.cpu.util,15.772527999999994
2026-05-16T11:39:16+00:00,cnsm-web-04,system.cpu.util,15.121339000000006
2026-05-16T11:40:16+00:00,cnsm-web-04,system.cpu.util,14.386653999999993
2026-05-16T11:41:16+00:00,cnsm-web-04,system.cpu.util,15.140742000000003
2026-05-16T11:42:16+00:00,cnsm-web-04,system.cpu.util,15.875271999999995
2026-05-16T11:43:16+00:00,cnsm-web-04,system.cpu.util,14.933053999999998
2026-05-16T11:44:16+00:00,cnsm-web-04,system.cpu.util,14.696780000000004
2026-05-16T11:45:16+00:00,cnsm-web-04,system.cpu.util,15.244872
2026-05-16T11:46:16+00:00,cnsm-web-04,system.cpu.util,15.581152000000003
2026-05-16T11:47:16+00:00,cnsm-web-04,system.cpu.util,14.533741000000006
2026-05-16T11:48:16+00:00,cnsm-web-04,system.cpu.util,15.901667000000003
2026-05-16T11:49:16+00:00,cnsm-web-04,system.cpu.util,15.232951999999997
2026-05-16T11:50:16+00:00,cnsm-web-04,system.cpu.util,14.389723000000004
2026-05-16T11:51:16+00:00,cnsm-web-04,system.cpu.util,14.907404
2026-05-16T11:52:16+00:00,cnsm-web-04,system.cpu.util,16.182625
2026-05-16T11:53:16+00:00,cnsm-web-04,system.cpu.util,14.726443000000003
2026-05-16T11:54:16+00:00,cnsm-web-04,system.cpu.util,14.917565999999994
2026-05-16T11:55:16+00:00,cnsm-web-04,system.cpu.util,16.054085999999998
2026-05-16T11:56:16+00:00,cnsm-web-04,system.cpu.util,14.882921999999994
2026-05-16T11:57:16+00:00,cnsm-web-04,system.cpu.util,14.918004999999994
2026-05-16T11:58:16+00:00,cnsm-web-04,system.cpu.util,15.618848
2026-05-16T11:59:16+00:00,cnsm-web-04,system.cpu.util,15.123339999999999
2026-05-16T12:00:16+00:00,cnsm-web-04,system.cpu.util,14.837414999999993
2026-05-16T12:01:16+00:00,cnsm-web-04,system.cpu.util,15.224580000000003
2026-05-16T12:02:16+00:00,cnsm-web-04,system.cpu.util,15.721822000000003
2026-05-16T12:03:16+00:00,cnsm-web-04,system.cpu.util,15.319844000000003
2026-05-16T12:04:16+00:00,cnsm-web-04,system.cpu.util,15.368191999999993
2026-05-16T12:05:16+00:00,cnsm-web-04,system.cpu.util,16.18705
2026-05-16T12:06:16+00:00,cnsm-web-04,system.cpu.util,15.077901999999995
2026-05-16T12:07:16+00:00,cnsm-web-04,system.cpu.util,15.202278000000007
2026-05-16T12:08:16+00:00,cnsm-web-04,system.cpu.util,16.929777
2026-05-16T12:09:16+00:00,cnsm-web-04,system.cpu.util,15.263531999999998
2026-05-16T12:10:16+00:00,cnsm-web-04,system.cpu.util,14.968806
2026-05-16T12:11:16+00:00,cnsm-web-04,system.cpu.util,15.595562000000001
2026-05-16T12:12:16+00:00,cnsm-web-04,system.cpu.util,15.824957999999995
2026-05-16T12:13:16+00:00,cnsm-web-04,system.cpu.util,15.049845000000005
2026-05-16T12:14:16+00:00,cnsm-web-04,system.cpu.util,15.974373999999997
2026-05-16T12:15:16+00:00,cnsm-web-04,system.cpu.util,16.161277999999996
2026-05-16T12:16:16+00:00,cnsm-web-04,system.cpu.util,15.100025000000002
2026-05-16T12:17:16+00:00,cnsm-web-04,system.cpu.util,15.067117999999994
2026-05-16T12:18:16+00:00,cnsm-web-04,system.cpu.util,15.478581000000005
2026-05-16T12:19:16+00:00,cnsm-web-04,system.cpu.util,16.410106
2026-05-16T12:20:16+00:00,cnsm-web-04,system.cpu.util,15.032241999999997
2026-05-16T12:21:16+00:00,cnsm-web-04,system.cpu.util,15.135655999999997
2026-05-16T12:22:16+00:00,cnsm-web-04,system.cpu.util,15.439668999999995
2026-05-16T12:23:16+00:00,cnsm-web-04,system.cpu.util,16.636679
2026-05-16T12:24:16+00:00,cnsm-web-04,system.cpu.util,15.424574000000007
2026-05-16T12:25:16+00:00,cnsm-web-04,system.cpu.util,14.984722000000005
2026-05-16T12:26:16+00:00,cnsm-web-04,system.cpu.util,16.684824000000006
2026-05-16T12:27:16+00:00,cnsm-web-04,system.cpu.util,15.181076000000004
2026-05-16T12:28:16+00:00,cnsm-web-04,system.cpu.util,15.433544999999995
2026-05-16T12:29:16+00:00,cnsm-web-04,system.cpu.util,15.952151999999998
2026-05-16T12:30:16+00:00,cnsm-web-04,system.cpu.util,16.026795000000007
2026-05-16T12:31:16+00:00,cnsm-web-04,system.cpu.util,15.106739000000005
2026-05-16T12:32:16+00:00,cnsm-web-04,system.cpu.util,15.660685
2026-05-16T12:33:16+00:00,cnsm-web-04,system.cpu.util,16.201515
2026-05-16T12:34:16+00:00,cnsm-web-04,system.cpu.util,15.402000999999998
2026-05-16T12:35:16+00:00,cnsm-web-04,system.cpu.util,14.698745000000002
2026-05-16T12:36:16+00:00,cnsm-web-04,system.cpu.util,15.085483999999994
2026-05-16T12:37:16+00:00,cnsm-web-04,system.cpu.util,16.127544999999998
2026-05-16T12:38:16+00:00,cnsm-web-04,system.cpu.util,15.253953999999993
2026-05-16T12:39:16+00:00,cnsm-web-04,system.cpu.util,14.666499000000002
2026-05-16T12:40:16+00:00,cnsm-web-04,system.cpu.util,16.292980999999997
2026-05-16T12:41:16+00:00,cnsm-web-04,system.cpu.util,15.053539
2026-05-16T12:42:16+00:00,cnsm-web-04,system.cpu.util,15.065055000000001
2026-05-16T12:43:16+00:00,cnsm-web-04,system.cpu.util,14.824415000000002
2026-05-16T12:44:16+00:00,cnsm-web-04,system.cpu.util,15.667085
2026-05-16T11:15:08+00:00,cnsm-web-04,system.cpu.intr,3567.261628916184
2026-05-16T11:16:08+00:00,cnsm-web-04,system.cpu.intr,3660.3689652563644
2026-05-16T11:17:08+00:00,cnsm-web-04,system.cpu.intr,4253.823858733368
2026-05-16T11:18:08+00:00,cnsm-web-04,system.cpu.intr,3511.567707447784
2026-05-16T11:19:08+00:00,cnsm-web-04,system.cpu.intr,3337.206092562302
2026-05-16T11:20:08+00:00,cnsm-web-04,system.cpu.intr,3714.2327759508016
2026-05-16T11:21:08+00:00,cnsm-web-04,system.cpu.intr,4021.635622984548
2026-05-16T11:22:08+00:00,cnsm-web-04,system.cpu.intr,3943.1401795458382
2026-05-16T11:23:08+00:00,cnsm-web-04,system.cpu.intr,3748.740697109643
2026-05-16T11:24:08+00:00,cnsm-web-04,system.cpu.intr,3946.9524932937666
2026-05-16T11:25:08+00:00,cnsm-web-04,system.cpu.intr,3992.738909212316
2026-05-16T11:26:08+00:00,cnsm-web-04,system.cpu.intr,3679.4454859847597
2026-05-16T11:27:08+00:00,cnsm-web-04,system.cpu.intr,3939.2733694009275
2026-05-16T11:28:08+00:00,cnsm-web-04,system.cpu.intr,4012.516673334372
2026-05-16T11:29:08+00:00,cnsm-web-04,system.cpu.intr,3731.2367886233405
2026-05-16T11:30:08+00:00,cnsm-web-04,system.cpu.intr,3746.614436284327
2026-05-16T11:31:08+00:00,cnsm-web-04,system.cpu.intr,4251.455676362638
2026-05-16T11:32:08+00:00,cnsm-web-04,system.cpu.intr,3770.8337181881984
2026-05-16T11:33:08+00:00,cnsm-web-04,system.cpu.intr,3681.5414546910642
2026-05-16T11:34:08+00:00,cnsm-web-04,system.cpu.intr,3847.460830027279
2026-05-16T11:35:08+00:00,cnsm-web-04,system.cpu.intr,3967.4397574493137
2026-05-16T11:36:08+00:00,cnsm-web-04,system.cpu.intr,3751.4038481118914
2026-05-16T11:37:08+00:00,cnsm-web-04,system.cpu.intr,3977.059200595039
2026-05-16T11:38:08+00:00,cnsm-web-04,system.cpu.intr,4067.0000894387354
2026-05-16T11:39:08+00:00,cnsm-web-04,system.cpu.intr,3331.0715046594023
2026-05-16T11:40:08+00:00,cnsm-web-04,system.cpu.intr,3880.5739694104163
2026-05-16T11:41:08+00:00,cnsm-web-04,system.cpu.intr,3886.0816906866025
2026-05-16T11:42:08+00:00,cnsm-web-04,system.cpu.intr,3882.031738797803
2026-05-16T11:43:08+00:00,cnsm-web-04,system.cpu.intr,3813.8962844317375
2026-05-16T11:44:08+00:00,cnsm-web-04,system.cpu.intr,3694.4848577843622
2026-05-16T11:45:08+00:00,cnsm-web-04,system.cpu.intr,3870.376426349683
2026-05-16T11:46:08+00:00,cnsm-web-04,system.cpu.intr,4122.8702197200255
2026-05-16T11:47:08+00:00,cnsm-web-04,system.cpu.intr,3697.2177770857566
2026-05-16T11:48:08+00:00,cnsm-web-04,system.cpu.intr,4215.335188308157
2026-05-16T11:49:08+00:00,cnsm-web-04,system.cpu.intr,3981.6999457798315
2026-05-16T11:50:08+00:00,cnsm-web-04,system.cpu.intr,3685.970577049226
2026-05-16T11:51:08+00:00,cnsm-web-04,system.cpu.intr,3840.4238715481756
2026-05-16T11:52:08+00:00,cnsm-web-04,system.cpu.intr,3847.2554912518835
2026-05-16T11:53:08+00:00,cnsm-web-04,system.cpu.intr,3814.493473847353
2026-05-16T11:54:08+00:00,cnsm-web-04,system.cpu.intr,3877.746241898169
2026-05-16T11:55:08+00:00,cnsm-web-04,system.cpu.intr,4112.007968167471
2026-05-16T11:56:08+00:00,cnsm-web-04,system.cpu.intr,3905.883900336823
2026-05-16T11:57:08+00:00,cnsm-web-04,system.cpu.intr,3660.914934138674
2026-05-16T11:58:08+00:00,cnsm-web-04,system.cpu.intr,4083.246914387687
2026-05-16T11:59:08+00:00,cnsm-web-04,system.cpu.intr,3900.5559171522004
2026-05-16T12:00:08+00:00,cnsm-web-04,system.cpu.intr,3648.804985727132
2026-05-16T12:01:08+00:00,cnsm-web-04,system.cpu.intr,4130.484435852756
2026-05-16T12:02:08+00:00,cnsm-web-04,system.cpu.intr,4046.0424009668727
2026-05-16T12:03:08+00:00,cnsm-web-04,system.cpu.intr,3945.512403606273
2026-05-16T12:04:08+00:00,cnsm-web-04,system.cpu.intr,4039.0309412454303
2026-05-16T12:05:08+00:00,cnsm-web-04,system.cpu.intr,4108.292826502511
2026-05-16T12:06:08+00:00,cnsm-web-04,system.cpu.intr,3843.0202885209815
2026-05-16T12:07:08+00:00,cnsm-web-04,system.cpu.intr,3914.71340985615
2026-05-16T12:08:08+00:00,cnsm-web-04,system.cpu.intr,4270.3461570443205
2026-05-16T12:09:08+00:00,cnsm-web-04,system.cpu.intr,3949.5093554661107
2026-05-16T12:10:08+00:00,cnsm-web-04,system.cpu.intr,3881.6668419701773
2026-05-16T12:11:08+00:00,cnsm-web-04,system.cpu.intr,3905.8645757612303
2026-05-16T12:12:08+00:00,cnsm-web-04,system.cpu.intr,4164.625684773628
2026-05-16T12:13:08+00:00,cnsm-web-04,system.cpu.intr,3850.2377470533747
2026-05-16T12:14:08+00:00,cnsm-web-04,system.cpu.intr,4138.811909463287
2026-05-16T12:15:08+00:00,cnsm-web-04,system.cpu.intr,3992.5383853731255
2026-05-16T12:16:08+00:00,cnsm-web-04,system.cpu.intr,3804.320417531737
2026-05-16T12:17:08+00:00,cnsm-web-04,system.cpu.intr,3739.5345479341545
2026-05-16T12:18:08+00:00,cnsm-web-04,system.cpu.intr,3809.730312251667
2026-05-16T12:19:08+00:00,cnsm-web-04,system.cpu.intr,3858.5327964657795
2026-05-16T12:20:08+00:00,cnsm-web-04,system.cpu.intr,4022.6150129345046
2026-05-16T12:21:08+00:00,cnsm-web-04,system.cpu.intr,3666.7486967554446
2026-05-16T12:22:08+00:00,cnsm-web-04,system.cpu.intr,3815.365012093093
2026-05-16T12:23:08+00:00,cnsm-web-04,system.cpu.intr,4150.214983270299
2026-05-16T12:24:08+00:00,cnsm-web-04,system.cpu.intr,3961.691822722206
2026-05-16T12:25:08+00:00,cnsm-web-04,system.cpu.intr,3920.2179172070482
2026-05-16T12:26:08+00:00,cnsm-web-04,system.cpu.intr,4251.474285487475
2026-05-16T12:27:08+00:00,cnsm-web-04,system.cpu.intr,3843.7532273828497
2026-05-16T12:28:08+00:00,cnsm-web-04,system.cpu.intr,3774.5704063341686
2026-05-16T12:29:08+00:00,cnsm-web-04,system.cpu.intr,3864.597288802941
2026-05-16T12:30:08+00:00,cnsm-web-04,system.cpu.intr,4243.620860752998
2026-05-16T12:31:08+00:00,cnsm-web-04,system.cpu.intr,3806.8002296011887
2026-05-16T12:32:08+00:00,cnsm-web-04,system.cpu.intr,3933.584088647038
2026-05-16T12:33:08+00:00,cnsm-web-04,system.cpu.intr,4105.647024641897
2026-05-16T12:34:08+00:00,cnsm-web-04,system.cpu.intr,3650.946327269693
2026-05-16T12:35:08+00:00,cnsm-web-04,system.cpu.intr,3664.0984264265035
2026-05-16T12:36:08+00:00,cnsm-web-04,system.cpu.intr,4077.124994457534
2026-05-16T12:37:08+00:00,cnsm-web-04,system.cpu.intr,4348.368595161956
2026-05-16T12:38:08+00:00,cnsm-web-04,system.cpu.intr,3576.7182971257635
2026-05-16T12:39:08+00:00,cnsm-web-04,system.cpu.intr,3759.192366871288
2026-05-16T12:40:08+00:00,cnsm-web-04,system.cpu.intr,4075.4109767083582
2026-05-16T12:41:08+00:00,cnsm-web-04,system.cpu.intr,3776.826130144122
2026-05-16T12:42:08+00:00,cnsm-web-04,system.cpu.intr,3644.0704897580804
2026-05-16T12:43:08+00:00,cnsm-web-04,system.cpu.intr,3690.268045538462
2026-05-16T12:44:08+00:00,cnsm-web-04,system.cpu.intr,3655.0412233489874
2026-05-16T11:15:11+00:00,cnsm-web-04,"system.cpu.load[all,avg15]",0.789062
2026-05-16T11:16:11+00:00,cnsm-web-04,"system.cpu.load[all,avg15]",0.781738
2026-05-16T11:17:11+00:00,cnsm-web-04,"system.cpu.load[all,avg15]",0.773926
2026-05-16T11:18:11+00:00,cnsm-web-04,"system.cpu.load[all,avg15]",0.777344
2026-05-16T11:19:11+00:00,cnsm-web-04,"system.cpu.load[all,avg15]",0.775391
2026-05-16T11:20:11+00:00,cnsm-web-04,"system.cpu.load[all,avg15]",0.757324
2026-05-16T11:21:11+00:00,cnsm-web-04,"system.cpu.load[all,avg15]",0.755371
2026-05-16T11:22:11+00:00,cnsm-web-04,"system.cpu.load[all,avg15]",0.75293
2026-05-16T11:23:11+00:00,cnsm-web-04,"system.cpu.load[all,avg15]",0.756348
2026-05-16T11:24:11+00:00,cnsm-web-04,"system.cpu.load[all,avg15]",0.738281
2026-05-16T11:25:11+00:00,cnsm-web-04,"system.cpu.load[all,avg15]",0.720703
2026-05-16T11:26:11+00:00,cnsm-web-04,"system.cpu.load[all,avg15]",0.708496
2026-05-16T11:27:11+00:00,cnsm-web-04,"system.cpu.load[all,avg15]",0.696289
2026-05-16T11:28:11+00:00,cnsm-web-04,"system.cpu.load[all,avg15]",0.699707
2026-05-16T11:29:11+00:00,cnsm-web-04,"system.cpu.load[all,avg15]",0.708984
2026-05-16T11:30:11+00:00,cnsm-web-04,"system.cpu.load[all,avg15]",0.691406
2026-05-16T11:31:11+00:00,cnsm-web-04,"system.cpu.load[all,avg15]",0.684082
2026-05-16T11:32:11+00:00,cnsm-web-04,"system.cpu.load[all,avg15]",0.693359
2026-05-16T11:33:11+00:00,cnsm-web-04,"system.cpu.load[all,avg15]",0.697266
2026-05-16T11:34:11+00:00,cnsm-web-04,"system.cpu.load[all,avg15]",0.701172
2026-05-16T11:35:11+00:00,cnsm-web-04,"system.cpu.load[all,avg15]",0.70459
2026-05-16T11:36:11+00:00,cnsm-web-04,"system.cpu.load[all,avg15]",0.697754
2026-05-16T11:37:11+00:00,cnsm-web-04,"system.cpu.load[all,avg15]",0.690918
2026-05-16T11:38:11+00:00,cnsm-web-04,"system.cpu.load[all,avg15]",0.672852
2026-05-16T11:39:11+00:00,cnsm-web-04,"system.cpu.load[all,avg15]",0.671387
2026-05-16T11:40:11+00:00,cnsm-web-04,"system.cpu.load[all,avg15]",0.675293
2026-05-16T11:41:11+00:00,cnsm-web-04,"system.cpu.load[all,avg15]",0.668457
2026-05-16T11:42:11+00:00,cnsm-web-04,"system.cpu.load[all,avg15]",0.666992
2026-05-16T11:43:11+00:00,cnsm-web-04,"system.cpu.load[all,avg15]",0.654297
2026-05-16T11:44:11+00:00,cnsm-web-04,"system.cpu.load[all,avg15]",0.636719
2026-05-16T11:45:11+00:00,cnsm-web-04,"system.cpu.load[all,avg15]",0.639648
2026-05-16T11:46:11+00:00,cnsm-web-04,"system.cpu.load[all,avg15]",0.634766
2026-05-16T11:47:11+00:00,cnsm-web-04,"system.cpu.load[all,avg15]",0.655762
2026-05-16T11:48:11+00:00,cnsm-web-04,"system.cpu.load[all,avg15]",0.648926
2026-05-16T11:49:11+00:00,cnsm-web-04,"system.cpu.load[all,avg15]",0.636719
2026-05-16T11:50:11+00:00,cnsm-web-04,"system.cpu.load[all,avg15]",0.632812
2026-05-16T11:51:11+00:00,cnsm-web-04,"system.cpu.load[all,avg15]",0.626465
2026-05-16T11:52:11+00:00,cnsm-web-04,"system.cpu.load[all,avg15]",0.608887
2026-05-16T11:53:11+00:00,cnsm-web-04,"system.cpu.load[all,avg15]",0.60791
2026-05-16T11:54:11+00:00,cnsm-web-04,"system.cpu.load[all,avg15]",0.606934
2026-05-16T11:55:11+00:00,cnsm-web-04,"system.cpu.load[all,avg15]",0.605469
2026-05-16T11:56:11+00:00,cnsm-web-04,"system.cpu.load[all,avg15]",0.620605
2026-05-16T11:57:11+00:00,cnsm-web-04,"system.cpu.load[all,avg15]",0.630371
2026-05-16T11:58:11+00:00,cnsm-web-04,"system.cpu.load[all,avg15]",0.634766
2026-05-16T11:59:11+00:00,cnsm-web-04,"system.cpu.load[all,avg15]",0.635742
2026-05-16T12:00:11+00:00,cnsm-web-04,"system.cpu.load[all,avg15]",0.638672
2026-05-16T12:01:11+00:00,cnsm-web-04,"system.cpu.load[all,avg15]",0.630371
2026-05-16T12:02:11+00:00,cnsm-web-04,"system.cpu.load[all,avg15]",0.618164
2026-05-16T12:03:11+00:00,cnsm-web-04,"system.cpu.load[all,avg15]",0.627441
2026-05-16T12:04:11+00:00,cnsm-web-04,"system.cpu.load[all,avg15]",0.631348
2026-05-16T12:05:11+00:00,cnsm-web-04,"system.cpu.load[all,avg15]",0.619141
2026-05-16T12:06:11+00:00,cnsm-web-04,"system.cpu.load[all,avg15]",0.628906
2026-05-16T12:07:11+00:00,cnsm-web-04,"system.cpu.load[all,avg15]",0.62793
2026-05-16T12:08:11+00:00,cnsm-web-04,"system.cpu.load[all,avg15]",0.621094
2026-05-16T12:09:11+00:00,cnsm-web-04,"system.cpu.load[all,avg15]",0.625488
2026-05-16T12:10:11+00:00,cnsm-web-04,"system.cpu.load[all,avg15]",0.634277
2026-05-16T12:11:11+00:00,cnsm-web-04,"system.cpu.load[all,avg15]",0.646484
2026-05-16T12:12:11+00:00,cnsm-web-04,"system.cpu.load[all,avg15]",0.634766
2026-05-16T12:13:11+00:00,cnsm-web-04,"system.cpu.load[all,avg15]",0.640137
2026-05-16T12:14:11+00:00,cnsm-web-04,"system.cpu.load[all,avg15]",0.65625
2026-05-16T12:15:11+00:00,cnsm-web-04,"system.cpu.load[all,avg15]",0.659668
2026-05-16T12:16:11+00:00,cnsm-web-04,"system.cpu.load[all,avg15]",0.652832
2026-05-16T12:17:11+00:00,cnsm-web-04,"system.cpu.load[all,avg15]",0.645996
2026-05-16T12:18:11+00:00,cnsm-web-04,"system.cpu.load[all,avg15]",0.682617
2026-05-16T12:19:11+00:00,cnsm-web-04,"system.cpu.load[all,avg15]",0.680664
2026-05-16T12:20:11+00:00,cnsm-web-04,"system.cpu.load[all,avg15]",0.679199
2026-05-16T12:21:11+00:00,cnsm-web-04,"system.cpu.load[all,avg15]",0.683105
2026-05-16T12:22:11+00:00,cnsm-web-04,"system.cpu.load[all,avg15]",0.670898
2026-05-16T12:23:11+00:00,cnsm-web-04,"system.cpu.load[all,avg15]",0.674316
2026-05-16T12:24:11+00:00,cnsm-web-04,"system.cpu.load[all,avg15]",0.678711
2026-05-16T12:25:11+00:00,cnsm-web-04,"system.cpu.load[all,avg15]",0.677246
2026-05-16T12:26:11+00:00,cnsm-web-04,"system.cpu.load[all,avg15]",0.675293
2026-05-16T12:27:11+00:00,cnsm-web-04,"system.cpu.load[all,avg15]",0.695312
2026-05-16T12:28:11+00:00,cnsm-web-04,"system.cpu.load[all,avg15]",0.709961
2026-05-16T12:29:11+00:00,cnsm-web-04,"system.cpu.load[all,avg15]",0.713867
2026-05-16T12:30:11+00:00,cnsm-web-04,"system.cpu.load[all,avg15]",0.748535
2026-05-16T12:31:11+00:00,cnsm-web-04,"system.cpu.load[all,avg15]",0.741211
2026-05-16T12:32:11+00:00,cnsm-web-04,"system.cpu.load[all,avg15]",0.725098
2026-05-16T12:33:11+00:00,cnsm-web-04,"system.cpu.load[all,avg15]",0.744629
2026-05-16T12:34:11+00:00,cnsm-web-04,"system.cpu.load[all,avg15]",0.742676
2026-05-16T12:35:11+00:00,cnsm-web-04,"system.cpu.load[all,avg15]",0.740723
2026-05-16T12:36:11+00:00,cnsm-web-04,"system.cpu.load[all,avg15]",0.734375
2026-05-16T12:37:11+00:00,cnsm-web-04,"system.cpu.load[all,avg15]",0.729492
2026-05-16T12:38:11+00:00,cnsm-web-04,"system.cpu.load[all,avg15]",0.728516
2026-05-16T12:39:11+00:00,cnsm-web-04,"system.cpu.load[all,avg15]",0.73877
2026-05-16T12:40:11+00:00,cnsm-web-04,"system.cpu.load[all,avg15]",0.741699
2026-05-16T12:41:11+00:00,cnsm-web-04,"system.cpu.load[all,avg15]",0.734375
2026-05-16T12:42:11+00:00,cnsm-web-04,"system.cpu.load[all,avg15]",0.73291
2026-05-16T12:43:11+00:00,cnsm-web-04,"system.cpu.load[all,avg15]",0.723633
2026-05-16T12:44:11+00:00,cnsm-web-04,"system.cpu.load[all,avg15]",0.716797
2026-05-16T11:15:01+00:00,cnsm-web-04,"system.cpu.load[all,avg1]",0.475586
2026-05-16T11:16:01+00:00,cnsm-web-04,"system.cpu.load[all,avg1]",0.518555
2026-05-16T11:17:01+00:00,cnsm-web-04,"system.cpu.load[all,avg1]",0.741211
2026-05-16T11:18:01+00:00,cnsm-web-04,"system.cpu.load[all,avg1]",0.680176
2026-05-16T11:19:01+00:00,cnsm-web-04,"system.cpu.load[all,avg1]",0.851562
2026-05-16T11:20:01+00:00,cnsm-web-04,"system.cpu.load[all,avg1]",0.603027
2026-05-16T11:21:01+00:00,cnsm-web-04,"system.cpu.load[all,avg1]",0.787598
2026-05-16T11:22:01+00:00,cnsm-web-04,"system.cpu.load[all,avg1]",0.905273
2026-05-16T11:23:01+00:00,cnsm-web-04,"system.cpu.load[all,avg1]",0.672852
2026-05-16T11:24:01+00:00,cnsm-web-04,"system.cpu.load[all,avg1]",0.637207
2026-05-16T11:25:01+00:00,cnsm-web-04,"system.cpu.load[all,avg1]",0.625977
2026-05-16T11:26:01+00:00,cnsm-web-04,"system.cpu.load[all,avg1]",0.520508
2026-05-16T11:27:01+00:00,cnsm-web-04,"system.cpu.load[all,avg1]",0.49707
2026-05-16T11:28:01+00:00,cnsm-web-04,"system.cpu.load[all,avg1]",0.760742
2026-05-16T11:29:01+00:00,cnsm-web-04,"system.cpu.load[all,avg1]",0.658203
2026-05-16T11:30:01+00:00,cnsm-web-04,"system.cpu.load[all,avg1]",0.53125
2026-05-16T11:31:01+00:00,cnsm-web-04,"system.cpu.load[all,avg1]",0.672852
2026-05-16T11:32:01+00:00,cnsm-web-04,"system.cpu.load[all,avg1]",0.701172
2026-05-16T11:33:01+00:00,cnsm-web-04,"system.cpu.load[all,avg1]",0.675293
2026-05-16T11:34:01+00:00,cnsm-web-04,"system.cpu.load[all,avg1]",0.708496
2026-05-16T11:35:01+00:00,cnsm-web-04,"system.cpu.load[all,avg1]",0.885254
2026-05-16T11:36:01+00:00,cnsm-web-04,"system.cpu.load[all,avg1]",0.639648
2026-05-16T11:37:01+00:00,cnsm-web-04,"system.cpu.load[all,avg1]",0.641602
2026-05-16T11:38:01+00:00,cnsm-web-04,"system.cpu.load[all,avg1]",0.564941
2026-05-16T11:39:01+00:00,cnsm-web-04,"system.cpu.load[all,avg1]",0.61084
2026-05-16T11:40:01+00:00,cnsm-web-04,"system.cpu.load[all,avg1]",0.633789
2026-05-16T11:41:01+00:00,cnsm-web-04,"system.cpu.load[all,avg1]",0.538086
2026-05-16T11:42:01+00:00,cnsm-web-04,"system.cpu.load[all,avg1]",0.693848
2026-05-16T11:43:01+00:00,cnsm-web-04,"system.cpu.load[all,avg1]",0.573242
2026-05-16T11:44:01+00:00,cnsm-web-04,"system.cpu.load[all,avg1]",0.459961
2026-05-16T11:45:01+00:00,cnsm-web-04,"system.cpu.load[all,avg1]",0.543945
2026-05-16T11:46:01+00:00,cnsm-web-04,"system.cpu.load[all,avg1]",0.691895
2026-05-16T11:47:01+00:00,cnsm-web-04,"system.cpu.load[all,avg1]",0.835449
2026-05-16T11:48:01+00:00,cnsm-web-04,"system.cpu.load[all,avg1]",0.688477
2026-05-16T11:49:01+00:00,cnsm-web-04,"system.cpu.load[all,avg1]",0.49707
2026-05-16T11:50:01+00:00,cnsm-web-04,"system.cpu.load[all,avg1]",0.585938
2026-05-16T11:51:01+00:00,cnsm-web-04,"system.cpu.load[all,avg1]",0.483398
2026-05-16T11:52:01+00:00,cnsm-web-04,"system.cpu.load[all,avg1]",0.487793
2026-05-16T11:53:01+00:00,cnsm-web-04,"system.cpu.load[all,avg1]",0.510742
2026-05-16T11:54:01+00:00,cnsm-web-04,"system.cpu.load[all,avg1]",0.519043
2026-05-16T11:55:01+00:00,cnsm-web-04,"system.cpu.load[all,avg1]",0.679199
2026-05-16T11:56:01+00:00,cnsm-web-04,"system.cpu.load[all,avg1]",0.640137
2026-05-16T11:57:01+00:00,cnsm-web-04,"system.cpu.load[all,avg1]",0.714355
2026-05-16T11:58:01+00:00,cnsm-web-04,"system.cpu.load[all,avg1]",0.647461
2026-05-16T11:59:01+00:00,cnsm-web-04,"system.cpu.load[all,avg1]",0.703125
2026-05-16T12:00:01+00:00,cnsm-web-04,"system.cpu.load[all,avg1]",0.564453
2026-05-16T12:01:01+00:00,cnsm-web-04,"system.cpu.load[all,avg1]",0.583496
2026-05-16T12:02:01+00:00,cnsm-web-04,"system.cpu.load[all,avg1]",0.546387
2026-05-16T12:03:01+00:00,cnsm-web-04,"system.cpu.load[all,avg1]",0.628906
2026-05-16T12:04:01+00:00,cnsm-web-04,"system.cpu.load[all,avg1]",0.644531
2026-05-16T12:05:01+00:00,cnsm-web-04,"system.cpu.load[all,avg1]",0.597168
2026-05-16T12:06:01+00:00,cnsm-web-04,"system.cpu.load[all,avg1]",0.579102
2026-05-16T12:07:01+00:00,cnsm-web-04,"system.cpu.load[all,avg1]",0.669922
2026-05-16T12:08:01+00:00,cnsm-web-04,"system.cpu.load[all,avg1]",0.619629
2026-05-16T12:09:01+00:00,cnsm-web-04,"system.cpu.load[all,avg1]",0.540039
2026-05-16T12:10:01+00:00,cnsm-web-04,"system.cpu.load[all,avg1]",0.723633
2026-05-16T12:11:01+00:00,cnsm-web-04,"system.cpu.load[all,avg1]",0.77002
2026-05-16T12:12:01+00:00,cnsm-web-04,"system.cpu.load[all,avg1]",0.633789
2026-05-16T12:13:01+00:00,cnsm-web-04,"system.cpu.load[all,avg1]",0.625488
2026-05-16T12:14:01+00:00,cnsm-web-04,"system.cpu.load[all,avg1]",0.839844
2026-05-16T12:15:01+00:00,cnsm-web-04,"system.cpu.load[all,avg1]",0.897949
2026-05-16T12:16:01+00:00,cnsm-web-04,"system.cpu.load[all,avg1]",0.649414
2026-05-16T12:17:01+00:00,cnsm-web-04,"system.cpu.load[all,avg1]",0.631836
2026-05-16T12:18:01+00:00,cnsm-web-04,"system.cpu.load[all,avg1]",1.026367
2026-05-16T12:19:01+00:00,cnsm-web-04,"system.cpu.load[all,avg1]",0.92627
2026-05-16T12:20:01+00:00,cnsm-web-04,"system.cpu.load[all,avg1]",0.716797
2026-05-16T12:21:01+00:00,cnsm-web-04,"system.cpu.load[all,avg1]",0.672363
2026-05-16T12:22:01+00:00,cnsm-web-04,"system.cpu.load[all,avg1]",0.536133
2026-05-16T12:23:01+00:00,cnsm-web-04,"system.cpu.load[all,avg1]",0.791016
2026-05-16T12:24:01+00:00,cnsm-web-04,"system.cpu.load[all,avg1]",0.647949
2026-05-16T12:25:01+00:00,cnsm-web-04,"system.cpu.load[all,avg1]",0.575684
2026-05-16T12:26:01+00:00,cnsm-web-04,"system.cpu.load[all,avg1]",0.80957
2026-05-16T12:27:01+00:00,cnsm-web-04,"system.cpu.load[all,avg1]",0.859863
2026-05-16T12:28:01+00:00,cnsm-web-04,"system.cpu.load[all,avg1]",0.844727
2026-05-16T12:29:01+00:00,cnsm-web-04,"system.cpu.load[all,avg1]",0.935547
2026-05-16T12:30:01+00:00,cnsm-web-04,"system.cpu.load[all,avg1]",1.120605
2026-05-16T12:31:01+00:00,cnsm-web-04,"system.cpu.load[all,avg1]",0.86084
2026-05-16T12:32:01+00:00,cnsm-web-04,"system.cpu.load[all,avg1]",0.664062
2026-05-16T12:33:01+00:00,cnsm-web-04,"system.cpu.load[all,avg1]",1.03418
2026-05-16T12:34:01+00:00,cnsm-web-04,"system.cpu.load[all,avg1]",0.708008
2026-05-16T12:35:01+00:00,cnsm-web-04,"system.cpu.load[all,avg1]",0.708008
2026-05-16T12:36:01+00:00,cnsm-web-04,"system.cpu.load[all,avg1]",0.684082
2026-05-16T12:37:01+00:00,cnsm-web-04,"system.cpu.load[all,avg1]",0.605469
2026-05-16T12:38:01+00:00,cnsm-web-04,"system.cpu.load[all,avg1]",0.692383
2026-05-16T12:39:01+00:00,cnsm-web-04,"system.cpu.load[all,avg1]",0.719238
2026-05-16T12:40:01+00:00,cnsm-web-04,"system.cpu.load[all,avg1]",0.991699
2026-05-16T12:41:01+00:00,cnsm-web-04,"system.cpu.load[all,avg1]",0.66748
2026-05-16T12:42:01+00:00,cnsm-web-04,"system.cpu.load[all,avg1]",0.688965
2026-05-16T12:43:01+00:00,cnsm-web-04,"system.cpu.load[all,avg1]",0.676758
2026-05-16T12:44:01+00:00,cnsm-web-04,"system.cpu.load[all,avg1]",0.603027
2026-05-16T11:15:09+00:00,cnsm-web-04,"system.cpu.load[all,avg5]",0.743652
2026-05-16T11:16:09+00:00,cnsm-web-04,"system.cpu.load[all,avg5]",0.729004
2026-05-16T11:17:09+00:00,cnsm-web-04,"system.cpu.load[all,avg5]",0.71582
2026-05-16T11:18:09+00:00,cnsm-web-04,"system.cpu.load[all,avg5]",0.734375
2026-05-16T11:19:09+00:00,cnsm-web-04,"system.cpu.load[all,avg5]",0.73584
2026-05-16T11:20:09+00:00,cnsm-web-04,"system.cpu.load[all,avg5]",0.692383
2026-05-16T11:21:09+00:00,cnsm-web-04,"system.cpu.load[all,avg5]",0.705566
2026-05-16T11:22:09+00:00,cnsm-web-04,"system.cpu.load[all,avg5]",0.714844
2026-05-16T11:23:09+00:00,cnsm-web-04,"system.cpu.load[all,avg5]",0.733887
2026-05-16T11:24:09+00:00,cnsm-web-04,"system.cpu.load[all,avg5]",0.691895
2026-05-16T11:25:09+00:00,cnsm-web-04,"system.cpu.load[all,avg5]",0.655273
2026-05-16T11:26:09+00:00,cnsm-web-04,"system.cpu.load[all,avg5]",0.626953
2026-05-16T11:27:09+00:00,cnsm-web-04,"system.cpu.load[all,avg5]",0.603516
2026-05-16T11:28:09+00:00,cnsm-web-04,"system.cpu.load[all,avg5]",0.628906
2026-05-16T11:29:09+00:00,cnsm-web-04,"system.cpu.load[all,avg5]",0.661621
2026-05-16T11:30:09+00:00,cnsm-web-04,"system.cpu.load[all,avg5]",0.616699
2026-05-16T11:31:09+00:00,cnsm-web-04,"system.cpu.load[all,avg5]",0.609863
2026-05-16T11:32:09+00:00,cnsm-web-04,"system.cpu.load[all,avg5]",0.645996
2026-05-16T11:33:09+00:00,cnsm-web-04,"system.cpu.load[all,avg5]",0.665527
2026-05-16T11:34:09+00:00,cnsm-web-04,"system.cpu.load[all,avg5]",0.681641
2026-05-16T11:35:09+00:00,cnsm-web-04,"system.cpu.load[all,avg5]",0.692871
2026-05-16T11:36:09+00:00,cnsm-web-04,"system.cpu.load[all,avg5]",0.67041
2026-05-16T11:37:09+00:00,cnsm-web-04,"system.cpu.load[all,avg5]",0.655273
2026-05-16T11:38:09+00:00,cnsm-web-04,"system.cpu.load[all,avg5]",0.609863
2026-05-16T11:39:09+00:00,cnsm-web-04,"system.cpu.load[all,avg5]",0.614746
2026-05-16T11:40:09+00:00,cnsm-web-04,"system.cpu.load[all,avg5]",0.63623
2026-05-16T11:41:09+00:00,cnsm-web-04,"system.cpu.load[all,avg5]",0.626953
2026-05-16T11:42:09+00:00,cnsm-web-04,"system.cpu.load[all,avg5]",0.635254
2026-05-16T11:43:09+00:00,cnsm-web-04,"system.cpu.load[all,avg5]",0.609863
2026-05-16T11:44:09+00:00,cnsm-web-04,"system.cpu.load[all,avg5]",0.574219
2026-05-16T11:45:09+00:00,cnsm-web-04,"system.cpu.load[all,avg5]",0.591797
2026-05-16T11:46:09+00:00,cnsm-web-04,"system.cpu.load[all,avg5]",0.588867
2026-05-16T11:47:09+00:00,cnsm-web-04,"system.cpu.load[all,avg5]",0.663574
2026-05-16T11:48:09+00:00,cnsm-web-04,"system.cpu.load[all,avg5]",0.647461
2026-05-16T11:49:09+00:00,cnsm-web-04,"system.cpu.load[all,avg5]",0.619629
2026-05-16T11:50:09+00:00,cnsm-web-04,"system.cpu.load[all,avg5]",0.611816
2026-05-16T11:51:09+00:00,cnsm-web-04,"system.cpu.load[all,avg5]",0.59375
2026-05-16T11:52:09+00:00,cnsm-web-04,"system.cpu.load[all,avg5]",0.54541
2026-05-16T11:53:09+00:00,cnsm-web-04,"system.cpu.load[all,avg5]",0.55127
2026-05-16T11:54:09+00:00,cnsm-web-04,"system.cpu.load[all,avg5]",0.559082
2026-05-16T11:55:09+00:00,cnsm-web-04,"system.cpu.load[all,avg5]",0.562012
2026-05-16T11:56:09+00:00,cnsm-web-04,"system.cpu.load[all,avg5]",0.60791
2026-05-16T11:57:09+00:00,cnsm-web-04,"system.cpu.load[all,avg5]",0.630371
2026-05-16T11:58:09+00:00,cnsm-web-04,"system.cpu.load[all,avg5]",0.638184
2026-05-16T11:59:09+00:00,cnsm-web-04,"system.cpu.load[all,avg5]",0.64209
2026-05-16T12:00:09+00:00,cnsm-web-04,"system.cpu.load[all,avg5]",0.647461
2026-05-16T12:01:09+00:00,cnsm-web-04,"system.cpu.load[all,avg5]",0.620117
2026-05-16T12:02:09+00:00,cnsm-web-04,"system.cpu.load[all,avg5]",0.581055
2026-05-16T12:03:09+00:00,cnsm-web-04,"system.cpu.load[all,avg5]",0.609375
2026-05-16T12:04:09+00:00,cnsm-web-04,"system.cpu.load[all,avg5]",0.619141
2026-05-16T12:05:09+00:00,cnsm-web-04,"system.cpu.load[all,avg5]",0.581543
2026-05-16T12:06:09+00:00,cnsm-web-04,"system.cpu.load[all,avg5]",0.614746
2026-05-16T12:07:09+00:00,cnsm-web-04,"system.cpu.load[all,avg5]",0.610352
2026-05-16T12:08:09+00:00,cnsm-web-04,"system.cpu.load[all,avg5]",0.587891
2026-05-16T12:09:09+00:00,cnsm-web-04,"system.cpu.load[all,avg5]",0.601562
2026-05-16T12:10:09+00:00,cnsm-web-04,"system.cpu.load[all,avg5]",0.62793
2026-05-16T12:11:09+00:00,cnsm-web-04,"system.cpu.load[all,avg5]",0.666992
2026-05-16T12:12:09+00:00,cnsm-web-04,"system.cpu.load[all,avg5]",0.63623
2026-05-16T12:13:09+00:00,cnsm-web-04,"system.cpu.load[all,avg5]",0.654785
2026-05-16T12:14:09+00:00,cnsm-web-04,"system.cpu.load[all,avg5]",0.70459
2026-05-16T12:15:09+00:00,cnsm-web-04,"system.cpu.load[all,avg5]",0.710449
2026-05-16T12:16:09+00:00,cnsm-web-04,"system.cpu.load[all,avg5]",0.685547
2026-05-16T12:17:09+00:00,cnsm-web-04,"system.cpu.load[all,avg5]",0.667969
2026-05-16T12:18:09+00:00,cnsm-web-04,"system.cpu.load[all,avg5]",0.778809
2026-05-16T12:19:09+00:00,cnsm-web-04,"system.cpu.load[all,avg5]",0.754883
2026-05-16T12:20:09+00:00,cnsm-web-04,"system.cpu.load[all,avg5]",0.736816
2026-05-16T12:21:09+00:00,cnsm-web-04,"system.cpu.load[all,avg5]",0.738281
2026-05-16T12:22:09+00:00,cnsm-web-04,"system.cpu.load[all,avg5]",0.696777
2026-05-16T12:23:09+00:00,cnsm-web-04,"system.cpu.load[all,avg5]",0.704102
2026-05-16T12:24:09+00:00,cnsm-web-04,"system.cpu.load[all,avg5]",0.711426
2026-05-16T12:25:09+00:00,cnsm-web-04,"system.cpu.load[all,avg5]",0.705566
2026-05-16T12:26:09+00:00,cnsm-web-04,"system.cpu.load[all,avg5]",0.698242
2026-05-16T12:27:09+00:00,cnsm-web-04,"system.cpu.load[all,avg5]",0.751953
2026-05-16T12:28:09+00:00,cnsm-web-04,"system.cpu.load[all,avg5]",0.784668
2026-05-16T12:29:09+00:00,cnsm-web-04,"system.cpu.load[all,avg5]",0.776855
2026-05-16T12:30:09+00:00,cnsm-web-04,"system.cpu.load[all,avg5]",0.880859
2026-05-16T12:31:09+00:00,cnsm-web-04,"system.cpu.load[all,avg5]",0.841797
2026-05-16T12:32:09+00:00,cnsm-web-04,"system.cpu.load[all,avg5]",0.765625
2026-05-16T12:33:09+00:00,cnsm-web-04,"system.cpu.load[all,avg5]",0.830078
2026-05-16T12:34:09+00:00,cnsm-web-04,"system.cpu.load[all,avg5]",0.817383
2026-05-16T12:35:09+00:00,cnsm-web-04,"system.cpu.load[all,avg5]",0.804688
2026-05-16T12:36:09+00:00,cnsm-web-04,"system.cpu.load[all,avg5]",0.749512
2026-05-16T12:37:09+00:00,cnsm-web-04,"system.cpu.load[all,avg5]",0.766113
2026-05-16T12:38:09+00:00,cnsm-web-04,"system.cpu.load[all,avg5]",0.76416
2026-05-16T12:39:09+00:00,cnsm-web-04,"system.cpu.load[all,avg5]",0.743652
2026-05-16T12:40:09+00:00,cnsm-web-04,"system.cpu.load[all,avg5]",0.804199
2026-05-16T12:41:09+00:00,cnsm-web-04,"system.cpu.load[all,avg5]",0.779297
2026-05-16T12:42:09+00:00,cnsm-web-04,"system.cpu.load[all,avg5]",0.775391
2026-05-16T12:43:09+00:00,cnsm-web-04,"system.cpu.load[all,avg5]",0.725098
2026-05-16T12:44:09+00:00,cnsm-web-04,"system.cpu.load[all,avg5]",0.685059
2026-05-16T11:15:56+00:00,cnsm-web-04,vm.memory.utilization,6.3316659999999985
2026-05-16T11:16:56+00:00,cnsm-web-04,vm.memory.utilization,6.439460999999994
2026-05-16T11:17:56+00:00,cnsm-web-04,vm.memory.utilization,6.430642000000006
2026-05-16T11:18:56+00:00,cnsm-web-04,vm.memory.utilization,6.417489000000003
2026-05-16T11:19:56+00:00,cnsm-web-04,vm.memory.utilization,6.372335000000007
2026-05-16T11:20:56+00:00,cnsm-web-04,vm.memory.utilization,6.513895000000005
2026-05-16T11:21:56+00:00,cnsm-web-04,vm.memory.utilization,6.460072999999994
2026-05-16T11:22:56+00:00,cnsm-web-04,vm.memory.utilization,6.380296999999999
2026-05-16T11:23:56+00:00,cnsm-web-04,vm.memory.utilization,6.360240000000005
2026-05-16T11:24:56+00:00,cnsm-web-04,vm.memory.utilization,6.657723000000004
2026-05-16T11:25:56+00:00,cnsm-web-04,vm.memory.utilization,6.353386
2026-05-16T11:26:56+00:00,cnsm-web-04,vm.memory.utilization,6.333177000000006
2026-05-16T11:27:56+00:00,cnsm-web-04,vm.memory.utilization,6.395516000000001
2026-05-16T11:28:56+00:00,cnsm-web-04,vm.memory.utilization,6.339123999999998
2026-05-16T11:29:56+00:00,cnsm-web-04,vm.memory.utilization,6.389217000000002
2026-05-16T11:30:56+00:00,cnsm-web-04,vm.memory.utilization,6.430541000000005
2026-05-16T11:31:56+00:00,cnsm-web-04,vm.memory.utilization,6.383219999999994
2026-05-16T11:32:56+00:00,cnsm-web-04,vm.memory.utilization,6.438654999999997
2026-05-16T11:33:56+00:00,cnsm-web-04,vm.memory.utilization,6.441124000000002
2026-05-16T11:34:56+00:00,cnsm-web-04,vm.memory.utilization,6.443794999999994
2026-05-16T11:35:56+00:00,cnsm-web-04,vm.memory.utilization,6.491821999999999
2026-05-16T11:36:56+00:00,cnsm-web-04,vm.memory.utilization,6.542619999999999
2026-05-16T11:37:56+00:00,cnsm-web-04,vm.memory.utilization,6.542418999999995
2026-05-16T11:38:56+00:00,cnsm-web-04,vm.memory.utilization,6.739615999999998
2026-05-16T11:39:56+00:00,cnsm-web-04,vm.memory.utilization,6.520295000000004
2026-05-16T11:40:56+00:00,cnsm-web-04,vm.memory.utilization,6.408821000000003
2026-05-16T11:41:56+00:00,cnsm-web-04,vm.memory.utilization,6.407712000000004
2026-05-16T11:42:56+00:00,cnsm-web-04,vm.memory.utilization,6.547408000000004
2026-05-16T11:43:56+00:00,cnsm-web-04,vm.memory.utilization,6.497668000000004
2026-05-16T11:44:56+00:00,cnsm-web-04,vm.memory.utilization,6.605665000000002
2026-05-16T11:45:56+00:00,cnsm-web-04,vm.memory.utilization,6.5884300000000025
2026-05-16T11:46:56+00:00,cnsm-web-04,vm.memory.utilization,6.499330999999998
2026-05-16T11:47:56+00:00,cnsm-web-04,vm.memory.utilization,6.561064999999999
2026-05-16T11:48:56+00:00,cnsm-web-04,vm.memory.utilization,6.679544000000007
2026-05-16T11:49:56+00:00,cnsm-web-04,vm.memory.utilization,6.524225999999999
2026-05-16T11:50:56+00:00,cnsm-web-04,vm.memory.utilization,6.4714620000000025
2026-05-16T11:51:56+00:00,cnsm-web-04,vm.memory.utilization,6.498676000000003
2026-05-16T11:52:56+00:00,cnsm-web-04,vm.memory.utilization,6.549524000000005
2026-05-16T11:53:56+00:00,cnsm-web-04,vm.memory.utilization,6.748031999999995
2026-05-16T11:54:56+00:00,cnsm-web-04,vm.memory.utilization,6.5149530000000055
2026-05-16T11:55:56+00:00,cnsm-web-04,vm.memory.utilization,6.553505999999999
2026-05-16T11:56:56+00:00,cnsm-web-04,vm.memory.utilization,6.498524000000003
2026-05-16T11:57:56+00:00,cnsm-web-04,vm.memory.utilization,6.605311999999998
2026-05-16T11:58:56+00:00,cnsm-web-04,vm.memory.utilization,6.447171999999995
2026-05-16T11:59:56+00:00,cnsm-web-04,vm.memory.utilization,6.478718999999998
2026-05-16T12:00:56+00:00,cnsm-web-04,vm.memory.utilization,6.4643059999999934
2026-05-16T12:01:56+00:00,cnsm-web-04,vm.memory.utilization,6.5622240000000005
2026-05-16T12:02:56+00:00,cnsm-web-04,vm.memory.utilization,6.545895999999999
2026-05-16T12:03:56+00:00,cnsm-web-04,vm.memory.utilization,6.614282000000003
2026-05-16T12:04:56+00:00,cnsm-web-04,vm.memory.utilization,6.495501000000004
2026-05-16T12:05:56+00:00,cnsm-web-04,vm.memory.utilization,6.592864000000006
2026-05-16T12:06:56+00:00,cnsm-web-04,vm.memory.utilization,6.536975999999996
2026-05-16T12:07:56+00:00,cnsm-web-04,vm.memory.utilization,6.601783999999995
2026-05-16T12:08:56+00:00,cnsm-web-04,vm.memory.utilization,6.534255000000002
2026-05-16T12:09:56+00:00,cnsm-web-04,vm.memory.utilization,6.570589999999996
2026-05-16T12:10:56+00:00,cnsm-web-04,vm.memory.utilization,6.549474000000004
2026-05-16T12:11:56+00:00,cnsm-web-04,vm.memory.utilization,6.558897999999999
2026-05-16T12:12:56+00:00,cnsm-web-04,vm.memory.utilization,6.803113999999994
2026-05-16T12:13:56+00:00,cnsm-web-04,vm.memory.utilization,6.630206999999999
2026-05-16T12:14:56+00:00,cnsm-web-04,vm.memory.utilization,6.457854999999995
2026-05-16T12:15:56+00:00,cnsm-web-04,vm.memory.utilization,6.443693999999994
2026-05-16T12:16:56+00:00,cnsm-web-04,vm.memory.utilization,6.420865000000006
2026-05-16T12:17:56+00:00,cnsm-web-04,vm.memory.utilization,6.601985999999997
2026-05-16T12:18:56+00:00,cnsm-web-04,vm.memory.utilization,6.466271000000006
2026-05-16T12:19:56+00:00,cnsm-web-04,vm.memory.utilization,6.614333000000002
2026-05-16T12:20:56+00:00,cnsm-web-04,vm.memory.utilization,6.482800999999995
2026-05-16T12:21:56+00:00,cnsm-web-04,vm.memory.utilization,6.404939999999996
2026-05-16T12:22:56+00:00,cnsm-web-04,vm.memory.utilization,6.525435999999999
2026-05-16T12:23:56+00:00,cnsm-web-04,vm.memory.utilization,6.617154999999997
2026-05-16T12:24:56+00:00,cnsm-web-04,vm.memory.utilization,6.558344000000005
2026-05-16T12:25:56+00:00,cnsm-web-04,vm.memory.utilization,6.497315
2026-05-16T12:26:56+00:00,cnsm-web-04,vm.memory.utilization,6.568674999999999
2026-05-16T12:27:56+00:00,cnsm-web-04,vm.memory.utilization,6.427165000000002
2026-05-16T12:28:56+00:00,cnsm-web-04,vm.memory.utilization,6.472116999999997
2026-05-16T12:29:56+00:00,cnsm-web-04,vm.memory.utilization,6.484666000000004
2026-05-16T12:30:56+00:00,cnsm-web-04,vm.memory.utilization,6.449489999999997
2026-05-16T12:31:56+00:00,cnsm-web-04,vm.memory.utilization,6.556177000000005
2026-05-16T12:32:56+00:00,cnsm-web-04,vm.memory.utilization,6.4161280000000005
2026-05-16T12:33:56+00:00,cnsm-web-04,vm.memory.utilization,6.468237000000002
2026-05-16T12:34:56+00:00,cnsm-web-04,vm.memory.utilization,6.405846999999994
2026-05-16T12:35:56+00:00,cnsm-web-04,vm.memory.utilization,6.412448999999995
2026-05-16T12:36:56+00:00,cnsm-web-04,vm.memory.utilization,6.4637519999999995
2026-05-16T12:37:56+00:00,cnsm-web-04,vm.memory.utilization,6.456495000000004
2026-05-16T12:38:56+00:00,cnsm-web-04,vm.memory.utilization,6.379743000000005
2026-05-16T12:39:56+00:00,cnsm-web-04,vm.memory.utilization,6.510418000000001
2026-05-16T12:40:56+00:00,cnsm-web-04,vm.memory.utilization,6.450749999999999
2026-05-16T12:41:56+00:00,cnsm-web-04,vm.memory.utilization,6.489351999999997
2026-05-16T12:42:56+00:00,cnsm-web-04,vm.memory.utilization,6.4531180000000035
2026-05-16T12:43:56+00:00,cnsm-web-04,vm.memory.utilization,6.5401509999999945
2026-05-16T11:25:12+00:00,cnsm-web-04,system.cpu.num,4
2026-05-16T11:15:05+00:00,cnsm-web-04,proc.num,138
2026-05-16T11:16:05+00:00,cnsm-web-04,proc.num,136
2026-05-16T11:17:05+00:00,cnsm-web-04,proc.num,137
2026-05-16T11:18:05+00:00,cnsm-web-04,proc.num,139
2026-05-16T11:19:05+00:00,cnsm-web-04,proc.num,137
2026-05-16T11:20:05+00:00,cnsm-web-04,proc.num,138
2026-05-16T11:21:05+00:00,cnsm-web-04,proc.num,139
2026-05-16T11:22:05+00:00,cnsm-web-04,proc.num,140
2026-05-16T11:23:05+00:00,cnsm-web-04,proc.num,139
2026-05-16T11:24:05+00:00,cnsm-web-04,proc.num,139
2026-05-16T11:25:05+00:00,cnsm-web-04,proc.num,140
2026-05-16T11:26:05+00:00,cnsm-web-04,proc.num,137
2026-05-16T11:27:05+00:00,cnsm-web-04,proc.num,137
2026-05-16T11:28:05+00:00,cnsm-web-04,proc.num,139
2026-05-16T11:29:05+00:00,cnsm-web-04,proc.num,137
2026-05-16T11:30:05+00:00,cnsm-web-04,proc.num,137
2026-05-16T11:31:05+00:00,cnsm-web-04,proc.num,140
2026-05-16T11:32:05+00:00,cnsm-web-04,proc.num,140
2026-05-16T11:33:05+00:00,cnsm-web-04,proc.num,139
2026-05-16T11:34:05+00:00,cnsm-web-04,proc.num,141
2026-05-16T11:35:05+00:00,cnsm-web-04,proc.num,142
2026-05-16T11:36:05+00:00,cnsm-web-04,proc.num,139
2026-05-16T11:37:05+00:00,cnsm-web-04,proc.num,140
2026-05-16T11:38:05+00:00,cnsm-web-04,proc.num,140
2026-05-16T11:39:05+00:00,cnsm-web-04,proc.num,144
2026-05-16T11:40:05+00:00,cnsm-web-04,proc.num,143
2026-05-16T11:41:05+00:00,cnsm-web-04,proc.num,145
2026-05-16T11:42:05+00:00,cnsm-web-04,proc.num,146
2026-05-16T11:43:05+00:00,cnsm-web-04,proc.num,145
2026-05-16T11:44:05+00:00,cnsm-web-04,proc.num,146
2026-05-16T11:45:05+00:00,cnsm-web-04,proc.num,144
2026-05-16T11:46:05+00:00,cnsm-web-04,proc.num,145
2026-05-16T11:47:05+00:00,cnsm-web-04,proc.num,139
2026-05-16T11:48:05+00:00,cnsm-web-04,proc.num,141
2026-05-16T11:49:05+00:00,cnsm-web-04,proc.num,142
2026-05-16T11:50:05+00:00,cnsm-web-04,proc.num,142
2026-05-16T11:51:05+00:00,cnsm-web-04,proc.num,145
2026-05-16T11:52:05+00:00,cnsm-web-04,proc.num,146
2026-05-16T11:53:05+00:00,cnsm-web-04,proc.num,144
2026-05-16T11:54:05+00:00,cnsm-web-04,proc.num,146
2026-05-16T11:55:05+00:00,cnsm-web-04,proc.num,144
2026-05-16T11:56:05+00:00,cnsm-web-04,proc.num,142
2026-05-16T11:57:05+00:00,cnsm-web-04,proc.num,143
2026-05-16T11:58:05+00:00,cnsm-web-04,proc.num,142
2026-05-16T11:59:05+00:00,cnsm-web-04,proc.num,144
2026-05-16T12:00:05+00:00,cnsm-web-04,proc.num,141
2026-05-16T12:01:05+00:00,cnsm-web-04,proc.num,143
2026-05-16T12:02:05+00:00,cnsm-web-04,proc.num,144
2026-05-16T12:03:05+00:00,cnsm-web-04,proc.num,147
2026-05-16T12:04:05+00:00,cnsm-web-04,proc.num,149
2026-05-16T12:05:05+00:00,cnsm-web-04,proc.num,148
2026-05-16T12:06:05+00:00,cnsm-web-04,proc.num,143
2026-05-16T12:07:05+00:00,cnsm-web-04,proc.num,143
2026-05-16T12:08:05+00:00,cnsm-web-04,proc.num,148
2026-05-16T12:09:05+00:00,cnsm-web-04,proc.num,144
2026-05-16T12:10:05+00:00,cnsm-web-04,proc.num,146
2026-05-16T12:11:05+00:00,cnsm-web-04,proc.num,146
2026-05-16T12:12:05+00:00,cnsm-web-04,proc.num,149
2026-05-16T12:13:05+00:00,cnsm-web-04,proc.num,147
2026-05-16T12:14:05+00:00,cnsm-web-04,proc.num,144
2026-05-16T12:15:05+00:00,cnsm-web-04,proc.num,143
2026-05-16T12:16:05+00:00,cnsm-web-04,proc.num,139
2026-05-16T12:17:05+00:00,cnsm-web-04,proc.num,140
2026-05-16T12:18:05+00:00,cnsm-web-04,proc.num,143
2026-05-16T12:19:05+00:00,cnsm-web-04,proc.num,143
2026-05-16T12:20:05+00:00,cnsm-web-04,proc.num,141
2026-05-16T12:21:05+00:00,cnsm-web-04,proc.num,140
2026-05-16T12:22:05+00:00,cnsm-web-04,proc.num,142
2026-05-16T12:23:05+00:00,cnsm-web-04,proc.num,145
2026-05-16T12:24:05+00:00,cnsm-web-04,proc.num,147
2026-05-16T12:25:05+00:00,cnsm-web-04,proc.num,142
2026-05-16T12:26:05+00:00,cnsm-web-04,proc.num,142
2026-05-16T12:27:05+00:00,cnsm-web-04,proc.num,148
2026-05-16T12:28:05+00:00,cnsm-web-04,proc.num,142
2026-05-16T12:29:05+00:00,cnsm-web-04,proc.num,142
2026-05-16T12:30:05+00:00,cnsm-web-04,proc.num,143
2026-05-16T12:31:05+00:00,cnsm-web-04,proc.num,142
2026-05-16T12:32:05+00:00,cnsm-web-04,proc.num,139
2026-05-16T12:33:05+00:00,cnsm-web-04,proc.num,140
2026-05-16T12:34:05+00:00,cnsm-web-04,proc.num,141
2026-05-16T12:35:05+00:00,cnsm-web-04,proc.num,142
2026-05-16T12:36:05+00:00,cnsm-web-04,proc.num,139
2026-05-16T12:37:05+00:00,cnsm-web-04,proc.num,141
2026-05-16T12:38:05+00:00,cnsm-web-04,proc.num,143
2026-05-16T12:39:05+00:00,cnsm-web-04,proc.num,141
2026-05-16T12:40:05+00:00,cnsm-web-04,proc.num,142
2026-05-16T12:41:05+00:00,cnsm-web-04,proc.num,140
2026-05-16T12:42:05+00:00,cnsm-web-04,proc.num,138
2026-05-16T12:43:05+00:00,cnsm-web-04,proc.num,138
2026-05-16T12:44:05+00:00,cnsm-web-04,proc.num,138
2026-05-16T11:15:06+00:00,cnsm-web-04,"proc.num[,,run]",0
2026-05-16T11:16:06+00:00,cnsm-web-04,"proc.num[,,run]",0
2026-05-16T11:17:06+00:00,cnsm-web-04,"proc.num[,,run]",3
2026-05-16T11:18:06+00:00,cnsm-web-04,"proc.num[,,run]",2
2026-05-16T11:19:06+00:00,cnsm-web-04,"proc.num[,,run]",1
2026-05-16T11:20:06+00:00,cnsm-web-04,"proc.num[,,run]",0
2026-05-16T11:21:06+00:00,cnsm-web-04,"proc.num[,,run]",0
2026-05-16T11:22:06+00:00,cnsm-web-04,"proc.num[,,run]",3
2026-05-16T11:23:06+00:00,cnsm-web-04,"proc.num[,,run]",0
2026-05-16T11:24:06+00:00,cnsm-web-04,"proc.num[,,run]",0
2026-05-16T11:25:06+00:00,cnsm-web-04,"proc.num[,,run]",1
2026-05-16T11:26:06+00:00,cnsm-web-04,"proc.num[,,run]",1
2026-05-16T11:27:06+00:00,cnsm-web-04,"proc.num[,,run]",2
2026-05-16T11:28:06+00:00,cnsm-web-04,"proc.num[,,run]",2
2026-05-16T11:29:06+00:00,cnsm-web-04,"proc.num[,,run]",0
2026-05-16T11:30:06+00:00,cnsm-web-04,"proc.num[,,run]",0
2026-05-16T11:31:06+00:00,cnsm-web-04,"proc.num[,,run]",2
2026-05-16T11:32:06+00:00,cnsm-web-04,"proc.num[,,run]",0
2026-05-16T11:33:06+00:00,cnsm-web-04,"proc.num[,,run]",0
2026-05-16T11:34:06+00:00,cnsm-web-04,"proc.num[,,run]",0
2026-05-16T11:35:06+00:00,cnsm-web-04,"proc.num[,,run]",4
2026-05-16T11:36:06+00:00,cnsm-web-04,"proc.num[,,run]",0
2026-05-16T11:37:06+00:00,cnsm-web-04,"proc.num[,,run]",0
2026-05-16T11:38:06+00:00,cnsm-web-04,"proc.num[,,run]",2
2026-05-16T11:39:06+00:00,cnsm-web-04,"proc.num[,,run]",2
2026-05-16T11:40:06+00:00,cnsm-web-04,"proc.num[,,run]",0
2026-05-16T11:41:06+00:00,cnsm-web-04,"proc.num[,,run]",0
2026-05-16T11:42:06+00:00,cnsm-web-04,"proc.num[,,run]",3
2026-05-16T11:43:06+00:00,cnsm-web-04,"proc.num[,,run]",3
2026-05-16T11:44:06+00:00,cnsm-web-04,"proc.num[,,run]",0
2026-05-16T11:45:06+00:00,cnsm-web-04,"proc.num[,,run]",0
2026-05-16T11:46:06+00:00,cnsm-web-04,"proc.num[,,run]",2
2026-05-16T11:47:06+00:00,cnsm-web-04,"proc.num[,,run]",0
2026-05-16T11:48:06+00:00,cnsm-web-04,"proc.num[,,run]",0
2026-05-16T11:49:06+00:00,cnsm-web-04,"proc.num[,,run]",2
2026-05-16T11:50:06+00:00,cnsm-web-04,"proc.num[,,run]",0
2026-05-16T11:51:06+00:00,cnsm-web-04,"proc.num[,,run]",0
2026-05-16T11:52:06+00:00,cnsm-web-04,"proc.num[,,run]",4
2026-05-16T11:53:06+00:00,cnsm-web-04,"proc.num[,,run]",0
2026-05-16T11:54:06+00:00,cnsm-web-04,"proc.num[,,run]",0
2026-05-16T11:55:06+00:00,cnsm-web-04,"proc.num[,,run]",3
2026-05-16T11:56:06+00:00,cnsm-web-04,"proc.num[,,run]",1
2026-05-16T11:57:06+00:00,cnsm-web-04,"proc.num[,,run]",0
2026-05-16T11:58:06+00:00,cnsm-web-04,"proc.num[,,run]",2
2026-05-16T11:59:06+00:00,cnsm-web-04,"proc.num[,,run]",1
2026-05-16T12:00:06+00:00,cnsm-web-04,"proc.num[,,run]",0
2026-05-16T12:01:06+00:00,cnsm-web-04,"proc.num[,,run]",1
2026-05-16T12:02:06+00:00,cnsm-web-04,"proc.num[,,run]",1
2026-05-16T12:03:06+00:00,cnsm-web-04,"proc.num[,,run]",0
2026-05-16T12:04:06+00:00,cnsm-web-04,"proc.num[,,run]",0
2026-05-16T12:05:06+00:00,cnsm-web-04,"proc.num[,,run]",1
2026-05-16T12:06:06+00:00,cnsm-web-04,"proc.num[,,run]",0
2026-05-16T12:07:06+00:00,cnsm-web-04,"proc.num[,,run]",0
2026-05-16T12:08:06+00:00,cnsm-web-04,"proc.num[,,run]",4
2026-05-16T12:09:06+00:00,cnsm-web-04,"proc.num[,,run]",1
2026-05-16T12:10:06+00:00,cnsm-web-04,"proc.num[,,run]",0
2026-05-16T12:11:06+00:00,cnsm-web-04,"proc.num[,,run]",0
2026-05-16T12:12:06+00:00,cnsm-web-04,"proc.num[,,run]",1
2026-05-16T12:13:06+00:00,cnsm-web-04,"proc.num[,,run]",0
2026-05-16T12:14:06+00:00,cnsm-web-04,"proc.num[,,run]",0
2026-05-16T12:15:06+00:00,cnsm-web-04,"proc.num[,,run]",2
2026-05-16T12:16:06+00:00,cnsm-web-04,"proc.num[,,run]",0
2026-05-16T12:17:06+00:00,cnsm-web-04,"proc.num[,,run]",0
2026-05-16T12:18:06+00:00,cnsm-web-04,"proc.num[,,run]",1
2026-05-16T12:19:06+00:00,cnsm-web-04,"proc.num[,,run]",3
2026-05-16T12:20:06+00:00,cnsm-web-04,"proc.num[,,run]",0
2026-05-16T12:21:06+00:00,cnsm-web-04,"proc.num[,,run]",0
2026-05-16T12:22:06+00:00,cnsm-web-04,"proc.num[,,run]",0
2026-05-16T12:23:06+00:00,cnsm-web-04,"proc.num[,,run]",4
2026-05-16T12:24:06+00:00,cnsm-web-04,"proc.num[,,run]",0
2026-05-16T12:25:06+00:00,cnsm-web-04,"proc.num[,,run]",0
2026-05-16T12:26:06+00:00,cnsm-web-04,"proc.num[,,run]",1
2026-05-16T12:27:06+00:00,cnsm-web-04,"proc.num[,,run]",0
2026-05-16T12:28:06+00:00,cnsm-web-04,"proc.num[,,run]",0
2026-05-16T12:29:06+00:00,cnsm-web-04,"proc.num[,,run]",0
2026-05-16T12:30:06+00:00,cnsm-web-04,"proc.num[,,run]",1
2026-05-16T12:31:06+00:00,cnsm-web-04,"proc.num[,,run]",0
2026-05-16T12:32:06+00:00,cnsm-web-04,"proc.num[,,run]",0
2026-05-16T12:33:06+00:00,cnsm-web-04,"proc.num[,,run]",1
2026-05-16T12:34:06+00:00,cnsm-web-04,"proc.num[,,run]",2
2026-05-16T12:35:06+00:00,cnsm-web-04,"proc.num[,,run]",0
2026-05-16T12:36:06+00:00,cnsm-web-04,"proc.num[,,run]",0
2026-05-16T12:37:06+00:00,cnsm-web-04,"proc.num[,,run]",2
2026-05-16T12:38:06+00:00,cnsm-web-04,"proc.num[,,run]",0
2026-05-16T12:39:06+00:00,cnsm-web-04,"proc.num[,,run]",0
2026-05-16T12:40:06+00:00,cnsm-web-04,"proc.num[,,run]",1
2026-05-16T12:41:06+00:00,cnsm-web-04,"proc.num[,,run]",0
2026-05-16T12:42:06+00:00,cnsm-web-04,"proc.num[,,run]",1
2026-05-16T12:43:06+00:00,cnsm-web-04,"proc.num[,,run]",0
2026-05-16T12:44:06+00:00,cnsm-web-04,"proc.num[,,run]",0
2026-05-16T11:15:35+00:00,cnsm-web-04,vfs.dev.queue_size[sda],0.0009999974999895835
2026-05-16T11:16:35+00:00,cnsm-web-04,vfs.dev.queue_size[sda],0.001566664782047267
2026-05-16T11:17:35+00:00,cnsm-web-04,vfs.dev.queue_size[sda],0.0010499845854037985
2026-05-16T11:18:35+00:00,cnsm-web-04,vfs.dev.queue_size[sda],0.0011333533562681894
2026-05-16T11:19:35+00:00,cnsm-web-04,vfs.dev.queue_size[sda],0.0008500003720451629
2026-05-16T11:20:35+00:00,cnsm-web-04,vfs.dev.queue_size[sda],0.0013499513621073925
2026-05-16T11:21:35+00:00,cnsm-web-04,vfs.dev.queue_size[sda],0.001116693160062997
2026-05-16T11:22:35+00:00,cnsm-web-04,vfs.dev.queue_size[sda],0.001699992308498133
2026-05-16T11:23:35+00:00,cnsm-web-04,vfs.dev.queue_size[sda],0.0010333364040130137
2026-05-16T11:24:35+00:00,cnsm-web-04,vfs.dev.queue_size[sda],0.0013499948489371545
2026-05-16T11:25:35+00:00,cnsm-web-04,vfs.dev.queue_size[sda],0.002150035419683504
2026-05-16T11:26:35+00:00,cnsm-web-04,vfs.dev.queue_size[sda],0.0011499853801783626
2026-05-16T11:27:35+00:00,cnsm-web-04,vfs.dev.queue_size[sda],0.0010333365517116904
2026-05-16T11:28:35+00:00,cnsm-web-04,vfs.dev.queue_size[sda],0.001533346910046879
2026-05-16T11:29:35+00:00,cnsm-web-04,vfs.dev.queue_size[sda],0.0017333060296612086
2026-05-16T11:30:35+00:00,cnsm-web-04,vfs.dev.queue_size[sda],0.0016000027846715132
2026-05-16T11:31:35+00:00,cnsm-web-04,vfs.dev.queue_size[sda],0.0011833386014581755
2026-05-16T11:32:35+00:00,cnsm-web-04,vfs.dev.queue_size[sda],0.001533330439989904
2026-05-16T11:33:35+00:00,cnsm-web-04,vfs.dev.queue_size[sda],0.00218334552233277
2026-05-16T11:34:35+00:00,cnsm-web-04,vfs.dev.queue_size[sda],0.0014333433471716269
2026-05-16T11:35:35+00:00,cnsm-web-04,vfs.dev.queue_size[sda],0.0020499644383102384
2026-05-16T11:36:35+00:00,cnsm-web-04,vfs.dev.queue_size[sda],0.0018667015840975894
2026-05-16T11:37:35+00:00,cnsm-web-04,vfs.dev.queue_size[sda],0.001866642282656307
2026-05-16T11:38:35+00:00,cnsm-web-04,vfs.dev.queue_size[sda],0.0017000110252231694
2026-05-16T11:39:35+00:00,cnsm-web-04,vfs.dev.queue_size[sda],0.0026166675543275236
2026-05-16T11:40:35+00:00,cnsm-web-04,vfs.dev.queue_size[sda],0.0018666585413198132
2026-05-16T11:41:35+00:00,cnsm-web-04,vfs.dev.queue_size[sda],0.0027000044989274967
2026-05-16T11:42:35+00:00,cnsm-web-04,vfs.dev.queue_size[sda],0.0021166395678241627
2026-05-16T11:43:35+00:00,cnsm-web-04,vfs.dev.queue_size[sda],0.002050036182626114
2026-05-16T11:44:35+00:00,cnsm-web-04,vfs.dev.queue_size[sda],0.0025500111656488905
2026-05-16T11:45:35+00:00,cnsm-web-04,vfs.dev.queue_size[sda],0.00243330602693532
2026-05-16T11:46:35+00:00,cnsm-web-04,vfs.dev.queue_size[sda],0.0021000203585073646
2026-05-16T11:47:35+00:00,cnsm-web-04,vfs.dev.queue_size[sda],0.0017333170541640039
2026-05-16T11:48:35+00:00,cnsm-web-04,vfs.dev.queue_size[sda],0.00265002198312486
2026-05-16T11:49:35+00:00,cnsm-web-04,vfs.dev.queue_size[sda],0.0021333247561589296
2026-05-16T11:50:35+00:00,cnsm-web-04,vfs.dev.queue_size[sda],0.0020499836854781703
2026-05-16T11:51:35+00:00,cnsm-web-04,vfs.dev.queue_size[sda],0.0012666688204258842
2026-05-16T11:52:35+00:00,cnsm-web-04,vfs.dev.queue_size[sda],0.0023833620595195646
2026-05-16T11:53:35+00:00,cnsm-web-04,vfs.dev.queue_size[sda],0.002066635391033313
2026-05-16T11:54:35+00:00,cnsm-web-04,vfs.dev.queue_size[sda],0.0022833334360452826
2026-05-16T11:55:35+00:00,cnsm-web-04,vfs.dev.queue_size[sda],0.0020833523931257595
2026-05-16T11:56:35+00:00,cnsm-web-04,vfs.dev.queue_size[sda],0.0022666807025958032
2026-05-16T11:57:35+00:00,cnsm-web-04,vfs.dev.queue_size[sda],0.0023333301479487928
2026-05-16T11:58:35+00:00,cnsm-web-04,vfs.dev.queue_size[sda],0.001583313024757713
2026-05-16T11:59:35+00:00,cnsm-web-04,vfs.dev.queue_size[sda],0.0017000127371187646
2026-05-16T12:00:35+00:00,cnsm-web-04,vfs.dev.queue_size[sda],0.0018333476949541692
2026-05-16T12:01:35+00:00,cnsm-web-04,vfs.dev.queue_size[sda],0.0021333169444103504
2026-05-16T12:02:35+00:00,cnsm-web-04,vfs.dev.queue_size[sda],0.002016646053182927
2026-05-16T12:03:35+00:00,cnsm-web-04,vfs.dev.queue_size[sda],0.004883352441240322
2026-05-16T12:04:35+00:00,cnsm-web-04,vfs.dev.queue_size[sda],0.0019333386449557042
2026-05-16T12:05:35+00:00,cnsm-web-04,vfs.dev.queue_size[sda],0.00320000066117347
2026-05-16T12:06:35+00:00,cnsm-web-04,vfs.dev.queue_size[sda],0.003150001036087841
2026-05-16T12:07:35+00:00,cnsm-web-04,vfs.dev.queue_size[sda],0.004783383092157058
2026-05-16T12:08:35+00:00,cnsm-web-04,vfs.dev.queue_size[sda],0.004633321721765767
2026-05-16T12:09:35+00:00,cnsm-web-04,vfs.dev.queue_size[sda],0.005066633539158822
2026-05-16T12:10:35+00:00,cnsm-web-04,vfs.dev.queue_size[sda],0.0030666536665595544
2026-05-16T12:11:35+00:00,cnsm-web-04,vfs.dev.queue_size[sda],0.0030833127053546718
2026-05-16T12:12:35+00:00,cnsm-web-04,vfs.dev.queue_size[sda],0.003966732040129605
2026-05-16T12:13:35+00:00,cnsm-web-04,vfs.dev.queue_size[sda],0.005049918388942238
2026-05-16T12:14:35+00:00,cnsm-web-04,vfs.dev.queue_size[sda],0.003250029013550676
2026-05-16T12:15:35+00:00,cnsm-web-04,vfs.dev.queue_size[sda],0.00466663894317581
2026-05-16T12:16:35+00:00,cnsm-web-04,vfs.dev.queue_size[sda],0.002850011038330252
2026-05-16T12:17:35+00:00,cnsm-web-04,vfs.dev.queue_size[sda],0.004750027697253169
2026-05-16T12:18:35+00:00,cnsm-web-04,vfs.dev.queue_size[sda],0.002199997076863884
2026-05-16T12:19:35+00:00,cnsm-web-04,vfs.dev.queue_size[sda],0.00301668894541731
2026-05-16T12:20:35+00:00,cnsm-web-04,vfs.dev.queue_size[sda],0.005466635839304952
2026-05-16T12:21:35+00:00,cnsm-web-04,vfs.dev.queue_size[sda],0.0033833213903779915
2026-05-16T12:22:35+00:00,cnsm-web-04,vfs.dev.queue_size[sda],0.0059167216456330945
2026-05-16T12:23:35+00:00,cnsm-web-04,vfs.dev.queue_size[sda],0.005049925406710163
2026-05-16T12:24:35+00:00,cnsm-web-04,vfs.dev.queue_size[sda],0.004283381679362621
2026-05-16T12:25:35+00:00,cnsm-web-04,vfs.dev.queue_size[sda],0.004649981024202437
2026-05-16T12:26:35+00:00,cnsm-web-04,vfs.dev.queue_size[sda],0.004516654567301857
2026-05-16T12:27:35+00:00,cnsm-web-04,vfs.dev.queue_size[sda],0.00625006989880256
2026-05-16T12:28:35+00:00,cnsm-web-04,vfs.dev.queue_size[sda],0.003666618933888062
2026-05-16T12:29:35+00:00,cnsm-web-04,vfs.dev.queue_size[sda],0.007283343848782404
2026-05-16T12:30:35+00:00,cnsm-web-04,vfs.dev.queue_size[sda],0.003100029138982228
2026-05-16T12:31:35+00:00,cnsm-web-04,vfs.dev.queue_size[sda],0.00488327073965038
2026-05-16T12:32:35+00:00,cnsm-web-04,vfs.dev.queue_size[sda],0.003400007511296594
2026-05-16T12:33:35+00:00,cnsm-web-04,vfs.dev.queue_size[sda],0.004600018914817776
2026-05-16T12:34:35+00:00,cnsm-web-04,vfs.dev.queue_size[sda],0.0030500157014808314
2026-05-16T12:35:35+00:00,cnsm-web-04,vfs.dev.queue_size[sda],0.004766619537033769
2026-05-16T12:36:35+00:00,cnsm-web-04,vfs.dev.queue_size[sda],0.0038000009423369003
2026-05-16T12:37:35+00:00,cnsm-web-04,vfs.dev.queue_size[sda],0.005383396076904333
2026-05-16T12:38:35+00:00,cnsm-web-04,vfs.dev.queue_size[sda],0.004516642860872417
2026-05-16T12:39:35+00:00,cnsm-web-04,vfs.dev.queue_size[sda],0.0015999667405847157
2026-05-16T12:40:35+00:00,cnsm-web-04,vfs.dev.queue_size[sda],0.004383447399328501
2026-05-16T12:41:35+00:00,cnsm-web-04,vfs.dev.queue_size[sda],0.0014833181781973407
2026-05-16T12:42:35+00:00,cnsm-web-04,vfs.dev.queue_size[sda],0.0009499935134284571
2026-05-16T12:43:35+00:00,cnsm-web-04,vfs.dev.queue_size[sda],0.0009666839336234233
2026-05-16T12:44:35+00:00,cnsm-web-04,vfs.dev.queue_size[sda],0.001783328507230283
2026-05-16T11:15:35+00:00,cnsm-web-04,vfs.dev.read.rate[sda],0
2026-05-16T11:16:35+00:00,cnsm-web-04,vfs.dev.read.rate[sda],0
2026-05-16T11:17:35+00:00,cnsm-web-04,vfs.dev.read.rate[sda],0
2026-05-16T11:18:35+00:00,cnsm-web-04,vfs.dev.read.rate[sda],0
2026-05-16T11:19:35+00:00,cnsm-web-04,vfs.dev.read.rate[sda],0
2026-05-16T11:20:35+00:00,cnsm-web-04,vfs.dev.read.rate[sda],0
2026-05-16T11:21:35+00:00,cnsm-web-04,vfs.dev.read.rate[sda],0
2026-05-16T11:22:35+00:00,cnsm-web-04,vfs.dev.read.rate[sda],0
2026-05-16T11:23:35+00:00,cnsm-web-04,vfs.dev.read.rate[sda],0
2026-05-16T11:24:35+00:00,cnsm-web-04,vfs.dev.read.rate[sda],0
2026-05-16T11:25:35+00:00,cnsm-web-04,vfs.dev.read.rate[sda],0
2026-05-16T11:26:35+00:00,cnsm-web-04,vfs.dev.read.rate[sda],0
2026-05-16T11:27:35+00:00,cnsm-web-04,vfs.dev.read.rate[sda],0
2026-05-16T11:28:35+00:00,cnsm-web-04,vfs.dev.read.rate[sda],0
2026-05-16T11:29:35+00:00,cnsm-web-04,vfs.dev.read.rate[sda],0
2026-05-16T11:30:35+00:00,cnsm-web-04,vfs.dev.read.rate[sda],0.016666695673661597
2026-05-16T11:31:35+00:00,cnsm-web-04,vfs.dev.read.rate[sda],0
2026-05-16T11:32:35+00:00,cnsm-web-04,vfs.dev.read.rate[sda],0
2026-05-16T11:33:35+00:00,cnsm-web-04,vfs.dev.read.rate[sda],0
2026-05-16T11:34:35+00:00,cnsm-web-04,vfs.dev.read.rate[sda],0
2026-05-16T11:35:35+00:00,cnsm-web-04,vfs.dev.read.rate[sda],0
2026-05-16T11:36:35+00:00,cnsm-web-04,vfs.dev.read.rate[sda],0
2026-05-16T11:37:35+00:00,cnsm-web-04,vfs.dev.read.rate[sda],0
2026-05-16T11:38:35+00:00,cnsm-web-04,vfs.dev.read.rate[sda],0
2026-05-16T11:39:35+00:00,cnsm-web-04,vfs.dev.read.rate[sda],0
2026-05-16T11:40:35+00:00,cnsm-web-04,vfs.dev.read.rate[sda],0
2026-05-16T11:41:35+00:00,cnsm-web-04,vfs.dev.read.rate[sda],0
2026-05-16T11:42:35+00:00,cnsm-web-04,vfs.dev.read.rate[sda],0
2026-05-16T11:43:35+00:00,cnsm-web-04,vfs.dev.read.rate[sda],0
2026-05-16T11:44:35+00:00,cnsm-web-04,vfs.dev.read.rate[sda],0
2026-05-16T11:45:35+00:00,cnsm-web-04,vfs.dev.read.rate[sda],2.4999719454814926
2026-05-16T11:46:35+00:00,cnsm-web-04,vfs.dev.read.rate[sda],0
2026-05-16T11:47:35+00:00,cnsm-web-04,vfs.dev.read.rate[sda],0
2026-05-16T11:48:35+00:00,cnsm-web-04,vfs.dev.read.rate[sda],0
2026-05-16T11:49:35+00:00,cnsm-web-04,vfs.dev.read.rate[sda],0
2026-05-16T11:50:35+00:00,cnsm-web-04,vfs.dev.read.rate[sda],0
2026-05-16T11:51:35+00:00,cnsm-web-04,vfs.dev.read.rate[sda],0
2026-05-16T11:52:35+00:00,cnsm-web-04,vfs.dev.read.rate[sda],0
2026-05-16T11:53:35+00:00,cnsm-web-04,vfs.dev.read.rate[sda],0
2026-05-16T11:54:35+00:00,cnsm-web-04,vfs.dev.read.rate[sda],0
2026-05-16T11:55:35+00:00,cnsm-web-04,vfs.dev.read.rate[sda],0
2026-05-16T11:56:35+00:00,cnsm-web-04,vfs.dev.read.rate[sda],0
2026-05-16T11:57:35+00:00,cnsm-web-04,vfs.dev.read.rate[sda],0
2026-05-16T11:58:35+00:00,cnsm-web-04,vfs.dev.read.rate[sda],0
2026-05-16T11:59:35+00:00,cnsm-web-04,vfs.dev.read.rate[sda],0
2026-05-16T12:00:35+00:00,cnsm-web-04,vfs.dev.read.rate[sda],0
2026-05-16T12:01:35+00:00,cnsm-web-04,vfs.dev.read.rate[sda],0
2026-05-16T12:02:35+00:00,cnsm-web-04,vfs.dev.read.rate[sda],0
2026-05-16T12:03:35+00:00,cnsm-web-04,vfs.dev.read.rate[sda],0
2026-05-16T12:04:35+00:00,cnsm-web-04,vfs.dev.read.rate[sda],0
2026-05-16T12:05:35+00:00,cnsm-web-04,vfs.dev.read.rate[sda],0
2026-05-16T12:06:35+00:00,cnsm-web-04,vfs.dev.read.rate[sda],0
2026-05-16T12:07:35+00:00,cnsm-web-04,vfs.dev.read.rate[sda],0
2026-05-16T12:08:35+00:00,cnsm-web-04,vfs.dev.read.rate[sda],0
2026-05-16T12:09:35+00:00,cnsm-web-04,vfs.dev.read.rate[sda],0
2026-05-16T12:10:35+00:00,cnsm-web-04,vfs.dev.read.rate[sda],0
2026-05-16T12:11:35+00:00,cnsm-web-04,vfs.dev.read.rate[sda],0
2026-05-16T12:12:35+00:00,cnsm-web-04,vfs.dev.read.rate[sda],0
2026-05-16T12:13:35+00:00,cnsm-web-04,vfs.dev.read.rate[sda],0
2026-05-16T12:14:35+00:00,cnsm-web-04,vfs.dev.read.rate[sda],0
2026-05-16T12:15:35+00:00,cnsm-web-04,vfs.dev.read.rate[sda],0
2026-05-16T12:16:35+00:00,cnsm-web-04,vfs.dev.read.rate[sda],0
2026-05-16T12:17:35+00:00,cnsm-web-04,vfs.dev.read.rate[sda],0
2026-05-16T12:18:35+00:00,cnsm-web-04,vfs.dev.read.rate[sda],0
2026-05-16T12:19:35+00:00,cnsm-web-04,vfs.dev.read.rate[sda],0
2026-05-16T12:20:35+00:00,cnsm-web-04,vfs.dev.read.rate[sda],0
2026-05-16T12:21:35+00:00,cnsm-web-04,vfs.dev.read.rate[sda],0
2026-05-16T12:22:35+00:00,cnsm-web-04,vfs.dev.read.rate[sda],0
2026-05-16T12:23:35+00:00,cnsm-web-04,vfs.dev.read.rate[sda],0
2026-05-16T12:24:35+00:00,cnsm-web-04,vfs.dev.read.rate[sda],0
2026-05-16T12:25:35+00:00,cnsm-web-04,vfs.dev.read.rate[sda],0
2026-05-16T12:26:35+00:00,cnsm-web-04,vfs.dev.read.rate[sda],0
2026-05-16T12:27:35+00:00,cnsm-web-04,vfs.dev.read.rate[sda],0
2026-05-16T12:28:35+00:00,cnsm-web-04,vfs.dev.read.rate[sda],0
2026-05-16T12:29:35+00:00,cnsm-web-04,vfs.dev.read.rate[sda],0
2026-05-16T12:30:35+00:00,cnsm-web-04,vfs.dev.read.rate[sda],0
2026-05-16T12:31:35+00:00,cnsm-web-04,vfs.dev.read.rate[sda],0
2026-05-16T12:32:35+00:00,cnsm-web-04,vfs.dev.read.rate[sda],0
2026-05-16T12:33:35+00:00,cnsm-web-04,vfs.dev.read.rate[sda],0
2026-05-16T12:34:35+00:00,cnsm-web-04,vfs.dev.read.rate[sda],0
2026-05-16T12:35:35+00:00,cnsm-web-04,vfs.dev.read.rate[sda],0
2026-05-16T12:36:35+00:00,cnsm-web-04,vfs.dev.read.rate[sda],0
2026-05-16T12:37:35+00:00,cnsm-web-04,vfs.dev.read.rate[sda],0
2026-05-16T12:38:35+00:00,cnsm-web-04,vfs.dev.read.rate[sda],0
2026-05-16T12:39:35+00:00,cnsm-web-04,vfs.dev.read.rate[sda],0
2026-05-16T12:40:35+00:00,cnsm-web-04,vfs.dev.read.rate[sda],0
2026-05-16T12:41:35+00:00,cnsm-web-04,vfs.dev.read.rate[sda],0
2026-05-16T12:42:35+00:00,cnsm-web-04,vfs.dev.read.rate[sda],0
2026-05-16T12:43:35+00:00,cnsm-web-04,vfs.dev.read.rate[sda],0
2026-05-16T12:44:35+00:00,cnsm-web-04,vfs.dev.read.rate[sda],0
2026-05-16T11:15:33+00:00,cnsm-web-04,vfs.dev.read.await[sda],0
2026-05-16T11:16:33+00:00,cnsm-web-04,vfs.dev.read.await[sda],0
2026-05-16T11:17:33+00:00,cnsm-web-04,vfs.dev.read.await[sda],0
2026-05-16T11:18:33+00:00,cnsm-web-04,vfs.dev.read.await[sda],0
2026-05-16T11:19:33+00:00,cnsm-web-04,vfs.dev.read.await[sda],0
2026-05-16T11:20:33+00:00,cnsm-web-04,vfs.dev.read.await[sda],0
2026-05-16T11:21:33+00:00,cnsm-web-04,vfs.dev.read.await[sda],0
2026-05-16T11:22:33+00:00,cnsm-web-04,vfs.dev.read.await[sda],0
2026-05-16T11:23:33+00:00,cnsm-web-04,vfs.dev.read.await[sda],0
2026-05-16T11:24:33+00:00,cnsm-web-04,vfs.dev.read.await[sda],0
2026-05-16T11:25:33+00:00,cnsm-web-04,vfs.dev.read.await[sda],0
2026-05-16T11:26:33+00:00,cnsm-web-04,vfs.dev.read.await[sda],0
2026-05-16T11:27:33+00:00,cnsm-web-04,vfs.dev.read.await[sda],0
2026-05-16T11:28:33+00:00,cnsm-web-04,vfs.dev.read.await[sda],0
2026-05-16T11:29:33+00:00,cnsm-web-04,vfs.dev.read.await[sda],0
2026-05-16T11:30:33+00:00,cnsm-web-04,vfs.dev.read.await[sda],0
2026-05-16T11:31:33+00:00,cnsm-web-04,vfs.dev.read.await[sda],0
2026-05-16T11:32:33+00:00,cnsm-web-04,vfs.dev.read.await[sda],0
2026-05-16T11:33:33+00:00,cnsm-web-04,vfs.dev.read.await[sda],0
2026-05-16T11:34:33+00:00,cnsm-web-04,vfs.dev.read.await[sda],0
2026-05-16T11:35:33+00:00,cnsm-web-04,vfs.dev.read.await[sda],0
2026-05-16T11:36:33+00:00,cnsm-web-04,vfs.dev.read.await[sda],0
2026-05-16T11:37:33+00:00,cnsm-web-04,vfs.dev.read.await[sda],0
2026-05-16T11:38:33+00:00,cnsm-web-04,vfs.dev.read.await[sda],0
2026-05-16T11:39:33+00:00,cnsm-web-04,vfs.dev.read.await[sda],0
2026-05-16T11:40:33+00:00,cnsm-web-04,vfs.dev.read.await[sda],0
2026-05-16T11:41:33+00:00,cnsm-web-04,vfs.dev.read.await[sda],0
2026-05-16T11:42:33+00:00,cnsm-web-04,vfs.dev.read.await[sda],0
2026-05-16T11:43:33+00:00,cnsm-web-04,vfs.dev.read.await[sda],0
2026-05-16T11:44:33+00:00,cnsm-web-04,vfs.dev.read.await[sda],0
2026-05-16T11:45:33+00:00,cnsm-web-04,vfs.dev.read.await[sda],0
2026-05-16T11:46:33+00:00,cnsm-web-04,vfs.dev.read.await[sda],0.18666666666666665
2026-05-16T11:47:33+00:00,cnsm-web-04,vfs.dev.read.await[sda],0
2026-05-16T11:48:33+00:00,cnsm-web-04,vfs.dev.read.await[sda],0
2026-05-16T11:49:33+00:00,cnsm-web-04,vfs.dev.read.await[sda],0
2026-05-16T11:50:33+00:00,cnsm-web-04,vfs.dev.read.await[sda],0
2026-05-16T11:51:33+00:00,cnsm-web-04,vfs.dev.read.await[sda],0
2026-05-16T11:52:33+00:00,cnsm-web-04,vfs.dev.read.await[sda],0
2026-05-16T11:53:33+00:00,cnsm-web-04,vfs.dev.read.await[sda],0
2026-05-16T11:54:33+00:00,cnsm-web-04,vfs.dev.read.await[sda],0
2026-05-16T11:55:33+00:00,cnsm-web-04,vfs.dev.read.await[sda],0
2026-05-16T11:56:33+00:00,cnsm-web-04,vfs.dev.read.await[sda],0
2026-05-16T11:57:33+00:00,cnsm-web-04,vfs.dev.read.await[sda],0
2026-05-16T11:58:33+00:00,cnsm-web-04,vfs.dev.read.await[sda],0
2026-05-16T11:59:33+00:00,cnsm-web-04,vfs.dev.read.await[sda],0
2026-05-16T12:00:33+00:00,cnsm-web-04,vfs.dev.read.await[sda],0
2026-05-16T12:01:33+00:00,cnsm-web-04,vfs.dev.read.await[sda],0
2026-05-16T12:02:33+00:00,cnsm-web-04,vfs.dev.read.await[sda],0
2026-05-16T12:03:33+00:00,cnsm-web-04,vfs.dev.read.await[sda],0
2026-05-16T12:04:33+00:00,cnsm-web-04,vfs.dev.read.await[sda],0
2026-05-16T12:05:33+00:00,cnsm-web-04,vfs.dev.read.await[sda],0
2026-05-16T12:06:33+00:00,cnsm-web-04,vfs.dev.read.await[sda],0
2026-05-16T12:07:33+00:00,cnsm-web-04,vfs.dev.read.await[sda],0
2026-05-16T12:08:33+00:00,cnsm-web-04,vfs.dev.read.await[sda],0
2026-05-16T12:09:33+00:00,cnsm-web-04,vfs.dev.read.await[sda],0
2026-05-16T12:10:33+00:00,cnsm-web-04,vfs.dev.read.await[sda],0
2026-05-16T12:11:33+00:00,cnsm-web-04,vfs.dev.read.await[sda],0
2026-05-16T12:12:33+00:00,cnsm-web-04,vfs.dev.read.await[sda],0
2026-05-16T12:13:33+00:00,cnsm-web-04,vfs.dev.read.await[sda],0
2026-05-16T12:14:33+00:00,cnsm-web-04,vfs.dev.read.await[sda],0
2026-05-16T12:15:33+00:00,cnsm-web-04,vfs.dev.read.await[sda],0
2026-05-16T12:16:33+00:00,cnsm-web-04,vfs.dev.read.await[sda],0
2026-05-16T12:17:33+00:00,cnsm-web-04,vfs.dev.read.await[sda],0
2026-05-16T12:18:33+00:00,cnsm-web-04,vfs.dev.read.await[sda],0
2026-05-16T12:19:33+00:00,cnsm-web-04,vfs.dev.read.await[sda],0
2026-05-16T12:20:33+00:00,cnsm-web-04,vfs.dev.read.await[sda],0
2026-05-16T12:21:33+00:00,cnsm-web-04,vfs.dev.read.await[sda],0
2026-05-16T12:22:33+00:00,cnsm-web-04,vfs.dev.read.await[sda],0
2026-05-16T12:23:33+00:00,cnsm-web-04,vfs.dev.read.await[sda],0
2026-05-16T12:24:33+00:00,cnsm-web-04,vfs.dev.read.await[sda],0
2026-05-16T12:25:33+00:00,cnsm-web-04,vfs.dev.read.await[sda],0
2026-05-16T12:26:33+00:00,cnsm-web-04,vfs.dev.read.await[sda],0
2026-05-16T12:27:33+00:00,cnsm-web-04,vfs.dev.read.await[sda],0
2026-05-16T12:28:33+00:00,cnsm-web-04,vfs.dev.read.await[sda],0
2026-05-16T12:29:33+00:00,cnsm-web-04,vfs.dev.read.await[sda],0
2026-05-16T12:30:33+00:00,cnsm-web-04,vfs.dev.read.await[sda],0
2026-05-16T12:31:33+00:00,cnsm-web-04,vfs.dev.read.await[sda],0
2026-05-16T12:32:33+00:00,cnsm-web-04,vfs.dev.read.await[sda],0
2026-05-16T12:33:33+00:00,cnsm-web-04,vfs.dev.read.await[sda],0
2026-05-16T12:34:33+00:00,cnsm-web-04,vfs.dev.read.await[sda],0
2026-05-16T12:35:33+00:00,cnsm-web-04,vfs.dev.read.await[sda],0
2026-05-16T12:36:33+00:00,cnsm-web-04,vfs.dev.read.await[sda],0
2026-05-16T12:37:33+00:00,cnsm-web-04,vfs.dev.read.await[sda],0
2026-05-16T12:38:33+00:00,cnsm-web-04,vfs.dev.read.await[sda],0
2026-05-16T12:39:33+00:00,cnsm-web-04,vfs.dev.read.await[sda],0
2026-05-16T12:40:33+00:00,cnsm-web-04,vfs.dev.read.await[sda],0
2026-05-16T12:41:33+00:00,cnsm-web-04,vfs.dev.read.await[sda],0
2026-05-16T12:42:33+00:00,cnsm-web-04,vfs.dev.read.await[sda],0
2026-05-16T12:43:33+00:00,cnsm-web-04,vfs.dev.read.await[sda],0
2026-05-16T12:44:33+00:00,cnsm-web-04,vfs.dev.read.await[sda],0
2026-05-16T11:15:35+00:00,cnsm-web-04,vfs.dev.read.time.rate[sda],0
2026-05-16T11:16:35+00:00,cnsm-web-04,vfs.dev.read.time.rate[sda],0
2026-05-16T11:17:35+00:00,cnsm-web-04,vfs.dev.read.time.rate[sda],0
2026-05-16T11:18:35+00:00,cnsm-web-04,vfs.dev.read.time.rate[sda],0
2026-05-16T11:19:35+00:00,cnsm-web-04,vfs.dev.read.time.rate[sda],0
2026-05-16T11:20:35+00:00,cnsm-web-04,vfs.dev.read.time.rate[sda],0
2026-05-16T11:21:35+00:00,cnsm-web-04,vfs.dev.read.time.rate[sda],0
2026-05-16T11:22:35+00:00,cnsm-web-04,vfs.dev.read.time.rate[sda],0
2026-05-16T11:23:35+00:00,cnsm-web-04,vfs.dev.read.time.rate[sda],0
2026-05-16T11:24:35+00:00,cnsm-web-04,vfs.dev.read.time.rate[sda],0
2026-05-16T11:25:35+00:00,cnsm-web-04,vfs.dev.read.time.rate[sda],0
2026-05-16T11:26:35+00:00,cnsm-web-04,vfs.dev.read.time.rate[sda],0
2026-05-16T11:27:35+00:00,cnsm-web-04,vfs.dev.read.time.rate[sda],0
2026-05-16T11:28:35+00:00,cnsm-web-04,vfs.dev.read.time.rate[sda],0
2026-05-16T11:29:35+00:00,cnsm-web-04,vfs.dev.read.time.rate[sda],0
2026-05-16T11:30:35+00:00,cnsm-web-04,vfs.dev.read.time.rate[sda],0
2026-05-16T11:31:35+00:00,cnsm-web-04,vfs.dev.read.time.rate[sda],0
2026-05-16T11:32:35+00:00,cnsm-web-04,vfs.dev.read.time.rate[sda],0
2026-05-16T11:33:35+00:00,cnsm-web-04,vfs.dev.read.time.rate[sda],0
2026-05-16T11:34:35+00:00,cnsm-web-04,vfs.dev.read.time.rate[sda],0
2026-05-16T11:35:35+00:00,cnsm-web-04,vfs.dev.read.time.rate[sda],0
2026-05-16T11:36:35+00:00,cnsm-web-04,vfs.dev.read.time.rate[sda],0
2026-05-16T11:37:35+00:00,cnsm-web-04,vfs.dev.read.time.rate[sda],0
2026-05-16T11:38:35+00:00,cnsm-web-04,vfs.dev.read.time.rate[sda],0
2026-05-16T11:39:35+00:00,cnsm-web-04,vfs.dev.read.time.rate[sda],0
2026-05-16T11:40:35+00:00,cnsm-web-04,vfs.dev.read.time.rate[sda],0
2026-05-16T11:41:35+00:00,cnsm-web-04,vfs.dev.read.time.rate[sda],0
2026-05-16T11:42:35+00:00,cnsm-web-04,vfs.dev.read.time.rate[sda],0
2026-05-16T11:43:35+00:00,cnsm-web-04,vfs.dev.read.time.rate[sda],0
2026-05-16T11:44:35+00:00,cnsm-web-04,vfs.dev.read.time.rate[sda],0
2026-05-16T11:45:35+00:00,cnsm-web-04,vfs.dev.read.time.rate[sda],0.00046666142982321196
2026-05-16T11:46:35+00:00,cnsm-web-04,vfs.dev.read.time.rate[sda],0
2026-05-16T11:47:35+00:00,cnsm-web-04,vfs.dev.read.time.rate[sda],0
2026-05-16T11:48:35+00:00,cnsm-web-04,vfs.dev.read.time.rate[sda],0
2026-05-16T11:49:35+00:00,cnsm-web-04,vfs.dev.read.time.rate[sda],0
2026-05-16T11:50:35+00:00,cnsm-web-04,vfs.dev.read.time.rate[sda],0
2026-05-16T11:51:35+00:00,cnsm-web-04,vfs.dev.read.time.rate[sda],0
2026-05-16T11:52:35+00:00,cnsm-web-04,vfs.dev.read.time.rate[sda],0
2026-05-16T11:53:35+00:00,cnsm-web-04,vfs.dev.read.time.rate[sda],0
2026-05-16T11:54:35+00:00,cnsm-web-04,vfs.dev.read.time.rate[sda],0
2026-05-16T11:55:35+00:00,cnsm-web-04,vfs.dev.read.time.rate[sda],0
2026-05-16T11:56:35+00:00,cnsm-web-04,vfs.dev.read.time.rate[sda],0
2026-05-16T11:57:35+00:00,cnsm-web-04,vfs.dev.read.time.rate[sda],0
2026-05-16T11:58:35+00:00,cnsm-web-04,vfs.dev.read.time.rate[sda],0
2026-05-16T11:59:35+00:00,cnsm-web-04,vfs.dev.read.time.rate[sda],0
2026-05-16T12:00:35+00:00,cnsm-web-04,vfs.dev.read.time.rate[sda],0
2026-05-16T12:01:35+00:00,cnsm-web-04,vfs.dev.read.time.rate[sda],0
2026-05-16T12:02:35+00:00,cnsm-web-04,vfs.dev.read.time.rate[sda],0
2026-05-16T12:03:35+00:00,cnsm-web-04,vfs.dev.read.time.rate[sda],0
2026-05-16T12:04:35+00:00,cnsm-web-04,vfs.dev.read.time.rate[sda],0
2026-05-16T12:05:35+00:00,cnsm-web-04,vfs.dev.read.time.rate[sda],0
2026-05-16T12:06:35+00:00,cnsm-web-04,vfs.dev.read.time.rate[sda],0
2026-05-16T12:07:35+00:00,cnsm-web-04,vfs.dev.read.time.rate[sda],0
2026-05-16T12:08:35+00:00,cnsm-web-04,vfs.dev.read.time.rate[sda],0
2026-05-16T12:09:35+00:00,cnsm-web-04,vfs.dev.read.time.rate[sda],0
2026-05-16T12:10:35+00:00,cnsm-web-04,vfs.dev.read.time.rate[sda],0
2026-05-16T12:11:35+00:00,cnsm-web-04,vfs.dev.read.time.rate[sda],0
2026-05-16T12:12:35+00:00,cnsm-web-04,vfs.dev.read.time.rate[sda],0
2026-05-16T12:13:35+00:00,cnsm-web-04,vfs.dev.read.time.rate[sda],0
2026-05-16T12:14:35+00:00,cnsm-web-04,vfs.dev.read.time.rate[sda],0
2026-05-16T12:15:35+00:00,cnsm-web-04,vfs.dev.read.time.rate[sda],0
2026-05-16T12:16:35+00:00,cnsm-web-04,vfs.dev.read.time.rate[sda],0
2026-05-16T12:17:35+00:00,cnsm-web-04,vfs.dev.read.time.rate[sda],0
2026-05-16T12:18:35+00:00,cnsm-web-04,vfs.dev.read.time.rate[sda],0
2026-05-16T12:19:35+00:00,cnsm-web-04,vfs.dev.read.time.rate[sda],0
2026-05-16T12:20:35+00:00,cnsm-web-04,vfs.dev.read.time.rate[sda],0
2026-05-16T12:21:35+00:00,cnsm-web-04,vfs.dev.read.time.rate[sda],0
2026-05-16T12:22:35+00:00,cnsm-web-04,vfs.dev.read.time.rate[sda],0
2026-05-16T12:23:35+00:00,cnsm-web-04,vfs.dev.read.time.rate[sda],0
2026-05-16T12:24:35+00:00,cnsm-web-04,vfs.dev.read.time.rate[sda],0
2026-05-16T12:25:35+00:00,cnsm-web-04,vfs.dev.read.time.rate[sda],0
2026-05-16T12:26:35+00:00,cnsm-web-04,vfs.dev.read.time.rate[sda],0
2026-05-16T12:27:35+00:00,cnsm-web-04,vfs.dev.read.time.rate[sda],0
2026-05-16T12:28:35+00:00,cnsm-web-04,vfs.dev.read.time.rate[sda],0
2026-05-16T12:29:35+00:00,cnsm-web-04,vfs.dev.read.time.rate[sda],0
2026-05-16T12:30:35+00:00,cnsm-web-04,vfs.dev.read.time.rate[sda],0
2026-05-16T12:31:35+00:00,cnsm-web-04,vfs.dev.read.time.rate[sda],0
2026-05-16T12:32:35+00:00,cnsm-web-04,vfs.dev.read.time.rate[sda],0
2026-05-16T12:33:35+00:00,cnsm-web-04,vfs.dev.read.time.rate[sda],0
2026-05-16T12:34:35+00:00,cnsm-web-04,vfs.dev.read.time.rate[sda],0
2026-05-16T12:35:35+00:00,cnsm-web-04,vfs.dev.read.time.rate[sda],0
2026-05-16T12:36:35+00:00,cnsm-web-04,vfs.dev.read.time.rate[sda],0
2026-05-16T12:37:35+00:00,cnsm-web-04,vfs.dev.read.time.rate[sda],0
2026-05-16T12:38:35+00:00,cnsm-web-04,vfs.dev.read.time.rate[sda],0
2026-05-16T12:39:35+00:00,cnsm-web-04,vfs.dev.read.time.rate[sda],0
2026-05-16T12:40:35+00:00,cnsm-web-04,vfs.dev.read.time.rate[sda],0
2026-05-16T12:41:35+00:00,cnsm-web-04,vfs.dev.read.time.rate[sda],0
2026-05-16T12:42:35+00:00,cnsm-web-04,vfs.dev.read.time.rate[sda],0
2026-05-16T12:43:35+00:00,cnsm-web-04,vfs.dev.read.time.rate[sda],0
2026-05-16T12:44:35+00:00,cnsm-web-04,vfs.dev.read.time.rate[sda],0
2026-05-16T11:15:35+00:00,cnsm-web-04,vfs.dev.util[sda],0.006666649999930556
2026-05-16T11:16:35+00:00,cnsm-web-04,vfs.dev.util[sda],0.01833331127927653
2026-05-16T11:17:35+00:00,cnsm-web-04,vfs.dev.util[sda],0.014999779791482835
2026-05-16T11:18:35+00:00,cnsm-web-04,vfs.dev.util[sda],0.00833348056079551
2026-05-16T11:19:35+00:00,cnsm-web-04,vfs.dev.util[sda],0.013333339169335887
2026-05-16T11:20:35+00:00,cnsm-web-04,vfs.dev.util[sda],0.01999927943862804
2026-05-16T11:21:35+00:00,cnsm-web-04,vfs.dev.util[sda],0.01500035588144324
2026-05-16T11:22:35+00:00,cnsm-web-04,vfs.dev.util[sda],0.02833320514163555
2026-05-16T11:23:35+00:00,cnsm-web-04,vfs.dev.util[sda],0.015000044574382457
2026-05-16T11:24:35+00:00,cnsm-web-04,vfs.dev.util[sda],0.018333263380628025
2026-05-16T11:25:35+00:00,cnsm-web-04,vfs.dev.util[sda],0.01666694123785662
2026-05-16T11:26:35+00:00,cnsm-web-04,vfs.dev.util[sda],0.009999872871116196
2026-05-16T11:27:35+00:00,cnsm-web-04,vfs.dev.util[sda],0.015000046718395508
2026-05-16T11:28:35+00:00,cnsm-web-04,vfs.dev.util[sda],0.011666769967747993
2026-05-16T11:29:35+00:00,cnsm-web-04,vfs.dev.util[sda],0.01999968495762933
2026-05-16T11:30:35+00:00,cnsm-web-04,vfs.dev.util[sda],0.020000034808393918
2026-05-16T11:31:35+00:00,cnsm-web-04,vfs.dev.util[sda],0.011666718605925674
2026-05-16T11:32:35+00:00,cnsm-web-04,vfs.dev.util[sda],0.016666635217281563
2026-05-16T11:33:35+00:00,cnsm-web-04,vfs.dev.util[sda],0.02500013956869584
2026-05-16T11:34:35+00:00,cnsm-web-04,vfs.dev.util[sda],0.015000104795982142
2026-05-16T11:35:35+00:00,cnsm-web-04,vfs.dev.util[sda],0.023332928566132796
2026-05-16T11:36:35+00:00,cnsm-web-04,vfs.dev.util[sda],0.016666978429442765
2026-05-16T11:37:35+00:00,cnsm-web-04,vfs.dev.util[sda],0.021666383637974993
2026-05-16T11:38:35+00:00,cnsm-web-04,vfs.dev.util[sda],0.011666742329962928
2026-05-16T11:39:35+00:00,cnsm-web-04,vfs.dev.util[sda],0.0316666774090592
2026-05-16T11:40:35+00:00,cnsm-web-04,vfs.dev.util[sda],0.023333231766497667
2026-05-16T11:41:35+00:00,cnsm-web-04,vfs.dev.util[sda],0.021666702769171268
2026-05-16T11:42:35+00:00,cnsm-web-04,vfs.dev.util[sda],0.02333303460593565
2026-05-16T11:43:35+00:00,cnsm-web-04,vfs.dev.util[sda],0.023333745168102115
2026-05-16T11:44:35+00:00,cnsm-web-04,vfs.dev.util[sda],0.02333343550266959
2026-05-16T11:45:35+00:00,cnsm-web-04,vfs.dev.util[sda],0.06499927058251881
2026-05-16T11:46:35+00:00,cnsm-web-04,vfs.dev.util[sda],0.028333608011607298
2026-05-16T11:47:35+00:00,cnsm-web-04,vfs.dev.util[sda],0.026666416217907746
2026-05-16T11:48:35+00:00,cnsm-web-04,vfs.dev.util[sda],0.028333568373033097
2026-05-16T11:49:35+00:00,cnsm-web-04,vfs.dev.util[sda],0.02499989948623746
2026-05-16T11:50:35+00:00,cnsm-web-04,vfs.dev.util[sda],0.014999880625450027
2026-05-16T11:51:35+00:00,cnsm-web-04,vfs.dev.util[sda],0.016666695005603742
2026-05-16T11:52:35+00:00,cnsm-web-04,vfs.dev.util[sda],0.020000241058905438
2026-05-16T11:53:35+00:00,cnsm-web-04,vfs.dev.util[sda],0.021666338776962155
2026-05-16T11:54:35+00:00,cnsm-web-04,vfs.dev.util[sda],0.023333334382944493
2026-05-16T11:55:35+00:00,cnsm-web-04,vfs.dev.util[sda],0.018333501059506686
2026-05-16T11:56:35+00:00,cnsm-web-04,vfs.dev.util[sda],0.023333477820839152
2026-05-16T11:57:35+00:00,cnsm-web-04,vfs.dev.util[sda],0.021666637088095936
2026-05-16T11:58:35+00:00,cnsm-web-04,vfs.dev.util[sda],0.0183330981814051
2026-05-16T11:59:35+00:00,cnsm-web-04,vfs.dev.util[sda],0.015000112386342041
2026-05-16T12:00:35+00:00,cnsm-web-04,vfs.dev.util[sda],0.026666875562969733
2026-05-16T12:01:35+00:00,cnsm-web-04,vfs.dev.util[sda],0.019999846353847037
2026-05-16T12:02:35+00:00,cnsm-web-04,vfs.dev.util[sda],0.02833304372240475
2026-05-16T12:03:35+00:00,cnsm-web-04,vfs.dev.util[sda],0.04833352245596224
2026-05-16T12:04:35+00:00,cnsm-web-04,vfs.dev.util[sda],0.008333356228257345
2026-05-16T12:05:35+00:00,cnsm-web-04,vfs.dev.util[sda],0.038333341253640525
2026-05-16T12:06:35+00:00,cnsm-web-04,vfs.dev.util[sda],0.031666677082364536
2026-05-16T12:07:35+00:00,cnsm-web-04,vfs.dev.util[sda],0.02500026006353863
2026-05-16T12:08:35+00:00,cnsm-web-04,vfs.dev.util[sda],0.04999987469531403
2026-05-16T12:09:35+00:00,cnsm-web-04,vfs.dev.util[sda],0.04166639423650347
2026-05-16T12:10:35+00:00,cnsm-web-04,vfs.dev.util[sda],0.02333323441947487
2026-05-16T12:11:35+00:00,cnsm-web-04,vfs.dev.util[sda],0.0433330434266062
2026-05-16T12:12:35+00:00,cnsm-web-04,vfs.dev.util[sda],0.040000659228197705
2026-05-16T12:13:35+00:00,cnsm-web-04,vfs.dev.util[sda],0.04333263304042845
2026-05-16T12:14:35+00:00,cnsm-web-04,vfs.dev.util[sda],0.04166703863526507
2026-05-16T12:15:35+00:00,cnsm-web-04,vfs.dev.util[sda],0.03999976237007838
2026-05-16T12:16:35+00:00,cnsm-web-04,vfs.dev.util[sda],0.02666676994928891
2026-05-16T12:17:35+00:00,cnsm-web-04,vfs.dev.util[sda],0.03833355685502557
2026-05-16T12:18:35+00:00,cnsm-web-04,vfs.dev.util[sda],0.023333302330374527
2026-05-16T12:19:35+00:00,cnsm-web-04,vfs.dev.util[sda],0.03500025848274227
2026-05-16T12:20:35+00:00,cnsm-web-04,vfs.dev.util[sda],0.0533330325785849
2026-05-16T12:21:35+00:00,cnsm-web-04,vfs.dev.util[sda],0.029999894101873814
2026-05-16T12:22:35+00:00,cnsm-web-04,vfs.dev.util[sda],0.04333373599618604
2026-05-16T12:23:35+00:00,cnsm-web-04,vfs.dev.util[sda],0.05833247169467185
2026-05-16T12:24:35+00:00,cnsm-web-04,vfs.dev.util[sda],0.04500050791548279
2026-05-16T12:25:35+00:00,cnsm-web-04,vfs.dev.util[sda],0.044999816363249394
2026-05-16T12:26:35+00:00,cnsm-web-04,vfs.dev.util[sda],0.05166652826064855
2026-05-16T12:27:35+00:00,cnsm-web-04,vfs.dev.util[sda],0.05333392980311518
2026-05-16T12:28:35+00:00,cnsm-web-04,vfs.dev.util[sda],0.03833283430882974
2026-05-16T12:29:35+00:00,cnsm-web-04,vfs.dev.util[sda],0.05166674126138548
2026-05-16T12:30:35+00:00,cnsm-web-04,vfs.dev.util[sda],0.03666701132129516
2026-05-16T12:31:35+00:00,cnsm-web-04,vfs.dev.util[sda],0.04833271380541332
2026-05-16T12:32:35+00:00,cnsm-web-04,vfs.dev.util[sda],0.031666736624821216
2026-05-16T12:33:35+00:00,cnsm-web-04,vfs.dev.util[sda],0.04666685855612237
2026-05-16T12:34:35+00:00,cnsm-web-04,vfs.dev.util[sda],0.026666803947373387
2026-05-16T12:35:35+00:00,cnsm-web-04,vfs.dev.util[sda],0.041666254694351125
2026-05-16T12:36:35+00:00,cnsm-web-04,vfs.dev.util[sda],0.04500001115925277
2026-05-16T12:37:35+00:00,cnsm-web-04,vfs.dev.util[sda],0.03333372183841692
2026-05-16T12:38:35+00:00,cnsm-web-04,vfs.dev.util[sda],0.03999978917377787
2026-05-16T12:39:35+00:00,cnsm-web-04,vfs.dev.util[sda],0.011666424150096886
2026-05-16T12:40:35+00:00,cnsm-web-04,vfs.dev.util[sda],0.030000780679814838
2026-05-16T12:41:35+00:00,cnsm-web-04,vfs.dev.util[sda],0.014999846745815807
2026-05-16T12:42:35+00:00,cnsm-web-04,vfs.dev.util[sda],0.014999897580449324
2026-05-16T12:43:35+00:00,cnsm-web-04,vfs.dev.util[sda],0.01500026793553588
2026-05-16T12:44:35+00:00,cnsm-web-04,vfs.dev.util[sda],0.01666662156289984
2026-05-16T11:15:35+00:00,cnsm-web-04,vfs.dev.write.rate[sda],2.3333274999756943
2026-05-16T11:16:35+00:00,cnsm-web-04,vfs.dev.write.rate[sda],2.8999965114491966
2026-05-16T11:17:35+00:00,cnsm-web-04,vfs.dev.write.rate[sda],1.8166399969684766
2026-05-16T11:18:35+00:00,cnsm-web-04,vfs.dev.write.rate[sda],2.7000477016977453
2026-05-16T11:19:35+00:00,cnsm-web-04,vfs.dev.write.rate[sda],1.6500007222053161
2026-05-16T11:20:35+00:00,cnsm-web-04,vfs.dev.write.rate[sda],2.8498973200044952
2026-05-16T11:21:35+00:00,cnsm-web-04,vfs.dev.write.rate[sda],1.5500367744158015
2026-05-16T11:22:35+00:00,cnsm-web-04,vfs.dev.write.rate[sda],2.916653470462483
2026-05-16T11:23:35+00:00,cnsm-web-04,vfs.dev.write.rate[sda],2.43334056428871
2026-05-16T11:24:35+00:00,cnsm-web-04,vfs.dev.write.rate[sda],2.7666561101675016
2026-05-16T11:25:35+00:00,cnsm-web-04,vfs.dev.write.rate[sda],4.066733662037015
2026-05-16T11:26:35+00:00,cnsm-web-04,vfs.dev.write.rate[sda],1.716644842874947
2026-05-16T11:27:35+00:00,cnsm-web-04,vfs.dev.write.rate[sda],2.0666731034233807
2026-05-16T11:28:35+00:00,cnsm-web-04,vfs.dev.write.rate[sda],2.4000212505081584
2026-05-16T11:29:35+00:00,cnsm-web-04,vfs.dev.write.rate[sda],3.9499377791317927
2026-05-16T11:30:35+00:00,cnsm-web-04,vfs.dev.write.rate[sda],3.6833397438792126
2026-05-16T11:31:35+00:00,cnsm-web-04,vfs.dev.write.rate[sda],2.3000102394539184
2026-05-16T11:32:35+00:00,cnsm-web-04,vfs.dev.write.rate[sda],2.949994433458837
2026-05-16T11:33:35+00:00,cnsm-web-04,vfs.dev.write.rate[sda],4.650025959777426
2026-05-16T11:34:35+00:00,cnsm-web-04,vfs.dev.write.rate[sda],2.550017815316964
2026-05-16T11:35:35+00:00,cnsm-web-04,vfs.dev.write.rate[sda],5.099911529454739
2026-05-16T11:36:35+00:00,cnsm-web-04,vfs.dev.write.rate[sda],3.7334031681951787
2026-05-16T11:37:35+00:00,cnsm-web-04,vfs.dev.write.rate[sda],4.383276074451864
2026-05-16T11:38:35+00:00,cnsm-web-04,vfs.dev.write.rate[sda],3.716690770831047
2026-05-16T11:39:35+00:00,cnsm-web-04,vfs.dev.write.rate[sda],6.0500020523623625
2026-05-16T11:40:35+00:00,cnsm-web-04,vfs.dev.write.rate[sda],4.216648312088506
2026-05-16T11:41:35+00:00,cnsm-web-04,vfs.dev.write.rate[sda],4.700007831466383
2026-05-16T11:42:35+00:00,cnsm-web-04,vfs.dev.write.rate[sda],4.133280415908601
2026-05-16T11:43:35+00:00,cnsm-web-04,vfs.dev.write.rate[sda],4.583414229448629
2026-05-16T11:44:35+00:00,cnsm-web-04,vfs.dev.write.rate[sda],5.083355591653017
2026-05-16T11:45:35+00:00,cnsm-web-04,vfs.dev.write.rate[sda],4.833279094597553
2026-05-16T11:46:35+00:00,cnsm-web-04,vfs.dev.write.rate[sda],5.966724510679654
2026-05-16T11:47:35+00:00,cnsm-web-04,vfs.dev.write.rate[sda],3.4833006184641997
2026-05-16T11:48:35+00:00,cnsm-web-04,vfs.dev.write.rate[sda],6.266718651917908
2026-05-16T11:49:35+00:00,cnsm-web-04,vfs.dev.write.rate[sda],4.566648306152708
2026-05-16T11:50:35+00:00,cnsm-web-04,vfs.dev.write.rate[sda],5.283291286964064
2026-05-16T11:51:35+00:00,cnsm-web-04,vfs.dev.write.rate[sda],3.1333386610535032
2026-05-16T11:52:35+00:00,cnsm-web-04,vfs.dev.write.rate[sda],5.183395807766325
2026-05-16T11:53:35+00:00,cnsm-web-04,vfs.dev.write.rate[sda],4.416599827611516
2026-05-16T11:54:35+00:00,cnsm-web-04,vfs.dev.write.rate[sda],5.350000240660844
2026-05-16T11:55:35+00:00,cnsm-web-04,vfs.dev.write.rate[sda],4.683376179746708
2026-05-16T11:56:35+00:00,cnsm-web-04,vfs.dev.write.rate[sda],5.800035915465732
2026-05-16T11:57:35+00:00,cnsm-web-04,vfs.dev.write.rate[sda],5.366659340282224
2026-05-16T11:58:35+00:00,cnsm-web-04,vfs.dev.write.rate[sda],4.1832796759388
2026-05-16T11:59:35+00:00,cnsm-web-04,vfs.dev.write.rate[sda],4.383366175119951
2026-05-16T12:00:35+00:00,cnsm-web-04,vfs.dev.write.rate[sda],4.6167028318391345
2026-05-16T12:01:35+00:00,cnsm-web-04,vfs.dev.write.rate[sda],4.63329773864123
2026-05-16T12:02:35+00:00,cnsm-web-04,vfs.dev.write.rate[sda],5.099947870032856
2026-05-16T12:03:35+00:00,cnsm-web-04,vfs.dev.write.rate[sda],12.800050084889309
2026-05-16T12:04:35+00:00,cnsm-web-04,vfs.dev.write.rate[sda],4.86668003730229
2026-05-16T12:05:35+00:00,cnsm-web-04,vfs.dev.write.rate[sda],8.566668436683143
2026-05-16T12:06:35+00:00,cnsm-web-04,vfs.dev.write.rate[sda],8.200002697117554
2026-05-16T12:07:35+00:00,cnsm-web-04,vfs.dev.write.rate[sda],8.050083740459439
2026-05-16T12:08:35+00:00,cnsm-web-04,vfs.dev.write.rate[sda],12.233302675453498
2026-05-16T12:09:35+00:00,cnsm-web-04,vfs.dev.write.rate[sda],11.39992546310735
2026-05-16T12:10:35+00:00,cnsm-web-04,vfs.dev.write.rate[sda],9.366626959817768
2026-05-16T12:11:35+00:00,cnsm-web-04,vfs.dev.write.rate[sda],7.983279923593988
2026-05-16T12:12:35+00:00,cnsm-web-04,vfs.dev.write.rate[sda],9.116816915760058
2026-05-16T12:13:35+00:00,cnsm-web-04,vfs.dev.write.rate[sda],11.133153411925463
2026-05-16T12:14:35+00:00,cnsm-web-04,vfs.dev.write.rate[sda],9.31674983884527
2026-05-16T12:15:35+00:00,cnsm-web-04,vfs.dev.write.rate[sda],11.366599140163938
2026-05-16T12:16:35+00:00,cnsm-web-04,vfs.dev.write.rate[sda],7.4666955858008945
2026-05-16T12:17:35+00:00,cnsm-web-04,vfs.dev.write.rate[sda],9.433388339106292
2026-05-16T12:18:35+00:00,cnsm-web-04,vfs.dev.write.rate[sda],6.816657609373701
2026-05-16T12:19:35+00:00,cnsm-web-04,vfs.dev.write.rate[sda],7.5000553891590584
2026-05-16T12:20:35+00:00,cnsm-web-04,vfs.dev.write.rate[sda],11.999932330181602
2026-05-16T12:21:35+00:00,cnsm-web-04,vfs.dev.write.rate[sda],9.13330109323714
2026-05-16T12:22:35+00:00,cnsm-web-04,vfs.dev.write.rate[sda],11.616774611285258
2026-05-16T12:23:35+00:00,cnsm-web-04,vfs.dev.write.rate[sda],12.616480306533312
2026-05-16T12:24:35+00:00,cnsm-web-04,vfs.dev.write.rate[sda],12.316805685015474
2026-05-16T12:25:35+00:00,cnsm-web-04,vfs.dev.write.rate[sda],13.41661191570954
2026-05-16T12:26:35+00:00,cnsm-web-04,vfs.dev.write.rate[sda],10.833304312716631
2026-05-16T12:27:35+00:00,cnsm-web-04,vfs.dev.write.rate[sda],12.60014091598596
2026-05-16T12:28:35+00:00,cnsm-web-04,vfs.dev.write.rate[sda],10.616528458575887
2026-05-16T12:29:35+00:00,cnsm-web-04,vfs.dev.write.rate[sda],11.750016964282825
2026-05-16T12:30:35+00:00,cnsm-web-04,vfs.dev.write.rate[sda],9.550089766864604
2026-05-16T12:31:35+00:00,cnsm-web-04,vfs.dev.write.rate[sda],11.616517766335546
2026-05-16T12:32:35+00:00,cnsm-web-04,vfs.dev.write.rate[sda],8.600018999161973
2026-05-16T12:33:35+00:00,cnsm-web-04,vfs.dev.write.rate[sda],11.53338075744167
2026-05-16T12:34:35+00:00,cnsm-web-04,vfs.dev.write.rate[sda],8.733378292764785
2026-05-16T12:35:35+00:00,cnsm-web-04,vfs.dev.write.rate[sda],12.366544393283414
2026-05-16T12:36:35+00:00,cnsm-web-04,vfs.dev.write.rate[sda],10.88333603221928
2026-05-16T12:37:35+00:00,cnsm-web-04,vfs.dev.write.rate[sda],8.550099651553941
2026-05-16T12:38:35+00:00,cnsm-web-04,vfs.dev.write.rate[sda],7.933291519465943
2026-05-16T12:39:35+00:00,cnsm-web-04,vfs.dev.write.rate[sda],4.866565502611843
2026-05-16T12:40:35+00:00,cnsm-web-04,vfs.dev.write.rate[sda],10.133597029626344
2026-05-16T12:41:35+00:00,cnsm-web-04,vfs.dev.write.rate[sda],2.999969349163161
2026-05-16T12:42:35+00:00,cnsm-web-04,vfs.dev.write.rate[sda],1.9499866854584118
2026-05-16T12:43:35+00:00,cnsm-web-04,vfs.dev.write.rate[sda],2.3000410834488347
2026-05-16T12:44:35+00:00,cnsm-web-04,vfs.dev.write.rate[sda],3.3666575557057676
2026-05-16T11:15:34+00:00,cnsm-web-04,vfs.dev.write.await[sda],0.4230769230769231
2026-05-16T11:16:34+00:00,cnsm-web-04,vfs.dev.write.await[sda],0.42857142857142866
2026-05-16T11:17:34+00:00,cnsm-web-04,vfs.dev.write.await[sda],0.5344827586206897
2026-05-16T11:18:34+00:00,cnsm-web-04,vfs.dev.write.await[sda],0.5688073394495413
2026-05-16T11:19:34+00:00,cnsm-web-04,vfs.dev.write.await[sda],0.4135802469135802
2026-05-16T11:20:34+00:00,cnsm-web-04,vfs.dev.write.await[sda],0.5151515151515151
2026-05-16T11:21:34+00:00,cnsm-web-04,vfs.dev.write.await[sda],0.4678362573099415
2026-05-16T11:22:34+00:00,cnsm-web-04,vfs.dev.write.await[sda],0.7096774193548387
2026-05-16T11:23:34+00:00,cnsm-web-04,vfs.dev.write.await[sda],0.5828571428571429
2026-05-16T11:24:34+00:00,cnsm-web-04,vfs.dev.write.await[sda],0.41780821917808214
2026-05-16T11:25:34+00:00,cnsm-web-04,vfs.dev.write.await[sda],0.4879518072289157
2026-05-16T11:26:34+00:00,cnsm-web-04,vfs.dev.write.await[sda],0.5245901639344263
2026-05-16T11:27:34+00:00,cnsm-web-04,vfs.dev.write.await[sda],0.6699029126213593
2026-05-16T11:28:34+00:00,cnsm-web-04,vfs.dev.write.await[sda],0.5
2026-05-16T11:29:34+00:00,cnsm-web-04,vfs.dev.write.await[sda],0.6319444444444445
2026-05-16T11:30:34+00:00,cnsm-web-04,vfs.dev.write.await[sda],0.4345991561181435
2026-05-16T11:31:34+00:00,cnsm-web-04,vfs.dev.write.await[sda],0.4389140271493213
2026-05-16T11:32:34+00:00,cnsm-web-04,vfs.dev.write.await[sda],0.5072463768115942
2026-05-16T11:33:34+00:00,cnsm-web-04,vfs.dev.write.await[sda],0.5141242937853107
2026-05-16T11:34:34+00:00,cnsm-web-04,vfs.dev.write.await[sda],0.4659498207885306
2026-05-16T11:35:34+00:00,cnsm-web-04,vfs.dev.write.await[sda],0.5490196078431372
2026-05-16T11:36:34+00:00,cnsm-web-04,vfs.dev.write.await[sda],0.39869281045751637
2026-05-16T11:37:34+00:00,cnsm-web-04,vfs.dev.write.await[sda],0.4955357142857143
2026-05-16T11:38:34+00:00,cnsm-web-04,vfs.dev.write.await[sda],0.42585551330798477
2026-05-16T11:39:34+00:00,cnsm-web-04,vfs.dev.write.await[sda],0.45291479820627806
2026-05-16T11:40:34+00:00,cnsm-web-04,vfs.dev.write.await[sda],0.42975206611570255
2026-05-16T11:41:34+00:00,cnsm-web-04,vfs.dev.write.await[sda],0.4426877470355731
2026-05-16T11:42:34+00:00,cnsm-web-04,vfs.dev.write.await[sda],0.5744680851063829
2026-05-16T11:43:34+00:00,cnsm-web-04,vfs.dev.write.await[sda],0.5040322580645161
2026-05-16T11:44:34+00:00,cnsm-web-04,vfs.dev.write.await[sda],0.44727272727272727
2026-05-16T11:45:34+00:00,cnsm-web-04,vfs.dev.write.await[sda],0.4983606557377049
2026-05-16T11:46:34+00:00,cnsm-web-04,vfs.dev.write.await[sda],0.40344827586206894
2026-05-16T11:47:34+00:00,cnsm-web-04,vfs.dev.write.await[sda],0.35195530726256985
2026-05-16T11:48:34+00:00,cnsm-web-04,vfs.dev.write.await[sda],0.492822966507177
2026-05-16T11:49:34+00:00,cnsm-web-04,vfs.dev.write.await[sda],0.4228723404255319
2026-05-16T11:50:34+00:00,cnsm-web-04,vfs.dev.write.await[sda],0.46350364963503643
2026-05-16T11:51:34+00:00,cnsm-web-04,vfs.dev.write.await[sda],0.38485804416403785
2026-05-16T11:52:34+00:00,cnsm-web-04,vfs.dev.write.await[sda],0.40425531914893614
2026-05-16T11:53:34+00:00,cnsm-web-04,vfs.dev.write.await[sda],0.45980707395498405
2026-05-16T11:54:34+00:00,cnsm-web-04,vfs.dev.write.await[sda],0.460377358490566
2026-05-16T11:55:34+00:00,cnsm-web-04,vfs.dev.write.await[sda],0.4299065420560748
2026-05-16T11:56:34+00:00,cnsm-web-04,vfs.dev.write.await[sda],0.4412811387900356
2026-05-16T11:57:34+00:00,cnsm-web-04,vfs.dev.write.await[sda],0.3879310344827586
2026-05-16T11:58:34+00:00,cnsm-web-04,vfs.dev.write.await[sda],0.43478260869565216
2026-05-16T11:59:34+00:00,cnsm-web-04,vfs.dev.write.await[sda],0.3784860557768924
2026-05-16T12:00:34+00:00,cnsm-web-04,vfs.dev.write.await[sda],0.38403041825095063
2026-05-16T12:01:34+00:00,cnsm-web-04,vfs.dev.write.await[sda],0.3971119133574008
2026-05-16T12:02:34+00:00,cnsm-web-04,vfs.dev.write.await[sda],0.45683453237410065
2026-05-16T12:03:34+00:00,cnsm-web-04,vfs.dev.write.await[sda],0.39542483660130723
2026-05-16T12:04:34+00:00,cnsm-web-04,vfs.dev.write.await[sda],0.38020833333333337
2026-05-16T12:05:34+00:00,cnsm-web-04,vfs.dev.write.await[sda],0.39383561643835613
2026-05-16T12:06:34+00:00,cnsm-web-04,vfs.dev.write.await[sda],0.3735408560311284
2026-05-16T12:07:34+00:00,cnsm-web-04,vfs.dev.write.await[sda],0.38414634146341464
2026-05-16T12:08:34+00:00,cnsm-web-04,vfs.dev.write.await[sda],0.5900621118012424
2026-05-16T12:09:34+00:00,cnsm-web-04,vfs.dev.write.await[sda],0.37874659400544963
2026-05-16T12:10:34+00:00,cnsm-web-04,vfs.dev.write.await[sda],0.4429824561403509
2026-05-16T12:11:34+00:00,cnsm-web-04,vfs.dev.write.await[sda],0.3274021352313168
2026-05-16T12:12:34+00:00,cnsm-web-04,vfs.dev.write.await[sda],0.3841336116910229
2026-05-16T12:13:34+00:00,cnsm-web-04,vfs.dev.write.await[sda],0.4351005484460695
2026-05-16T12:14:34+00:00,cnsm-web-04,vfs.dev.write.await[sda],0.45059880239520955
2026-05-16T12:15:34+00:00,cnsm-web-04,vfs.dev.write.await[sda],0.3488372093023256
2026-05-16T12:16:34+00:00,cnsm-web-04,vfs.dev.write.await[sda],0.40909090909090906
2026-05-16T12:17:34+00:00,cnsm-web-04,vfs.dev.write.await[sda],0.38169642857142855
2026-05-16T12:18:34+00:00,cnsm-web-04,vfs.dev.write.await[sda],0.5017667844522968
2026-05-16T12:19:34+00:00,cnsm-web-04,vfs.dev.write.await[sda],0.32273838630806845
2026-05-16T12:20:34+00:00,cnsm-web-04,vfs.dev.write.await[sda],0.39999999999999997
2026-05-16T12:21:34+00:00,cnsm-web-04,vfs.dev.write.await[sda],0.45555555555555555
2026-05-16T12:22:34+00:00,cnsm-web-04,vfs.dev.write.await[sda],0.3686131386861314
2026-05-16T12:23:34+00:00,cnsm-web-04,vfs.dev.write.await[sda],0.5050215208034434
2026-05-16T12:24:34+00:00,cnsm-web-04,vfs.dev.write.await[sda],0.3989431968295905
2026-05-16T12:25:34+00:00,cnsm-web-04,vfs.dev.write.await[sda],0.3464140730717185
2026-05-16T12:26:34+00:00,cnsm-web-04,vfs.dev.write.await[sda],0.3453416149068323
2026-05-16T12:27:34+00:00,cnsm-web-04,vfs.dev.write.await[sda],0.4169230769230769
2026-05-16T12:28:34+00:00,cnsm-web-04,vfs.dev.write.await[sda],0.4920634920634921
2026-05-16T12:29:34+00:00,cnsm-web-04,vfs.dev.write.await[sda],0.34222919937205654
2026-05-16T12:30:34+00:00,cnsm-web-04,vfs.dev.write.await[sda],0.6184397163120567
2026-05-16T12:31:34+00:00,cnsm-web-04,vfs.dev.write.await[sda],0.32460732984293195
2026-05-16T12:32:34+00:00,cnsm-web-04,vfs.dev.write.await[sda],0.4189383070301292
2026-05-16T12:33:34+00:00,cnsm-web-04,vfs.dev.write.await[sda],0.3953488372093023
2026-05-16T12:34:34+00:00,cnsm-web-04,vfs.dev.write.await[sda],0.3973988439306359
2026-05-16T12:35:34+00:00,cnsm-web-04,vfs.dev.write.await[sda],0.34732824427480913
2026-05-16T12:36:34+00:00,cnsm-web-04,vfs.dev.write.await[sda],0.38544474393531
2026-05-16T12:37:34+00:00,cnsm-web-04,vfs.dev.write.await[sda],0.3476263399693722
2026-05-16T12:38:34+00:00,cnsm-web-04,vfs.dev.write.await[sda],0.6276803118908382
2026-05-16T12:39:34+00:00,cnsm-web-04,vfs.dev.write.await[sda],0.5672268907563026
2026-05-16T12:40:34+00:00,cnsm-web-04,vfs.dev.write.await[sda],0.32534246575342474
2026-05-16T12:41:34+00:00,cnsm-web-04,vfs.dev.write.await[sda],0.4325657894736843
2026-05-16T12:42:34+00:00,cnsm-web-04,vfs.dev.write.await[sda],0.4888888888888889
2026-05-16T12:43:34+00:00,cnsm-web-04,vfs.dev.write.await[sda],0.4871794871794872
2026-05-16T12:44:34+00:00,cnsm-web-04,vfs.dev.write.await[sda],0.4057971014492754
2026-05-16T11:15:35+00:00,cnsm-web-04,vfs.dev.write.time.rate[sda],0.0009999974999895835
2026-05-16T11:16:35+00:00,cnsm-web-04,vfs.dev.write.time.rate[sda],0.001549998135429743
2026-05-16T11:17:35+00:00,cnsm-web-04,vfs.dev.write.time.rate[sda],0.001033318163413262
2026-05-16T11:18:35+00:00,cnsm-web-04,vfs.dev.write.time.rate[sda],0.0011166863951465984
2026-05-16T11:19:35+00:00,cnsm-web-04,vfs.dev.write.time.rate[sda],0.0008500003720451629
2026-05-16T11:20:35+00:00,cnsm-web-04,vfs.dev.write.time.rate[sda],0.0013332852959085358
2026-05-16T11:21:35+00:00,cnsm-web-04,vfs.dev.write.time.rate[sda],0.0011000260979725043
2026-05-16T11:22:35+00:00,cnsm-web-04,vfs.dev.write.time.rate[sda],0.001699992308498133
2026-05-16T11:23:35+00:00,cnsm-web-04,vfs.dev.write.time.rate[sda],0.0010166696878192553
2026-05-16T11:24:35+00:00,cnsm-web-04,vfs.dev.write.time.rate[sda],0.0013499948489371545
2026-05-16T11:25:35+00:00,cnsm-web-04,vfs.dev.write.time.rate[sda],0.0021333684784456473
2026-05-16T11:26:35+00:00,cnsm-web-04,vfs.dev.write.time.rate[sda],0.0011499853801783626
2026-05-16T11:27:35+00:00,cnsm-web-04,vfs.dev.write.time.rate[sda],0.0010333365517116904
2026-05-16T11:28:35+00:00,cnsm-web-04,vfs.dev.write.time.rate[sda],0.0015166800958072392
2026-05-16T11:29:35+00:00,cnsm-web-04,vfs.dev.write.time.rate[sda],0.0017166396255298508
2026-05-16T11:30:35+00:00,cnsm-web-04,vfs.dev.write.time.rate[sda],0.001616669480345175
2026-05-16T11:31:35+00:00,cnsm-web-04,vfs.dev.write.time.rate[sda],0.0011666718605925675
2026-05-16T11:32:35+00:00,cnsm-web-04,vfs.dev.write.time.rate[sda],0.0015166638047726224
2026-05-16T11:33:35+00:00,cnsm-web-04,vfs.dev.write.time.rate[sda],0.0021666787626203063
2026-05-16T11:34:35+00:00,cnsm-web-04,vfs.dev.write.time.rate[sda],0.0014000097809583332
2026-05-16T11:35:35+00:00,cnsm-web-04,vfs.dev.write.time.rate[sda],0.0020332980607630008
2026-05-16T11:36:35+00:00,cnsm-web-04,vfs.dev.write.time.rate[sda],0.0018500346056681467
2026-05-16T11:37:35+00:00,cnsm-web-04,vfs.dev.write.time.rate[sda],0.001866642282656307
2026-05-16T11:38:35+00:00,cnsm-web-04,vfs.dev.write.time.rate[sda],0.0016833442504660795
2026-05-16T11:39:35+00:00,cnsm-web-04,vfs.dev.write.time.rate[sda],0.002600000882006966
2026-05-16T11:40:35+00:00,cnsm-web-04,vfs.dev.write.time.rate[sda],0.0018666585413198132
2026-05-16T11:41:35+00:00,cnsm-web-04,vfs.dev.write.time.rate[sda],0.0027000044989274967
2026-05-16T11:42:35+00:00,cnsm-web-04,vfs.dev.write.time.rate[sda],0.0020833066612442543
2026-05-16T11:43:35+00:00,cnsm-web-04,vfs.dev.write.time.rate[sda],0.002050036182626114
2026-05-16T11:44:35+00:00,cnsm-web-04,vfs.dev.write.time.rate[sda],0.002533344426004127
2026-05-16T11:45:35+00:00,cnsm-web-04,vfs.dev.write.time.rate[sda],0.0019499781174755644
2026-05-16T11:46:35+00:00,cnsm-web-04,vfs.dev.write.time.rate[sda],0.0021000203585073646
2026-05-16T11:47:35+00:00,cnsm-web-04,vfs.dev.write.time.rate[sda],0.0017166505440278112
2026-05-16T11:48:35+00:00,cnsm-web-04,vfs.dev.write.time.rate[sda],0.00265002198312486
2026-05-16T11:49:35+00:00,cnsm-web-04,vfs.dev.write.time.rate[sda],0.0021166581565014377
2026-05-16T11:50:35+00:00,cnsm-web-04,vfs.dev.write.time.rate[sda],0.0020333171514498923
2026-05-16T11:51:35+00:00,cnsm-web-04,vfs.dev.write.time.rate[sda],0.0012666688204258842
2026-05-16T11:52:35+00:00,cnsm-web-04,vfs.dev.write.time.rate[sda],0.0023833620595195646
2026-05-16T11:53:35+00:00,cnsm-web-04,vfs.dev.write.time.rate[sda],0.002033302562145679
2026-05-16T11:54:35+00:00,cnsm-web-04,vfs.dev.write.time.rate[sda],0.0023000001034616715
2026-05-16T11:55:35+00:00,cnsm-web-04,vfs.dev.write.time.rate[sda],0.002066685573980754
2026-05-16T11:56:35+00:00,cnsm-web-04,vfs.dev.write.time.rate[sda],0.0022500139327237753
2026-05-16T11:57:35+00:00,cnsm-web-04,vfs.dev.write.time.rate[sda],0.0023333301479487928
2026-05-16T11:58:35+00:00,cnsm-web-04,vfs.dev.write.time.rate[sda],0.001583313024757713
2026-05-16T11:59:35+00:00,cnsm-web-04,vfs.dev.write.time.rate[sda],0.0016833459455783844
2026-05-16T12:00:35+00:00,cnsm-web-04,vfs.dev.write.time.rate[sda],0.0018333476949541692
2026-05-16T12:01:35+00:00,cnsm-web-04,vfs.dev.write.time.rate[sda],0.0021166504057821443
2026-05-16T12:02:35+00:00,cnsm-web-04,vfs.dev.write.time.rate[sda],0.002016646053182927
2026-05-16T12:03:35+00:00,cnsm-web-04,vfs.dev.write.time.rate[sda],0.004866685709358956
2026-05-16T12:04:35+00:00,cnsm-web-04,vfs.dev.write.time.rate[sda],0.0019166719324991894
2026-05-16T12:05:35+00:00,cnsm-web-04,vfs.dev.write.time.rate[sda],0.00320000066117347
2026-05-16T12:06:35+00:00,cnsm-web-04,vfs.dev.write.time.rate[sda],0.003150001036087841
2026-05-16T12:07:35+00:00,cnsm-web-04,vfs.dev.write.time.rate[sda],0.00475004941207234
2026-05-16T12:08:35+00:00,cnsm-web-04,vfs.dev.write.time.rate[sda],0.004633321721765767
2026-05-16T12:09:35+00:00,cnsm-web-04,vfs.dev.write.time.rate[sda],0.005049966981464221
2026-05-16T12:10:35+00:00,cnsm-web-04,vfs.dev.write.time.rate[sda],0.0030666536665595544
2026-05-16T12:11:35+00:00,cnsm-web-04,vfs.dev.write.time.rate[sda],0.0030666461501905923
2026-05-16T12:12:35+00:00,cnsm-web-04,vfs.dev.write.time.rate[sda],0.003966732040129605
2026-05-16T12:13:35+00:00,cnsm-web-04,vfs.dev.write.time.rate[sda],0.005016585594295755
2026-05-16T12:14:35+00:00,cnsm-web-04,vfs.dev.write.time.rate[sda],0.003250029013550676
2026-05-16T12:15:35+00:00,cnsm-web-04,vfs.dev.write.time.rate[sda],0.004649972375521611
2026-05-16T12:16:35+00:00,cnsm-web-04,vfs.dev.write.time.rate[sda],0.002850011038330252
2026-05-16T12:17:35+00:00,cnsm-web-04,vfs.dev.write.time.rate[sda],0.0047333609334031575
2026-05-16T12:18:35+00:00,cnsm-web-04,vfs.dev.write.time.rate[sda],0.002199997076863884
2026-05-16T12:19:35+00:00,cnsm-web-04,vfs.dev.write.time.rate[sda],0.0030000221556636232
2026-05-16T12:20:35+00:00,cnsm-web-04,vfs.dev.write.time.rate[sda],0.005466635839304952
2026-05-16T12:21:35+00:00,cnsm-web-04,vfs.dev.write.time.rate[sda],0.0033666547825436173
2026-05-16T12:22:35+00:00,cnsm-web-04,vfs.dev.write.time.rate[sda],0.005866721181022111
2026-05-16T12:23:35+00:00,cnsm-web-04,vfs.dev.write.time.rate[sda],0.005033258986225971
2026-05-16T12:24:35+00:00,cnsm-web-04,vfs.dev.write.time.rate[sda],0.0042667148245791086
2026-05-16T12:25:35+00:00,cnsm-web-04,vfs.dev.write.time.rate[sda],0.004633314425549382
2026-05-16T12:26:35+00:00,cnsm-web-04,vfs.dev.write.time.rate[sda],0.004516654567301857
2026-05-16T12:27:35+00:00,cnsm-web-04,vfs.dev.write.time.rate[sda],0.0062000693396121395
2026-05-16T12:28:35+00:00,cnsm-web-04,vfs.dev.write.time.rate[sda],0.0036332860344890795
2026-05-16T12:29:35+00:00,cnsm-web-04,vfs.dev.write.time.rate[sda],0.007266677158052925
2026-05-16T12:30:35+00:00,cnsm-web-04,vfs.dev.write.time.rate[sda],0.003100029138982228
2026-05-16T12:31:35+00:00,cnsm-web-04,vfs.dev.write.time.rate[sda],0.004866604286614031
2026-05-16T12:32:35+00:00,cnsm-web-04,vfs.dev.write.time.rate[sda],0.003400007511296594
2026-05-16T12:33:35+00:00,cnsm-web-04,vfs.dev.write.time.rate[sda],0.004583352179619161
2026-05-16T12:34:35+00:00,cnsm-web-04,vfs.dev.write.time.rate[sda],0.003033348949013723
2026-05-16T12:35:35+00:00,cnsm-web-04,vfs.dev.write.time.rate[sda],0.004766619537033769
2026-05-16T12:36:35+00:00,cnsm-web-04,vfs.dev.write.time.rate[sda],0.003783334271537177
2026-05-16T12:37:35+00:00,cnsm-web-04,vfs.dev.write.time.rate[sda],0.0053667292159851245
2026-05-16T12:38:35+00:00,cnsm-web-04,vfs.dev.write.time.rate[sda],0.00449997628205001
2026-05-16T12:39:35+00:00,cnsm-web-04,vfs.dev.write.time.rate[sda],0.0015833004203702917
2026-05-16T12:40:35+00:00,cnsm-web-04,vfs.dev.write.time.rate[sda],0.004383447399328501
2026-05-16T12:41:35+00:00,cnsm-web-04,vfs.dev.write.time.rate[sda],0.001466651681813101
2026-05-16T12:42:35+00:00,cnsm-web-04,vfs.dev.write.time.rate[sda],0.0009499935134284571
2026-05-16T12:43:35+00:00,cnsm-web-04,vfs.dev.write.time.rate[sda],0.000933350004877788
2026-05-16T12:44:35+00:00,cnsm-web-04,vfs.dev.write.time.rate[sda],0.0017999951287931827
2026-05-16T11:15:57+00:00,cnsm-web-04,vm.memory.size[total],8127741952
2026-05-16T11:16:57+00:00,cnsm-web-04,vm.memory.size[total],8127741952
2026-05-16T11:17:57+00:00,cnsm-web-04,vm.memory.size[total],8127741952
2026-05-16T11:18:57+00:00,cnsm-web-04,vm.memory.size[total],8127741952
2026-05-16T11:19:57+00:00,cnsm-web-04,vm.memory.size[total],8127741952
2026-05-16T11:20:57+00:00,cnsm-web-04,vm.memory.size[total],8127741952
2026-05-16T11:21:57+00:00,cnsm-web-04,vm.memory.size[total],8127741952
2026-05-16T11:22:57+00:00,cnsm-web-04,vm.memory.size[total],8127741952
2026-05-16T11:23:57+00:00,cnsm-web-04,vm.memory.size[total],8127741952
2026-05-16T11:24:57+00:00,cnsm-web-04,vm.memory.size[total],8127741952
2026-05-16T11:25:57+00:00,cnsm-web-04,vm.memory.size[total],8127741952
2026-05-16T11:26:57+00:00,cnsm-web-04,vm.memory.size[total],8127741952
2026-05-16T11:27:57+00:00,cnsm-web-04,vm.memory.size[total],8127741952
2026-05-16T11:28:57+00:00,cnsm-web-04,vm.memory.size[total],8127741952
2026-05-16T11:29:57+00:00,cnsm-web-04,vm.memory.size[total],8127741952
2026-05-16T11:30:57+00:00,cnsm-web-04,vm.memory.size[total],8127741952
2026-05-16T11:31:57+00:00,cnsm-web-04,vm.memory.size[total],8127741952
2026-05-16T11:32:57+00:00,cnsm-web-04,vm.memory.size[total],8127741952
2026-05-16T11:33:57+00:00,cnsm-web-04,vm.memory.size[total],8127741952
2026-05-16T11:34:57+00:00,cnsm-web-04,vm.memory.size[total],8127741952
2026-05-16T11:35:57+00:00,cnsm-web-04,vm.memory.size[total],8127741952
2026-05-16T11:36:57+00:00,cnsm-web-04,vm.memory.size[total],8127741952
2026-05-16T11:37:57+00:00,cnsm-web-04,vm.memory.size[total],8127741952
2026-05-16T11:38:57+00:00,cnsm-web-04,vm.memory.size[total],8127741952
2026-05-16T11:39:57+00:00,cnsm-web-04,vm.memory.size[total],8127741952
2026-05-16T11:40:57+00:00,cnsm-web-04,vm.memory.size[total],8127741952
2026-05-16T11:41:57+00:00,cnsm-web-04,vm.memory.size[total],8127741952
2026-05-16T11:42:57+00:00,cnsm-web-04,vm.memory.size[total],8127741952
2026-05-16T11:43:57+00:00,cnsm-web-04,vm.memory.size[total],8127741952
2026-05-16T11:44:57+00:00,cnsm-web-04,vm.memory.size[total],8127741952
2026-05-16T11:45:57+00:00,cnsm-web-04,vm.memory.size[total],8127741952
2026-05-16T11:46:57+00:00,cnsm-web-04,vm.memory.size[total],8127741952
2026-05-16T11:47:57+00:00,cnsm-web-04,vm.memory.size[total],8127741952
2026-05-16T11:48:57+00:00,cnsm-web-04,vm.memory.size[total],8127741952
2026-05-16T11:49:57+00:00,cnsm-web-04,vm.memory.size[total],8127741952
2026-05-16T11:50:57+00:00,cnsm-web-04,vm.memory.size[total],8127741952
2026-05-16T11:51:57+00:00,cnsm-web-04,vm.memory.size[total],8127741952
2026-05-16T11:52:57+00:00,cnsm-web-04,vm.memory.size[total],8127741952
2026-05-16T11:53:57+00:00,cnsm-web-04,vm.memory.size[total],8127741952
2026-05-16T11:54:57+00:00,cnsm-web-04,vm.memory.size[total],8127741952
2026-05-16T11:55:57+00:00,cnsm-web-04,vm.memory.size[total],8127741952
2026-05-16T11:56:57+00:00,cnsm-web-04,vm.memory.size[total],8127741952
2026-05-16T11:57:57+00:00,cnsm-web-04,vm.memory.size[total],8127741952
2026-05-16T11:58:57+00:00,cnsm-web-04,vm.memory.size[total],8127741952
2026-05-16T11:59:57+00:00,cnsm-web-04,vm.memory.size[total],8127741952
2026-05-16T12:00:57+00:00,cnsm-web-04,vm.memory.size[total],8127741952
2026-05-16T12:01:57+00:00,cnsm-web-04,vm.memory.size[total],8127741952
2026-05-16T12:02:57+00:00,cnsm-web-04,vm.memory.size[total],8127741952
2026-05-16T12:03:57+00:00,cnsm-web-04,vm.memory.size[total],8127741952
2026-05-16T12:04:57+00:00,cnsm-web-04,vm.memory.size[total],8127741952
2026-05-16T12:05:57+00:00,cnsm-web-04,vm.memory.size[total],8127741952
2026-05-16T12:06:57+00:00,cnsm-web-04,vm.memory.size[total],8127741952
2026-05-16T12:07:57+00:00,cnsm-web-04,vm.memory.size[total],8127741952
2026-05-16T12:08:57+00:00,cnsm-web-04,vm.memory.size[total],8127741952
2026-05-16T12:09:57+00:00,cnsm-web-04,vm.memory.size[total],8127741952
2026-05-16T12:10:57+00:00,cnsm-web-04,vm.memory.size[total],8127741952
2026-05-16T12:11:57+00:00,cnsm-web-04,vm.memory.size[total],8127741952
2026-05-16T12:12:57+00:00,cnsm-web-04,vm.memory.size[total],8127741952
2026-05-16T12:13:57+00:00,cnsm-web-04,vm.memory.size[total],8127741952
2026-05-16T12:14:57+00:00,cnsm-web-04,vm.memory.size[total],8127741952
2026-05-16T12:15:57+00:00,cnsm-web-04,vm.memory.size[total],8127741952
2026-05-16T12:16:57+00:00,cnsm-web-04,vm.memory.size[total],8127741952
2026-05-16T12:17:57+00:00,cnsm-web-04,vm.memory.size[total],8127741952
2026-05-16T12:18:57+00:00,cnsm-web-04,vm.memory.size[total],8127741952
2026-05-16T12:19:57+00:00,cnsm-web-04,vm.memory.size[total],8127741952
2026-05-16T12:20:57+00:00,cnsm-web-04,vm.memory.size[total],8127741952
2026-05-16T12:21:57+00:00,cnsm-web-04,vm.memory.size[total],8127741952
2026-05-16T12:22:57+00:00,cnsm-web-04,vm.memory.size[total],8127741952
2026-05-16T12:23:57+00:00,cnsm-web-04,vm.memory.size[total],8127741952
2026-05-16T12:24:57+00:00,cnsm-web-04,vm.memory.size[total],8127741952
2026-05-16T12:25:57+00:00,cnsm-web-04,vm.memory.size[total],8127741952
2026-05-16T12:26:57+00:00,cnsm-web-04,vm.memory.size[total],8127741952
2026-05-16T12:27:57+00:00,cnsm-web-04,vm.memory.size[total],8127741952
2026-05-16T12:28:57+00:00,cnsm-web-04,vm.memory.size[total],8127741952
2026-05-16T12:29:57+00:00,cnsm-web-04,vm.memory.size[total],8127741952
2026-05-16T12:30:57+00:00,cnsm-web-04,vm.memory.size[total],8127741952
2026-05-16T12:31:57+00:00,cnsm-web-04,vm.memory.size[total],8127741952
2026-05-16T12:32:57+00:00,cnsm-web-04,vm.memory.size[total],8127741952
2026-05-16T12:33:57+00:00,cnsm-web-04,vm.memory.size[total],8127741952
2026-05-16T12:34:57+00:00,cnsm-web-04,vm.memory.size[total],8127741952
2026-05-16T12:35:57+00:00,cnsm-web-04,vm.memory.size[total],8127741952
2026-05-16T12:36:57+00:00,cnsm-web-04,vm.memory.size[total],8127741952
2026-05-16T12:37:57+00:00,cnsm-web-04,vm.memory.size[total],8127741952
2026-05-16T12:38:57+00:00,cnsm-web-04,vm.memory.size[total],8127741952
2026-05-16T12:39:57+00:00,cnsm-web-04,vm.memory.size[total],8127741952
2026-05-16T12:40:57+00:00,cnsm-web-04,vm.memory.size[total],8127741952
2026-05-16T12:41:57+00:00,cnsm-web-04,vm.memory.size[total],8127741952
2026-05-16T12:42:57+00:00,cnsm-web-04,vm.memory.size[total],8127741952
2026-05-16T12:43:57+00:00,cnsm-web-04,vm.memory.size[total],8127741952
