timestamp_utc,host,item_key,value
2026-05-15T09:52:35+00:00,cnsm-mem-01,vm.memory.size[available],14227558400
2026-05-15T09:53:35+00:00,cnsm-mem-01,vm.memory.size[available],14234271744
2026-05-15T09:54:35+00:00,cnsm-mem-01,vm.memory.size[available],14225113088
2026-05-15T09:55:35+00:00,cnsm-mem-01,vm.memory.size[available],14229147648
2026-05-15T09:56:35+00:00,cnsm-mem-01,vm.memory.size[available],14219354112
2026-05-15T09:57:35+00:00,cnsm-mem-01,vm.memory.size[available],14237302784
2026-05-15T09:58:35+00:00,cnsm-mem-01,vm.memory.size[available],23933325312
2026-05-15T09:59:35+00:00,cnsm-mem-01,vm.memory.size[available],16682831872
2026-05-15T10:00:35+00:00,cnsm-mem-01,vm.memory.size[available],12057976832
2026-05-15T10:01:35+00:00,cnsm-mem-01,vm.memory.size[available],12065931264
2026-05-15T10:02:35+00:00,cnsm-mem-01,vm.memory.size[available],12083068928
2026-05-15T10:03:35+00:00,cnsm-mem-01,vm.memory.size[available],12072202240
2026-05-15T10:04:35+00:00,cnsm-mem-01,vm.memory.size[available],12070711296
2026-05-15T10:05:35+00:00,cnsm-mem-01,vm.memory.size[available],12070989824
2026-05-15T10:06:35+00:00,cnsm-mem-01,vm.memory.size[available],12080562176
2026-05-15T10:07:35+00:00,cnsm-mem-01,vm.memory.size[available],12076883968
2026-05-15T10:08:35+00:00,cnsm-mem-01,vm.memory.size[available],12076298240
2026-05-15T10:09:35+00:00,cnsm-mem-01,vm.memory.size[available],12083314688
2026-05-15T10:10:35+00:00,cnsm-mem-01,vm.memory.size[available],12085506048
2026-05-15T10:11:35+00:00,cnsm-mem-01,vm.memory.size[available],23915741184
2026-05-15T10:12:35+00:00,cnsm-mem-01,vm.memory.size[available],23937720320
2026-05-15T10:13:35+00:00,cnsm-mem-01,vm.memory.size[available],15561023488
2026-05-15T10:14:35+00:00,cnsm-mem-01,vm.memory.size[available],12058275840
2026-05-15T10:15:35+00:00,cnsm-mem-01,vm.memory.size[available],12080955392
2026-05-15T10:16:35+00:00,cnsm-mem-01,vm.memory.size[available],12061716480
2026-05-15T10:17:35+00:00,cnsm-mem-01,vm.memory.size[available],12088332288
2026-05-15T10:18:35+00:00,cnsm-mem-01,vm.memory.size[available],12076072960
2026-05-15T10:19:35+00:00,cnsm-mem-01,vm.memory.size[available],12076851200
2026-05-15T10:20:35+00:00,cnsm-mem-01,vm.memory.size[available],12072103936
2026-05-15T10:21:35+00:00,cnsm-mem-01,vm.memory.size[available],12073308160
2026-05-15T10:22:35+00:00,cnsm-mem-01,vm.memory.size[available],12025950208
2026-05-15T10:23:35+00:00,cnsm-mem-01,vm.memory.size[available],12021436416
2026-05-15T10:24:35+00:00,cnsm-mem-01,vm.memory.size[available],11678982144
2026-05-15T10:25:35+00:00,cnsm-mem-01,vm.memory.size[available],23568855040
2026-05-15T10:26:35+00:00,cnsm-mem-01,vm.memory.size[available],17098510336
2026-05-15T10:27:35+00:00,cnsm-mem-01,vm.memory.size[available],11668271104
2026-05-15T10:28:35+00:00,cnsm-mem-01,vm.memory.size[available],12000948224
2026-05-15T10:29:35+00:00,cnsm-mem-01,vm.memory.size[available],11979161600
2026-05-15T10:30:35+00:00,cnsm-mem-01,vm.memory.size[available],11925250048
2026-05-15T10:31:35+00:00,cnsm-mem-01,vm.memory.size[available],12029136896
2026-05-15T10:32:35+00:00,cnsm-mem-01,vm.memory.size[available],11947151360
2026-05-15T10:33:35+00:00,cnsm-mem-01,vm.memory.size[available],12035260416
2026-05-15T10:34:35+00:00,cnsm-mem-01,vm.memory.size[available],11955716096
2026-05-15T10:35:35+00:00,cnsm-mem-01,vm.memory.size[available],11799351296
2026-05-15T10:36:35+00:00,cnsm-mem-01,vm.memory.size[available],11990654976
2026-05-15T10:37:35+00:00,cnsm-mem-01,vm.memory.size[available],11627302912
2026-05-15T10:38:35+00:00,cnsm-mem-01,vm.memory.size[available],23645523968
2026-05-15T10:39:35+00:00,cnsm-mem-01,vm.memory.size[available],20125863936
2026-05-15T10:40:35+00:00,cnsm-mem-01,vm.memory.size[available],12033245184
2026-05-15T10:41:35+00:00,cnsm-mem-01,vm.memory.size[available],12050825216
2026-05-15T10:42:35+00:00,cnsm-mem-01,vm.memory.size[available],12065042432
2026-05-15T10:43:35+00:00,cnsm-mem-01,vm.memory.size[available],12037754880
2026-05-15T10:44:35+00:00,cnsm-mem-01,vm.memory.size[available],12056092672
2026-05-15T10:45:35+00:00,cnsm-mem-01,vm.memory.size[available],12049014784
2026-05-15T10:46:35+00:00,cnsm-mem-01,vm.memory.size[available],12063006720
2026-05-15T10:47:35+00:00,cnsm-mem-01,vm.memory.size[available],12074680320
2026-05-15T10:48:35+00:00,cnsm-mem-01,vm.memory.size[available],12063801344
2026-05-15T10:49:35+00:00,cnsm-mem-01,vm.memory.size[available],12057968640
2026-05-15T10:50:35+00:00,cnsm-mem-01,vm.memory.size[available],12057559040
2026-05-15T10:51:35+00:00,cnsm-mem-01,vm.memory.size[available],23920652288
2026-05-15T10:52:35+00:00,cnsm-mem-01,vm.memory.size[available],23933100032
2026-05-15T10:53:35+00:00,cnsm-mem-01,vm.memory.size[available],16105693184
2026-05-15T10:54:35+00:00,cnsm-mem-01,vm.memory.size[available],12059947008
2026-05-15T10:55:35+00:00,cnsm-mem-01,vm.memory.size[available],12040859648
2026-05-15T10:56:35+00:00,cnsm-mem-01,vm.memory.size[available],12056088576
2026-05-15T10:57:35+00:00,cnsm-mem-01,vm.memory.size[available],12045705216
2026-05-15T10:58:35+00:00,cnsm-mem-01,vm.memory.size[available],12061278208
2026-05-15T10:59:35+00:00,cnsm-mem-01,vm.memory.size[available],12057128960
2026-05-15T11:00:35+00:00,cnsm-mem-01,vm.memory.size[available],10982682624
2026-05-15T11:01:35+00:00,cnsm-mem-01,vm.memory.size[available],10983542784
2026-05-15T11:02:35+00:00,cnsm-mem-01,vm.memory.size[available],10970218496
2026-05-15T11:03:35+00:00,cnsm-mem-01,vm.memory.size[available],10976669696
2026-05-15T11:04:35+00:00,cnsm-mem-01,vm.memory.size[available],10976608256
2026-05-15T11:05:35+00:00,cnsm-mem-01,vm.memory.size[available],23931277312
2026-05-15T11:06:35+00:00,cnsm-mem-01,vm.memory.size[available],18228383744
2026-05-15T11:07:35+00:00,cnsm-mem-01,vm.memory.size[available],10981400576
2026-05-15T11:08:35+00:00,cnsm-mem-01,vm.memory.size[available],10973732864
2026-05-15T09:52:36+00:00,cnsm-mem-01,vm.memory.size[pavailable],57.820985
2026-05-15T09:53:36+00:00,cnsm-mem-01,vm.memory.size[pavailable],57.835536
2026-05-15T09:54:36+00:00,cnsm-mem-01,vm.memory.size[pavailable],57.817339
2026-05-15T09:55:36+00:00,cnsm-mem-01,vm.memory.size[pavailable],57.833738
2026-05-15T09:56:36+00:00,cnsm-mem-01,vm.memory.size[pavailable],57.793932
2026-05-15T09:57:36+00:00,cnsm-mem-01,vm.memory.size[pavailable],57.866884
2026-05-15T09:58:36+00:00,cnsm-mem-01,vm.memory.size[pavailable],97.273972
2026-05-15T09:59:36+00:00,cnsm-mem-01,vm.memory.size[pavailable],58.107098
2026-05-15T10:00:36+00:00,cnsm-mem-01,vm.memory.size[pavailable],49.04194
2026-05-15T10:01:36+00:00,cnsm-mem-01,vm.memory.size[pavailable],49.051413
2026-05-15T10:02:36+00:00,cnsm-mem-01,vm.memory.size[pavailable],49.00936
2026-05-15T10:03:36+00:00,cnsm-mem-01,vm.memory.size[pavailable],49.075586
2026-05-15T10:04:36+00:00,cnsm-mem-01,vm.memory.size[pavailable],49.060869
2026-05-15T10:05:36+00:00,cnsm-mem-01,vm.memory.size[pavailable],49.056757
2026-05-15T10:06:36+00:00,cnsm-mem-01,vm.memory.size[pavailable],49.098477
2026-05-15T10:07:36+00:00,cnsm-mem-01,vm.memory.size[pavailable],49.085958
2026-05-15T10:08:36+00:00,cnsm-mem-01,vm.memory.size[pavailable],49.083577
2026-05-15T10:09:36+00:00,cnsm-mem-01,vm.memory.size[pavailable],49.112095
2026-05-15T10:10:36+00:00,cnsm-mem-01,vm.memory.size[pavailable],49.121002
2026-05-15T10:11:36+00:00,cnsm-mem-01,vm.memory.size[pavailable],97.204466
2026-05-15T10:12:36+00:00,cnsm-mem-01,vm.memory.size[pavailable],97.292884
2026-05-15T10:13:36+00:00,cnsm-mem-01,vm.memory.size[pavailable],51.939826
2026-05-15T10:14:36+00:00,cnsm-mem-01,vm.memory.size[pavailable],49.009277
2026-05-15T10:15:36+00:00,cnsm-mem-01,vm.memory.size[pavailable],49.102506
2026-05-15T10:16:36+00:00,cnsm-mem-01,vm.memory.size[pavailable],49.024327
2026-05-15T10:17:36+00:00,cnsm-mem-01,vm.memory.size[pavailable],49.132489
2026-05-15T10:18:36+00:00,cnsm-mem-01,vm.memory.size[pavailable],49.078466
2026-05-15T10:19:36+00:00,cnsm-mem-01,vm.memory.size[pavailable],49.085824
2026-05-15T10:20:36+00:00,cnsm-mem-01,vm.memory.size[pavailable],49.069792
2026-05-15T10:21:36+00:00,cnsm-mem-01,vm.memory.size[pavailable],49.075569
2026-05-15T10:22:36+00:00,cnsm-mem-01,vm.memory.size[pavailable],48.895971
2026-05-15T10:23:36+00:00,cnsm-mem-01,vm.memory.size[pavailable],48.489643
2026-05-15T10:24:36+00:00,cnsm-mem-01,vm.memory.size[pavailable],47.761026
2026-05-15T10:25:36+00:00,cnsm-mem-01,vm.memory.size[pavailable],95.561591
2026-05-15T10:26:36+00:00,cnsm-mem-01,vm.memory.size[pavailable],57.40958
2026-05-15T10:27:36+00:00,cnsm-mem-01,vm.memory.size[pavailable],47.976384
2026-05-15T10:28:36+00:00,cnsm-mem-01,vm.memory.size[pavailable],48.334783
2026-05-15T10:29:36+00:00,cnsm-mem-01,vm.memory.size[pavailable],48.84283
2026-05-15T10:30:36+00:00,cnsm-mem-01,vm.memory.size[pavailable],48.787359
2026-05-15T10:31:36+00:00,cnsm-mem-01,vm.memory.size[pavailable],48.928484
2026-05-15T10:32:36+00:00,cnsm-mem-01,vm.memory.size[pavailable],48.707166
2026-05-15T10:33:36+00:00,cnsm-mem-01,vm.memory.size[pavailable],48.03685
2026-05-15T10:34:36+00:00,cnsm-mem-01,vm.memory.size[pavailable],48.101927
2026-05-15T10:35:36+00:00,cnsm-mem-01,vm.memory.size[pavailable],48.090024
2026-05-15T10:36:36+00:00,cnsm-mem-01,vm.memory.size[pavailable],48.294045
2026-05-15T10:37:36+00:00,cnsm-mem-01,vm.memory.size[pavailable],48.056062
2026-05-15T10:38:36+00:00,cnsm-mem-01,vm.memory.size[pavailable],96.158372
2026-05-15T10:39:36+00:00,cnsm-mem-01,vm.memory.size[pavailable],68.077258
2026-05-15T10:40:36+00:00,cnsm-mem-01,vm.memory.size[pavailable],48.90859
2026-05-15T10:41:36+00:00,cnsm-mem-01,vm.memory.size[pavailable],48.980043
2026-05-15T10:42:36+00:00,cnsm-mem-01,vm.memory.size[pavailable],49.037828
2026-05-15T10:43:36+00:00,cnsm-mem-01,vm.memory.size[pavailable],48.922724
2026-05-15T10:44:36+00:00,cnsm-mem-01,vm.memory.size[pavailable],49.001452
2026-05-15T10:45:36+00:00,cnsm-mem-01,vm.memory.size[pavailable],48.972685
2026-05-15T10:46:36+00:00,cnsm-mem-01,vm.memory.size[pavailable],49.029554
2026-05-15T10:47:36+00:00,cnsm-mem-01,vm.memory.size[pavailable],49.077001
2026-05-15T10:48:36+00:00,cnsm-mem-01,vm.memory.size[pavailable],49.032784
2026-05-15T10:49:36+00:00,cnsm-mem-01,vm.memory.size[pavailable],49.009077
2026-05-15T10:50:36+00:00,cnsm-mem-01,vm.memory.size[pavailable],49.007412
2026-05-15T10:51:36+00:00,cnsm-mem-01,vm.memory.size[pavailable],97.224993
2026-05-15T10:52:36+00:00,cnsm-mem-01,vm.memory.size[pavailable],94.528165
2026-05-15T10:53:36+00:00,cnsm-mem-01,vm.memory.size[pavailable],53.714038
2026-05-15T10:54:36+00:00,cnsm-mem-01,vm.memory.size[pavailable],49.017118
2026-05-15T10:55:36+00:00,cnsm-mem-01,vm.memory.size[pavailable],48.939538
2026-05-15T10:56:36+00:00,cnsm-mem-01,vm.memory.size[pavailable],49.001436
2026-05-15T10:57:36+00:00,cnsm-mem-01,vm.memory.size[pavailable],48.959233
2026-05-15T10:58:36+00:00,cnsm-mem-01,vm.memory.size[pavailable],49.022529
2026-05-15T10:59:36+00:00,cnsm-mem-01,vm.memory.size[pavailable],49.012673
2026-05-15T11:00:36+00:00,cnsm-mem-01,vm.memory.size[pavailable],44.638625
2026-05-15T11:01:36+00:00,cnsm-mem-01,vm.memory.size[pavailable],44.642121
2026-05-15T11:02:36+00:00,cnsm-mem-01,vm.memory.size[pavailable],44.587965
2026-05-15T11:03:36+00:00,cnsm-mem-01,vm.memory.size[pavailable],44.614186
2026-05-15T11:04:36+00:00,cnsm-mem-01,vm.memory.size[pavailable],97.171154
2026-05-15T11:05:36+00:00,cnsm-mem-01,vm.memory.size[pavailable],97.267612
2026-05-15T11:06:36+00:00,cnsm-mem-01,vm.memory.size[pavailable],60.632035
2026-05-15T11:07:36+00:00,cnsm-mem-01,vm.memory.size[pavailable],44.633414
2026-05-15T11:08:36+00:00,cnsm-mem-01,vm.memory.size[pavailable],44.602249
2026-05-15T09:52:02+00:00,cnsm-mem-01,cnsm.fault.active,0
2026-05-15T09:52:17+00:00,cnsm-mem-01,cnsm.fault.active,0
2026-05-15T09:52:32+00:00,cnsm-mem-01,cnsm.fault.active,0
2026-05-15T09:52:47+00:00,cnsm-mem-01,cnsm.fault.active,0
2026-05-15T09:53:03+00:00,cnsm-mem-01,cnsm.fault.active,0
2026-05-15T09:53:17+00:00,cnsm-mem-01,cnsm.fault.active,0
2026-05-15T09:53:32+00:00,cnsm-mem-01,cnsm.fault.active,0
2026-05-15T09:53:47+00:00,cnsm-mem-01,cnsm.fault.active,0
2026-05-15T09:54:02+00:00,cnsm-mem-01,cnsm.fault.active,0
2026-05-15T09:54:17+00:00,cnsm-mem-01,cnsm.fault.active,0
2026-05-15T09:54:32+00:00,cnsm-mem-01,cnsm.fault.active,0
2026-05-15T09:54:47+00:00,cnsm-mem-01,cnsm.fault.active,0
2026-05-15T09:55:02+00:00,cnsm-mem-01,cnsm.fault.active,0
2026-05-15T09:55:17+00:00,cnsm-mem-01,cnsm.fault.active,0
2026-05-15T09:55:32+00:00,cnsm-mem-01,cnsm.fault.active,0
2026-05-15T09:55:47+00:00,cnsm-mem-01,cnsm.fault.active,0
2026-05-15T09:56:02+00:00,cnsm-mem-01,cnsm.fault.active,0
2026-05-15T09:56:17+00:00,cnsm-mem-01,cnsm.fault.active,0
2026-05-15T09:56:32+00:00,cnsm-mem-01,cnsm.fault.active,0
2026-05-15T09:56:47+00:00,cnsm-mem-01,cnsm.fault.active,0
2026-05-15T09:57:02+00:00,cnsm-mem-01,cnsm.fault.active,0
2026-05-15T09:57:17+00:00,cnsm-mem-01,cnsm.fault.active,0
2026-05-15T09:57:32+00:00,cnsm-mem-01,cnsm.fault.active,0
2026-05-15T09:57:47+00:00,cnsm-mem-01,cnsm.fault.active,0
2026-05-15T09:58:02+00:00,cnsm-mem-01,cnsm.fault.active,0
2026-05-15T09:58:17+00:00,cnsm-mem-01,cnsm.fault.active,0
2026-05-15T09:58:32+00:00,cnsm-mem-01,cnsm.fault.active,0
2026-05-15T09:58:47+00:00,cnsm-mem-01,cnsm.fault.active,0
2026-05-15T09:59:02+00:00,cnsm-mem-01,cnsm.fault.active,0
2026-05-15T09:59:17+00:00,cnsm-mem-01,cnsm.fault.active,0
2026-05-15T09:59:32+00:00,cnsm-mem-01,cnsm.fault.active,0
2026-05-15T09:59:47+00:00,cnsm-mem-01,cnsm.fault.active,0
2026-05-15T10:00:02+00:00,cnsm-mem-01,cnsm.fault.active,0
2026-05-15T10:00:17+00:00,cnsm-mem-01,cnsm.fault.active,0
2026-05-15T10:00:32+00:00,cnsm-mem-01,cnsm.fault.active,0
2026-05-15T10:00:47+00:00,cnsm-mem-01,cnsm.fault.active,0
2026-05-15T10:01:02+00:00,cnsm-mem-01,cnsm.fault.active,0
2026-05-15T10:01:17+00:00,cnsm-mem-01,cnsm.fault.active,0
2026-05-15T10:01:32+00:00,cnsm-mem-01,cnsm.fault.active,0
2026-05-15T10:01:47+00:00,cnsm-mem-01,cnsm.fault.active,0
2026-05-15T10:02:02+00:00,cnsm-mem-01,cnsm.fault.active,0
2026-05-15T10:02:17+00:00,cnsm-mem-01,cnsm.fault.active,0
2026-05-15T10:02:32+00:00,cnsm-mem-01,cnsm.fault.active,0
2026-05-15T10:02:47+00:00,cnsm-mem-01,cnsm.fault.active,0
2026-05-15T10:03:02+00:00,cnsm-mem-01,cnsm.fault.active,0
2026-05-15T10:03:17+00:00,cnsm-mem-01,cnsm.fault.active,0
2026-05-15T10:03:32+00:00,cnsm-mem-01,cnsm.fault.active,0
2026-05-15T10:03:47+00:00,cnsm-mem-01,cnsm.fault.active,0
2026-05-15T10:04:02+00:00,cnsm-mem-01,cnsm.fault.active,0
2026-05-15T10:04:17+00:00,cnsm-mem-01,cnsm.fault.active,0
2026-05-15T10:04:32+00:00,cnsm-mem-01,cnsm.fault.active,0
2026-05-15T10:04:47+00:00,cnsm-mem-01,cnsm.fault.active,0
2026-05-15T10:05:02+00:00,cnsm-mem-01,cnsm.fault.active,0
2026-05-15T10:05:17+00:00,cnsm-mem-01,cnsm.fault.active,0
2026-05-15T10:05:32+00:00,cnsm-mem-01,cnsm.fault.active,0
2026-05-15T10:05:47+00:00,cnsm-mem-01,cnsm.fault.active,0
2026-05-15T10:06:02+00:00,cnsm-mem-01,cnsm.fault.active,0
2026-05-15T10:06:17+00:00,cnsm-mem-01,cnsm.fault.active,0
2026-05-15T10:06:32+00:00,cnsm-mem-01,cnsm.fault.active,0
2026-05-15T10:06:47+00:00,cnsm-mem-01,cnsm.fault.active,0
2026-05-15T10:07:02+00:00,cnsm-mem-01,cnsm.fault.active,0
2026-05-15T10:07:17+00:00,cnsm-mem-01,cnsm.fault.active,0
2026-05-15T10:07:32+00:00,cnsm-mem-01,cnsm.fault.active,0
2026-05-15T10:07:47+00:00,cnsm-mem-01,cnsm.fault.active,0
2026-05-15T10:08:02+00:00,cnsm-mem-01,cnsm.fault.active,0
2026-05-15T10:08:17+00:00,cnsm-mem-01,cnsm.fault.active,0
2026-05-15T10:08:32+00:00,cnsm-mem-01,cnsm.fault.active,0
2026-05-15T10:08:47+00:00,cnsm-mem-01,cnsm.fault.active,0
2026-05-15T10:09:02+00:00,cnsm-mem-01,cnsm.fault.active,0
2026-05-15T10:09:17+00:00,cnsm-mem-01,cnsm.fault.active,0
2026-05-15T10:09:32+00:00,cnsm-mem-01,cnsm.fault.active,0
2026-05-15T10:09:47+00:00,cnsm-mem-01,cnsm.fault.active,0
2026-05-15T10:10:02+00:00,cnsm-mem-01,cnsm.fault.active,0
2026-05-15T10:10:17+00:00,cnsm-mem-01,cnsm.fault.active,0
2026-05-15T10:10:32+00:00,cnsm-mem-01,cnsm.fault.active,0
2026-05-15T10:10:47+00:00,cnsm-mem-01,cnsm.fault.active,0
2026-05-15T10:11:02+00:00,cnsm-mem-01,cnsm.fault.active,0
2026-05-15T10:11:18+00:00,cnsm-mem-01,cnsm.fault.active,0
2026-05-15T10:11:32+00:00,cnsm-mem-01,cnsm.fault.active,0
2026-05-15T10:11:47+00:00,cnsm-mem-01,cnsm.fault.active,0
2026-05-15T10:12:02+00:00,cnsm-mem-01,cnsm.fault.active,0
2026-05-15T10:12:17+00:00,cnsm-mem-01,cnsm.fault.active,0
2026-05-15T10:12:32+00:00,cnsm-mem-01,cnsm.fault.active,0
2026-05-15T10:12:47+00:00,cnsm-mem-01,cnsm.fault.active,0
2026-05-15T10:13:02+00:00,cnsm-mem-01,cnsm.fault.active,0
2026-05-15T10:13:17+00:00,cnsm-mem-01,cnsm.fault.active,0
2026-05-15T10:13:32+00:00,cnsm-mem-01,cnsm.fault.active,0
2026-05-15T10:13:47+00:00,cnsm-mem-01,cnsm.fault.active,0
2026-05-15T10:14:02+00:00,cnsm-mem-01,cnsm.fault.active,0
2026-05-15T10:14:17+00:00,cnsm-mem-01,cnsm.fault.active,0
2026-05-15T10:14:32+00:00,cnsm-mem-01,cnsm.fault.active,0
2026-05-15T10:14:47+00:00,cnsm-mem-01,cnsm.fault.active,0
2026-05-15T10:15:02+00:00,cnsm-mem-01,cnsm.fault.active,0
2026-05-15T10:15:17+00:00,cnsm-mem-01,cnsm.fault.active,0
2026-05-15T10:15:32+00:00,cnsm-mem-01,cnsm.fault.active,0
2026-05-15T10:15:47+00:00,cnsm-mem-01,cnsm.fault.active,0
2026-05-15T10:16:46+00:00,cnsm-mem-01,cnsm.fault.active,0
2026-05-15T10:16:47+00:00,cnsm-mem-01,cnsm.fault.active,0
2026-05-15T10:17:23+00:00,cnsm-mem-01,cnsm.fault.active,0
2026-05-15T10:17:32+00:00,cnsm-mem-01,cnsm.fault.active,0
2026-05-15T10:17:48+00:00,cnsm-mem-01,cnsm.fault.active,0
2026-05-15T10:18:02+00:00,cnsm-mem-01,cnsm.fault.active,0
2026-05-15T10:18:17+00:00,cnsm-mem-01,cnsm.fault.active,0
2026-05-15T10:18:32+00:00,cnsm-mem-01,cnsm.fault.active,0
2026-05-15T10:18:47+00:00,cnsm-mem-01,cnsm.fault.active,0
2026-05-15T10:19:02+00:00,cnsm-mem-01,cnsm.fault.active,0
2026-05-15T10:19:36+00:00,cnsm-mem-01,cnsm.fault.active,0
2026-05-15T10:19:47+00:00,cnsm-mem-01,cnsm.fault.active,0
2026-05-15T10:20:02+00:00,cnsm-mem-01,cnsm.fault.active,0
2026-05-15T10:20:17+00:00,cnsm-mem-01,cnsm.fault.active,0
2026-05-15T10:20:32+00:00,cnsm-mem-01,cnsm.fault.active,0
2026-05-15T10:20:47+00:00,cnsm-mem-01,cnsm.fault.active,0
2026-05-15T10:21:02+00:00,cnsm-mem-01,cnsm.fault.active,0
2026-05-15T10:21:17+00:00,cnsm-mem-01,cnsm.fault.active,0
2026-05-15T10:21:32+00:00,cnsm-mem-01,cnsm.fault.active,0
2026-05-15T10:21:47+00:00,cnsm-mem-01,cnsm.fault.active,0
2026-05-15T10:22:02+00:00,cnsm-mem-01,cnsm.fault.active,1
2026-05-15T10:22:18+00:00,cnsm-mem-01,cnsm.fault.active,1
2026-05-15T10:22:32+00:00,cnsm-mem-01,cnsm.fault.active,1
2026-05-15T10:22:47+00:00,cnsm-mem-01,cnsm.fault.active,1
2026-05-15T10:23:02+00:00,cnsm-mem-01,cnsm.fault.active,1
2026-05-15T10:23:17+00:00,cnsm-mem-01,cnsm.fault.active,1
2026-05-15T10:23:32+00:00,cnsm-mem-01,cnsm.fault.active,1
2026-05-15T10:23:47+00:00,cnsm-mem-01,cnsm.fault.active,1
2026-05-15T10:24:02+00:00,cnsm-mem-01,cnsm.fault.active,1
2026-05-15T10:24:17+00:00,cnsm-mem-01,cnsm.fault.active,1
2026-05-15T10:24:32+00:00,cnsm-mem-01,cnsm.fault.active,1
2026-05-15T10:24:47+00:00,cnsm-mem-01,cnsm.fault.active,1
2026-05-15T10:25:02+00:00,cnsm-mem-01,cnsm.fault.active,1
2026-05-15T10:25:17+00:00,cnsm-mem-01,cnsm.fault.active,1
2026-05-15T10:25:32+00:00,cnsm-mem-01,cnsm.fault.active,1
2026-05-15T10:25:47+00:00,cnsm-mem-01,cnsm.fault.active,1
2026-05-15T10:26:02+00:00,cnsm-mem-01,cnsm.fault.active,1
2026-05-15T10:26:20+00:00,cnsm-mem-01,cnsm.fault.active,1
2026-05-15T10:26:32+00:00,cnsm-mem-01,cnsm.fault.active,1
2026-05-15T10:26:47+00:00,cnsm-mem-01,cnsm.fault.active,1
2026-05-15T10:27:02+00:00,cnsm-mem-01,cnsm.fault.active,1
2026-05-15T10:27:17+00:00,cnsm-mem-01,cnsm.fault.active,1
2026-05-15T10:27:32+00:00,cnsm-mem-01,cnsm.fault.active,1
2026-05-15T10:27:47+00:00,cnsm-mem-01,cnsm.fault.active,1
2026-05-15T10:28:02+00:00,cnsm-mem-01,cnsm.fault.active,1
2026-05-15T10:28:17+00:00,cnsm-mem-01,cnsm.fault.active,1
2026-05-15T10:28:32+00:00,cnsm-mem-01,cnsm.fault.active,1
2026-05-15T10:28:47+00:00,cnsm-mem-01,cnsm.fault.active,1
2026-05-15T10:29:02+00:00,cnsm-mem-01,cnsm.fault.active,1
2026-05-15T10:29:17+00:00,cnsm-mem-01,cnsm.fault.active,1
2026-05-15T10:29:32+00:00,cnsm-mem-01,cnsm.fault.active,1
2026-05-15T10:29:47+00:00,cnsm-mem-01,cnsm.fault.active,1
2026-05-15T10:30:02+00:00,cnsm-mem-01,cnsm.fault.active,1
2026-05-15T10:30:17+00:00,cnsm-mem-01,cnsm.fault.active,1
2026-05-15T10:30:32+00:00,cnsm-mem-01,cnsm.fault.active,1
2026-05-15T10:30:47+00:00,cnsm-mem-01,cnsm.fault.active,1
2026-05-15T10:31:02+00:00,cnsm-mem-01,cnsm.fault.active,1
2026-05-15T10:31:17+00:00,cnsm-mem-01,cnsm.fault.active,1
2026-05-15T10:31:32+00:00,cnsm-mem-01,cnsm.fault.active,1
2026-05-15T10:31:47+00:00,cnsm-mem-01,cnsm.fault.active,1
2026-05-15T10:32:02+00:00,cnsm-mem-01,cnsm.fault.active,1
2026-05-15T10:32:17+00:00,cnsm-mem-01,cnsm.fault.active,1
2026-05-15T10:32:32+00:00,cnsm-mem-01,cnsm.fault.active,1
2026-05-15T10:32:47+00:00,cnsm-mem-01,cnsm.fault.active,1
2026-05-15T10:33:02+00:00,cnsm-mem-01,cnsm.fault.active,1
2026-05-15T10:33:17+00:00,cnsm-mem-01,cnsm.fault.active,1
2026-05-15T10:33:32+00:00,cnsm-mem-01,cnsm.fault.active,1
2026-05-15T10:33:47+00:00,cnsm-mem-01,cnsm.fault.active,1
2026-05-15T10:34:02+00:00,cnsm-mem-01,cnsm.fault.active,1
2026-05-15T10:34:17+00:00,cnsm-mem-01,cnsm.fault.active,1
2026-05-15T10:34:32+00:00,cnsm-mem-01,cnsm.fault.active,1
2026-05-15T10:34:47+00:00,cnsm-mem-01,cnsm.fault.active,1
2026-05-15T10:35:02+00:00,cnsm-mem-01,cnsm.fault.active,1
2026-05-15T10:35:17+00:00,cnsm-mem-01,cnsm.fault.active,1
2026-05-15T10:35:32+00:00,cnsm-mem-01,cnsm.fault.active,1
2026-05-15T10:35:47+00:00,cnsm-mem-01,cnsm.fault.active,1
2026-05-15T10:36:02+00:00,cnsm-mem-01,cnsm.fault.active,1
2026-05-15T10:36:17+00:00,cnsm-mem-01,cnsm.fault.active,1
2026-05-15T10:36:32+00:00,cnsm-mem-01,cnsm.fault.active,1
2026-05-15T10:36:47+00:00,cnsm-mem-01,cnsm.fault.active,1
2026-05-15T10:37:02+00:00,cnsm-mem-01,cnsm.fault.active,1
2026-05-15T10:37:17+00:00,cnsm-mem-01,cnsm.fault.active,1
2026-05-15T10:37:32+00:00,cnsm-mem-01,cnsm.fault.active,1
2026-05-15T10:37:47+00:00,cnsm-mem-01,cnsm.fault.active,1
2026-05-15T10:38:02+00:00,cnsm-mem-01,cnsm.fault.active,1
2026-05-15T10:38:17+00:00,cnsm-mem-01,cnsm.fault.active,1
2026-05-15T10:38:32+00:00,cnsm-mem-01,cnsm.fault.active,1
2026-05-15T10:38:47+00:00,cnsm-mem-01,cnsm.fault.active,1
2026-05-15T10:39:02+00:00,cnsm-mem-01,cnsm.fault.active,1
2026-05-15T10:39:17+00:00,cnsm-mem-01,cnsm.fault.active,0
2026-05-15T10:39:32+00:00,cnsm-mem-01,cnsm.fault.active,0
2026-05-15T10:39:47+00:00,cnsm-mem-01,cnsm.fault.active,0
2026-05-15T10:40:02+00:00,cnsm-mem-01,cnsm.fault.active,0
2026-05-15T10:40:17+00:00,cnsm-mem-01,cnsm.fault.active,0
2026-05-15T10:40:32+00:00,cnsm-mem-01,cnsm.fault.active,0
2026-05-15T10:40:47+00:00,cnsm-mem-01,cnsm.fault.active,0
2026-05-15T10:41:02+00:00,cnsm-mem-01,cnsm.fault.active,0
2026-05-15T10:41:17+00:00,cnsm-mem-01,cnsm.fault.active,0
2026-05-15T10:41:32+00:00,cnsm-mem-01,cnsm.fault.active,0
2026-05-15T10:41:47+00:00,cnsm-mem-01,cnsm.fault.active,0
2026-05-15T10:42:02+00:00,cnsm-mem-01,cnsm.fault.active,0
2026-05-15T10:42:17+00:00,cnsm-mem-01,cnsm.fault.active,0
2026-05-15T10:42:32+00:00,cnsm-mem-01,cnsm.fault.active,0
2026-05-15T10:42:47+00:00,cnsm-mem-01,cnsm.fault.active,0
2026-05-15T10:43:02+00:00,cnsm-mem-01,cnsm.fault.active,0
2026-05-15T10:43:17+00:00,cnsm-mem-01,cnsm.fault.active,0
2026-05-15T10:43:32+00:00,cnsm-mem-01,cnsm.fault.active,0
2026-05-15T10:43:47+00:00,cnsm-mem-01,cnsm.fault.active,0
2026-05-15T10:44:02+00:00,cnsm-mem-01,cnsm.fault.active,0
2026-05-15T10:44:17+00:00,cnsm-mem-01,cnsm.fault.active,0
2026-05-15T10:44:32+00:00,cnsm-mem-01,cnsm.fault.active,0
2026-05-15T10:44:47+00:00,cnsm-mem-01,cnsm.fault.active,0
2026-05-15T10:45:02+00:00,cnsm-mem-01,cnsm.fault.active,0
2026-05-15T10:45:17+00:00,cnsm-mem-01,cnsm.fault.active,0
2026-05-15T10:45:32+00:00,cnsm-mem-01,cnsm.fault.active,0
2026-05-15T10:45:47+00:00,cnsm-mem-01,cnsm.fault.active,0
2026-05-15T10:46:02+00:00,cnsm-mem-01,cnsm.fault.active,0
2026-05-15T10:46:17+00:00,cnsm-mem-01,cnsm.fault.active,0
2026-05-15T10:46:32+00:00,cnsm-mem-01,cnsm.fault.active,0
2026-05-15T10:46:47+00:00,cnsm-mem-01,cnsm.fault.active,0
2026-05-15T10:47:02+00:00,cnsm-mem-01,cnsm.fault.active,0
2026-05-15T10:47:17+00:00,cnsm-mem-01,cnsm.fault.active,0
2026-05-15T10:47:32+00:00,cnsm-mem-01,cnsm.fault.active,0
2026-05-15T10:47:47+00:00,cnsm-mem-01,cnsm.fault.active,0
2026-05-15T10:48:02+00:00,cnsm-mem-01,cnsm.fault.active,0
2026-05-15T10:48:17+00:00,cnsm-mem-01,cnsm.fault.active,0
2026-05-15T10:48:32+00:00,cnsm-mem-01,cnsm.fault.active,0
2026-05-15T10:48:47+00:00,cnsm-mem-01,cnsm.fault.active,0
2026-05-15T10:49:02+00:00,cnsm-mem-01,cnsm.fault.active,0
2026-05-15T10:49:17+00:00,cnsm-mem-01,cnsm.fault.active,0
2026-05-15T10:49:32+00:00,cnsm-mem-01,cnsm.fault.active,0
2026-05-15T10:49:47+00:00,cnsm-mem-01,cnsm.fault.active,0
2026-05-15T10:50:02+00:00,cnsm-mem-01,cnsm.fault.active,0
2026-05-15T10:50:17+00:00,cnsm-mem-01,cnsm.fault.active,0
2026-05-15T10:50:32+00:00,cnsm-mem-01,cnsm.fault.active,0
2026-05-15T10:50:47+00:00,cnsm-mem-01,cnsm.fault.active,0
2026-05-15T10:51:02+00:00,cnsm-mem-01,cnsm.fault.active,0
2026-05-15T10:51:17+00:00,cnsm-mem-01,cnsm.fault.active,0
2026-05-15T10:51:32+00:00,cnsm-mem-01,cnsm.fault.active,0
2026-05-15T10:51:47+00:00,cnsm-mem-01,cnsm.fault.active,0
2026-05-15T10:52:02+00:00,cnsm-mem-01,cnsm.fault.active,0
2026-05-15T10:52:17+00:00,cnsm-mem-01,cnsm.fault.active,0
2026-05-15T10:52:32+00:00,cnsm-mem-01,cnsm.fault.active,0
2026-05-15T10:52:47+00:00,cnsm-mem-01,cnsm.fault.active,0
2026-05-15T10:53:02+00:00,cnsm-mem-01,cnsm.fault.active,0
2026-05-15T10:53:17+00:00,cnsm-mem-01,cnsm.fault.active,0
2026-05-15T10:53:32+00:00,cnsm-mem-01,cnsm.fault.active,0
2026-05-15T10:53:47+00:00,cnsm-mem-01,cnsm.fault.active,0
2026-05-15T10:54:02+00:00,cnsm-mem-01,cnsm.fault.active,0
2026-05-15T10:54:17+00:00,cnsm-mem-01,cnsm.fault.active,0
2026-05-15T10:54:32+00:00,cnsm-mem-01,cnsm.fault.active,0
2026-05-15T10:54:47+00:00,cnsm-mem-01,cnsm.fault.active,0
2026-05-15T10:55:02+00:00,cnsm-mem-01,cnsm.fault.active,0
2026-05-15T10:55:17+00:00,cnsm-mem-01,cnsm.fault.active,0
2026-05-15T10:55:32+00:00,cnsm-mem-01,cnsm.fault.active,0
2026-05-15T10:55:47+00:00,cnsm-mem-01,cnsm.fault.active,0
2026-05-15T10:56:02+00:00,cnsm-mem-01,cnsm.fault.active,0
2026-05-15T10:56:17+00:00,cnsm-mem-01,cnsm.fault.active,0
2026-05-15T10:56:32+00:00,cnsm-mem-01,cnsm.fault.active,0
2026-05-15T10:56:47+00:00,cnsm-mem-01,cnsm.fault.active,0
2026-05-15T10:57:02+00:00,cnsm-mem-01,cnsm.fault.active,0
2026-05-15T10:57:17+00:00,cnsm-mem-01,cnsm.fault.active,0
2026-05-15T10:57:32+00:00,cnsm-mem-01,cnsm.fault.active,0
2026-05-15T10:57:47+00:00,cnsm-mem-01,cnsm.fault.active,0
2026-05-15T10:58:02+00:00,cnsm-mem-01,cnsm.fault.active,0
2026-05-15T10:58:17+00:00,cnsm-mem-01,cnsm.fault.active,0
2026-05-15T10:58:32+00:00,cnsm-mem-01,cnsm.fault.active,0
2026-05-15T10:58:47+00:00,cnsm-mem-01,cnsm.fault.active,0
2026-05-15T10:59:02+00:00,cnsm-mem-01,cnsm.fault.active,0
2026-05-15T10:59:17+00:00,cnsm-mem-01,cnsm.fault.active,0
2026-05-15T10:59:32+00:00,cnsm-mem-01,cnsm.fault.active,0
2026-05-15T10:59:47+00:00,cnsm-mem-01,cnsm.fault.active,0
2026-05-15T11:00:02+00:00,cnsm-mem-01,cnsm.fault.active,0
2026-05-15T11:00:17+00:00,cnsm-mem-01,cnsm.fault.active,0
2026-05-15T11:00:32+00:00,cnsm-mem-01,cnsm.fault.active,0
2026-05-15T11:00:47+00:00,cnsm-mem-01,cnsm.fault.active,0
2026-05-15T11:01:02+00:00,cnsm-mem-01,cnsm.fault.active,0
2026-05-15T11:01:17+00:00,cnsm-mem-01,cnsm.fault.active,0
2026-05-15T11:01:32+00:00,cnsm-mem-01,cnsm.fault.active,0
2026-05-15T11:01:47+00:00,cnsm-mem-01,cnsm.fault.active,0
2026-05-15T11:02:02+00:00,cnsm-mem-01,cnsm.fault.active,0
2026-05-15T11:02:17+00:00,cnsm-mem-01,cnsm.fault.active,0
2026-05-15T11:02:32+00:00,cnsm-mem-01,cnsm.fault.active,0
2026-05-15T11:02:47+00:00,cnsm-mem-01,cnsm.fault.active,0
2026-05-15T11:03:02+00:00,cnsm-mem-01,cnsm.fault.active,0
2026-05-15T11:03:17+00:00,cnsm-mem-01,cnsm.fault.active,0
2026-05-15T11:03:32+00:00,cnsm-mem-01,cnsm.fault.active,0
2026-05-15T11:03:47+00:00,cnsm-mem-01,cnsm.fault.active,0
2026-05-15T11:04:02+00:00,cnsm-mem-01,cnsm.fault.active,0
2026-05-15T11:04:17+00:00,cnsm-mem-01,cnsm.fault.active,0
2026-05-15T11:04:32+00:00,cnsm-mem-01,cnsm.fault.active,0
2026-05-15T11:04:47+00:00,cnsm-mem-01,cnsm.fault.active,0
2026-05-15T11:05:02+00:00,cnsm-mem-01,cnsm.fault.active,0
2026-05-15T11:05:17+00:00,cnsm-mem-01,cnsm.fault.active,0
2026-05-15T11:05:32+00:00,cnsm-mem-01,cnsm.fault.active,0
2026-05-15T11:05:47+00:00,cnsm-mem-01,cnsm.fault.active,0
2026-05-15T11:06:02+00:00,cnsm-mem-01,cnsm.fault.active,0
2026-05-15T11:06:17+00:00,cnsm-mem-01,cnsm.fault.active,0
2026-05-15T11:06:32+00:00,cnsm-mem-01,cnsm.fault.active,0
2026-05-15T11:06:47+00:00,cnsm-mem-01,cnsm.fault.active,0
2026-05-15T11:07:02+00:00,cnsm-mem-01,cnsm.fault.active,0
2026-05-15T11:07:17+00:00,cnsm-mem-01,cnsm.fault.active,0
2026-05-15T11:07:32+00:00,cnsm-mem-01,cnsm.fault.active,0
2026-05-15T11:07:47+00:00,cnsm-mem-01,cnsm.fault.active,0
2026-05-15T11:08:02+00:00,cnsm-mem-01,cnsm.fault.active,0
2026-05-15T11:08:17+00:00,cnsm-mem-01,cnsm.fault.active,0
2026-05-15T11:08:32+00:00,cnsm-mem-01,cnsm.fault.active,0
2026-05-15T11:08:47+00:00,cnsm-mem-01,cnsm.fault.active,0
2026-05-15T11:09:02+00:00,cnsm-mem-01,cnsm.fault.active,0
2026-05-15T09:52:18+00:00,cnsm-mem-01,cnsm.fault.class,none
2026-05-15T09:53:18+00:00,cnsm-mem-01,cnsm.fault.class,none
2026-05-15T09:54:18+00:00,cnsm-mem-01,cnsm.fault.class,none
2026-05-15T09:55:18+00:00,cnsm-mem-01,cnsm.fault.class,none
2026-05-15T09:56:18+00:00,cnsm-mem-01,cnsm.fault.class,none
2026-05-15T09:57:19+00:00,cnsm-mem-01,cnsm.fault.class,none
2026-05-15T09:58:18+00:00,cnsm-mem-01,cnsm.fault.class,none
2026-05-15T09:59:18+00:00,cnsm-mem-01,cnsm.fault.class,none
2026-05-15T10:00:18+00:00,cnsm-mem-01,cnsm.fault.class,none
2026-05-15T10:01:18+00:00,cnsm-mem-01,cnsm.fault.class,none
2026-05-15T10:02:18+00:00,cnsm-mem-01,cnsm.fault.class,none
2026-05-15T10:03:18+00:00,cnsm-mem-01,cnsm.fault.class,none
2026-05-15T10:04:18+00:00,cnsm-mem-01,cnsm.fault.class,none
2026-05-15T10:05:18+00:00,cnsm-mem-01,cnsm.fault.class,none
2026-05-15T10:06:18+00:00,cnsm-mem-01,cnsm.fault.class,none
2026-05-15T10:07:18+00:00,cnsm-mem-01,cnsm.fault.class,none
2026-05-15T10:08:18+00:00,cnsm-mem-01,cnsm.fault.class,none
2026-05-15T10:09:18+00:00,cnsm-mem-01,cnsm.fault.class,none
2026-05-15T10:10:18+00:00,cnsm-mem-01,cnsm.fault.class,none
2026-05-15T10:11:18+00:00,cnsm-mem-01,cnsm.fault.class,none
2026-05-15T10:12:18+00:00,cnsm-mem-01,cnsm.fault.class,none
2026-05-15T10:13:18+00:00,cnsm-mem-01,cnsm.fault.class,none
2026-05-15T10:14:18+00:00,cnsm-mem-01,cnsm.fault.class,none
2026-05-15T10:15:18+00:00,cnsm-mem-01,cnsm.fault.class,none
2026-05-15T10:16:46+00:00,cnsm-mem-01,cnsm.fault.class,none
2026-05-15T10:17:19+00:00,cnsm-mem-01,cnsm.fault.class,none
2026-05-15T10:18:18+00:00,cnsm-mem-01,cnsm.fault.class,none
2026-05-15T10:19:40+00:00,cnsm-mem-01,cnsm.fault.class,none
2026-05-15T10:20:18+00:00,cnsm-mem-01,cnsm.fault.class,none
2026-05-15T10:21:18+00:00,cnsm-mem-01,cnsm.fault.class,none
2026-05-15T10:22:18+00:00,cnsm-mem-01,cnsm.fault.class,disk_io
2026-05-15T10:23:18+00:00,cnsm-mem-01,cnsm.fault.class,disk_io
2026-05-15T10:24:18+00:00,cnsm-mem-01,cnsm.fault.class,disk_io
2026-05-15T10:25:18+00:00,cnsm-mem-01,cnsm.fault.class,disk_io
2026-05-15T10:26:20+00:00,cnsm-mem-01,cnsm.fault.class,disk_io
2026-05-15T10:27:18+00:00,cnsm-mem-01,cnsm.fault.class,disk_io
2026-05-15T10:28:18+00:00,cnsm-mem-01,cnsm.fault.class,disk_io
2026-05-15T10:29:18+00:00,cnsm-mem-01,cnsm.fault.class,disk_io
2026-05-15T10:30:19+00:00,cnsm-mem-01,cnsm.fault.class,disk_io
2026-05-15T10:31:18+00:00,cnsm-mem-01,cnsm.fault.class,disk_io
2026-05-15T10:32:18+00:00,cnsm-mem-01,cnsm.fault.class,disk_io
2026-05-15T10:33:18+00:00,cnsm-mem-01,cnsm.fault.class,disk_io
2026-05-15T10:34:18+00:00,cnsm-mem-01,cnsm.fault.class,disk_io
2026-05-15T10:35:18+00:00,cnsm-mem-01,cnsm.fault.class,disk_io
2026-05-15T10:36:18+00:00,cnsm-mem-01,cnsm.fault.class,disk_io
2026-05-15T10:37:18+00:00,cnsm-mem-01,cnsm.fault.class,disk_io
2026-05-15T10:38:18+00:00,cnsm-mem-01,cnsm.fault.class,disk_io
2026-05-15T10:39:18+00:00,cnsm-mem-01,cnsm.fault.class,none
2026-05-15T10:40:18+00:00,cnsm-mem-01,cnsm.fault.class,none
2026-05-15T10:41:18+00:00,cnsm-mem-01,cnsm.fault.class,none
2026-05-15T10:42:18+00:00,cnsm-mem-01,cnsm.fault.class,none
2026-05-15T10:43:18+00:00,cnsm-mem-01,cnsm.fault.class,none
2026-05-15T10:44:18+00:00,cnsm-mem-01,cnsm.fault.class,none
2026-05-15T10:45:18+00:00,cnsm-mem-01,cnsm.fault.class,none
2026-05-15T10:46:18+00:00,cnsm-mem-01,cnsm.fault.class,none
2026-05-15T10:47:18+00:00,cnsm-mem-01,cnsm.fault.class,none
2026-05-15T10:48:18+00:00,cnsm-mem-01,cnsm.fault.class,none
2026-05-15T10:49:18+00:00,cnsm-mem-01,cnsm.fault.class,none
2026-05-15T10:50:18+00:00,cnsm-mem-01,cnsm.fault.class,none
2026-05-15T10:51:18+00:00,cnsm-mem-01,cnsm.fault.class,none
2026-05-15T10:52:18+00:00,cnsm-mem-01,cnsm.fault.class,none
2026-05-15T10:53:18+00:00,cnsm-mem-01,cnsm.fault.class,none
2026-05-15T10:54:18+00:00,cnsm-mem-01,cnsm.fault.class,none
2026-05-15T10:55:18+00:00,cnsm-mem-01,cnsm.fault.class,none
2026-05-15T10:56:18+00:00,cnsm-mem-01,cnsm.fault.class,none
2026-05-15T10:57:18+00:00,cnsm-mem-01,cnsm.fault.class,none
2026-05-15T10:58:18+00:00,cnsm-mem-01,cnsm.fault.class,none
2026-05-15T10:59:18+00:00,cnsm-mem-01,cnsm.fault.class,none
2026-05-15T11:00:18+00:00,cnsm-mem-01,cnsm.fault.class,none
2026-05-15T11:01:18+00:00,cnsm-mem-01,cnsm.fault.class,none
2026-05-15T11:02:18+00:00,cnsm-mem-01,cnsm.fault.class,none
2026-05-15T11:03:18+00:00,cnsm-mem-01,cnsm.fault.class,none
2026-05-15T11:04:18+00:00,cnsm-mem-01,cnsm.fault.class,none
2026-05-15T11:05:18+00:00,cnsm-mem-01,cnsm.fault.class,none
2026-05-15T11:06:18+00:00,cnsm-mem-01,cnsm.fault.class,none
2026-05-15T11:07:18+00:00,cnsm-mem-01,cnsm.fault.class,none
2026-05-15T11:08:18+00:00,cnsm-mem-01,cnsm.fault.class,none
2026-05-15T09:53:01+00:00,cnsm-mem-01,cnsm.tcp.established,3
2026-05-15T09:54:01+00:00,cnsm-mem-01,cnsm.tcp.established,5
2026-05-15T09:55:01+00:00,cnsm-mem-01,cnsm.tcp.established,4
2026-05-15T09:56:01+00:00,cnsm-mem-01,cnsm.tcp.established,5
2026-05-15T09:57:01+00:00,cnsm-mem-01,cnsm.tcp.established,2
2026-05-15T09:58:01+00:00,cnsm-mem-01,cnsm.tcp.established,4
2026-05-15T09:59:00+00:00,cnsm-mem-01,cnsm.tcp.established,2
2026-05-15T10:00:01+00:00,cnsm-mem-01,cnsm.tcp.established,6
2026-05-15T10:01:01+00:00,cnsm-mem-01,cnsm.tcp.established,5
2026-05-15T10:02:01+00:00,cnsm-mem-01,cnsm.tcp.established,4
2026-05-15T10:03:01+00:00,cnsm-mem-01,cnsm.tcp.established,2
2026-05-15T10:04:01+00:00,cnsm-mem-01,cnsm.tcp.established,1
2026-05-15T10:05:01+00:00,cnsm-mem-01,cnsm.tcp.established,2
2026-05-15T10:06:01+00:00,cnsm-mem-01,cnsm.tcp.established,4
2026-05-15T10:07:01+00:00,cnsm-mem-01,cnsm.tcp.established,5
2026-05-15T10:08:01+00:00,cnsm-mem-01,cnsm.tcp.established,5
2026-05-15T10:09:01+00:00,cnsm-mem-01,cnsm.tcp.established,2
2026-05-15T10:10:01+00:00,cnsm-mem-01,cnsm.tcp.established,4
2026-05-15T10:11:01+00:00,cnsm-mem-01,cnsm.tcp.established,3
2026-05-15T10:12:00+00:00,cnsm-mem-01,cnsm.tcp.established,3
2026-05-15T10:13:01+00:00,cnsm-mem-01,cnsm.tcp.established,3
2026-05-15T10:14:01+00:00,cnsm-mem-01,cnsm.tcp.established,3
2026-05-15T10:15:01+00:00,cnsm-mem-01,cnsm.tcp.established,4
2026-05-15T10:16:47+00:00,cnsm-mem-01,cnsm.tcp.established,5
2026-05-15T10:17:23+00:00,cnsm-mem-01,cnsm.tcp.established,6
2026-05-15T10:18:02+00:00,cnsm-mem-01,cnsm.tcp.established,5
2026-05-15T10:19:01+00:00,cnsm-mem-01,cnsm.tcp.established,3
2026-05-15T10:20:01+00:00,cnsm-mem-01,cnsm.tcp.established,6
2026-05-15T10:21:01+00:00,cnsm-mem-01,cnsm.tcp.established,5
2026-05-15T10:22:01+00:00,cnsm-mem-01,cnsm.tcp.established,4
2026-05-15T10:23:01+00:00,cnsm-mem-01,cnsm.tcp.established,3
2026-05-15T10:24:00+00:00,cnsm-mem-01,cnsm.tcp.established,3
2026-05-15T10:25:01+00:00,cnsm-mem-01,cnsm.tcp.established,6
2026-05-15T10:26:01+00:00,cnsm-mem-01,cnsm.tcp.established,5
2026-05-15T10:27:01+00:00,cnsm-mem-01,cnsm.tcp.established,3
2026-05-15T10:28:01+00:00,cnsm-mem-01,cnsm.tcp.established,2
2026-05-15T10:29:00+00:00,cnsm-mem-01,cnsm.tcp.established,2
2026-05-15T10:30:01+00:00,cnsm-mem-01,cnsm.tcp.established,1
2026-05-15T10:31:01+00:00,cnsm-mem-01,cnsm.tcp.established,1
2026-05-15T10:32:01+00:00,cnsm-mem-01,cnsm.tcp.established,1
2026-05-15T10:33:01+00:00,cnsm-mem-01,cnsm.tcp.established,2
2026-05-15T10:34:01+00:00,cnsm-mem-01,cnsm.tcp.established,2
2026-05-15T10:35:01+00:00,cnsm-mem-01,cnsm.tcp.established,1
2026-05-15T10:36:01+00:00,cnsm-mem-01,cnsm.tcp.established,2
2026-05-15T10:37:01+00:00,cnsm-mem-01,cnsm.tcp.established,2
2026-05-15T10:38:01+00:00,cnsm-mem-01,cnsm.tcp.established,4
2026-05-15T10:39:01+00:00,cnsm-mem-01,cnsm.tcp.established,1
2026-05-15T10:40:01+00:00,cnsm-mem-01,cnsm.tcp.established,1
2026-05-15T10:41:01+00:00,cnsm-mem-01,cnsm.tcp.established,3
2026-05-15T10:42:01+00:00,cnsm-mem-01,cnsm.tcp.established,2
2026-05-15T10:43:01+00:00,cnsm-mem-01,cnsm.tcp.established,1
2026-05-15T10:44:01+00:00,cnsm-mem-01,cnsm.tcp.established,2
2026-05-15T10:45:01+00:00,cnsm-mem-01,cnsm.tcp.established,2
2026-05-15T10:46:01+00:00,cnsm-mem-01,cnsm.tcp.established,1
2026-05-15T10:47:01+00:00,cnsm-mem-01,cnsm.tcp.established,1
2026-05-15T10:48:01+00:00,cnsm-mem-01,cnsm.tcp.established,3
2026-05-15T10:49:01+00:00,cnsm-mem-01,cnsm.tcp.established,2
2026-05-15T10:50:01+00:00,cnsm-mem-01,cnsm.tcp.established,2
2026-05-15T10:51:01+00:00,cnsm-mem-01,cnsm.tcp.established,3
2026-05-15T10:52:01+00:00,cnsm-mem-01,cnsm.tcp.established,4
2026-05-15T10:53:01+00:00,cnsm-mem-01,cnsm.tcp.established,2
2026-05-15T10:54:01+00:00,cnsm-mem-01,cnsm.tcp.established,3
2026-05-15T10:55:01+00:00,cnsm-mem-01,cnsm.tcp.established,2
2026-05-15T10:56:01+00:00,cnsm-mem-01,cnsm.tcp.established,2
2026-05-15T10:57:01+00:00,cnsm-mem-01,cnsm.tcp.established,1
2026-05-15T10:58:01+00:00,cnsm-mem-01,cnsm.tcp.established,3
2026-05-15T10:59:01+00:00,cnsm-mem-01,cnsm.tcp.established,3
2026-05-15T11:00:01+00:00,cnsm-mem-01,cnsm.tcp.established,2
2026-05-15T11:01:01+00:00,cnsm-mem-01,cnsm.tcp.established,1
2026-05-15T11:02:01+00:00,cnsm-mem-01,cnsm.tcp.established,2
2026-05-15T11:03:01+00:00,cnsm-mem-01,cnsm.tcp.established,2
2026-05-15T11:04:01+00:00,cnsm-mem-01,cnsm.tcp.established,2
2026-05-15T11:05:01+00:00,cnsm-mem-01,cnsm.tcp.established,2
2026-05-15T11:06:01+00:00,cnsm-mem-01,cnsm.tcp.established,1
2026-05-15T11:07:01+00:00,cnsm-mem-01,cnsm.tcp.established,1
2026-05-15T11:08:01+00:00,cnsm-mem-01,cnsm.tcp.established,2
2026-05-15T11:09:01+00:00,cnsm-mem-01,cnsm.tcp.established,2
2026-05-15T09:53:01+00:00,cnsm-mem-01,cnsm.tcp.listen,5
2026-05-15T09:54:01+00:00,cnsm-mem-01,cnsm.tcp.listen,5
2026-05-15T09:55:01+00:00,cnsm-mem-01,cnsm.tcp.listen,5
2026-05-15T09:56:01+00:00,cnsm-mem-01,cnsm.tcp.listen,5
2026-05-15T09:57:01+00:00,cnsm-mem-01,cnsm.tcp.listen,5
2026-05-15T09:58:01+00:00,cnsm-mem-01,cnsm.tcp.listen,5
2026-05-15T09:59:01+00:00,cnsm-mem-01,cnsm.tcp.listen,5
2026-05-15T10:00:01+00:00,cnsm-mem-01,cnsm.tcp.listen,5
2026-05-15T10:01:01+00:00,cnsm-mem-01,cnsm.tcp.listen,5
2026-05-15T10:02:01+00:00,cnsm-mem-01,cnsm.tcp.listen,5
2026-05-15T10:03:01+00:00,cnsm-mem-01,cnsm.tcp.listen,5
2026-05-15T10:04:01+00:00,cnsm-mem-01,cnsm.tcp.listen,5
2026-05-15T10:05:01+00:00,cnsm-mem-01,cnsm.tcp.listen,5
2026-05-15T10:06:01+00:00,cnsm-mem-01,cnsm.tcp.listen,5
2026-05-15T10:07:01+00:00,cnsm-mem-01,cnsm.tcp.listen,5
2026-05-15T10:08:01+00:00,cnsm-mem-01,cnsm.tcp.listen,5
2026-05-15T10:09:01+00:00,cnsm-mem-01,cnsm.tcp.listen,5
2026-05-15T10:10:01+00:00,cnsm-mem-01,cnsm.tcp.listen,5
2026-05-15T10:11:01+00:00,cnsm-mem-01,cnsm.tcp.listen,5
2026-05-15T10:12:01+00:00,cnsm-mem-01,cnsm.tcp.listen,5
2026-05-15T10:13:01+00:00,cnsm-mem-01,cnsm.tcp.listen,5
2026-05-15T10:14:01+00:00,cnsm-mem-01,cnsm.tcp.listen,5
2026-05-15T10:15:01+00:00,cnsm-mem-01,cnsm.tcp.listen,5
2026-05-15T10:16:47+00:00,cnsm-mem-01,cnsm.tcp.listen,5
2026-05-15T10:17:23+00:00,cnsm-mem-01,cnsm.tcp.listen,5
2026-05-15T10:18:02+00:00,cnsm-mem-01,cnsm.tcp.listen,5
2026-05-15T10:19:01+00:00,cnsm-mem-01,cnsm.tcp.listen,5
2026-05-15T10:20:01+00:00,cnsm-mem-01,cnsm.tcp.listen,5
2026-05-15T10:21:01+00:00,cnsm-mem-01,cnsm.tcp.listen,5
2026-05-15T10:22:01+00:00,cnsm-mem-01,cnsm.tcp.listen,5
2026-05-15T10:23:01+00:00,cnsm-mem-01,cnsm.tcp.listen,5
2026-05-15T10:24:01+00:00,cnsm-mem-01,cnsm.tcp.listen,5
2026-05-15T10:25:01+00:00,cnsm-mem-01,cnsm.tcp.listen,5
2026-05-15T10:26:01+00:00,cnsm-mem-01,cnsm.tcp.listen,5
2026-05-15T10:27:01+00:00,cnsm-mem-01,cnsm.tcp.listen,5
2026-05-15T10:28:01+00:00,cnsm-mem-01,cnsm.tcp.listen,5
2026-05-15T10:29:01+00:00,cnsm-mem-01,cnsm.tcp.listen,5
2026-05-15T10:30:01+00:00,cnsm-mem-01,cnsm.tcp.listen,5
2026-05-15T10:31:01+00:00,cnsm-mem-01,cnsm.tcp.listen,5
2026-05-15T10:32:01+00:00,cnsm-mem-01,cnsm.tcp.listen,5
2026-05-15T10:33:01+00:00,cnsm-mem-01,cnsm.tcp.listen,5
2026-05-15T10:34:01+00:00,cnsm-mem-01,cnsm.tcp.listen,5
2026-05-15T10:35:01+00:00,cnsm-mem-01,cnsm.tcp.listen,5
2026-05-15T10:36:01+00:00,cnsm-mem-01,cnsm.tcp.listen,5
2026-05-15T10:37:01+00:00,cnsm-mem-01,cnsm.tcp.listen,5
2026-05-15T10:38:01+00:00,cnsm-mem-01,cnsm.tcp.listen,5
2026-05-15T10:39:01+00:00,cnsm-mem-01,cnsm.tcp.listen,5
2026-05-15T10:40:01+00:00,cnsm-mem-01,cnsm.tcp.listen,5
2026-05-15T10:41:01+00:00,cnsm-mem-01,cnsm.tcp.listen,5
2026-05-15T10:42:01+00:00,cnsm-mem-01,cnsm.tcp.listen,5
2026-05-15T10:43:01+00:00,cnsm-mem-01,cnsm.tcp.listen,5
2026-05-15T10:44:01+00:00,cnsm-mem-01,cnsm.tcp.listen,5
2026-05-15T10:45:01+00:00,cnsm-mem-01,cnsm.tcp.listen,5
2026-05-15T10:46:01+00:00,cnsm-mem-01,cnsm.tcp.listen,5
2026-05-15T10:47:01+00:00,cnsm-mem-01,cnsm.tcp.listen,5
2026-05-15T10:48:01+00:00,cnsm-mem-01,cnsm.tcp.listen,5
2026-05-15T10:49:01+00:00,cnsm-mem-01,cnsm.tcp.listen,5
2026-05-15T10:50:01+00:00,cnsm-mem-01,cnsm.tcp.listen,5
2026-05-15T10:51:01+00:00,cnsm-mem-01,cnsm.tcp.listen,5
2026-05-15T10:52:01+00:00,cnsm-mem-01,cnsm.tcp.listen,5
2026-05-15T10:53:01+00:00,cnsm-mem-01,cnsm.tcp.listen,5
2026-05-15T10:54:01+00:00,cnsm-mem-01,cnsm.tcp.listen,5
2026-05-15T10:55:01+00:00,cnsm-mem-01,cnsm.tcp.listen,5
2026-05-15T10:56:01+00:00,cnsm-mem-01,cnsm.tcp.listen,5
2026-05-15T10:57:01+00:00,cnsm-mem-01,cnsm.tcp.listen,5
2026-05-15T10:58:01+00:00,cnsm-mem-01,cnsm.tcp.listen,5
2026-05-15T10:59:01+00:00,cnsm-mem-01,cnsm.tcp.listen,5
2026-05-15T11:00:01+00:00,cnsm-mem-01,cnsm.tcp.listen,5
2026-05-15T11:01:01+00:00,cnsm-mem-01,cnsm.tcp.listen,5
2026-05-15T11:02:01+00:00,cnsm-mem-01,cnsm.tcp.listen,5
2026-05-15T11:03:01+00:00,cnsm-mem-01,cnsm.tcp.listen,5
2026-05-15T11:04:01+00:00,cnsm-mem-01,cnsm.tcp.listen,5
2026-05-15T11:05:01+00:00,cnsm-mem-01,cnsm.tcp.listen,5
2026-05-15T11:06:01+00:00,cnsm-mem-01,cnsm.tcp.listen,5
2026-05-15T11:07:01+00:00,cnsm-mem-01,cnsm.tcp.listen,5
2026-05-15T11:08:01+00:00,cnsm-mem-01,cnsm.tcp.listen,5
2026-05-15T11:09:01+00:00,cnsm-mem-01,cnsm.tcp.listen,5
2026-05-15T09:52:03+00:00,cnsm-mem-01,cnsm.tcp.timewait,28
2026-05-15T09:53:03+00:00,cnsm-mem-01,cnsm.tcp.timewait,22
2026-05-15T09:54:03+00:00,cnsm-mem-01,cnsm.tcp.timewait,12
2026-05-15T09:55:03+00:00,cnsm-mem-01,cnsm.tcp.timewait,10
2026-05-15T09:56:03+00:00,cnsm-mem-01,cnsm.tcp.timewait,19
2026-05-15T09:57:03+00:00,cnsm-mem-01,cnsm.tcp.timewait,12
2026-05-15T09:58:03+00:00,cnsm-mem-01,cnsm.tcp.timewait,23
2026-05-15T09:59:03+00:00,cnsm-mem-01,cnsm.tcp.timewait,12
2026-05-15T10:00:03+00:00,cnsm-mem-01,cnsm.tcp.timewait,20
2026-05-15T10:01:03+00:00,cnsm-mem-01,cnsm.tcp.timewait,10
2026-05-15T10:02:03+00:00,cnsm-mem-01,cnsm.tcp.timewait,12
2026-05-15T10:03:03+00:00,cnsm-mem-01,cnsm.tcp.timewait,19
2026-05-15T10:04:03+00:00,cnsm-mem-01,cnsm.tcp.timewait,16
2026-05-15T10:05:03+00:00,cnsm-mem-01,cnsm.tcp.timewait,12
2026-05-15T10:06:03+00:00,cnsm-mem-01,cnsm.tcp.timewait,10
2026-05-15T10:07:03+00:00,cnsm-mem-01,cnsm.tcp.timewait,12
2026-05-15T10:08:03+00:00,cnsm-mem-01,cnsm.tcp.timewait,31
2026-05-15T10:09:03+00:00,cnsm-mem-01,cnsm.tcp.timewait,28
2026-05-15T10:10:03+00:00,cnsm-mem-01,cnsm.tcp.timewait,21
2026-05-15T10:11:03+00:00,cnsm-mem-01,cnsm.tcp.timewait,12
2026-05-15T10:12:03+00:00,cnsm-mem-01,cnsm.tcp.timewait,23
2026-05-15T10:13:03+00:00,cnsm-mem-01,cnsm.tcp.timewait,29
2026-05-15T10:14:03+00:00,cnsm-mem-01,cnsm.tcp.timewait,27
2026-05-15T10:15:03+00:00,cnsm-mem-01,cnsm.tcp.timewait,10
2026-05-15T10:16:47+00:00,cnsm-mem-01,cnsm.tcp.timewait,10
2026-05-15T10:17:23+00:00,cnsm-mem-01,cnsm.tcp.timewait,23
2026-05-15T10:18:02+00:00,cnsm-mem-01,cnsm.tcp.timewait,24
2026-05-15T10:19:03+00:00,cnsm-mem-01,cnsm.tcp.timewait,32
2026-05-15T10:20:03+00:00,cnsm-mem-01,cnsm.tcp.timewait,26
2026-05-15T10:21:03+00:00,cnsm-mem-01,cnsm.tcp.timewait,26
2026-05-15T10:22:03+00:00,cnsm-mem-01,cnsm.tcp.timewait,24
2026-05-15T10:23:03+00:00,cnsm-mem-01,cnsm.tcp.timewait,10
2026-05-15T10:24:03+00:00,cnsm-mem-01,cnsm.tcp.timewait,11
2026-05-15T10:25:03+00:00,cnsm-mem-01,cnsm.tcp.timewait,20
2026-05-15T10:26:03+00:00,cnsm-mem-01,cnsm.tcp.timewait,26
2026-05-15T10:27:03+00:00,cnsm-mem-01,cnsm.tcp.timewait,27
2026-05-15T10:28:03+00:00,cnsm-mem-01,cnsm.tcp.timewait,18
2026-05-15T10:29:03+00:00,cnsm-mem-01,cnsm.tcp.timewait,9
2026-05-15T10:30:03+00:00,cnsm-mem-01,cnsm.tcp.timewait,10
2026-05-15T10:31:03+00:00,cnsm-mem-01,cnsm.tcp.timewait,30
2026-05-15T10:32:03+00:00,cnsm-mem-01,cnsm.tcp.timewait,28
2026-05-15T10:33:03+00:00,cnsm-mem-01,cnsm.tcp.timewait,30
2026-05-15T10:34:03+00:00,cnsm-mem-01,cnsm.tcp.timewait,29
2026-05-15T10:35:03+00:00,cnsm-mem-01,cnsm.tcp.timewait,28
2026-05-15T10:36:03+00:00,cnsm-mem-01,cnsm.tcp.timewait,29
2026-05-15T10:37:03+00:00,cnsm-mem-01,cnsm.tcp.timewait,28
2026-05-15T10:38:03+00:00,cnsm-mem-01,cnsm.tcp.timewait,28
2026-05-15T10:39:03+00:00,cnsm-mem-01,cnsm.tcp.timewait,18
2026-05-15T10:40:03+00:00,cnsm-mem-01,cnsm.tcp.timewait,10
2026-05-15T10:41:02+00:00,cnsm-mem-01,cnsm.tcp.timewait,12
2026-05-15T10:42:03+00:00,cnsm-mem-01,cnsm.tcp.timewait,12
2026-05-15T10:43:03+00:00,cnsm-mem-01,cnsm.tcp.timewait,22
2026-05-15T10:44:03+00:00,cnsm-mem-01,cnsm.tcp.timewait,12
2026-05-15T10:45:03+00:00,cnsm-mem-01,cnsm.tcp.timewait,12
2026-05-15T10:46:03+00:00,cnsm-mem-01,cnsm.tcp.timewait,10
2026-05-15T10:47:03+00:00,cnsm-mem-01,cnsm.tcp.timewait,28
2026-05-15T10:48:03+00:00,cnsm-mem-01,cnsm.tcp.timewait,30
2026-05-15T10:49:03+00:00,cnsm-mem-01,cnsm.tcp.timewait,25
2026-05-15T10:50:03+00:00,cnsm-mem-01,cnsm.tcp.timewait,12
2026-05-15T10:51:03+00:00,cnsm-mem-01,cnsm.tcp.timewait,24
2026-05-15T10:52:03+00:00,cnsm-mem-01,cnsm.tcp.timewait,28
2026-05-15T10:53:03+00:00,cnsm-mem-01,cnsm.tcp.timewait,30
2026-05-15T10:54:03+00:00,cnsm-mem-01,cnsm.tcp.timewait,28
2026-05-15T10:55:03+00:00,cnsm-mem-01,cnsm.tcp.timewait,28
2026-05-15T10:56:03+00:00,cnsm-mem-01,cnsm.tcp.timewait,30
2026-05-15T10:57:03+00:00,cnsm-mem-01,cnsm.tcp.timewait,13
2026-05-15T10:58:03+00:00,cnsm-mem-01,cnsm.tcp.timewait,16
2026-05-15T10:59:03+00:00,cnsm-mem-01,cnsm.tcp.timewait,30
2026-05-15T11:00:03+00:00,cnsm-mem-01,cnsm.tcp.timewait,16
2026-05-15T11:01:03+00:00,cnsm-mem-01,cnsm.tcp.timewait,12
2026-05-15T11:02:03+00:00,cnsm-mem-01,cnsm.tcp.timewait,12
2026-05-15T11:03:03+00:00,cnsm-mem-01,cnsm.tcp.timewait,31
2026-05-15T11:04:03+00:00,cnsm-mem-01,cnsm.tcp.timewait,24
2026-05-15T11:05:03+00:00,cnsm-mem-01,cnsm.tcp.timewait,12
2026-05-15T11:06:03+00:00,cnsm-mem-01,cnsm.tcp.timewait,20
2026-05-15T11:07:03+00:00,cnsm-mem-01,cnsm.tcp.timewait,12
2026-05-15T11:08:03+00:00,cnsm-mem-01,cnsm.tcp.timewait,27
2026-05-15T11:09:03+00:00,cnsm-mem-01,cnsm.tcp.timewait,28
2026-05-15T09:52:03+00:00,cnsm-mem-01,cnsm.workload.heartbeat,1
2026-05-15T09:53:03+00:00,cnsm-mem-01,cnsm.workload.heartbeat,1
2026-05-15T09:54:03+00:00,cnsm-mem-01,cnsm.workload.heartbeat,1
2026-05-15T09:55:03+00:00,cnsm-mem-01,cnsm.workload.heartbeat,1
2026-05-15T09:56:03+00:00,cnsm-mem-01,cnsm.workload.heartbeat,1
2026-05-15T09:57:03+00:00,cnsm-mem-01,cnsm.workload.heartbeat,1
2026-05-15T09:58:03+00:00,cnsm-mem-01,cnsm.workload.heartbeat,1
2026-05-15T09:59:03+00:00,cnsm-mem-01,cnsm.workload.heartbeat,1
2026-05-15T10:00:03+00:00,cnsm-mem-01,cnsm.workload.heartbeat,1
2026-05-15T10:01:03+00:00,cnsm-mem-01,cnsm.workload.heartbeat,1
2026-05-15T10:02:03+00:00,cnsm-mem-01,cnsm.workload.heartbeat,1
2026-05-15T10:03:03+00:00,cnsm-mem-01,cnsm.workload.heartbeat,1
2026-05-15T10:04:03+00:00,cnsm-mem-01,cnsm.workload.heartbeat,1
2026-05-15T10:05:03+00:00,cnsm-mem-01,cnsm.workload.heartbeat,1
2026-05-15T10:06:03+00:00,cnsm-mem-01,cnsm.workload.heartbeat,1
2026-05-15T10:07:03+00:00,cnsm-mem-01,cnsm.workload.heartbeat,1
2026-05-15T10:08:03+00:00,cnsm-mem-01,cnsm.workload.heartbeat,1
2026-05-15T10:09:03+00:00,cnsm-mem-01,cnsm.workload.heartbeat,1
2026-05-15T10:10:03+00:00,cnsm-mem-01,cnsm.workload.heartbeat,1
2026-05-15T10:11:03+00:00,cnsm-mem-01,cnsm.workload.heartbeat,1
2026-05-15T10:12:03+00:00,cnsm-mem-01,cnsm.workload.heartbeat,1
2026-05-15T10:13:03+00:00,cnsm-mem-01,cnsm.workload.heartbeat,1
2026-05-15T10:14:03+00:00,cnsm-mem-01,cnsm.workload.heartbeat,1
2026-05-15T10:15:03+00:00,cnsm-mem-01,cnsm.workload.heartbeat,1
2026-05-15T10:16:42+00:00,cnsm-mem-01,cnsm.workload.heartbeat,1
2026-05-15T10:17:23+00:00,cnsm-mem-01,cnsm.workload.heartbeat,1
2026-05-15T10:18:03+00:00,cnsm-mem-01,cnsm.workload.heartbeat,1
2026-05-15T10:19:03+00:00,cnsm-mem-01,cnsm.workload.heartbeat,1
2026-05-15T10:20:03+00:00,cnsm-mem-01,cnsm.workload.heartbeat,1
2026-05-15T10:21:03+00:00,cnsm-mem-01,cnsm.workload.heartbeat,1
2026-05-15T10:22:03+00:00,cnsm-mem-01,cnsm.workload.heartbeat,1
2026-05-15T10:23:03+00:00,cnsm-mem-01,cnsm.workload.heartbeat,1
2026-05-15T10:24:03+00:00,cnsm-mem-01,cnsm.workload.heartbeat,1
2026-05-15T10:25:03+00:00,cnsm-mem-01,cnsm.workload.heartbeat,1
2026-05-15T10:26:03+00:00,cnsm-mem-01,cnsm.workload.heartbeat,1
2026-05-15T10:27:03+00:00,cnsm-mem-01,cnsm.workload.heartbeat,1
2026-05-15T10:28:03+00:00,cnsm-mem-01,cnsm.workload.heartbeat,1
2026-05-15T10:29:03+00:00,cnsm-mem-01,cnsm.workload.heartbeat,1
2026-05-15T10:30:03+00:00,cnsm-mem-01,cnsm.workload.heartbeat,1
2026-05-15T10:31:03+00:00,cnsm-mem-01,cnsm.workload.heartbeat,1
2026-05-15T10:32:03+00:00,cnsm-mem-01,cnsm.workload.heartbeat,1
2026-05-15T10:33:03+00:00,cnsm-mem-01,cnsm.workload.heartbeat,1
2026-05-15T10:34:03+00:00,cnsm-mem-01,cnsm.workload.heartbeat,1
2026-05-15T10:35:03+00:00,cnsm-mem-01,cnsm.workload.heartbeat,1
2026-05-15T10:36:03+00:00,cnsm-mem-01,cnsm.workload.heartbeat,1
2026-05-15T10:37:03+00:00,cnsm-mem-01,cnsm.workload.heartbeat,1
2026-05-15T10:38:03+00:00,cnsm-mem-01,cnsm.workload.heartbeat,1
2026-05-15T10:39:03+00:00,cnsm-mem-01,cnsm.workload.heartbeat,1
2026-05-15T10:40:03+00:00,cnsm-mem-01,cnsm.workload.heartbeat,1
2026-05-15T10:41:03+00:00,cnsm-mem-01,cnsm.workload.heartbeat,1
2026-05-15T10:42:03+00:00,cnsm-mem-01,cnsm.workload.heartbeat,1
2026-05-15T10:43:03+00:00,cnsm-mem-01,cnsm.workload.heartbeat,1
2026-05-15T10:44:03+00:00,cnsm-mem-01,cnsm.workload.heartbeat,1
2026-05-15T10:45:03+00:00,cnsm-mem-01,cnsm.workload.heartbeat,1
2026-05-15T10:46:03+00:00,cnsm-mem-01,cnsm.workload.heartbeat,1
2026-05-15T10:47:03+00:00,cnsm-mem-01,cnsm.workload.heartbeat,1
2026-05-15T10:48:03+00:00,cnsm-mem-01,cnsm.workload.heartbeat,1
2026-05-15T10:49:03+00:00,cnsm-mem-01,cnsm.workload.heartbeat,1
2026-05-15T10:50:03+00:00,cnsm-mem-01,cnsm.workload.heartbeat,1
2026-05-15T10:51:03+00:00,cnsm-mem-01,cnsm.workload.heartbeat,1
2026-05-15T10:52:03+00:00,cnsm-mem-01,cnsm.workload.heartbeat,1
2026-05-15T10:53:03+00:00,cnsm-mem-01,cnsm.workload.heartbeat,1
2026-05-15T10:54:03+00:00,cnsm-mem-01,cnsm.workload.heartbeat,1
2026-05-15T10:55:03+00:00,cnsm-mem-01,cnsm.workload.heartbeat,1
2026-05-15T10:56:03+00:00,cnsm-mem-01,cnsm.workload.heartbeat,1
2026-05-15T10:57:03+00:00,cnsm-mem-01,cnsm.workload.heartbeat,1
2026-05-15T10:58:03+00:00,cnsm-mem-01,cnsm.workload.heartbeat,1
2026-05-15T10:59:03+00:00,cnsm-mem-01,cnsm.workload.heartbeat,1
2026-05-15T11:00:03+00:00,cnsm-mem-01,cnsm.workload.heartbeat,1
2026-05-15T11:01:03+00:00,cnsm-mem-01,cnsm.workload.heartbeat,1
2026-05-15T11:02:03+00:00,cnsm-mem-01,cnsm.workload.heartbeat,1
2026-05-15T11:03:03+00:00,cnsm-mem-01,cnsm.workload.heartbeat,1
2026-05-15T11:04:03+00:00,cnsm-mem-01,cnsm.workload.heartbeat,1
2026-05-15T11:05:03+00:00,cnsm-mem-01,cnsm.workload.heartbeat,1
2026-05-15T11:06:03+00:00,cnsm-mem-01,cnsm.workload.heartbeat,1
2026-05-15T11:07:03+00:00,cnsm-mem-01,cnsm.workload.heartbeat,1
2026-05-15T11:08:03+00:00,cnsm-mem-01,cnsm.workload.heartbeat,1
2026-05-15T11:09:03+00:00,cnsm-mem-01,cnsm.workload.heartbeat,1
2026-05-15T09:52:53+00:00,cnsm-mem-01,system.cpu.switches,225.89682085991635
2026-05-15T09:53:53+00:00,cnsm-mem-01,system.cpu.switches,162.3668699445756
2026-05-15T09:54:53+00:00,cnsm-mem-01,system.cpu.switches,180.21850685681468
2026-05-15T09:55:53+00:00,cnsm-mem-01,system.cpu.switches,207.9143303853147
2026-05-15T09:56:53+00:00,cnsm-mem-01,system.cpu.switches,180.51590929712623
2026-05-15T09:57:53+00:00,cnsm-mem-01,system.cpu.switches,253.33656961089775
2026-05-15T09:58:53+00:00,cnsm-mem-01,system.cpu.switches,179.88358502044937
2026-05-15T09:59:53+00:00,cnsm-mem-01,system.cpu.switches,182.7334741264296
2026-05-15T10:00:53+00:00,cnsm-mem-01,system.cpu.switches,192.93147480835887
2026-05-15T10:01:53+00:00,cnsm-mem-01,system.cpu.switches,167.26743635892623
2026-05-15T10:02:53+00:00,cnsm-mem-01,system.cpu.switches,213.96456046372285
2026-05-15T10:03:53+00:00,cnsm-mem-01,system.cpu.switches,212.16842691494827
2026-05-15T10:04:53+00:00,cnsm-mem-01,system.cpu.switches,187.99867928107824
2026-05-15T10:05:53+00:00,cnsm-mem-01,system.cpu.switches,174.55210032142074
2026-05-15T10:06:53+00:00,cnsm-mem-01,system.cpu.switches,208.86385547752812
2026-05-15T10:07:53+00:00,cnsm-mem-01,system.cpu.switches,257.3022881678068
2026-05-15T10:08:53+00:00,cnsm-mem-01,system.cpu.switches,274.7857672620062
2026-05-15T10:09:53+00:00,cnsm-mem-01,system.cpu.switches,236.3129811845518
2026-05-15T10:10:53+00:00,cnsm-mem-01,system.cpu.switches,185.95174143805858
2026-05-15T10:11:53+00:00,cnsm-mem-01,system.cpu.switches,210.14843118592162
2026-05-15T10:12:53+00:00,cnsm-mem-01,system.cpu.switches,258.95255584446267
2026-05-15T10:13:53+00:00,cnsm-mem-01,system.cpu.switches,257.633213460893
2026-05-15T10:14:53+00:00,cnsm-mem-01,system.cpu.switches,185.5166175109469
2026-05-15T10:15:53+00:00,cnsm-mem-01,system.cpu.switches,202.85003408556742
2026-05-15T10:16:53+00:00,cnsm-mem-01,system.cpu.switches,203.01708256069477
2026-05-15T10:17:53+00:00,cnsm-mem-01,system.cpu.switches,233.13231430421644
2026-05-15T10:18:53+00:00,cnsm-mem-01,system.cpu.switches,236.4169919567462
2026-05-15T10:19:53+00:00,cnsm-mem-01,system.cpu.switches,234.66692380685953
2026-05-15T10:20:53+00:00,cnsm-mem-01,system.cpu.switches,240.8485157348945
2026-05-15T10:21:53+00:00,cnsm-mem-01,system.cpu.switches,254.58492836731273
2026-05-15T10:22:53+00:00,cnsm-mem-01,system.cpu.switches,17177.73515809725
2026-05-15T10:23:53+00:00,cnsm-mem-01,system.cpu.switches,21677.579173324757
2026-05-15T10:24:53+00:00,cnsm-mem-01,system.cpu.switches,20549.931413639948
2026-05-15T10:25:53+00:00,cnsm-mem-01,system.cpu.switches,19027.6714153392
2026-05-15T10:26:53+00:00,cnsm-mem-01,system.cpu.switches,20320.950686322154
2026-05-15T10:27:53+00:00,cnsm-mem-01,system.cpu.switches,21317.25070580009
2026-05-15T10:28:53+00:00,cnsm-mem-01,system.cpu.switches,22447.17751775385
2026-05-15T10:29:53+00:00,cnsm-mem-01,system.cpu.switches,20365.39735442957
2026-05-15T10:30:53+00:00,cnsm-mem-01,system.cpu.switches,20149.89407326097
2026-05-15T10:31:53+00:00,cnsm-mem-01,system.cpu.switches,20508.945986922743
2026-05-15T10:32:53+00:00,cnsm-mem-01,system.cpu.switches,21348.69716980236
2026-05-15T10:33:53+00:00,cnsm-mem-01,system.cpu.switches,22026.412809937054
2026-05-15T10:34:53+00:00,cnsm-mem-01,system.cpu.switches,21208.01039546153
2026-05-15T10:35:53+00:00,cnsm-mem-01,system.cpu.switches,20346.240596961925
2026-05-15T10:36:53+00:00,cnsm-mem-01,system.cpu.switches,20404.047407680227
2026-05-15T10:37:53+00:00,cnsm-mem-01,system.cpu.switches,19305.48139121496
2026-05-15T10:38:53+00:00,cnsm-mem-01,system.cpu.switches,20892.50721395525
2026-05-15T10:39:53+00:00,cnsm-mem-01,system.cpu.switches,4181.99110095704
2026-05-15T10:40:53+00:00,cnsm-mem-01,system.cpu.switches,127.8335898335619
2026-05-15T10:41:53+00:00,cnsm-mem-01,system.cpu.switches,138.46689248539826
2026-05-15T10:42:53+00:00,cnsm-mem-01,system.cpu.switches,182.30012482697214
2026-05-15T10:43:53+00:00,cnsm-mem-01,system.cpu.switches,128.83187193328845
2026-05-15T10:44:53+00:00,cnsm-mem-01,system.cpu.switches,128.13476067768642
2026-05-15T10:45:53+00:00,cnsm-mem-01,system.cpu.switches,121.78294133231262
2026-05-15T10:46:53+00:00,cnsm-mem-01,system.cpu.switches,238.88329969060194
2026-05-15T10:47:53+00:00,cnsm-mem-01,system.cpu.switches,220.6974997253822
2026-05-15T10:48:53+00:00,cnsm-mem-01,system.cpu.switches,241.00332951321462
2026-05-15T10:49:53+00:00,cnsm-mem-01,system.cpu.switches,124.00020836995014
2026-05-15T10:50:53+00:00,cnsm-mem-01,system.cpu.switches,187.53008684059947
2026-05-15T10:51:53+00:00,cnsm-mem-01,system.cpu.switches,223.45002954381806
2026-05-15T10:52:53+00:00,cnsm-mem-01,system.cpu.switches,220.05406029815305
2026-05-15T10:53:53+00:00,cnsm-mem-01,system.cpu.switches,220.22941404258927
2026-05-15T10:54:53+00:00,cnsm-mem-01,system.cpu.switches,213.93537290047323
2026-05-15T10:55:53+00:00,cnsm-mem-01,system.cpu.switches,217.41501529091803
2026-05-15T10:56:53+00:00,cnsm-mem-01,system.cpu.switches,151.86832031271493
2026-05-15T10:57:53+00:00,cnsm-mem-01,system.cpu.switches,167.08076937032484
2026-05-15T10:58:53+00:00,cnsm-mem-01,system.cpu.switches,223.65146774257727
2026-05-15T10:59:53+00:00,cnsm-mem-01,system.cpu.switches,171.53515053097536
2026-05-15T11:00:53+00:00,cnsm-mem-01,system.cpu.switches,125.93293244473284
2026-05-15T11:01:53+00:00,cnsm-mem-01,system.cpu.switches,154.31725264785427
2026-05-15T11:02:53+00:00,cnsm-mem-01,system.cpu.switches,213.01454814112884
2026-05-15T11:03:53+00:00,cnsm-mem-01,system.cpu.switches,180.70136718654413
2026-05-15T11:04:53+00:00,cnsm-mem-01,system.cpu.switches,145.44806450321258
2026-05-15T11:05:53+00:00,cnsm-mem-01,system.cpu.switches,202.95213018555845
2026-05-15T11:06:53+00:00,cnsm-mem-01,system.cpu.switches,130.23318922162724
2026-05-15T11:07:53+00:00,cnsm-mem-01,system.cpu.switches,206.6158803072878
2026-05-15T11:08:53+00:00,cnsm-mem-01,system.cpu.switches,227.66823452673054
2026-05-15T09:52:55+00:00,cnsm-mem-01,"system.cpu.util[,guest_nice]",0
2026-05-15T09:53:55+00:00,cnsm-mem-01,"system.cpu.util[,guest_nice]",0
2026-05-15T09:54:55+00:00,cnsm-mem-01,"system.cpu.util[,guest_nice]",0
2026-05-15T09:55:55+00:00,cnsm-mem-01,"system.cpu.util[,guest_nice]",0
2026-05-15T09:56:55+00:00,cnsm-mem-01,"system.cpu.util[,guest_nice]",0
2026-05-15T09:57:55+00:00,cnsm-mem-01,"system.cpu.util[,guest_nice]",0
2026-05-15T09:58:55+00:00,cnsm-mem-01,"system.cpu.util[,guest_nice]",0
2026-05-15T09:59:55+00:00,cnsm-mem-01,"system.cpu.util[,guest_nice]",0
2026-05-15T10:00:55+00:00,cnsm-mem-01,"system.cpu.util[,guest_nice]",0
2026-05-15T10:01:55+00:00,cnsm-mem-01,"system.cpu.util[,guest_nice]",0
2026-05-15T10:02:55+00:00,cnsm-mem-01,"system.cpu.util[,guest_nice]",0
2026-05-15T10:03:55+00:00,cnsm-mem-01,"system.cpu.util[,guest_nice]",0
2026-05-15T10:04:55+00:00,cnsm-mem-01,"system.cpu.util[,guest_nice]",0
2026-05-15T10:05:55+00:00,cnsm-mem-01,"system.cpu.util[,guest_nice]",0
2026-05-15T10:06:55+00:00,cnsm-mem-01,"system.cpu.util[,guest_nice]",0
2026-05-15T10:07:55+00:00,cnsm-mem-01,"system.cpu.util[,guest_nice]",0
2026-05-15T10:08:55+00:00,cnsm-mem-01,"system.cpu.util[,guest_nice]",0
2026-05-15T10:09:55+00:00,cnsm-mem-01,"system.cpu.util[,guest_nice]",0
2026-05-15T10:10:55+00:00,cnsm-mem-01,"system.cpu.util[,guest_nice]",0
2026-05-15T10:11:55+00:00,cnsm-mem-01,"system.cpu.util[,guest_nice]",0
2026-05-15T10:12:55+00:00,cnsm-mem-01,"system.cpu.util[,guest_nice]",0
2026-05-15T10:13:55+00:00,cnsm-mem-01,"system.cpu.util[,guest_nice]",0
2026-05-15T10:14:55+00:00,cnsm-mem-01,"system.cpu.util[,guest_nice]",0
2026-05-15T10:15:55+00:00,cnsm-mem-01,"system.cpu.util[,guest_nice]",0
2026-05-15T10:16:55+00:00,cnsm-mem-01,"system.cpu.util[,guest_nice]",0
2026-05-15T10:17:55+00:00,cnsm-mem-01,"system.cpu.util[,guest_nice]",0
2026-05-15T10:18:55+00:00,cnsm-mem-01,"system.cpu.util[,guest_nice]",0
2026-05-15T10:19:55+00:00,cnsm-mem-01,"system.cpu.util[,guest_nice]",0
2026-05-15T10:20:55+00:00,cnsm-mem-01,"system.cpu.util[,guest_nice]",0
2026-05-15T10:21:55+00:00,cnsm-mem-01,"system.cpu.util[,guest_nice]",0
2026-05-15T10:22:55+00:00,cnsm-mem-01,"system.cpu.util[,guest_nice]",0
2026-05-15T10:23:55+00:00,cnsm-mem-01,"system.cpu.util[,guest_nice]",0
2026-05-15T10:24:55+00:00,cnsm-mem-01,"system.cpu.util[,guest_nice]",0
2026-05-15T10:25:55+00:00,cnsm-mem-01,"system.cpu.util[,guest_nice]",0
2026-05-15T10:26:55+00:00,cnsm-mem-01,"system.cpu.util[,guest_nice]",0
2026-05-15T10:27:55+00:00,cnsm-mem-01,"system.cpu.util[,guest_nice]",0
2026-05-15T10:28:55+00:00,cnsm-mem-01,"system.cpu.util[,guest_nice]",0
2026-05-15T10:29:55+00:00,cnsm-mem-01,"system.cpu.util[,guest_nice]",0
2026-05-15T10:30:55+00:00,cnsm-mem-01,"system.cpu.util[,guest_nice]",0
2026-05-15T10:31:55+00:00,cnsm-mem-01,"system.cpu.util[,guest_nice]",0
2026-05-15T10:32:55+00:00,cnsm-mem-01,"system.cpu.util[,guest_nice]",0
2026-05-15T10:33:55+00:00,cnsm-mem-01,"system.cpu.util[,guest_nice]",0
2026-05-15T10:34:55+00:00,cnsm-mem-01,"system.cpu.util[,guest_nice]",0
2026-05-15T10:35:55+00:00,cnsm-mem-01,"system.cpu.util[,guest_nice]",0
2026-05-15T10:36:55+00:00,cnsm-mem-01,"system.cpu.util[,guest_nice]",0
2026-05-15T10:37:55+00:00,cnsm-mem-01,"system.cpu.util[,guest_nice]",0
2026-05-15T10:38:55+00:00,cnsm-mem-01,"system.cpu.util[,guest_nice]",0
2026-05-15T10:39:55+00:00,cnsm-mem-01,"system.cpu.util[,guest_nice]",0
2026-05-15T10:40:55+00:00,cnsm-mem-01,"system.cpu.util[,guest_nice]",0
2026-05-15T10:41:55+00:00,cnsm-mem-01,"system.cpu.util[,guest_nice]",0
2026-05-15T10:42:55+00:00,cnsm-mem-01,"system.cpu.util[,guest_nice]",0
2026-05-15T10:43:55+00:00,cnsm-mem-01,"system.cpu.util[,guest_nice]",0
2026-05-15T10:44:55+00:00,cnsm-mem-01,"system.cpu.util[,guest_nice]",0
2026-05-15T10:45:55+00:00,cnsm-mem-01,"system.cpu.util[,guest_nice]",0
2026-05-15T10:46:55+00:00,cnsm-mem-01,"system.cpu.util[,guest_nice]",0
2026-05-15T10:47:55+00:00,cnsm-mem-01,"system.cpu.util[,guest_nice]",0
2026-05-15T10:48:55+00:00,cnsm-mem-01,"system.cpu.util[,guest_nice]",0
2026-05-15T10:49:55+00:00,cnsm-mem-01,"system.cpu.util[,guest_nice]",0
2026-05-15T10:50:55+00:00,cnsm-mem-01,"system.cpu.util[,guest_nice]",0
2026-05-15T10:51:55+00:00,cnsm-mem-01,"system.cpu.util[,guest_nice]",0
2026-05-15T10:52:55+00:00,cnsm-mem-01,"system.cpu.util[,guest_nice]",0
2026-05-15T10:53:55+00:00,cnsm-mem-01,"system.cpu.util[,guest_nice]",0
2026-05-15T10:54:55+00:00,cnsm-mem-01,"system.cpu.util[,guest_nice]",0
2026-05-15T10:55:55+00:00,cnsm-mem-01,"system.cpu.util[,guest_nice]",0
2026-05-15T10:56:55+00:00,cnsm-mem-01,"system.cpu.util[,guest_nice]",0
2026-05-15T10:57:55+00:00,cnsm-mem-01,"system.cpu.util[,guest_nice]",0
2026-05-15T10:58:55+00:00,cnsm-mem-01,"system.cpu.util[,guest_nice]",0
2026-05-15T10:59:55+00:00,cnsm-mem-01,"system.cpu.util[,guest_nice]",0
2026-05-15T11:00:55+00:00,cnsm-mem-01,"system.cpu.util[,guest_nice]",0
2026-05-15T11:01:55+00:00,cnsm-mem-01,"system.cpu.util[,guest_nice]",0
2026-05-15T11:02:55+00:00,cnsm-mem-01,"system.cpu.util[,guest_nice]",0
2026-05-15T11:03:55+00:00,cnsm-mem-01,"system.cpu.util[,guest_nice]",0
2026-05-15T11:04:55+00:00,cnsm-mem-01,"system.cpu.util[,guest_nice]",0
2026-05-15T11:05:55+00:00,cnsm-mem-01,"system.cpu.util[,guest_nice]",0
2026-05-15T11:06:55+00:00,cnsm-mem-01,"system.cpu.util[,guest_nice]",0
2026-05-15T11:07:55+00:00,cnsm-mem-01,"system.cpu.util[,guest_nice]",0
2026-05-15T11:08:55+00:00,cnsm-mem-01,"system.cpu.util[,guest_nice]",0
2026-05-15T09:52:54+00:00,cnsm-mem-01,"system.cpu.util[,guest]",0
2026-05-15T09:53:54+00:00,cnsm-mem-01,"system.cpu.util[,guest]",0
2026-05-15T09:54:54+00:00,cnsm-mem-01,"system.cpu.util[,guest]",0
2026-05-15T09:55:54+00:00,cnsm-mem-01,"system.cpu.util[,guest]",0
2026-05-15T09:56:54+00:00,cnsm-mem-01,"system.cpu.util[,guest]",0
2026-05-15T09:57:54+00:00,cnsm-mem-01,"system.cpu.util[,guest]",0
2026-05-15T09:58:54+00:00,cnsm-mem-01,"system.cpu.util[,guest]",0
2026-05-15T09:59:54+00:00,cnsm-mem-01,"system.cpu.util[,guest]",0
2026-05-15T10:00:54+00:00,cnsm-mem-01,"system.cpu.util[,guest]",0
2026-05-15T10:01:54+00:00,cnsm-mem-01,"system.cpu.util[,guest]",0
2026-05-15T10:02:54+00:00,cnsm-mem-01,"system.cpu.util[,guest]",0
2026-05-15T10:03:54+00:00,cnsm-mem-01,"system.cpu.util[,guest]",0
2026-05-15T10:04:54+00:00,cnsm-mem-01,"system.cpu.util[,guest]",0
2026-05-15T10:05:54+00:00,cnsm-mem-01,"system.cpu.util[,guest]",0
2026-05-15T10:06:54+00:00,cnsm-mem-01,"system.cpu.util[,guest]",0
2026-05-15T10:07:54+00:00,cnsm-mem-01,"system.cpu.util[,guest]",0
2026-05-15T10:08:54+00:00,cnsm-mem-01,"system.cpu.util[,guest]",0
2026-05-15T10:09:54+00:00,cnsm-mem-01,"system.cpu.util[,guest]",0
2026-05-15T10:10:54+00:00,cnsm-mem-01,"system.cpu.util[,guest]",0
2026-05-15T10:11:54+00:00,cnsm-mem-01,"system.cpu.util[,guest]",0
2026-05-15T10:12:54+00:00,cnsm-mem-01,"system.cpu.util[,guest]",0
2026-05-15T10:13:54+00:00,cnsm-mem-01,"system.cpu.util[,guest]",0
2026-05-15T10:14:54+00:00,cnsm-mem-01,"system.cpu.util[,guest]",0
2026-05-15T10:15:54+00:00,cnsm-mem-01,"system.cpu.util[,guest]",0
2026-05-15T10:16:54+00:00,cnsm-mem-01,"system.cpu.util[,guest]",0
2026-05-15T10:17:54+00:00,cnsm-mem-01,"system.cpu.util[,guest]",0
2026-05-15T10:18:54+00:00,cnsm-mem-01,"system.cpu.util[,guest]",0
2026-05-15T10:19:54+00:00,cnsm-mem-01,"system.cpu.util[,guest]",0
2026-05-15T10:20:54+00:00,cnsm-mem-01,"system.cpu.util[,guest]",0
2026-05-15T10:21:54+00:00,cnsm-mem-01,"system.cpu.util[,guest]",0
2026-05-15T10:22:54+00:00,cnsm-mem-01,"system.cpu.util[,guest]",0
2026-05-15T10:23:54+00:00,cnsm-mem-01,"system.cpu.util[,guest]",0
2026-05-15T10:24:54+00:00,cnsm-mem-01,"system.cpu.util[,guest]",0
2026-05-15T10:25:54+00:00,cnsm-mem-01,"system.cpu.util[,guest]",0
2026-05-15T10:26:54+00:00,cnsm-mem-01,"system.cpu.util[,guest]",0
2026-05-15T10:27:54+00:00,cnsm-mem-01,"system.cpu.util[,guest]",0
2026-05-15T10:28:54+00:00,cnsm-mem-01,"system.cpu.util[,guest]",0
2026-05-15T10:29:54+00:00,cnsm-mem-01,"system.cpu.util[,guest]",0
2026-05-15T10:30:54+00:00,cnsm-mem-01,"system.cpu.util[,guest]",0
2026-05-15T10:31:54+00:00,cnsm-mem-01,"system.cpu.util[,guest]",0
2026-05-15T10:32:54+00:00,cnsm-mem-01,"system.cpu.util[,guest]",0
2026-05-15T10:33:54+00:00,cnsm-mem-01,"system.cpu.util[,guest]",0
2026-05-15T10:34:54+00:00,cnsm-mem-01,"system.cpu.util[,guest]",0
2026-05-15T10:35:54+00:00,cnsm-mem-01,"system.cpu.util[,guest]",0
2026-05-15T10:36:54+00:00,cnsm-mem-01,"system.cpu.util[,guest]",0
2026-05-15T10:37:54+00:00,cnsm-mem-01,"system.cpu.util[,guest]",0
2026-05-15T10:38:54+00:00,cnsm-mem-01,"system.cpu.util[,guest]",0
2026-05-15T10:39:54+00:00,cnsm-mem-01,"system.cpu.util[,guest]",0
2026-05-15T10:40:54+00:00,cnsm-mem-01,"system.cpu.util[,guest]",0
2026-05-15T10:41:54+00:00,cnsm-mem-01,"system.cpu.util[,guest]",0
2026-05-15T10:42:54+00:00,cnsm-mem-01,"system.cpu.util[,guest]",0
2026-05-15T10:43:54+00:00,cnsm-mem-01,"system.cpu.util[,guest]",0
2026-05-15T10:44:54+00:00,cnsm-mem-01,"system.cpu.util[,guest]",0
2026-05-15T10:45:54+00:00,cnsm-mem-01,"system.cpu.util[,guest]",0
2026-05-15T10:46:54+00:00,cnsm-mem-01,"system.cpu.util[,guest]",0
2026-05-15T10:47:54+00:00,cnsm-mem-01,"system.cpu.util[,guest]",0
2026-05-15T10:48:54+00:00,cnsm-mem-01,"system.cpu.util[,guest]",0
2026-05-15T10:49:54+00:00,cnsm-mem-01,"system.cpu.util[,guest]",0
2026-05-15T10:50:54+00:00,cnsm-mem-01,"system.cpu.util[,guest]",0
2026-05-15T10:51:54+00:00,cnsm-mem-01,"system.cpu.util[,guest]",0
2026-05-15T10:52:54+00:00,cnsm-mem-01,"system.cpu.util[,guest]",0
2026-05-15T10:53:54+00:00,cnsm-mem-01,"system.cpu.util[,guest]",0
2026-05-15T10:54:54+00:00,cnsm-mem-01,"system.cpu.util[,guest]",0
2026-05-15T10:55:54+00:00,cnsm-mem-01,"system.cpu.util[,guest]",0
2026-05-15T10:56:54+00:00,cnsm-mem-01,"system.cpu.util[,guest]",0
2026-05-15T10:57:54+00:00,cnsm-mem-01,"system.cpu.util[,guest]",0
2026-05-15T10:58:54+00:00,cnsm-mem-01,"system.cpu.util[,guest]",0
2026-05-15T10:59:54+00:00,cnsm-mem-01,"system.cpu.util[,guest]",0
2026-05-15T11:00:54+00:00,cnsm-mem-01,"system.cpu.util[,guest]",0
2026-05-15T11:01:54+00:00,cnsm-mem-01,"system.cpu.util[,guest]",0
2026-05-15T11:02:54+00:00,cnsm-mem-01,"system.cpu.util[,guest]",0
2026-05-15T11:03:54+00:00,cnsm-mem-01,"system.cpu.util[,guest]",0
2026-05-15T11:04:54+00:00,cnsm-mem-01,"system.cpu.util[,guest]",0
2026-05-15T11:05:54+00:00,cnsm-mem-01,"system.cpu.util[,guest]",0
2026-05-15T11:06:54+00:00,cnsm-mem-01,"system.cpu.util[,guest]",0
2026-05-15T11:07:54+00:00,cnsm-mem-01,"system.cpu.util[,guest]",0
2026-05-15T11:08:54+00:00,cnsm-mem-01,"system.cpu.util[,guest]",0
2026-05-15T09:52:56+00:00,cnsm-mem-01,"system.cpu.util[,idle]",76.766202
2026-05-15T09:53:56+00:00,cnsm-mem-01,"system.cpu.util[,idle]",77.976811
2026-05-15T09:54:56+00:00,cnsm-mem-01,"system.cpu.util[,idle]",77.841976
2026-05-15T09:55:56+00:00,cnsm-mem-01,"system.cpu.util[,idle]",76.654224
2026-05-15T09:56:56+00:00,cnsm-mem-01,"system.cpu.util[,idle]",76.823291
2026-05-15T09:57:56+00:00,cnsm-mem-01,"system.cpu.util[,idle]",76.587624
2026-05-15T09:58:56+00:00,cnsm-mem-01,"system.cpu.util[,idle]",76.688562
2026-05-15T09:59:56+00:00,cnsm-mem-01,"system.cpu.util[,idle]",76.679389
2026-05-15T10:00:56+00:00,cnsm-mem-01,"system.cpu.util[,idle]",76.635806
2026-05-15T10:01:56+00:00,cnsm-mem-01,"system.cpu.util[,idle]",76.686477
2026-05-15T10:02:56+00:00,cnsm-mem-01,"system.cpu.util[,idle]",76.627034
2026-05-15T10:03:56+00:00,cnsm-mem-01,"system.cpu.util[,idle]",76.691557
2026-05-15T10:04:56+00:00,cnsm-mem-01,"system.cpu.util[,idle]",76.692247
2026-05-15T10:05:56+00:00,cnsm-mem-01,"system.cpu.util[,idle]",76.689126
2026-05-15T10:06:56+00:00,cnsm-mem-01,"system.cpu.util[,idle]",77.776851
2026-05-15T10:07:56+00:00,cnsm-mem-01,"system.cpu.util[,idle]",78.032294
2026-05-15T10:08:56+00:00,cnsm-mem-01,"system.cpu.util[,idle]",76.599074
2026-05-15T10:09:56+00:00,cnsm-mem-01,"system.cpu.util[,idle]",76.709986
2026-05-15T10:10:56+00:00,cnsm-mem-01,"system.cpu.util[,idle]",76.69913
2026-05-15T10:11:56+00:00,cnsm-mem-01,"system.cpu.util[,idle]",76.944902
2026-05-15T10:12:56+00:00,cnsm-mem-01,"system.cpu.util[,idle]",76.944584
2026-05-15T10:13:56+00:00,cnsm-mem-01,"system.cpu.util[,idle]",76.717932
2026-05-15T10:14:56+00:00,cnsm-mem-01,"system.cpu.util[,idle]",76.761063
2026-05-15T10:15:56+00:00,cnsm-mem-01,"system.cpu.util[,idle]",76.650466
2026-05-15T10:16:56+00:00,cnsm-mem-01,"system.cpu.util[,idle]",76.564097
2026-05-15T10:17:56+00:00,cnsm-mem-01,"system.cpu.util[,idle]",76.693439
2026-05-15T10:18:56+00:00,cnsm-mem-01,"system.cpu.util[,idle]",76.533656
2026-05-15T10:19:56+00:00,cnsm-mem-01,"system.cpu.util[,idle]",76.730701
2026-05-15T10:20:56+00:00,cnsm-mem-01,"system.cpu.util[,idle]",77.779401
2026-05-15T10:21:56+00:00,cnsm-mem-01,"system.cpu.util[,idle]",78.213421
2026-05-15T10:22:56+00:00,cnsm-mem-01,"system.cpu.util[,idle]",36.152889
2026-05-15T10:23:56+00:00,cnsm-mem-01,"system.cpu.util[,idle]",32.132531
2026-05-15T10:24:56+00:00,cnsm-mem-01,"system.cpu.util[,idle]",31.450337
2026-05-15T10:25:56+00:00,cnsm-mem-01,"system.cpu.util[,idle]",31.46778
2026-05-15T10:26:56+00:00,cnsm-mem-01,"system.cpu.util[,idle]",31.546992
2026-05-15T10:27:56+00:00,cnsm-mem-01,"system.cpu.util[,idle]",32.152721
2026-05-15T10:28:56+00:00,cnsm-mem-01,"system.cpu.util[,idle]",31.666315
2026-05-15T10:29:56+00:00,cnsm-mem-01,"system.cpu.util[,idle]",31.675105
2026-05-15T10:30:56+00:00,cnsm-mem-01,"system.cpu.util[,idle]",31.935647
2026-05-15T10:31:56+00:00,cnsm-mem-01,"system.cpu.util[,idle]",31.460769
2026-05-15T10:32:56+00:00,cnsm-mem-01,"system.cpu.util[,idle]",32.134343
2026-05-15T10:33:56+00:00,cnsm-mem-01,"system.cpu.util[,idle]",32.744688
2026-05-15T10:34:56+00:00,cnsm-mem-01,"system.cpu.util[,idle]",33.324888
2026-05-15T10:35:56+00:00,cnsm-mem-01,"system.cpu.util[,idle]",31.828533
2026-05-15T10:36:56+00:00,cnsm-mem-01,"system.cpu.util[,idle]",31.962613
2026-05-15T10:37:56+00:00,cnsm-mem-01,"system.cpu.util[,idle]",31.627319
2026-05-15T10:38:56+00:00,cnsm-mem-01,"system.cpu.util[,idle]",31.470477
2026-05-15T10:39:56+00:00,cnsm-mem-01,"system.cpu.util[,idle]",71.623061
2026-05-15T10:40:56+00:00,cnsm-mem-01,"system.cpu.util[,idle]",76.875274
2026-05-15T10:41:56+00:00,cnsm-mem-01,"system.cpu.util[,idle]",76.910725
2026-05-15T10:42:56+00:00,cnsm-mem-01,"system.cpu.util[,idle]",76.840635
2026-05-15T10:43:56+00:00,cnsm-mem-01,"system.cpu.util[,idle]",77.011302
2026-05-15T10:44:56+00:00,cnsm-mem-01,"system.cpu.util[,idle]",76.883458
2026-05-15T10:45:56+00:00,cnsm-mem-01,"system.cpu.util[,idle]",76.924841
2026-05-15T10:46:56+00:00,cnsm-mem-01,"system.cpu.util[,idle]",78.005174
2026-05-15T10:47:56+00:00,cnsm-mem-01,"system.cpu.util[,idle]",78.418737
2026-05-15T10:48:56+00:00,cnsm-mem-01,"system.cpu.util[,idle]",76.873657
2026-05-15T10:49:56+00:00,cnsm-mem-01,"system.cpu.util[,idle]",76.898536
2026-05-15T10:50:56+00:00,cnsm-mem-01,"system.cpu.util[,idle]",77.097454
2026-05-15T10:51:56+00:00,cnsm-mem-01,"system.cpu.util[,idle]",76.811413
2026-05-15T10:52:56+00:00,cnsm-mem-01,"system.cpu.util[,idle]",77.030409
2026-05-15T10:53:56+00:00,cnsm-mem-01,"system.cpu.util[,idle]",77.150902
2026-05-15T10:54:56+00:00,cnsm-mem-01,"system.cpu.util[,idle]",76.773723
2026-05-15T10:55:56+00:00,cnsm-mem-01,"system.cpu.util[,idle]",76.826979
2026-05-15T10:56:56+00:00,cnsm-mem-01,"system.cpu.util[,idle]",76.849941
2026-05-15T10:57:56+00:00,cnsm-mem-01,"system.cpu.util[,idle]",77.151855
2026-05-15T10:58:56+00:00,cnsm-mem-01,"system.cpu.util[,idle]",76.803704
2026-05-15T10:59:56+00:00,cnsm-mem-01,"system.cpu.util[,idle]",77.01322
2026-05-15T11:00:56+00:00,cnsm-mem-01,"system.cpu.util[,idle]",78.297322
2026-05-15T11:01:56+00:00,cnsm-mem-01,"system.cpu.util[,idle]",77.665853
2026-05-15T11:02:56+00:00,cnsm-mem-01,"system.cpu.util[,idle]",76.859711
2026-05-15T11:03:56+00:00,cnsm-mem-01,"system.cpu.util[,idle]",76.826674
2026-05-15T11:04:56+00:00,cnsm-mem-01,"system.cpu.util[,idle]",76.915058
2026-05-15T11:05:56+00:00,cnsm-mem-01,"system.cpu.util[,idle]",76.972642
2026-05-15T11:06:56+00:00,cnsm-mem-01,"system.cpu.util[,idle]",77.022829
2026-05-15T11:07:56+00:00,cnsm-mem-01,"system.cpu.util[,idle]",76.790257
2026-05-15T11:08:56+00:00,cnsm-mem-01,"system.cpu.util[,idle]",76.802952
2026-05-15T09:52:57+00:00,cnsm-mem-01,"system.cpu.util[,interrupt]",0
2026-05-15T09:53:57+00:00,cnsm-mem-01,"system.cpu.util[,interrupt]",0
2026-05-15T09:54:57+00:00,cnsm-mem-01,"system.cpu.util[,interrupt]",0
2026-05-15T09:55:57+00:00,cnsm-mem-01,"system.cpu.util[,interrupt]",0
2026-05-15T09:56:57+00:00,cnsm-mem-01,"system.cpu.util[,interrupt]",0
2026-05-15T09:57:57+00:00,cnsm-mem-01,"system.cpu.util[,interrupt]",0
2026-05-15T09:58:57+00:00,cnsm-mem-01,"system.cpu.util[,interrupt]",0
2026-05-15T09:59:57+00:00,cnsm-mem-01,"system.cpu.util[,interrupt]",0
2026-05-15T10:00:57+00:00,cnsm-mem-01,"system.cpu.util[,interrupt]",0
2026-05-15T10:01:57+00:00,cnsm-mem-01,"system.cpu.util[,interrupt]",0
2026-05-15T10:02:57+00:00,cnsm-mem-01,"system.cpu.util[,interrupt]",0
2026-05-15T10:03:57+00:00,cnsm-mem-01,"system.cpu.util[,interrupt]",0
2026-05-15T10:04:57+00:00,cnsm-mem-01,"system.cpu.util[,interrupt]",0
2026-05-15T10:05:57+00:00,cnsm-mem-01,"system.cpu.util[,interrupt]",0
2026-05-15T10:06:57+00:00,cnsm-mem-01,"system.cpu.util[,interrupt]",0
2026-05-15T10:07:57+00:00,cnsm-mem-01,"system.cpu.util[,interrupt]",0
2026-05-15T10:08:57+00:00,cnsm-mem-01,"system.cpu.util[,interrupt]",0
2026-05-15T10:09:57+00:00,cnsm-mem-01,"system.cpu.util[,interrupt]",0
2026-05-15T10:10:57+00:00,cnsm-mem-01,"system.cpu.util[,interrupt]",0
2026-05-15T10:11:57+00:00,cnsm-mem-01,"system.cpu.util[,interrupt]",0
2026-05-15T10:12:57+00:00,cnsm-mem-01,"system.cpu.util[,interrupt]",0
2026-05-15T10:13:57+00:00,cnsm-mem-01,"system.cpu.util[,interrupt]",0
2026-05-15T10:14:57+00:00,cnsm-mem-01,"system.cpu.util[,interrupt]",0
2026-05-15T10:15:57+00:00,cnsm-mem-01,"system.cpu.util[,interrupt]",0
2026-05-15T10:16:57+00:00,cnsm-mem-01,"system.cpu.util[,interrupt]",0
2026-05-15T10:17:57+00:00,cnsm-mem-01,"system.cpu.util[,interrupt]",0
2026-05-15T10:18:57+00:00,cnsm-mem-01,"system.cpu.util[,interrupt]",0
2026-05-15T10:19:57+00:00,cnsm-mem-01,"system.cpu.util[,interrupt]",0
2026-05-15T10:20:57+00:00,cnsm-mem-01,"system.cpu.util[,interrupt]",0
2026-05-15T10:21:57+00:00,cnsm-mem-01,"system.cpu.util[,interrupt]",0
2026-05-15T10:22:57+00:00,cnsm-mem-01,"system.cpu.util[,interrupt]",0
2026-05-15T10:23:57+00:00,cnsm-mem-01,"system.cpu.util[,interrupt]",0
2026-05-15T10:24:57+00:00,cnsm-mem-01,"system.cpu.util[,interrupt]",0
2026-05-15T10:25:57+00:00,cnsm-mem-01,"system.cpu.util[,interrupt]",0
2026-05-15T10:26:57+00:00,cnsm-mem-01,"system.cpu.util[,interrupt]",0
2026-05-15T10:27:57+00:00,cnsm-mem-01,"system.cpu.util[,interrupt]",0
2026-05-15T10:28:57+00:00,cnsm-mem-01,"system.cpu.util[,interrupt]",0
2026-05-15T10:29:57+00:00,cnsm-mem-01,"system.cpu.util[,interrupt]",0
2026-05-15T10:30:57+00:00,cnsm-mem-01,"system.cpu.util[,interrupt]",0
2026-05-15T10:31:57+00:00,cnsm-mem-01,"system.cpu.util[,interrupt]",0
2026-05-15T10:32:57+00:00,cnsm-mem-01,"system.cpu.util[,interrupt]",0
2026-05-15T10:33:57+00:00,cnsm-mem-01,"system.cpu.util[,interrupt]",0
2026-05-15T10:34:57+00:00,cnsm-mem-01,"system.cpu.util[,interrupt]",0
2026-05-15T10:35:57+00:00,cnsm-mem-01,"system.cpu.util[,interrupt]",0
2026-05-15T10:36:57+00:00,cnsm-mem-01,"system.cpu.util[,interrupt]",0
2026-05-15T10:37:57+00:00,cnsm-mem-01,"system.cpu.util[,interrupt]",0
2026-05-15T10:38:57+00:00,cnsm-mem-01,"system.cpu.util[,interrupt]",0
2026-05-15T10:39:57+00:00,cnsm-mem-01,"system.cpu.util[,interrupt]",0
2026-05-15T10:40:57+00:00,cnsm-mem-01,"system.cpu.util[,interrupt]",0
2026-05-15T10:41:57+00:00,cnsm-mem-01,"system.cpu.util[,interrupt]",0
2026-05-15T10:42:57+00:00,cnsm-mem-01,"system.cpu.util[,interrupt]",0
2026-05-15T10:43:57+00:00,cnsm-mem-01,"system.cpu.util[,interrupt]",0
2026-05-15T10:44:57+00:00,cnsm-mem-01,"system.cpu.util[,interrupt]",0
2026-05-15T10:45:57+00:00,cnsm-mem-01,"system.cpu.util[,interrupt]",0
2026-05-15T10:46:57+00:00,cnsm-mem-01,"system.cpu.util[,interrupt]",0
2026-05-15T10:47:57+00:00,cnsm-mem-01,"system.cpu.util[,interrupt]",0
2026-05-15T10:48:57+00:00,cnsm-mem-01,"system.cpu.util[,interrupt]",0
2026-05-15T10:49:57+00:00,cnsm-mem-01,"system.cpu.util[,interrupt]",0
2026-05-15T10:50:57+00:00,cnsm-mem-01,"system.cpu.util[,interrupt]",0
2026-05-15T10:51:57+00:00,cnsm-mem-01,"system.cpu.util[,interrupt]",0
2026-05-15T10:52:57+00:00,cnsm-mem-01,"system.cpu.util[,interrupt]",0
2026-05-15T10:53:57+00:00,cnsm-mem-01,"system.cpu.util[,interrupt]",0
2026-05-15T10:54:57+00:00,cnsm-mem-01,"system.cpu.util[,interrupt]",0
2026-05-15T10:55:57+00:00,cnsm-mem-01,"system.cpu.util[,interrupt]",0
2026-05-15T10:56:57+00:00,cnsm-mem-01,"system.cpu.util[,interrupt]",0
2026-05-15T10:57:57+00:00,cnsm-mem-01,"system.cpu.util[,interrupt]",0
2026-05-15T10:58:57+00:00,cnsm-mem-01,"system.cpu.util[,interrupt]",0
2026-05-15T10:59:57+00:00,cnsm-mem-01,"system.cpu.util[,interrupt]",0
2026-05-15T11:00:57+00:00,cnsm-mem-01,"system.cpu.util[,interrupt]",0
2026-05-15T11:01:57+00:00,cnsm-mem-01,"system.cpu.util[,interrupt]",0
2026-05-15T11:02:57+00:00,cnsm-mem-01,"system.cpu.util[,interrupt]",0
2026-05-15T11:03:57+00:00,cnsm-mem-01,"system.cpu.util[,interrupt]",0
2026-05-15T11:04:57+00:00,cnsm-mem-01,"system.cpu.util[,interrupt]",0
2026-05-15T11:05:57+00:00,cnsm-mem-01,"system.cpu.util[,interrupt]",0
2026-05-15T11:06:57+00:00,cnsm-mem-01,"system.cpu.util[,interrupt]",0
2026-05-15T11:07:57+00:00,cnsm-mem-01,"system.cpu.util[,interrupt]",0
2026-05-15T11:08:57+00:00,cnsm-mem-01,"system.cpu.util[,interrupt]",0
2026-05-15T09:52:50+00:00,cnsm-mem-01,"system.cpu.util[,iowait]",0.006256
2026-05-15T09:53:50+00:00,cnsm-mem-01,"system.cpu.util[,iowait]",0.006256
2026-05-15T09:54:50+00:00,cnsm-mem-01,"system.cpu.util[,iowait]",0.008342
2026-05-15T09:55:50+00:00,cnsm-mem-01,"system.cpu.util[,iowait]",0.006257
2026-05-15T09:56:50+00:00,cnsm-mem-01,"system.cpu.util[,iowait]",0.008342
2026-05-15T09:57:50+00:00,cnsm-mem-01,"system.cpu.util[,iowait]",0.006257
2026-05-15T09:58:50+00:00,cnsm-mem-01,"system.cpu.util[,iowait]",0.006256
2026-05-15T09:59:50+00:00,cnsm-mem-01,"system.cpu.util[,iowait]",0.008342
2026-05-15T10:00:50+00:00,cnsm-mem-01,"system.cpu.util[,iowait]",0.008341
2026-05-15T10:01:50+00:00,cnsm-mem-01,"system.cpu.util[,iowait]",0.008341
2026-05-15T10:02:50+00:00,cnsm-mem-01,"system.cpu.util[,iowait]",0.006258
2026-05-15T10:03:50+00:00,cnsm-mem-01,"system.cpu.util[,iowait]",0.008343
2026-05-15T10:04:50+00:00,cnsm-mem-01,"system.cpu.util[,iowait]",0.008341
2026-05-15T10:05:50+00:00,cnsm-mem-01,"system.cpu.util[,iowait]",0.018774
2026-05-15T10:06:50+00:00,cnsm-mem-01,"system.cpu.util[,iowait]",0.008344
2026-05-15T10:07:50+00:00,cnsm-mem-01,"system.cpu.util[,iowait]",0.006258
2026-05-15T10:08:50+00:00,cnsm-mem-01,"system.cpu.util[,iowait]",0.008345
2026-05-15T10:09:50+00:00,cnsm-mem-01,"system.cpu.util[,iowait]",0.006258
2026-05-15T10:10:50+00:00,cnsm-mem-01,"system.cpu.util[,iowait]",0.008343
2026-05-15T10:11:50+00:00,cnsm-mem-01,"system.cpu.util[,iowait]",0.010431
2026-05-15T10:12:50+00:00,cnsm-mem-01,"system.cpu.util[,iowait]",0.006259
2026-05-15T10:13:50+00:00,cnsm-mem-01,"system.cpu.util[,iowait]",0.008348
2026-05-15T10:14:50+00:00,cnsm-mem-01,"system.cpu.util[,iowait]",0.006256
2026-05-15T10:15:50+00:00,cnsm-mem-01,"system.cpu.util[,iowait]",0.008343
2026-05-15T10:16:50+00:00,cnsm-mem-01,"system.cpu.util[,iowait]",0.006258
2026-05-15T10:17:50+00:00,cnsm-mem-01,"system.cpu.util[,iowait]",0.008345
2026-05-15T10:18:50+00:00,cnsm-mem-01,"system.cpu.util[,iowait]",0.008343
2026-05-15T10:19:50+00:00,cnsm-mem-01,"system.cpu.util[,iowait]",0.008343
2026-05-15T10:20:50+00:00,cnsm-mem-01,"system.cpu.util[,iowait]",0.006261
2026-05-15T10:21:50+00:00,cnsm-mem-01,"system.cpu.util[,iowait]",0.010433
2026-05-15T10:22:50+00:00,cnsm-mem-01,"system.cpu.util[,iowait]",5.884584
2026-05-15T10:23:50+00:00,cnsm-mem-01,"system.cpu.util[,iowait]",7.783736
2026-05-15T10:24:50+00:00,cnsm-mem-01,"system.cpu.util[,iowait]",7.831389
2026-05-15T10:25:50+00:00,cnsm-mem-01,"system.cpu.util[,iowait]",7.210474
2026-05-15T10:26:50+00:00,cnsm-mem-01,"system.cpu.util[,iowait]",7.447078
2026-05-15T10:27:50+00:00,cnsm-mem-01,"system.cpu.util[,iowait]",7.459792
2026-05-15T10:28:50+00:00,cnsm-mem-01,"system.cpu.util[,iowait]",8.026657
2026-05-15T10:29:50+00:00,cnsm-mem-01,"system.cpu.util[,iowait]",7.837883
2026-05-15T10:30:50+00:00,cnsm-mem-01,"system.cpu.util[,iowait]",7.462687
2026-05-15T10:31:50+00:00,cnsm-mem-01,"system.cpu.util[,iowait]",7.663248
2026-05-15T10:32:50+00:00,cnsm-mem-01,"system.cpu.util[,iowait]",7.595097
2026-05-15T10:33:50+00:00,cnsm-mem-01,"system.cpu.util[,iowait]",7.789194
2026-05-15T10:34:50+00:00,cnsm-mem-01,"system.cpu.util[,iowait]",7.589352
2026-05-15T10:35:50+00:00,cnsm-mem-01,"system.cpu.util[,iowait]",7.36922
2026-05-15T10:36:50+00:00,cnsm-mem-01,"system.cpu.util[,iowait]",7.428981
2026-05-15T10:37:50+00:00,cnsm-mem-01,"system.cpu.util[,iowait]",7.590161
2026-05-15T10:38:50+00:00,cnsm-mem-01,"system.cpu.util[,iowait]",7.515803
2026-05-15T10:39:50+00:00,cnsm-mem-01,"system.cpu.util[,iowait]",1.750131
2026-05-15T10:40:50+00:00,cnsm-mem-01,"system.cpu.util[,iowait]",0.004171
2026-05-15T10:41:50+00:00,cnsm-mem-01,"system.cpu.util[,iowait]",0.004171
2026-05-15T10:42:50+00:00,cnsm-mem-01,"system.cpu.util[,iowait]",0.002085
2026-05-15T10:43:50+00:00,cnsm-mem-01,"system.cpu.util[,iowait]",0.004171
2026-05-15T10:44:50+00:00,cnsm-mem-01,"system.cpu.util[,iowait]",0.00417
2026-05-15T10:45:50+00:00,cnsm-mem-01,"system.cpu.util[,iowait]",0.00417
2026-05-15T10:46:50+00:00,cnsm-mem-01,"system.cpu.util[,iowait]",0.004172
2026-05-15T10:47:50+00:00,cnsm-mem-01,"system.cpu.util[,iowait]",0.002086
2026-05-15T10:48:50+00:00,cnsm-mem-01,"system.cpu.util[,iowait]",0.004171
2026-05-15T10:49:50+00:00,cnsm-mem-01,"system.cpu.util[,iowait]",0.008343
2026-05-15T10:50:50+00:00,cnsm-mem-01,"system.cpu.util[,iowait]",0.004171
2026-05-15T10:51:50+00:00,cnsm-mem-01,"system.cpu.util[,iowait]",0.004171
2026-05-15T10:52:50+00:00,cnsm-mem-01,"system.cpu.util[,iowait]",0.004172
2026-05-15T10:53:50+00:00,cnsm-mem-01,"system.cpu.util[,iowait]",0.004171
2026-05-15T10:54:50+00:00,cnsm-mem-01,"system.cpu.util[,iowait]",0.006256
2026-05-15T10:55:50+00:00,cnsm-mem-01,"system.cpu.util[,iowait]",0.002086
2026-05-15T10:56:50+00:00,cnsm-mem-01,"system.cpu.util[,iowait]",0.00417
2026-05-15T10:57:50+00:00,cnsm-mem-01,"system.cpu.util[,iowait]",0.004171
2026-05-15T10:58:50+00:00,cnsm-mem-01,"system.cpu.util[,iowait]",0.006257
2026-05-15T10:59:50+00:00,cnsm-mem-01,"system.cpu.util[,iowait]",0.002085
2026-05-15T11:00:50+00:00,cnsm-mem-01,"system.cpu.util[,iowait]",0.00417
2026-05-15T11:01:50+00:00,cnsm-mem-01,"system.cpu.util[,iowait]",0.004171
2026-05-15T11:02:50+00:00,cnsm-mem-01,"system.cpu.util[,iowait]",0.004172
2026-05-15T11:03:50+00:00,cnsm-mem-01,"system.cpu.util[,iowait]",0.004171
2026-05-15T11:04:50+00:00,cnsm-mem-01,"system.cpu.util[,iowait]",0.00834
2026-05-15T11:05:50+00:00,cnsm-mem-01,"system.cpu.util[,iowait]",0.00417
2026-05-15T11:06:50+00:00,cnsm-mem-01,"system.cpu.util[,iowait]",0.002085
2026-05-15T11:07:50+00:00,cnsm-mem-01,"system.cpu.util[,iowait]",0.004171
2026-05-15T11:08:50+00:00,cnsm-mem-01,"system.cpu.util[,iowait]",0.006255
2026-05-15T09:52:39+00:00,cnsm-mem-01,"system.cpu.util[,nice]",0
2026-05-15T09:53:39+00:00,cnsm-mem-01,"system.cpu.util[,nice]",0
2026-05-15T09:54:39+00:00,cnsm-mem-01,"system.cpu.util[,nice]",0
2026-05-15T09:55:39+00:00,cnsm-mem-01,"system.cpu.util[,nice]",0
2026-05-15T09:56:39+00:00,cnsm-mem-01,"system.cpu.util[,nice]",0
2026-05-15T09:57:39+00:00,cnsm-mem-01,"system.cpu.util[,nice]",0
2026-05-15T09:58:39+00:00,cnsm-mem-01,"system.cpu.util[,nice]",0
2026-05-15T09:59:39+00:00,cnsm-mem-01,"system.cpu.util[,nice]",0
2026-05-15T10:00:39+00:00,cnsm-mem-01,"system.cpu.util[,nice]",0
2026-05-15T10:01:39+00:00,cnsm-mem-01,"system.cpu.util[,nice]",0
2026-05-15T10:02:39+00:00,cnsm-mem-01,"system.cpu.util[,nice]",0
2026-05-15T10:03:39+00:00,cnsm-mem-01,"system.cpu.util[,nice]",0
2026-05-15T10:04:39+00:00,cnsm-mem-01,"system.cpu.util[,nice]",0
2026-05-15T10:05:39+00:00,cnsm-mem-01,"system.cpu.util[,nice]",0
2026-05-15T10:06:39+00:00,cnsm-mem-01,"system.cpu.util[,nice]",0
2026-05-15T10:07:39+00:00,cnsm-mem-01,"system.cpu.util[,nice]",0
2026-05-15T10:08:39+00:00,cnsm-mem-01,"system.cpu.util[,nice]",0
2026-05-15T10:09:39+00:00,cnsm-mem-01,"system.cpu.util[,nice]",0
2026-05-15T10:10:39+00:00,cnsm-mem-01,"system.cpu.util[,nice]",0
2026-05-15T10:11:39+00:00,cnsm-mem-01,"system.cpu.util[,nice]",0
2026-05-15T10:12:39+00:00,cnsm-mem-01,"system.cpu.util[,nice]",0
2026-05-15T10:13:39+00:00,cnsm-mem-01,"system.cpu.util[,nice]",0
2026-05-15T10:14:39+00:00,cnsm-mem-01,"system.cpu.util[,nice]",0
2026-05-15T10:15:39+00:00,cnsm-mem-01,"system.cpu.util[,nice]",0
2026-05-15T10:16:39+00:00,cnsm-mem-01,"system.cpu.util[,nice]",0
2026-05-15T10:17:39+00:00,cnsm-mem-01,"system.cpu.util[,nice]",0
2026-05-15T10:18:39+00:00,cnsm-mem-01,"system.cpu.util[,nice]",0
2026-05-15T10:19:39+00:00,cnsm-mem-01,"system.cpu.util[,nice]",0
2026-05-15T10:20:39+00:00,cnsm-mem-01,"system.cpu.util[,nice]",0
2026-05-15T10:21:39+00:00,cnsm-mem-01,"system.cpu.util[,nice]",0
2026-05-15T10:22:39+00:00,cnsm-mem-01,"system.cpu.util[,nice]",0
2026-05-15T10:23:39+00:00,cnsm-mem-01,"system.cpu.util[,nice]",0
2026-05-15T10:24:39+00:00,cnsm-mem-01,"system.cpu.util[,nice]",0
2026-05-15T10:25:39+00:00,cnsm-mem-01,"system.cpu.util[,nice]",0
2026-05-15T10:26:39+00:00,cnsm-mem-01,"system.cpu.util[,nice]",0
2026-05-15T10:27:39+00:00,cnsm-mem-01,"system.cpu.util[,nice]",0
2026-05-15T10:28:39+00:00,cnsm-mem-01,"system.cpu.util[,nice]",0
2026-05-15T10:29:39+00:00,cnsm-mem-01,"system.cpu.util[,nice]",0
2026-05-15T10:30:39+00:00,cnsm-mem-01,"system.cpu.util[,nice]",0
2026-05-15T10:31:39+00:00,cnsm-mem-01,"system.cpu.util[,nice]",0
2026-05-15T10:32:39+00:00,cnsm-mem-01,"system.cpu.util[,nice]",0
2026-05-15T10:33:39+00:00,cnsm-mem-01,"system.cpu.util[,nice]",0
2026-05-15T10:34:39+00:00,cnsm-mem-01,"system.cpu.util[,nice]",0
2026-05-15T10:35:39+00:00,cnsm-mem-01,"system.cpu.util[,nice]",0
2026-05-15T10:36:39+00:00,cnsm-mem-01,"system.cpu.util[,nice]",0
2026-05-15T10:37:39+00:00,cnsm-mem-01,"system.cpu.util[,nice]",0
2026-05-15T10:38:39+00:00,cnsm-mem-01,"system.cpu.util[,nice]",0
2026-05-15T10:39:39+00:00,cnsm-mem-01,"system.cpu.util[,nice]",0
2026-05-15T10:40:39+00:00,cnsm-mem-01,"system.cpu.util[,nice]",0
2026-05-15T10:41:39+00:00,cnsm-mem-01,"system.cpu.util[,nice]",0
2026-05-15T10:42:39+00:00,cnsm-mem-01,"system.cpu.util[,nice]",0
2026-05-15T10:43:39+00:00,cnsm-mem-01,"system.cpu.util[,nice]",0
2026-05-15T10:44:39+00:00,cnsm-mem-01,"system.cpu.util[,nice]",0
2026-05-15T10:45:39+00:00,cnsm-mem-01,"system.cpu.util[,nice]",0
2026-05-15T10:46:39+00:00,cnsm-mem-01,"system.cpu.util[,nice]",0
2026-05-15T10:47:39+00:00,cnsm-mem-01,"system.cpu.util[,nice]",0
2026-05-15T10:48:39+00:00,cnsm-mem-01,"system.cpu.util[,nice]",0
2026-05-15T10:49:39+00:00,cnsm-mem-01,"system.cpu.util[,nice]",0
2026-05-15T10:50:39+00:00,cnsm-mem-01,"system.cpu.util[,nice]",0
2026-05-15T10:51:39+00:00,cnsm-mem-01,"system.cpu.util[,nice]",0
2026-05-15T10:52:39+00:00,cnsm-mem-01,"system.cpu.util[,nice]",0
2026-05-15T10:53:39+00:00,cnsm-mem-01,"system.cpu.util[,nice]",0
2026-05-15T10:54:39+00:00,cnsm-mem-01,"system.cpu.util[,nice]",0
2026-05-15T10:55:39+00:00,cnsm-mem-01,"system.cpu.util[,nice]",0
2026-05-15T10:56:39+00:00,cnsm-mem-01,"system.cpu.util[,nice]",0
2026-05-15T10:57:39+00:00,cnsm-mem-01,"system.cpu.util[,nice]",0
2026-05-15T10:58:39+00:00,cnsm-mem-01,"system.cpu.util[,nice]",0
2026-05-15T10:59:39+00:00,cnsm-mem-01,"system.cpu.util[,nice]",0
2026-05-15T11:00:39+00:00,cnsm-mem-01,"system.cpu.util[,nice]",0
2026-05-15T11:01:39+00:00,cnsm-mem-01,"system.cpu.util[,nice]",0
2026-05-15T11:02:39+00:00,cnsm-mem-01,"system.cpu.util[,nice]",0
2026-05-15T11:03:39+00:00,cnsm-mem-01,"system.cpu.util[,nice]",0
2026-05-15T11:04:39+00:00,cnsm-mem-01,"system.cpu.util[,nice]",0
2026-05-15T11:05:39+00:00,cnsm-mem-01,"system.cpu.util[,nice]",0
2026-05-15T11:06:39+00:00,cnsm-mem-01,"system.cpu.util[,nice]",0
2026-05-15T11:07:39+00:00,cnsm-mem-01,"system.cpu.util[,nice]",0
2026-05-15T11:08:39+00:00,cnsm-mem-01,"system.cpu.util[,nice]",0
2026-05-15T09:52:29+00:00,cnsm-mem-01,"system.cpu.util[,softirq]",0.002086
2026-05-15T09:53:29+00:00,cnsm-mem-01,"system.cpu.util[,softirq]",0.00417
2026-05-15T09:54:29+00:00,cnsm-mem-01,"system.cpu.util[,softirq]",0.00417
2026-05-15T09:55:29+00:00,cnsm-mem-01,"system.cpu.util[,softirq]",0.012515
2026-05-15T09:56:29+00:00,cnsm-mem-01,"system.cpu.util[,softirq]",0.006255
2026-05-15T09:57:29+00:00,cnsm-mem-01,"system.cpu.util[,softirq]",0.006257
2026-05-15T09:58:29+00:00,cnsm-mem-01,"system.cpu.util[,softirq]",0.002085
2026-05-15T09:59:29+00:00,cnsm-mem-01,"system.cpu.util[,softirq]",0.008341
2026-05-15T10:00:29+00:00,cnsm-mem-01,"system.cpu.util[,softirq]",0.002086
2026-05-15T10:01:29+00:00,cnsm-mem-01,"system.cpu.util[,softirq]",0.010428
2026-05-15T10:02:29+00:00,cnsm-mem-01,"system.cpu.util[,softirq]",0.006257
2026-05-15T10:03:29+00:00,cnsm-mem-01,"system.cpu.util[,softirq]",0.008344
2026-05-15T10:04:29+00:00,cnsm-mem-01,"system.cpu.util[,softirq]",0.004171
2026-05-15T10:05:29+00:00,cnsm-mem-01,"system.cpu.util[,softirq]",0.008343
2026-05-15T10:06:29+00:00,cnsm-mem-01,"system.cpu.util[,softirq]",0.006258
2026-05-15T10:07:29+00:00,cnsm-mem-01,"system.cpu.util[,softirq]",0.006258
2026-05-15T10:08:29+00:00,cnsm-mem-01,"system.cpu.util[,softirq]",0.004172
2026-05-15T10:09:29+00:00,cnsm-mem-01,"system.cpu.util[,softirq]",0.006258
2026-05-15T10:10:29+00:00,cnsm-mem-01,"system.cpu.util[,softirq]",0.002086
2026-05-15T10:11:29+00:00,cnsm-mem-01,"system.cpu.util[,softirq]",0.010428
2026-05-15T10:12:29+00:00,cnsm-mem-01,"system.cpu.util[,softirq]",0.00626
2026-05-15T10:13:29+00:00,cnsm-mem-01,"system.cpu.util[,softirq]",0.008346
2026-05-15T10:14:29+00:00,cnsm-mem-01,"system.cpu.util[,softirq]",0.010433
2026-05-15T10:15:29+00:00,cnsm-mem-01,"system.cpu.util[,softirq]",0.002086
2026-05-15T10:16:29+00:00,cnsm-mem-01,"system.cpu.util[,softirq]",0.008345
2026-05-15T10:17:29+00:00,cnsm-mem-01,"system.cpu.util[,softirq]",0.010429
2026-05-15T10:18:29+00:00,cnsm-mem-01,"system.cpu.util[,softirq]",0.004172
2026-05-15T10:19:29+00:00,cnsm-mem-01,"system.cpu.util[,softirq]",0.004171
2026-05-15T10:20:29+00:00,cnsm-mem-01,"system.cpu.util[,softirq]",0.008349
2026-05-15T10:21:29+00:00,cnsm-mem-01,"system.cpu.util[,softirq]",0.008346
2026-05-15T10:22:29+00:00,cnsm-mem-01,"system.cpu.util[,softirq]",0.052452
2026-05-15T10:23:29+00:00,cnsm-mem-01,"system.cpu.util[,softirq]",0.105561
2026-05-15T10:24:29+00:00,cnsm-mem-01,"system.cpu.util[,softirq]",0.124473
2026-05-15T10:25:29+00:00,cnsm-mem-01,"system.cpu.util[,softirq]",0.134973
2026-05-15T10:26:29+00:00,cnsm-mem-01,"system.cpu.util[,softirq]",0.139167
2026-05-15T10:27:29+00:00,cnsm-mem-01,"system.cpu.util[,softirq]",0.132813
2026-05-15T10:28:29+00:00,cnsm-mem-01,"system.cpu.util[,softirq]",0.124428
2026-05-15T10:29:29+00:00,cnsm-mem-01,"system.cpu.util[,softirq]",0.141282
2026-05-15T10:30:29+00:00,cnsm-mem-01,"system.cpu.util[,softirq]",0.094985
2026-05-15T10:31:29+00:00,cnsm-mem-01,"system.cpu.util[,softirq]",0.109797
2026-05-15T10:32:29+00:00,cnsm-mem-01,"system.cpu.util[,softirq]",0.080187
2026-05-15T10:33:29+00:00,cnsm-mem-01,"system.cpu.util[,softirq]",0.120251
2026-05-15T10:34:29+00:00,cnsm-mem-01,"system.cpu.util[,softirq]",0.105505
2026-05-15T10:35:29+00:00,cnsm-mem-01,"system.cpu.util[,softirq]",0.090648
2026-05-15T10:36:29+00:00,cnsm-mem-01,"system.cpu.util[,softirq]",0.090813
2026-05-15T10:37:29+00:00,cnsm-mem-01,"system.cpu.util[,softirq]",0.084278
2026-05-15T10:38:29+00:00,cnsm-mem-01,"system.cpu.util[,softirq]",0.105379
2026-05-15T10:39:29+00:00,cnsm-mem-01,"system.cpu.util[,softirq]",0.039872
2026-05-15T10:40:29+00:00,cnsm-mem-01,"system.cpu.util[,softirq]",0.004172
2026-05-15T10:41:29+00:00,cnsm-mem-01,"system.cpu.util[,softirq]",0.002086
2026-05-15T10:42:29+00:00,cnsm-mem-01,"system.cpu.util[,softirq]",0.00417
2026-05-15T10:43:29+00:00,cnsm-mem-01,"system.cpu.util[,softirq]",0.004171
2026-05-15T10:44:29+00:00,cnsm-mem-01,"system.cpu.util[,softirq]",0.00417
2026-05-15T10:45:29+00:00,cnsm-mem-01,"system.cpu.util[,softirq]",0.002085
2026-05-15T10:46:29+00:00,cnsm-mem-01,"system.cpu.util[,softirq]",0.004171
2026-05-15T10:47:29+00:00,cnsm-mem-01,"system.cpu.util[,softirq]",0.006257
2026-05-15T10:48:29+00:00,cnsm-mem-01,"system.cpu.util[,softirq]",0.010426
2026-05-15T10:49:29+00:00,cnsm-mem-01,"system.cpu.util[,softirq]",0.008342
2026-05-15T10:50:29+00:00,cnsm-mem-01,"system.cpu.util[,softirq]",0.002085
2026-05-15T10:51:29+00:00,cnsm-mem-01,"system.cpu.util[,softirq]",0.006257
2026-05-15T10:52:29+00:00,cnsm-mem-01,"system.cpu.util[,softirq]",0.006257
2026-05-15T10:53:29+00:00,cnsm-mem-01,"system.cpu.util[,softirq]",0.002086
2026-05-15T10:54:29+00:00,cnsm-mem-01,"system.cpu.util[,softirq]",0.004172
2026-05-15T10:55:29+00:00,cnsm-mem-01,"system.cpu.util[,softirq]",0.004171
2026-05-15T10:56:29+00:00,cnsm-mem-01,"system.cpu.util[,softirq]",0.002085
2026-05-15T10:57:29+00:00,cnsm-mem-01,"system.cpu.util[,softirq]",0.006256
2026-05-15T10:58:29+00:00,cnsm-mem-01,"system.cpu.util[,softirq]",0.004171
2026-05-15T10:59:29+00:00,cnsm-mem-01,"system.cpu.util[,softirq]",0.014599
2026-05-15T11:00:29+00:00,cnsm-mem-01,"system.cpu.util[,softirq]",0.002085
2026-05-15T11:01:29+00:00,cnsm-mem-01,"system.cpu.util[,softirq]",0.004171
2026-05-15T11:02:29+00:00,cnsm-mem-01,"system.cpu.util[,softirq]",0.004171
2026-05-15T11:03:29+00:00,cnsm-mem-01,"system.cpu.util[,softirq]",0.006256
2026-05-15T11:04:29+00:00,cnsm-mem-01,"system.cpu.util[,softirq]",0.00417
2026-05-15T11:05:29+00:00,cnsm-mem-01,"system.cpu.util[,softirq]",0.002085
2026-05-15T11:06:29+00:00,cnsm-mem-01,"system.cpu.util[,softirq]",0.002085
2026-05-15T11:07:29+00:00,cnsm-mem-01,"system.cpu.util[,softirq]",0.006257
2026-05-15T11:08:29+00:00,cnsm-mem-01,"system.cpu.util[,softirq]",0.010426
2026-05-15T09:52:38+00:00,cnsm-mem-01,"system.cpu.util[,steal]",0.002086
2026-05-15T09:53:38+00:00,cnsm-mem-01,"system.cpu.util[,steal]",0.00417
2026-05-15T09:54:38+00:00,cnsm-mem-01,"system.cpu.util[,steal]",0.004171
2026-05-15T09:55:38+00:00,cnsm-mem-01,"system.cpu.util[,steal]",0.002086
2026-05-15T09:56:38+00:00,cnsm-mem-01,"system.cpu.util[,steal]",0.00417
2026-05-15T09:57:38+00:00,cnsm-mem-01,"system.cpu.util[,steal]",0.002086
2026-05-15T09:58:38+00:00,cnsm-mem-01,"system.cpu.util[,steal]",0.002086
2026-05-15T09:59:38+00:00,cnsm-mem-01,"system.cpu.util[,steal]",0.006257
2026-05-15T10:00:38+00:00,cnsm-mem-01,"system.cpu.util[,steal]",0.002085
2026-05-15T10:01:38+00:00,cnsm-mem-01,"system.cpu.util[,steal]",0.00417
2026-05-15T10:02:38+00:00,cnsm-mem-01,"system.cpu.util[,steal]",0.004172
2026-05-15T10:03:38+00:00,cnsm-mem-01,"system.cpu.util[,steal]",0.004172
2026-05-15T10:04:38+00:00,cnsm-mem-01,"system.cpu.util[,steal]",0.004171
2026-05-15T10:05:38+00:00,cnsm-mem-01,"system.cpu.util[,steal]",0.002086
2026-05-15T10:06:38+00:00,cnsm-mem-01,"system.cpu.util[,steal]",0.006258
2026-05-15T10:07:38+00:00,cnsm-mem-01,"system.cpu.util[,steal]",0.004172
2026-05-15T10:08:38+00:00,cnsm-mem-01,"system.cpu.util[,steal]",0.006258
2026-05-15T10:09:38+00:00,cnsm-mem-01,"system.cpu.util[,steal]",0.008344
2026-05-15T10:10:38+00:00,cnsm-mem-01,"system.cpu.util[,steal]",0.006257
2026-05-15T10:11:38+00:00,cnsm-mem-01,"system.cpu.util[,steal]",0.008343
2026-05-15T10:12:38+00:00,cnsm-mem-01,"system.cpu.util[,steal]",0.008348
2026-05-15T10:13:38+00:00,cnsm-mem-01,"system.cpu.util[,steal]",0.006261
2026-05-15T10:14:38+00:00,cnsm-mem-01,"system.cpu.util[,steal]",0.004171
2026-05-15T10:15:38+00:00,cnsm-mem-01,"system.cpu.util[,steal]",0.004171
2026-05-15T10:16:38+00:00,cnsm-mem-01,"system.cpu.util[,steal]",0.004172
2026-05-15T10:17:38+00:00,cnsm-mem-01,"system.cpu.util[,steal]",0.002086
2026-05-15T10:18:38+00:00,cnsm-mem-01,"system.cpu.util[,steal]",0.006257
2026-05-15T10:19:38+00:00,cnsm-mem-01,"system.cpu.util[,steal]",0.004172
2026-05-15T10:20:38+00:00,cnsm-mem-01,"system.cpu.util[,steal]",0.002087
2026-05-15T10:21:38+00:00,cnsm-mem-01,"system.cpu.util[,steal]",0.004173
2026-05-15T10:22:38+00:00,cnsm-mem-01,"system.cpu.util[,steal]",0.014712
2026-05-15T10:23:38+00:00,cnsm-mem-01,"system.cpu.util[,steal]",0.01689
2026-05-15T10:24:38+00:00,cnsm-mem-01,"system.cpu.util[,steal]",0.014766
2026-05-15T10:25:38+00:00,cnsm-mem-01,"system.cpu.util[,steal]",0.016873
2026-05-15T10:26:38+00:00,cnsm-mem-01,"system.cpu.util[,steal]",0.010543
2026-05-15T10:27:38+00:00,cnsm-mem-01,"system.cpu.util[,steal]",0.010539
2026-05-15T10:28:38+00:00,cnsm-mem-01,"system.cpu.util[,steal]",0.01476
2026-05-15T10:29:38+00:00,cnsm-mem-01,"system.cpu.util[,steal]",0.014768
2026-05-15T10:30:38+00:00,cnsm-mem-01,"system.cpu.util[,steal]",0.014777
2026-05-15T10:31:38+00:00,cnsm-mem-01,"system.cpu.util[,steal]",0.010554
2026-05-15T10:32:38+00:00,cnsm-mem-01,"system.cpu.util[,steal]",0.012662
2026-05-15T10:33:38+00:00,cnsm-mem-01,"system.cpu.util[,steal]",0.012656
2026-05-15T10:34:38+00:00,cnsm-mem-01,"system.cpu.util[,steal]",0.010554
2026-05-15T10:35:38+00:00,cnsm-mem-01,"system.cpu.util[,steal]",0.012643
2026-05-15T10:36:38+00:00,cnsm-mem-01,"system.cpu.util[,steal]",0.016894
2026-05-15T10:37:38+00:00,cnsm-mem-01,"system.cpu.util[,steal]",0.016862
2026-05-15T10:38:38+00:00,cnsm-mem-01,"system.cpu.util[,steal]",0.018966
2026-05-15T10:39:38+00:00,cnsm-mem-01,"system.cpu.util[,steal]",0.006287
2026-05-15T10:40:38+00:00,cnsm-mem-01,"system.cpu.util[,steal]",0.004171
2026-05-15T10:41:38+00:00,cnsm-mem-01,"system.cpu.util[,steal]",0.00417
2026-05-15T10:42:38+00:00,cnsm-mem-01,"system.cpu.util[,steal]",0.004171
2026-05-15T10:43:38+00:00,cnsm-mem-01,"system.cpu.util[,steal]",0.006256
2026-05-15T10:44:38+00:00,cnsm-mem-01,"system.cpu.util[,steal]",0.00417
2026-05-15T10:45:38+00:00,cnsm-mem-01,"system.cpu.util[,steal]",0.006255
2026-05-15T10:46:38+00:00,cnsm-mem-01,"system.cpu.util[,steal]",0.006257
2026-05-15T10:47:38+00:00,cnsm-mem-01,"system.cpu.util[,steal]",0.008343
2026-05-15T10:48:38+00:00,cnsm-mem-01,"system.cpu.util[,steal]",0.008342
2026-05-15T10:49:38+00:00,cnsm-mem-01,"system.cpu.util[,steal]",0.004171
2026-05-15T10:50:38+00:00,cnsm-mem-01,"system.cpu.util[,steal]",0.008341
2026-05-15T10:51:38+00:00,cnsm-mem-01,"system.cpu.util[,steal]",0.006258
2026-05-15T10:52:38+00:00,cnsm-mem-01,"system.cpu.util[,steal]",0.008344
2026-05-15T10:53:38+00:00,cnsm-mem-01,"system.cpu.util[,steal]",0.002086
2026-05-15T10:54:38+00:00,cnsm-mem-01,"system.cpu.util[,steal]",0.006257
2026-05-15T10:55:38+00:00,cnsm-mem-01,"system.cpu.util[,steal]",0.004171
2026-05-15T10:56:38+00:00,cnsm-mem-01,"system.cpu.util[,steal]",0.002085
2026-05-15T10:57:38+00:00,cnsm-mem-01,"system.cpu.util[,steal]",0.004171
2026-05-15T10:58:38+00:00,cnsm-mem-01,"system.cpu.util[,steal]",0.004172
2026-05-15T10:59:38+00:00,cnsm-mem-01,"system.cpu.util[,steal]",0.002085
2026-05-15T11:00:38+00:00,cnsm-mem-01,"system.cpu.util[,steal]",0.00417
2026-05-15T11:01:38+00:00,cnsm-mem-01,"system.cpu.util[,steal]",0.002085
2026-05-15T11:02:38+00:00,cnsm-mem-01,"system.cpu.util[,steal]",0.004171
2026-05-15T11:03:38+00:00,cnsm-mem-01,"system.cpu.util[,steal]",0.002085
2026-05-15T11:04:38+00:00,cnsm-mem-01,"system.cpu.util[,steal]",0.002085
2026-05-15T11:05:38+00:00,cnsm-mem-01,"system.cpu.util[,steal]",0.004171
2026-05-15T11:06:38+00:00,cnsm-mem-01,"system.cpu.util[,steal]",0.006254
2026-05-15T11:07:38+00:00,cnsm-mem-01,"system.cpu.util[,steal]",0.002086
2026-05-15T11:08:38+00:00,cnsm-mem-01,"system.cpu.util[,steal]",0.00417
2026-05-15T09:52:21+00:00,cnsm-mem-01,"system.cpu.util[,system]",1.36812
2026-05-15T09:53:21+00:00,cnsm-mem-01,"system.cpu.util[,system]",1.420022
2026-05-15T09:54:21+00:00,cnsm-mem-01,"system.cpu.util[,system]",1.526336
2026-05-15T09:55:21+00:00,cnsm-mem-01,"system.cpu.util[,system]",1.255579
2026-05-15T09:56:21+00:00,cnsm-mem-01,"system.cpu.util[,system]",1.561914
2026-05-15T09:57:21+00:00,cnsm-mem-01,"system.cpu.util[,system]",1.224217
2026-05-15T09:58:21+00:00,cnsm-mem-01,"system.cpu.util[,system]",1.737154
2026-05-15T09:59:21+00:00,cnsm-mem-01,"system.cpu.util[,system]",1.4785
2026-05-15T10:00:21+00:00,cnsm-mem-01,"system.cpu.util[,system]",1.436883
2026-05-15T10:01:21+00:00,cnsm-mem-01,"system.cpu.util[,system]",1.976853
2026-05-15T10:02:21+00:00,cnsm-mem-01,"system.cpu.util[,system]",1.92757
2026-05-15T10:03:21+00:00,cnsm-mem-01,"system.cpu.util[,system]",2.895346
2026-05-15T10:04:21+00:00,cnsm-mem-01,"system.cpu.util[,system]",1.664199
2026-05-15T10:05:21+00:00,cnsm-mem-01,"system.cpu.util[,system]",1.833351
2026-05-15T10:06:21+00:00,cnsm-mem-01,"system.cpu.util[,system]",1.691663
2026-05-15T10:07:21+00:00,cnsm-mem-01,"system.cpu.util[,system]",1.827284
2026-05-15T10:08:21+00:00,cnsm-mem-01,"system.cpu.util[,system]",1.887973
2026-05-15T10:09:21+00:00,cnsm-mem-01,"system.cpu.util[,system]",2.624113
2026-05-15T10:10:21+00:00,cnsm-mem-01,"system.cpu.util[,system]",1.722951
2026-05-15T10:11:21+00:00,cnsm-mem-01,"system.cpu.util[,system]",1.697531
2026-05-15T10:12:21+00:00,cnsm-mem-01,"system.cpu.util[,system]",2.485133
2026-05-15T10:13:21+00:00,cnsm-mem-01,"system.cpu.util[,system]",1.612432
2026-05-15T10:14:21+00:00,cnsm-mem-01,"system.cpu.util[,system]",1.648615
2026-05-15T10:15:21+00:00,cnsm-mem-01,"system.cpu.util[,system]",1.797781
2026-05-15T10:16:21+00:00,cnsm-mem-01,"system.cpu.util[,system]",3.711818
2026-05-15T10:17:21+00:00,cnsm-mem-01,"system.cpu.util[,system]",2.614011
2026-05-15T10:18:21+00:00,cnsm-mem-01,"system.cpu.util[,system]",1.83358
2026-05-15T10:19:21+00:00,cnsm-mem-01,"system.cpu.util[,system]",2.164981
2026-05-15T10:20:21+00:00,cnsm-mem-01,"system.cpu.util[,system]",1.554934
2026-05-15T10:21:21+00:00,cnsm-mem-01,"system.cpu.util[,system]",1.867384
2026-05-15T10:22:21+00:00,cnsm-mem-01,"system.cpu.util[,system]",11.316842
2026-05-15T10:23:21+00:00,cnsm-mem-01,"system.cpu.util[,system]",31.334966
2026-05-15T10:24:21+00:00,cnsm-mem-01,"system.cpu.util[,system]",31.415126
2026-05-15T10:25:21+00:00,cnsm-mem-01,"system.cpu.util[,system]",31.748977
2026-05-15T10:26:21+00:00,cnsm-mem-01,"system.cpu.util[,system]",32.110692
2026-05-15T10:27:21+00:00,cnsm-mem-01,"system.cpu.util[,system]",31.078233
2026-05-15T10:28:21+00:00,cnsm-mem-01,"system.cpu.util[,system]",31.182524
2026-05-15T10:29:21+00:00,cnsm-mem-01,"system.cpu.util[,system]",32.165605
2026-05-15T10:30:21+00:00,cnsm-mem-01,"system.cpu.util[,system]",33.153918
2026-05-15T10:31:21+00:00,cnsm-mem-01,"system.cpu.util[,system]",31.687434
2026-05-15T10:32:21+00:00,cnsm-mem-01,"system.cpu.util[,system]",31.636249
2026-05-15T10:33:21+00:00,cnsm-mem-01,"system.cpu.util[,system]",31.488787
2026-05-15T10:34:21+00:00,cnsm-mem-01,"system.cpu.util[,system]",31.437555
2026-05-15T10:35:21+00:00,cnsm-mem-01,"system.cpu.util[,system]",31.022198
2026-05-15T10:36:21+00:00,cnsm-mem-01,"system.cpu.util[,system]",31.814535
2026-05-15T10:37:21+00:00,cnsm-mem-01,"system.cpu.util[,system]",31.407676
2026-05-15T10:38:21+00:00,cnsm-mem-01,"system.cpu.util[,system]",31.438268
2026-05-15T10:39:21+00:00,cnsm-mem-01,"system.cpu.util[,system]",22.670449
2026-05-15T10:40:21+00:00,cnsm-mem-01,"system.cpu.util[,system]",1.507726
2026-05-15T10:41:21+00:00,cnsm-mem-01,"system.cpu.util[,system]",1.576511
2026-05-15T10:42:21+00:00,cnsm-mem-01,"system.cpu.util[,system]",1.944137
2026-05-15T10:43:21+00:00,cnsm-mem-01,"system.cpu.util[,system]",2.748525
2026-05-15T10:44:21+00:00,cnsm-mem-01,"system.cpu.util[,system]",2.001919
2026-05-15T10:45:21+00:00,cnsm-mem-01,"system.cpu.util[,system]",1.738732
2026-05-15T10:46:21+00:00,cnsm-mem-01,"system.cpu.util[,system]",1.545328
2026-05-15T10:47:21+00:00,cnsm-mem-01,"system.cpu.util[,system]",2.211143
2026-05-15T10:48:21+00:00,cnsm-mem-01,"system.cpu.util[,system]",1.661836
2026-05-15T10:49:21+00:00,cnsm-mem-01,"system.cpu.util[,system]",1.578794
2026-05-15T10:50:21+00:00,cnsm-mem-01,"system.cpu.util[,system]",1.65565
2026-05-15T10:51:21+00:00,cnsm-mem-01,"system.cpu.util[,system]",1.799867
2026-05-15T10:52:21+00:00,cnsm-mem-01,"system.cpu.util[,system]",1.783293
2026-05-15T10:53:21+00:00,cnsm-mem-01,"system.cpu.util[,system]",1.672645
2026-05-15T10:54:21+00:00,cnsm-mem-01,"system.cpu.util[,system]",1.745787
2026-05-15T10:55:21+00:00,cnsm-mem-01,"system.cpu.util[,system]",1.733128
2026-05-15T10:56:21+00:00,cnsm-mem-01,"system.cpu.util[,system]",2.331839
2026-05-15T10:57:21+00:00,cnsm-mem-01,"system.cpu.util[,system]",2.431801
2026-05-15T10:58:21+00:00,cnsm-mem-01,"system.cpu.util[,system]",2.415217
2026-05-15T10:59:21+00:00,cnsm-mem-01,"system.cpu.util[,system]",1.564129
2026-05-15T11:00:21+00:00,cnsm-mem-01,"system.cpu.util[,system]",1.699404
2026-05-15T11:01:21+00:00,cnsm-mem-01,"system.cpu.util[,system]",1.691239
2026-05-15T11:02:21+00:00,cnsm-mem-01,"system.cpu.util[,system]",1.605605
2026-05-15T11:03:21+00:00,cnsm-mem-01,"system.cpu.util[,system]",2.060308
2026-05-15T11:04:21+00:00,cnsm-mem-01,"system.cpu.util[,system]",1.720148
2026-05-15T11:05:21+00:00,cnsm-mem-01,"system.cpu.util[,system]",1.745423
2026-05-15T11:06:21+00:00,cnsm-mem-01,"system.cpu.util[,system]",1.724174
2026-05-15T11:07:21+00:00,cnsm-mem-01,"system.cpu.util[,system]",1.678447
2026-05-15T11:08:21+00:00,cnsm-mem-01,"system.cpu.util[,system]",1.993785
2026-05-15T09:52:22+00:00,cnsm-mem-01,"system.cpu.util[,user]",21.907523
2026-05-15T09:53:22+00:00,cnsm-mem-01,"system.cpu.util[,user]",21.941658
2026-05-15T09:54:22+00:00,cnsm-mem-01,"system.cpu.util[,user]",21.621903
2026-05-15T09:55:22+00:00,cnsm-mem-01,"system.cpu.util[,user]",21.734868
2026-05-15T09:56:22+00:00,cnsm-mem-01,"system.cpu.util[,user]",21.81003
2026-05-15T09:57:22+00:00,cnsm-mem-01,"system.cpu.util[,user]",21.95712
2026-05-15T09:58:22+00:00,cnsm-mem-01,"system.cpu.util[,user]",21.612379
2026-05-15T09:59:22+00:00,cnsm-mem-01,"system.cpu.util[,user]",21.800058
2026-05-15T10:00:22+00:00,cnsm-mem-01,"system.cpu.util[,user]",21.929093
2026-05-15T10:01:22+00:00,cnsm-mem-01,"system.cpu.util[,user]",20.320744
2026-05-15T10:02:22+00:00,cnsm-mem-01,"system.cpu.util[,user]",19.947435
2026-05-15T10:03:22+00:00,cnsm-mem-01,"system.cpu.util[,user]",20.770145
2026-05-15T10:04:22+00:00,cnsm-mem-01,"system.cpu.util[,user]",21.627146
2026-05-15T10:05:22+00:00,cnsm-mem-01,"system.cpu.util[,user]",21.461644
2026-05-15T10:06:22+00:00,cnsm-mem-01,"system.cpu.util[,user]",21.670387
2026-05-15T10:07:22+00:00,cnsm-mem-01,"system.cpu.util[,user]",21.255736
2026-05-15T10:08:22+00:00,cnsm-mem-01,"system.cpu.util[,user]",21.285074
2026-05-15T10:09:22+00:00,cnsm-mem-01,"system.cpu.util[,user]",20.709652
2026-05-15T10:10:22+00:00,cnsm-mem-01,"system.cpu.util[,user]",21.540162
2026-05-15T10:11:22+00:00,cnsm-mem-01,"system.cpu.util[,user]",21.554888
2026-05-15T10:12:22+00:00,cnsm-mem-01,"system.cpu.util[,user]",20.574243
2026-05-15T10:13:22+00:00,cnsm-mem-01,"system.cpu.util[,user]",21.404285
2026-05-15T10:14:22+00:00,cnsm-mem-01,"system.cpu.util[,user]",21.577629
2026-05-15T10:15:22+00:00,cnsm-mem-01,"system.cpu.util[,user]",19.846086
2026-05-15T10:16:22+00:00,cnsm-mem-01,"system.cpu.util[,user]",18.792128
2026-05-15T10:17:22+00:00,cnsm-mem-01,"system.cpu.util[,user]",21.033749
2026-05-15T10:18:22+00:00,cnsm-mem-01,"system.cpu.util[,user]",21.59456
2026-05-15T10:19:22+00:00,cnsm-mem-01,"system.cpu.util[,user]",21.12585
2026-05-15T10:20:22+00:00,cnsm-mem-01,"system.cpu.util[,user]",21.58913
2026-05-15T10:21:22+00:00,cnsm-mem-01,"system.cpu.util[,user]",21.159705
2026-05-15T10:22:22+00:00,cnsm-mem-01,"system.cpu.util[,user]",23.809524
2026-05-15T10:23:22+00:00,cnsm-mem-01,"system.cpu.util[,user]",29.015916
2026-05-15T10:24:22+00:00,cnsm-mem-01,"system.cpu.util[,user]",28.981073
2026-05-15T10:25:22+00:00,cnsm-mem-01,"system.cpu.util[,user]",28.832363
2026-05-15T10:26:22+00:00,cnsm-mem-01,"system.cpu.util[,user]",29.346634
2026-05-15T10:27:22+00:00,cnsm-mem-01,"system.cpu.util[,user]",29.559682
2026-05-15T10:28:22+00:00,cnsm-mem-01,"system.cpu.util[,user]",27.798747
2026-05-15T10:29:22+00:00,cnsm-mem-01,"system.cpu.util[,user]",26.551528
2026-05-15T10:30:22+00:00,cnsm-mem-01,"system.cpu.util[,user]",27.621581
2026-05-15T10:31:22+00:00,cnsm-mem-01,"system.cpu.util[,user]",28.796199
2026-05-15T10:32:22+00:00,cnsm-mem-01,"system.cpu.util[,user]",29.000338
2026-05-15T10:33:22+00:00,cnsm-mem-01,"system.cpu.util[,user]",28.23656
2026-05-15T10:34:22+00:00,cnsm-mem-01,"system.cpu.util[,user]",29.098966
2026-05-15T10:35:22+00:00,cnsm-mem-01,"system.cpu.util[,user]",29.630488
2026-05-15T10:36:22+00:00,cnsm-mem-01,"system.cpu.util[,user]",28.917418
2026-05-15T10:37:22+00:00,cnsm-mem-01,"system.cpu.util[,user]",29.053271
2026-05-15T10:38:22+00:00,cnsm-mem-01,"system.cpu.util[,user]",29.020633
2026-05-15T10:39:22+00:00,cnsm-mem-01,"system.cpu.util[,user]",26.858115
2026-05-15T10:40:22+00:00,cnsm-mem-01,"system.cpu.util[,user]",21.612379
2026-05-15T10:41:22+00:00,cnsm-mem-01,"system.cpu.util[,user]",20.473837
2026-05-15T10:42:22+00:00,cnsm-mem-01,"system.cpu.util[,user]",19.810612
2026-05-15T10:43:22+00:00,cnsm-mem-01,"system.cpu.util[,user]",20.594369
2026-05-15T10:44:22+00:00,cnsm-mem-01,"system.cpu.util[,user]",21.071838
2026-05-15T10:45:22+00:00,cnsm-mem-01,"system.cpu.util[,user]",21.319268
2026-05-15T10:46:22+00:00,cnsm-mem-01,"system.cpu.util[,user]",21.483984
2026-05-15T10:47:22+00:00,cnsm-mem-01,"system.cpu.util[,user]",20.663329
2026-05-15T10:48:22+00:00,cnsm-mem-01,"system.cpu.util[,user]",21.222737
2026-05-15T10:49:22+00:00,cnsm-mem-01,"system.cpu.util[,user]",21.460302
2026-05-15T10:50:22+00:00,cnsm-mem-01,"system.cpu.util[,user]",21.454189
2026-05-15T10:51:22+00:00,cnsm-mem-01,"system.cpu.util[,user]",21.100822
2026-05-15T10:52:22+00:00,cnsm-mem-01,"system.cpu.util[,user]",21.390285
2026-05-15T10:53:22+00:00,cnsm-mem-01,"system.cpu.util[,user]",21.262618
2026-05-15T10:54:22+00:00,cnsm-mem-01,"system.cpu.util[,user]",21.135515
2026-05-15T10:55:22+00:00,cnsm-mem-01,"system.cpu.util[,user]",19.831884
2026-05-15T10:56:22+00:00,cnsm-mem-01,"system.cpu.util[,user]",20.007926
2026-05-15T10:57:22+00:00,cnsm-mem-01,"system.cpu.util[,user]",20.553887
2026-05-15T10:58:22+00:00,cnsm-mem-01,"system.cpu.util[,user]",20.908939
2026-05-15T10:59:22+00:00,cnsm-mem-01,"system.cpu.util[,user]",21.476986
2026-05-15T11:00:22+00:00,cnsm-mem-01,"system.cpu.util[,user]",21.37793
2026-05-15T11:01:22+00:00,cnsm-mem-01,"system.cpu.util[,user]",21.421273
2026-05-15T11:02:22+00:00,cnsm-mem-01,"system.cpu.util[,user]",21.449275
2026-05-15T11:03:22+00:00,cnsm-mem-01,"system.cpu.util[,user]",21.034742
2026-05-15T11:04:22+00:00,cnsm-mem-01,"system.cpu.util[,user]",21.413232
2026-05-15T11:05:22+00:00,cnsm-mem-01,"system.cpu.util[,user]",21.365115
2026-05-15T11:06:22+00:00,cnsm-mem-01,"system.cpu.util[,user]",21.231706
2026-05-15T11:07:22+00:00,cnsm-mem-01,"system.cpu.util[,user]",21.340701
2026-05-15T11:08:22+00:00,cnsm-mem-01,"system.cpu.util[,user]",19.955372
2026-05-15T09:52:56+00:00,cnsm-mem-01,system.cpu.util,23.233797999999993
2026-05-15T09:53:56+00:00,cnsm-mem-01,system.cpu.util,22.023189000000002
2026-05-15T09:54:56+00:00,cnsm-mem-01,system.cpu.util,22.158023999999997
2026-05-15T09:55:56+00:00,cnsm-mem-01,system.cpu.util,23.345776
2026-05-15T09:56:56+00:00,cnsm-mem-01,system.cpu.util,23.176709000000002
2026-05-15T09:57:56+00:00,cnsm-mem-01,system.cpu.util,23.412375999999995
2026-05-15T09:58:56+00:00,cnsm-mem-01,system.cpu.util,23.311437999999995
2026-05-15T09:59:56+00:00,cnsm-mem-01,system.cpu.util,23.320611
2026-05-15T10:00:56+00:00,cnsm-mem-01,system.cpu.util,23.364193999999998
2026-05-15T10:01:56+00:00,cnsm-mem-01,system.cpu.util,23.313523000000004
2026-05-15T10:02:56+00:00,cnsm-mem-01,system.cpu.util,23.372966000000005
2026-05-15T10:03:56+00:00,cnsm-mem-01,system.cpu.util,23.308442999999997
2026-05-15T10:04:56+00:00,cnsm-mem-01,system.cpu.util,23.307753000000005
2026-05-15T10:05:56+00:00,cnsm-mem-01,system.cpu.util,23.310874
2026-05-15T10:06:56+00:00,cnsm-mem-01,system.cpu.util,22.223149000000006
2026-05-15T10:07:56+00:00,cnsm-mem-01,system.cpu.util,21.967706000000007
2026-05-15T10:08:56+00:00,cnsm-mem-01,system.cpu.util,23.400926
2026-05-15T10:09:56+00:00,cnsm-mem-01,system.cpu.util,23.290014
2026-05-15T10:10:56+00:00,cnsm-mem-01,system.cpu.util,23.300870000000003
2026-05-15T10:11:56+00:00,cnsm-mem-01,system.cpu.util,23.055098
2026-05-15T10:12:56+00:00,cnsm-mem-01,system.cpu.util,23.055415999999994
2026-05-15T10:13:56+00:00,cnsm-mem-01,system.cpu.util,23.282067999999995
2026-05-15T10:14:56+00:00,cnsm-mem-01,system.cpu.util,23.238937000000007
2026-05-15T10:15:56+00:00,cnsm-mem-01,system.cpu.util,23.349534000000006
2026-05-15T10:16:56+00:00,cnsm-mem-01,system.cpu.util,23.435902999999996
2026-05-15T10:17:56+00:00,cnsm-mem-01,system.cpu.util,23.306561000000002
2026-05-15T10:18:56+00:00,cnsm-mem-01,system.cpu.util,23.466344000000007
2026-05-15T10:19:56+00:00,cnsm-mem-01,system.cpu.util,23.269299000000004
2026-05-15T10:20:56+00:00,cnsm-mem-01,system.cpu.util,22.220599000000007
2026-05-15T10:21:56+00:00,cnsm-mem-01,system.cpu.util,21.786579000000003
2026-05-15T10:22:56+00:00,cnsm-mem-01,system.cpu.util,63.847111
2026-05-15T10:23:56+00:00,cnsm-mem-01,system.cpu.util,67.867469
2026-05-15T10:24:56+00:00,cnsm-mem-01,system.cpu.util,68.549663
2026-05-15T10:25:56+00:00,cnsm-mem-01,system.cpu.util,68.53222
2026-05-15T10:26:56+00:00,cnsm-mem-01,system.cpu.util,68.453008
2026-05-15T10:27:56+00:00,cnsm-mem-01,system.cpu.util,67.847279
2026-05-15T10:28:56+00:00,cnsm-mem-01,system.cpu.util,68.333685
2026-05-15T10:29:56+00:00,cnsm-mem-01,system.cpu.util,68.324895
2026-05-15T10:30:56+00:00,cnsm-mem-01,system.cpu.util,68.064353
2026-05-15T10:31:56+00:00,cnsm-mem-01,system.cpu.util,68.539231
2026-05-15T10:32:56+00:00,cnsm-mem-01,system.cpu.util,67.865657
2026-05-15T10:33:56+00:00,cnsm-mem-01,system.cpu.util,67.255312
2026-05-15T10:34:56+00:00,cnsm-mem-01,system.cpu.util,66.675112
2026-05-15T10:35:56+00:00,cnsm-mem-01,system.cpu.util,68.171467
2026-05-15T10:36:56+00:00,cnsm-mem-01,system.cpu.util,68.037387
2026-05-15T10:37:56+00:00,cnsm-mem-01,system.cpu.util,68.372681
2026-05-15T10:38:56+00:00,cnsm-mem-01,system.cpu.util,68.529523
2026-05-15T10:39:56+00:00,cnsm-mem-01,system.cpu.util,28.376938999999993
2026-05-15T10:40:56+00:00,cnsm-mem-01,system.cpu.util,23.124725999999995
2026-05-15T10:41:56+00:00,cnsm-mem-01,system.cpu.util,23.089275
2026-05-15T10:42:56+00:00,cnsm-mem-01,system.cpu.util,23.159364999999994
2026-05-15T10:43:56+00:00,cnsm-mem-01,system.cpu.util,22.988698
2026-05-15T10:44:56+00:00,cnsm-mem-01,system.cpu.util,23.116541999999995
2026-05-15T10:45:56+00:00,cnsm-mem-01,system.cpu.util,23.075159
2026-05-15T10:46:56+00:00,cnsm-mem-01,system.cpu.util,21.994826000000003
2026-05-15T10:47:56+00:00,cnsm-mem-01,system.cpu.util,21.581263000000007
2026-05-15T10:48:56+00:00,cnsm-mem-01,system.cpu.util,23.126343000000006
2026-05-15T10:49:56+00:00,cnsm-mem-01,system.cpu.util,23.101464000000007
2026-05-15T10:50:56+00:00,cnsm-mem-01,system.cpu.util,22.902546
2026-05-15T10:51:56+00:00,cnsm-mem-01,system.cpu.util,23.188587
2026-05-15T10:52:56+00:00,cnsm-mem-01,system.cpu.util,22.969590999999994
2026-05-15T10:53:56+00:00,cnsm-mem-01,system.cpu.util,22.849097999999998
2026-05-15T10:54:56+00:00,cnsm-mem-01,system.cpu.util,23.226276999999996
2026-05-15T10:55:56+00:00,cnsm-mem-01,system.cpu.util,23.173021000000006
2026-05-15T10:56:56+00:00,cnsm-mem-01,system.cpu.util,23.150059
2026-05-15T10:57:56+00:00,cnsm-mem-01,system.cpu.util,22.848145000000002
2026-05-15T10:58:56+00:00,cnsm-mem-01,system.cpu.util,23.196296000000004
2026-05-15T10:59:56+00:00,cnsm-mem-01,system.cpu.util,22.986779999999996
2026-05-15T11:00:56+00:00,cnsm-mem-01,system.cpu.util,21.702678000000006
2026-05-15T11:01:56+00:00,cnsm-mem-01,system.cpu.util,22.334147
2026-05-15T11:02:56+00:00,cnsm-mem-01,system.cpu.util,23.140288999999996
2026-05-15T11:03:56+00:00,cnsm-mem-01,system.cpu.util,23.173326000000003
2026-05-15T11:04:56+00:00,cnsm-mem-01,system.cpu.util,23.084941999999998
2026-05-15T11:05:56+00:00,cnsm-mem-01,system.cpu.util,23.027358000000007
2026-05-15T11:06:56+00:00,cnsm-mem-01,system.cpu.util,22.977171
2026-05-15T11:07:56+00:00,cnsm-mem-01,system.cpu.util,23.209743000000003
2026-05-15T11:08:56+00:00,cnsm-mem-01,system.cpu.util,23.197047999999995
2026-05-15T09:52:48+00:00,cnsm-mem-01,system.cpu.intr,2104.9834423714756
2026-05-15T09:53:48+00:00,cnsm-mem-01,system.cpu.intr,2059.783884194176
2026-05-15T09:54:48+00:00,cnsm-mem-01,system.cpu.intr,2043.6190495601675
2026-05-15T09:55:48+00:00,cnsm-mem-01,system.cpu.intr,1995.2047301648674
2026-05-15T09:56:48+00:00,cnsm-mem-01,system.cpu.intr,1975.5770802696852
2026-05-15T09:57:48+00:00,cnsm-mem-01,system.cpu.intr,2156.9106671095496
2026-05-15T09:58:48+00:00,cnsm-mem-01,system.cpu.intr,2065.551031891241
2026-05-15T09:59:48+00:00,cnsm-mem-01,system.cpu.intr,2077.2406754397116
2026-05-15T10:00:48+00:00,cnsm-mem-01,system.cpu.intr,2080.047523001526
2026-05-15T10:01:48+00:00,cnsm-mem-01,system.cpu.intr,2068.9408303197774
2026-05-15T10:02:48+00:00,cnsm-mem-01,system.cpu.intr,2099.324901750814
2026-05-15T10:03:48+00:00,cnsm-mem-01,system.cpu.intr,2126.05166384492
2026-05-15T10:04:48+00:00,cnsm-mem-01,system.cpu.intr,2077.7808483620697
2026-05-15T10:05:48+00:00,cnsm-mem-01,system.cpu.intr,2078.900595240538
2026-05-15T10:06:48+00:00,cnsm-mem-01,system.cpu.intr,2104.3887466629453
2026-05-15T10:07:48+00:00,cnsm-mem-01,system.cpu.intr,2136.7539806302157
2026-05-15T10:08:48+00:00,cnsm-mem-01,system.cpu.intr,2082.9457773828885
2026-05-15T10:09:48+00:00,cnsm-mem-01,system.cpu.intr,2030.5613568827202
2026-05-15T10:10:48+00:00,cnsm-mem-01,system.cpu.intr,2095.2045941873894
2026-05-15T10:11:48+00:00,cnsm-mem-01,system.cpu.intr,2080.521976020048
2026-05-15T10:12:48+00:00,cnsm-mem-01,system.cpu.intr,2134.016219839227
2026-05-15T10:13:48+00:00,cnsm-mem-01,system.cpu.intr,2148.0243246267173
2026-05-15T10:14:48+00:00,cnsm-mem-01,system.cpu.intr,2078.5990287053173
2026-05-15T10:15:48+00:00,cnsm-mem-01,system.cpu.intr,2097.696235808379
2026-05-15T10:16:48+00:00,cnsm-mem-01,system.cpu.intr,2115.8418689881287
2026-05-15T10:17:48+00:00,cnsm-mem-01,system.cpu.intr,2109.658736962763
2026-05-15T10:18:48+00:00,cnsm-mem-01,system.cpu.intr,2150.0284134591484
2026-05-15T10:19:48+00:00,cnsm-mem-01,system.cpu.intr,2136.644602246241
2026-05-15T10:20:48+00:00,cnsm-mem-01,system.cpu.intr,2118.5204032265215
2026-05-15T10:21:48+00:00,cnsm-mem-01,system.cpu.intr,2118.5671400251845
2026-05-15T10:22:48+00:00,cnsm-mem-01,system.cpu.intr,11297.354092502585
2026-05-15T10:23:48+00:00,cnsm-mem-01,system.cpu.intr,14594.590780075076
2026-05-15T10:24:48+00:00,cnsm-mem-01,system.cpu.intr,14224.506704859838
2026-05-15T10:25:48+00:00,cnsm-mem-01,system.cpu.intr,13956.667396606812
2026-05-15T10:26:48+00:00,cnsm-mem-01,system.cpu.intr,14627.912981755144
2026-05-15T10:27:48+00:00,cnsm-mem-01,system.cpu.intr,14755.58078486841
2026-05-15T10:28:48+00:00,cnsm-mem-01,system.cpu.intr,15278.976120743171
2026-05-15T10:29:48+00:00,cnsm-mem-01,system.cpu.intr,14487.165754893984
2026-05-15T10:30:48+00:00,cnsm-mem-01,system.cpu.intr,14371.388021065472
2026-05-15T10:31:48+00:00,cnsm-mem-01,system.cpu.intr,14725.55348784677
2026-05-15T10:32:48+00:00,cnsm-mem-01,system.cpu.intr,14846.826386618213
2026-05-15T10:33:48+00:00,cnsm-mem-01,system.cpu.intr,15052.363888881533
2026-05-15T10:34:48+00:00,cnsm-mem-01,system.cpu.intr,14963.569439627268
2026-05-15T10:35:48+00:00,cnsm-mem-01,system.cpu.intr,14401.170091982454
2026-05-15T10:36:48+00:00,cnsm-mem-01,system.cpu.intr,14299.485484099088
2026-05-15T10:37:48+00:00,cnsm-mem-01,system.cpu.intr,14101.483807077877
2026-05-15T10:38:48+00:00,cnsm-mem-01,system.cpu.intr,14275.620793618149
2026-05-15T10:39:48+00:00,cnsm-mem-01,system.cpu.intr,5345.378768063228
2026-05-15T10:40:48+00:00,cnsm-mem-01,system.cpu.intr,1995.4298240599792
2026-05-15T10:41:48+00:00,cnsm-mem-01,system.cpu.intr,1994.6629354501797
2026-05-15T10:42:48+00:00,cnsm-mem-01,system.cpu.intr,2043.457485060625
2026-05-15T10:43:48+00:00,cnsm-mem-01,system.cpu.intr,1973.4130048476895
2026-05-15T10:44:48+00:00,cnsm-mem-01,system.cpu.intr,1992.0479790673253
2026-05-15T10:45:48+00:00,cnsm-mem-01,system.cpu.intr,1972.5935161715672
2026-05-15T10:46:48+00:00,cnsm-mem-01,system.cpu.intr,2081.2367175250433
2026-05-15T10:47:48+00:00,cnsm-mem-01,system.cpu.intr,2053.2874678580083
2026-05-15T10:48:48+00:00,cnsm-mem-01,system.cpu.intr,2019.3860986470004
2026-05-15T10:49:48+00:00,cnsm-mem-01,system.cpu.intr,1879.4718007765305
2026-05-15T10:50:48+00:00,cnsm-mem-01,system.cpu.intr,2014.2959073535756
2026-05-15T10:51:48+00:00,cnsm-mem-01,system.cpu.intr,2085.1223734783616
2026-05-15T10:52:48+00:00,cnsm-mem-01,system.cpu.intr,2069.0360453962035
2026-05-15T10:53:48+00:00,cnsm-mem-01,system.cpu.intr,2055.0520566960986
2026-05-15T10:54:48+00:00,cnsm-mem-01,system.cpu.intr,2084.4452060873436
2026-05-15T10:55:48+00:00,cnsm-mem-01,system.cpu.intr,2080.64308542418
2026-05-15T10:56:48+00:00,cnsm-mem-01,system.cpu.intr,2024.503145942922
2026-05-15T10:57:48+00:00,cnsm-mem-01,system.cpu.intr,1996.9894209005772
2026-05-15T10:58:48+00:00,cnsm-mem-01,system.cpu.intr,2079.40847428306
2026-05-15T10:59:48+00:00,cnsm-mem-01,system.cpu.intr,2025.4555898551369
2026-05-15T11:00:48+00:00,cnsm-mem-01,system.cpu.intr,1981.9994007424812
2026-05-15T11:01:48+00:00,cnsm-mem-01,system.cpu.intr,2019.6176670094655
2026-05-15T11:02:48+00:00,cnsm-mem-01,system.cpu.intr,1962.2788709803622
2026-05-15T11:03:48+00:00,cnsm-mem-01,system.cpu.intr,1986.1007317788146
2026-05-15T11:04:48+00:00,cnsm-mem-01,system.cpu.intr,2001.046109766258
2026-05-15T11:05:48+00:00,cnsm-mem-01,system.cpu.intr,2062.536880003001
2026-05-15T11:06:48+00:00,cnsm-mem-01,system.cpu.intr,1976.2769793046687
2026-05-15T11:07:48+00:00,cnsm-mem-01,system.cpu.intr,2067.691376624191
2026-05-15T11:08:48+00:00,cnsm-mem-01,system.cpu.intr,2090.997509229541
2026-05-15T09:52:51+00:00,cnsm-mem-01,"system.cpu.load[all,avg15]",1.908691
2026-05-15T09:53:51+00:00,cnsm-mem-01,"system.cpu.load[all,avg15]",1.908203
2026-05-15T09:54:51+00:00,cnsm-mem-01,"system.cpu.load[all,avg15]",1.908203
2026-05-15T09:55:51+00:00,cnsm-mem-01,"system.cpu.load[all,avg15]",1.900391
2026-05-15T09:56:51+00:00,cnsm-mem-01,"system.cpu.load[all,avg15]",1.906738
2026-05-15T09:57:51+00:00,cnsm-mem-01,"system.cpu.load[all,avg15]",1.90332
2026-05-15T09:58:51+00:00,cnsm-mem-01,"system.cpu.load[all,avg15]",1.901855
2026-05-15T09:59:51+00:00,cnsm-mem-01,"system.cpu.load[all,avg15]",1.901855
2026-05-15T10:00:51+00:00,cnsm-mem-01,"system.cpu.load[all,avg15]",1.902344
2026-05-15T10:01:51+00:00,cnsm-mem-01,"system.cpu.load[all,avg15]",1.902832
2026-05-15T10:02:51+00:00,cnsm-mem-01,"system.cpu.load[all,avg15]",1.90332
2026-05-15T10:03:51+00:00,cnsm-mem-01,"system.cpu.load[all,avg15]",1.90918
2026-05-15T10:04:51+00:00,cnsm-mem-01,"system.cpu.load[all,avg15]",1.907715
2026-05-15T10:05:51+00:00,cnsm-mem-01,"system.cpu.load[all,avg15]",1.907227
2026-05-15T10:06:51+00:00,cnsm-mem-01,"system.cpu.load[all,avg15]",1.907227
2026-05-15T10:07:51+00:00,cnsm-mem-01,"system.cpu.load[all,avg15]",1.911133
2026-05-15T10:08:51+00:00,cnsm-mem-01,"system.cpu.load[all,avg15]",1.898926
2026-05-15T10:09:51+00:00,cnsm-mem-01,"system.cpu.load[all,avg15]",1.898926
2026-05-15T10:10:51+00:00,cnsm-mem-01,"system.cpu.load[all,avg15]",1.899414
2026-05-15T10:11:51+00:00,cnsm-mem-01,"system.cpu.load[all,avg15]",1.905273
2026-05-15T10:12:51+00:00,cnsm-mem-01,"system.cpu.load[all,avg15]",1.897461
2026-05-15T10:13:51+00:00,cnsm-mem-01,"system.cpu.load[all,avg15]",1.897949
2026-05-15T10:14:51+00:00,cnsm-mem-01,"system.cpu.load[all,avg15]",1.898438
2026-05-15T10:15:51+00:00,cnsm-mem-01,"system.cpu.load[all,avg15]",1.898926
2026-05-15T10:16:51+00:00,cnsm-mem-01,"system.cpu.load[all,avg15]",1.899414
2026-05-15T10:17:51+00:00,cnsm-mem-01,"system.cpu.load[all,avg15]",1.905273
2026-05-15T10:18:51+00:00,cnsm-mem-01,"system.cpu.load[all,avg15]",1.910156
2026-05-15T10:19:51+00:00,cnsm-mem-01,"system.cpu.load[all,avg15]",1.913574
2026-05-15T10:20:51+00:00,cnsm-mem-01,"system.cpu.load[all,avg15]",1.94043
2026-05-15T10:21:51+00:00,cnsm-mem-01,"system.cpu.load[all,avg15]",1.951172
2026-05-15T10:22:51+00:00,cnsm-mem-01,"system.cpu.load[all,avg15]",2.199219
2026-05-15T10:23:51+00:00,cnsm-mem-01,"system.cpu.load[all,avg15]",2.486328
2026-05-15T10:24:51+00:00,cnsm-mem-01,"system.cpu.load[all,avg15]",2.812988
2026-05-15T10:25:51+00:00,cnsm-mem-01,"system.cpu.load[all,avg15]",3.109863
2026-05-15T10:26:51+00:00,cnsm-mem-01,"system.cpu.load[all,avg15]",3.325195
2026-05-15T10:27:51+00:00,cnsm-mem-01,"system.cpu.load[all,avg15]",3.54834
2026-05-15T10:28:51+00:00,cnsm-mem-01,"system.cpu.load[all,avg15]",3.79834
2026-05-15T10:29:51+00:00,cnsm-mem-01,"system.cpu.load[all,avg15]",4.042969
2026-05-15T10:30:51+00:00,cnsm-mem-01,"system.cpu.load[all,avg15]",4.288086
2026-05-15T10:31:51+00:00,cnsm-mem-01,"system.cpu.load[all,avg15]",4.496582
2026-05-15T10:32:51+00:00,cnsm-mem-01,"system.cpu.load[all,avg15]",4.682617
2026-05-15T10:33:51+00:00,cnsm-mem-01,"system.cpu.load[all,avg15]",4.856934
2026-05-15T10:34:51+00:00,cnsm-mem-01,"system.cpu.load[all,avg15]",5.036133
2026-05-15T10:35:51+00:00,cnsm-mem-01,"system.cpu.load[all,avg15]",5.15625
2026-05-15T10:36:51+00:00,cnsm-mem-01,"system.cpu.load[all,avg15]",5.278809
2026-05-15T10:37:51+00:00,cnsm-mem-01,"system.cpu.load[all,avg15]",5.404297
2026-05-15T10:38:51+00:00,cnsm-mem-01,"system.cpu.load[all,avg15]",5.54248
2026-05-15T10:39:51+00:00,cnsm-mem-01,"system.cpu.load[all,avg15]",5.395508
2026-05-15T10:40:51+00:00,cnsm-mem-01,"system.cpu.load[all,avg15]",5.185059
2026-05-15T10:41:51+00:00,cnsm-mem-01,"system.cpu.load[all,avg15]",4.972168
2026-05-15T10:42:51+00:00,cnsm-mem-01,"system.cpu.load[all,avg15]",4.772949
2026-05-15T10:43:51+00:00,cnsm-mem-01,"system.cpu.load[all,avg15]",4.585938
2026-05-15T10:44:51+00:00,cnsm-mem-01,"system.cpu.load[all,avg15]",4.411133
2026-05-15T10:45:51+00:00,cnsm-mem-01,"system.cpu.load[all,avg15]",4.247559
2026-05-15T10:46:51+00:00,cnsm-mem-01,"system.cpu.load[all,avg15]",4.09375
2026-05-15T10:47:51+00:00,cnsm-mem-01,"system.cpu.load[all,avg15]",3.949707
2026-05-15T10:48:51+00:00,cnsm-mem-01,"system.cpu.load[all,avg15]",3.803711
2026-05-15T10:49:51+00:00,cnsm-mem-01,"system.cpu.load[all,avg15]",3.672363
2026-05-15T10:50:51+00:00,cnsm-mem-01,"system.cpu.load[all,avg15]",3.554199
2026-05-15T10:51:51+00:00,cnsm-mem-01,"system.cpu.load[all,avg15]",3.443848
2026-05-15T10:52:51+00:00,cnsm-mem-01,"system.cpu.load[all,avg15]",3.351074
2026-05-15T10:53:51+00:00,cnsm-mem-01,"system.cpu.load[all,avg15]",3.243164
2026-05-15T10:54:51+00:00,cnsm-mem-01,"system.cpu.load[all,avg15]",3.152344
2026-05-15T10:55:51+00:00,cnsm-mem-01,"system.cpu.load[all,avg15]",3.082031
2026-05-15T10:56:51+00:00,cnsm-mem-01,"system.cpu.load[all,avg15]",3.006348
2026-05-15T10:57:51+00:00,cnsm-mem-01,"system.cpu.load[all,avg15]",2.936035
2026-05-15T10:58:51+00:00,cnsm-mem-01,"system.cpu.load[all,avg15]",2.864746
2026-05-15T10:59:51+00:00,cnsm-mem-01,"system.cpu.load[all,avg15]",2.797363
2026-05-15T11:00:51+00:00,cnsm-mem-01,"system.cpu.load[all,avg15]",2.733887
2026-05-15T11:01:51+00:00,cnsm-mem-01,"system.cpu.load[all,avg15]",2.675293
2026-05-15T11:02:51+00:00,cnsm-mem-01,"system.cpu.load[all,avg15]",2.608887
2026-05-15T11:03:51+00:00,cnsm-mem-01,"system.cpu.load[all,avg15]",2.557129
2026-05-15T11:04:51+00:00,cnsm-mem-01,"system.cpu.load[all,avg15]",2.509277
2026-05-15T11:05:51+00:00,cnsm-mem-01,"system.cpu.load[all,avg15]",2.458008
2026-05-15T11:06:51+00:00,cnsm-mem-01,"system.cpu.load[all,avg15]",2.416992
2026-05-15T11:07:51+00:00,cnsm-mem-01,"system.cpu.load[all,avg15]",2.376953
2026-05-15T11:08:51+00:00,cnsm-mem-01,"system.cpu.load[all,avg15]",2.339844
2026-05-15T09:52:41+00:00,cnsm-mem-01,"system.cpu.load[all,avg1]",1.911621
2026-05-15T09:53:41+00:00,cnsm-mem-01,"system.cpu.load[all,avg1]",1.880371
2026-05-15T09:54:41+00:00,cnsm-mem-01,"system.cpu.load[all,avg1]",1.875977
2026-05-15T09:55:41+00:00,cnsm-mem-01,"system.cpu.load[all,avg1]",1.933105
2026-05-15T09:56:41+00:00,cnsm-mem-01,"system.cpu.load[all,avg1]",2.073242
2026-05-15T09:57:41+00:00,cnsm-mem-01,"system.cpu.load[all,avg1]",1.926758
2026-05-15T09:58:41+00:00,cnsm-mem-01,"system.cpu.load[all,avg1]",1.75
2026-05-15T09:59:41+00:00,cnsm-mem-01,"system.cpu.load[all,avg1]",1.761719
2026-05-15T10:00:41+00:00,cnsm-mem-01,"system.cpu.load[all,avg1]",1.77832
2026-05-15T10:01:41+00:00,cnsm-mem-01,"system.cpu.load[all,avg1]",1.79541
2026-05-15T10:02:41+00:00,cnsm-mem-01,"system.cpu.load[all,avg1]",1.811523
2026-05-15T10:03:41+00:00,cnsm-mem-01,"system.cpu.load[all,avg1]",1.900391
2026-05-15T10:04:41+00:00,cnsm-mem-01,"system.cpu.load[all,avg1]",1.867676
2026-05-15T10:05:41+00:00,cnsm-mem-01,"system.cpu.load[all,avg1]",1.855957
2026-05-15T10:06:41+00:00,cnsm-mem-01,"system.cpu.load[all,avg1]",1.859375
2026-05-15T10:07:41+00:00,cnsm-mem-01,"system.cpu.load[all,avg1]",1.912598
2026-05-15T10:08:41+00:00,cnsm-mem-01,"system.cpu.load[all,avg1]",1.894043
2026-05-15T10:09:41+00:00,cnsm-mem-01,"system.cpu.load[all,avg1]",1.892578
2026-05-15T10:10:41+00:00,cnsm-mem-01,"system.cpu.load[all,avg1]",1.89209
2026-05-15T10:11:41+00:00,cnsm-mem-01,"system.cpu.load[all,avg1]",1.737305
2026-05-15T10:12:41+00:00,cnsm-mem-01,"system.cpu.load[all,avg1]",1.709473
2026-05-15T10:13:41+00:00,cnsm-mem-01,"system.cpu.load[all,avg1]",1.748047
2026-05-15T10:14:41+00:00,cnsm-mem-01,"system.cpu.load[all,avg1]",1.773438
2026-05-15T10:15:41+00:00,cnsm-mem-01,"system.cpu.load[all,avg1]",1.793945
2026-05-15T10:16:41+00:00,cnsm-mem-01,"system.cpu.load[all,avg1]",1.811523
2026-05-15T10:17:41+00:00,cnsm-mem-01,"system.cpu.load[all,avg1]",1.894531
2026-05-15T10:18:41+00:00,cnsm-mem-01,"system.cpu.load[all,avg1]",1.910645
2026-05-15T10:19:41+00:00,cnsm-mem-01,"system.cpu.load[all,avg1]",1.959473
2026-05-15T10:20:41+00:00,cnsm-mem-01,"system.cpu.load[all,avg1]",2.181641
2026-05-15T10:21:41+00:00,cnsm-mem-01,"system.cpu.load[all,avg1]",2.178711
2026-05-15T10:22:41+00:00,cnsm-mem-01,"system.cpu.load[all,avg1]",4.606445
2026-05-15T10:23:41+00:00,cnsm-mem-01,"system.cpu.load[all,avg1]",5.987793
2026-05-15T10:24:41+00:00,cnsm-mem-01,"system.cpu.load[all,avg1]",7.008301
2026-05-15T10:25:41+00:00,cnsm-mem-01,"system.cpu.load[all,avg1]",7.271973
2026-05-15T10:26:41+00:00,cnsm-mem-01,"system.cpu.load[all,avg1]",6.913086
2026-05-15T10:27:41+00:00,cnsm-mem-01,"system.cpu.load[all,avg1]",6.719727
2026-05-15T10:28:41+00:00,cnsm-mem-01,"system.cpu.load[all,avg1]",7.216797
2026-05-15T10:29:41+00:00,cnsm-mem-01,"system.cpu.load[all,avg1]",7.414551
2026-05-15T10:30:41+00:00,cnsm-mem-01,"system.cpu.load[all,avg1]",7.833496
2026-05-15T10:31:41+00:00,cnsm-mem-01,"system.cpu.load[all,avg1]",7.560547
2026-05-15T10:32:41+00:00,cnsm-mem-01,"system.cpu.load[all,avg1]",7.381836
2026-05-15T10:33:41+00:00,cnsm-mem-01,"system.cpu.load[all,avg1]",7.492676
2026-05-15T10:34:41+00:00,cnsm-mem-01,"system.cpu.load[all,avg1]",7.491211
2026-05-15T10:35:41+00:00,cnsm-mem-01,"system.cpu.load[all,avg1]",7.396484
2026-05-15T10:36:41+00:00,cnsm-mem-01,"system.cpu.load[all,avg1]",7.152832
2026-05-15T10:37:41+00:00,cnsm-mem-01,"system.cpu.load[all,avg1]",7.275391
2026-05-15T10:38:41+00:00,cnsm-mem-01,"system.cpu.load[all,avg1]",7.328613
2026-05-15T10:39:41+00:00,cnsm-mem-01,"system.cpu.load[all,avg1]",4.871094
2026-05-15T10:40:41+00:00,cnsm-mem-01,"system.cpu.load[all,avg1]",3.062988
2026-05-15T10:41:41+00:00,cnsm-mem-01,"system.cpu.load[all,avg1]",2.263672
2026-05-15T10:42:41+00:00,cnsm-mem-01,"system.cpu.load[all,avg1]",1.981934
2026-05-15T10:43:41+00:00,cnsm-mem-01,"system.cpu.load[all,avg1]",1.88916
2026-05-15T10:44:41+00:00,cnsm-mem-01,"system.cpu.load[all,avg1]",1.864258
2026-05-15T10:45:41+00:00,cnsm-mem-01,"system.cpu.load[all,avg1]",1.862305
2026-05-15T10:46:41+00:00,cnsm-mem-01,"system.cpu.load[all,avg1]",1.865723
2026-05-15T10:47:41+00:00,cnsm-mem-01,"system.cpu.load[all,avg1]",1.870117
2026-05-15T10:48:41+00:00,cnsm-mem-01,"system.cpu.load[all,avg1]",1.878418
2026-05-15T10:49:41+00:00,cnsm-mem-01,"system.cpu.load[all,avg1]",1.887207
2026-05-15T10:50:41+00:00,cnsm-mem-01,"system.cpu.load[all,avg1]",1.86084
2026-05-15T10:51:41+00:00,cnsm-mem-01,"system.cpu.load[all,avg1]",1.726562
2026-05-15T10:52:41+00:00,cnsm-mem-01,"system.cpu.load[all,avg1]",1.877441
2026-05-15T10:53:41+00:00,cnsm-mem-01,"system.cpu.load[all,avg1]",1.67334
2026-05-15T10:54:41+00:00,cnsm-mem-01,"system.cpu.load[all,avg1]",1.746582
2026-05-15T10:55:41+00:00,cnsm-mem-01,"system.cpu.load[all,avg1]",1.97168
2026-05-15T10:56:41+00:00,cnsm-mem-01,"system.cpu.load[all,avg1]",1.92041
2026-05-15T10:57:41+00:00,cnsm-mem-01,"system.cpu.load[all,avg1]",1.924316
2026-05-15T10:58:41+00:00,cnsm-mem-01,"system.cpu.load[all,avg1]",1.876953
2026-05-15T10:59:41+00:00,cnsm-mem-01,"system.cpu.load[all,avg1]",1.867188
2026-05-15T11:00:41+00:00,cnsm-mem-01,"system.cpu.load[all,avg1]",1.86377
2026-05-15T11:01:41+00:00,cnsm-mem-01,"system.cpu.load[all,avg1]",1.869629
2026-05-15T11:02:41+00:00,cnsm-mem-01,"system.cpu.load[all,avg1]",1.878418
2026-05-15T11:03:41+00:00,cnsm-mem-01,"system.cpu.load[all,avg1]",1.887207
2026-05-15T11:04:41+00:00,cnsm-mem-01,"system.cpu.load[all,avg1]",1.73584
2026-05-15T11:05:41+00:00,cnsm-mem-01,"system.cpu.load[all,avg1]",1.67041
2026-05-15T11:06:41+00:00,cnsm-mem-01,"system.cpu.load[all,avg1]",1.73291
2026-05-15T11:07:41+00:00,cnsm-mem-01,"system.cpu.load[all,avg1]",1.768555
2026-05-15T11:08:41+00:00,cnsm-mem-01,"system.cpu.load[all,avg1]",1.791992
2026-05-15T09:52:49+00:00,cnsm-mem-01,"system.cpu.load[all,avg5]",1.865234
2026-05-15T09:53:49+00:00,cnsm-mem-01,"system.cpu.load[all,avg5]",1.863281
2026-05-15T09:54:49+00:00,cnsm-mem-01,"system.cpu.load[all,avg5]",1.862305
2026-05-15T09:55:49+00:00,cnsm-mem-01,"system.cpu.load[all,avg5]",1.842773
2026-05-15T09:56:49+00:00,cnsm-mem-01,"system.cpu.load[all,avg5]",1.867188
2026-05-15T09:57:49+00:00,cnsm-mem-01,"system.cpu.load[all,avg5]",1.86084
2026-05-15T09:58:49+00:00,cnsm-mem-01,"system.cpu.load[all,avg5]",1.856445
2026-05-15T09:59:49+00:00,cnsm-mem-01,"system.cpu.load[all,avg5]",1.853516
2026-05-15T10:00:49+00:00,cnsm-mem-01,"system.cpu.load[all,avg5]",1.851074
2026-05-15T10:01:49+00:00,cnsm-mem-01,"system.cpu.load[all,avg5]",1.849609
2026-05-15T10:02:49+00:00,cnsm-mem-01,"system.cpu.load[all,avg5]",1.849121
2026-05-15T10:03:49+00:00,cnsm-mem-01,"system.cpu.load[all,avg5]",1.864258
2026-05-15T10:04:49+00:00,cnsm-mem-01,"system.cpu.load[all,avg5]",1.862305
2026-05-15T10:05:49+00:00,cnsm-mem-01,"system.cpu.load[all,avg5]",1.860352
2026-05-15T10:06:49+00:00,cnsm-mem-01,"system.cpu.load[all,avg5]",1.859375
2026-05-15T10:07:49+00:00,cnsm-mem-01,"system.cpu.load[all,avg5]",1.872559
2026-05-15T10:08:49+00:00,cnsm-mem-01,"system.cpu.load[all,avg5]",1.836426
2026-05-15T10:09:49+00:00,cnsm-mem-01,"system.cpu.load[all,avg5]",1.834961
2026-05-15T10:10:49+00:00,cnsm-mem-01,"system.cpu.load[all,avg5]",1.834473
2026-05-15T10:11:49+00:00,cnsm-mem-01,"system.cpu.load[all,avg5]",1.851074
2026-05-15T10:12:49+00:00,cnsm-mem-01,"system.cpu.load[all,avg5]",1.831543
2026-05-15T10:13:49+00:00,cnsm-mem-01,"system.cpu.load[all,avg5]",1.83252
2026-05-15T10:14:49+00:00,cnsm-mem-01,"system.cpu.load[all,avg5]",1.833984
2026-05-15T10:15:49+00:00,cnsm-mem-01,"system.cpu.load[all,avg5]",1.835938
2026-05-15T10:16:49+00:00,cnsm-mem-01,"system.cpu.load[all,avg5]",1.838379
2026-05-15T10:17:49+00:00,cnsm-mem-01,"system.cpu.load[all,avg5]",1.856934
2026-05-15T10:18:49+00:00,cnsm-mem-01,"system.cpu.load[all,avg5]",1.870117
2026-05-15T10:19:49+00:00,cnsm-mem-01,"system.cpu.load[all,avg5]",1.884277
2026-05-15T10:20:49+00:00,cnsm-mem-01,"system.cpu.load[all,avg5]",1.96582
2026-05-15T10:21:49+00:00,cnsm-mem-01,"system.cpu.load[all,avg5]",1.993164
2026-05-15T10:22:49+00:00,cnsm-mem-01,"system.cpu.load[all,avg5]",2.716309
2026-05-15T10:23:49+00:00,cnsm-mem-01,"system.cpu.load[all,avg5]",3.450195
2026-05-15T10:24:49+00:00,cnsm-mem-01,"system.cpu.load[all,avg5]",4.222168
2026-05-15T10:25:49+00:00,cnsm-mem-01,"system.cpu.load[all,avg5]",4.823242
2026-05-15T10:26:49+00:00,cnsm-mem-01,"system.cpu.load[all,avg5]",5.132324
2026-05-15T10:27:49+00:00,cnsm-mem-01,"system.cpu.load[all,avg5]",5.44873
2026-05-15T10:28:49+00:00,cnsm-mem-01,"system.cpu.load[all,avg5]",5.828125
2026-05-15T10:29:49+00:00,cnsm-mem-01,"system.cpu.load[all,avg5]",6.162598
2026-05-15T10:30:49+00:00,cnsm-mem-01,"system.cpu.load[all,avg5]",6.480469
2026-05-15T10:31:49+00:00,cnsm-mem-01,"system.cpu.load[all,avg5]",6.683594
2026-05-15T10:32:49+00:00,cnsm-mem-01,"system.cpu.load[all,avg5]",6.822754
2026-05-15T10:33:49+00:00,cnsm-mem-01,"system.cpu.load[all,avg5]",6.933594
2026-05-15T10:34:49+00:00,cnsm-mem-01,"system.cpu.load[all,avg5]",7.070312
2026-05-15T10:35:49+00:00,cnsm-mem-01,"system.cpu.load[all,avg5]",7.040527
2026-05-15T10:36:49+00:00,cnsm-mem-01,"system.cpu.load[all,avg5]",7.043457
2026-05-15T10:37:49+00:00,cnsm-mem-01,"system.cpu.load[all,avg5]",7.080566
2026-05-15T10:38:49+00:00,cnsm-mem-01,"system.cpu.load[all,avg5]",7.167969
2026-05-15T10:39:49+00:00,cnsm-mem-01,"system.cpu.load[all,avg5]",6.432617
2026-05-15T10:40:49+00:00,cnsm-mem-01,"system.cpu.load[all,avg5]",5.635742
2026-05-15T10:41:49+00:00,cnsm-mem-01,"system.cpu.load[all,avg5]",4.941406
2026-05-15T10:42:49+00:00,cnsm-mem-01,"system.cpu.load[all,avg5]",4.373047
2026-05-15T10:43:49+00:00,cnsm-mem-01,"system.cpu.load[all,avg5]",3.908691
2026-05-15T10:44:49+00:00,cnsm-mem-01,"system.cpu.load[all,avg5]",3.530762
2026-05-15T10:45:49+00:00,cnsm-mem-01,"system.cpu.load[all,avg5]",3.220703
2026-05-15T10:46:49+00:00,cnsm-mem-01,"system.cpu.load[all,avg5]",2.967285
2026-05-15T10:47:49+00:00,cnsm-mem-01,"system.cpu.load[all,avg5]",2.760254
2026-05-15T10:48:49+00:00,cnsm-mem-01,"system.cpu.load[all,avg5]",2.558594
2026-05-15T10:49:49+00:00,cnsm-mem-01,"system.cpu.load[all,avg5]",2.405273
2026-05-15T10:50:49+00:00,cnsm-mem-01,"system.cpu.load[all,avg5]",2.296387
2026-05-15T10:51:49+00:00,cnsm-mem-01,"system.cpu.load[all,avg5]",2.20752
2026-05-15T10:52:49+00:00,cnsm-mem-01,"system.cpu.load[all,avg5]",2.166992
2026-05-15T10:53:49+00:00,cnsm-mem-01,"system.cpu.load[all,avg5]",2.071289
2026-05-15T10:54:49+00:00,cnsm-mem-01,"system.cpu.load[all,avg5]",2.024414
2026-05-15T10:55:49+00:00,cnsm-mem-01,"system.cpu.load[all,avg5]",2.033203
2026-05-15T10:56:49+00:00,cnsm-mem-01,"system.cpu.load[all,avg5]",2.008301
2026-05-15T10:57:49+00:00,cnsm-mem-01,"system.cpu.load[all,avg5]",1.992676
2026-05-15T10:58:49+00:00,cnsm-mem-01,"system.cpu.load[all,avg5]",1.96875
2026-05-15T10:59:49+00:00,cnsm-mem-01,"system.cpu.load[all,avg5]",1.947754
2026-05-15T11:00:49+00:00,cnsm-mem-01,"system.cpu.load[all,avg5]",1.930176
2026-05-15T11:01:49+00:00,cnsm-mem-01,"system.cpu.load[all,avg5]",1.91748
2026-05-15T11:02:49+00:00,cnsm-mem-01,"system.cpu.load[all,avg5]",1.873047
2026-05-15T11:03:49+00:00,cnsm-mem-01,"system.cpu.load[all,avg5]",1.865234
2026-05-15T11:04:49+00:00,cnsm-mem-01,"system.cpu.load[all,avg5]",1.859863
2026-05-15T11:05:49+00:00,cnsm-mem-01,"system.cpu.load[all,avg5]",1.839355
2026-05-15T11:06:49+00:00,cnsm-mem-01,"system.cpu.load[all,avg5]",1.838867
2026-05-15T11:07:49+00:00,cnsm-mem-01,"system.cpu.load[all,avg5]",1.838867
2026-05-15T11:08:49+00:00,cnsm-mem-01,"system.cpu.load[all,avg5]",1.839355
2026-05-15T09:52:36+00:00,cnsm-mem-01,vm.memory.utilization,42.179015
2026-05-15T09:53:36+00:00,cnsm-mem-01,vm.memory.utilization,42.164464
2026-05-15T09:54:36+00:00,cnsm-mem-01,vm.memory.utilization,42.182661
2026-05-15T09:55:36+00:00,cnsm-mem-01,vm.memory.utilization,42.166262
2026-05-15T09:56:36+00:00,cnsm-mem-01,vm.memory.utilization,42.206068
2026-05-15T09:57:36+00:00,cnsm-mem-01,vm.memory.utilization,42.133116
2026-05-15T09:58:36+00:00,cnsm-mem-01,vm.memory.utilization,2.7260279999999995
2026-05-15T09:59:36+00:00,cnsm-mem-01,vm.memory.utilization,41.892902
2026-05-15T10:00:36+00:00,cnsm-mem-01,vm.memory.utilization,50.95806
2026-05-15T10:01:36+00:00,cnsm-mem-01,vm.memory.utilization,50.948587
2026-05-15T10:02:36+00:00,cnsm-mem-01,vm.memory.utilization,50.99064
2026-05-15T10:03:36+00:00,cnsm-mem-01,vm.memory.utilization,50.924414
2026-05-15T10:04:36+00:00,cnsm-mem-01,vm.memory.utilization,50.939131
2026-05-15T10:05:36+00:00,cnsm-mem-01,vm.memory.utilization,50.943243
2026-05-15T10:06:36+00:00,cnsm-mem-01,vm.memory.utilization,50.901523
2026-05-15T10:07:36+00:00,cnsm-mem-01,vm.memory.utilization,50.914042
2026-05-15T10:08:36+00:00,cnsm-mem-01,vm.memory.utilization,50.916423
2026-05-15T10:09:36+00:00,cnsm-mem-01,vm.memory.utilization,50.887905
2026-05-15T10:10:36+00:00,cnsm-mem-01,vm.memory.utilization,50.878998
2026-05-15T10:11:36+00:00,cnsm-mem-01,vm.memory.utilization,2.7955340000000035
2026-05-15T10:12:36+00:00,cnsm-mem-01,vm.memory.utilization,2.707115999999999
2026-05-15T10:13:36+00:00,cnsm-mem-01,vm.memory.utilization,48.060174
2026-05-15T10:14:36+00:00,cnsm-mem-01,vm.memory.utilization,50.990723
2026-05-15T10:15:36+00:00,cnsm-mem-01,vm.memory.utilization,50.897494
2026-05-15T10:16:36+00:00,cnsm-mem-01,vm.memory.utilization,50.975673
2026-05-15T10:17:36+00:00,cnsm-mem-01,vm.memory.utilization,50.867511
2026-05-15T10:18:36+00:00,cnsm-mem-01,vm.memory.utilization,50.921534
2026-05-15T10:19:36+00:00,cnsm-mem-01,vm.memory.utilization,50.914176
2026-05-15T10:20:36+00:00,cnsm-mem-01,vm.memory.utilization,50.930208
2026-05-15T10:21:36+00:00,cnsm-mem-01,vm.memory.utilization,50.924431
2026-05-15T10:22:36+00:00,cnsm-mem-01,vm.memory.utilization,51.104029
2026-05-15T10:23:36+00:00,cnsm-mem-01,vm.memory.utilization,51.510357
2026-05-15T10:24:36+00:00,cnsm-mem-01,vm.memory.utilization,52.238974
2026-05-15T10:25:36+00:00,cnsm-mem-01,vm.memory.utilization,4.438408999999993
2026-05-15T10:26:36+00:00,cnsm-mem-01,vm.memory.utilization,42.59042
2026-05-15T10:27:36+00:00,cnsm-mem-01,vm.memory.utilization,52.023616
2026-05-15T10:28:36+00:00,cnsm-mem-01,vm.memory.utilization,51.665217
2026-05-15T10:29:36+00:00,cnsm-mem-01,vm.memory.utilization,51.15717
2026-05-15T10:30:36+00:00,cnsm-mem-01,vm.memory.utilization,51.212641
2026-05-15T10:31:36+00:00,cnsm-mem-01,vm.memory.utilization,51.071516
2026-05-15T10:32:36+00:00,cnsm-mem-01,vm.memory.utilization,51.292834
2026-05-15T10:33:36+00:00,cnsm-mem-01,vm.memory.utilization,51.96315
2026-05-15T10:34:36+00:00,cnsm-mem-01,vm.memory.utilization,51.898073
2026-05-15T10:35:36+00:00,cnsm-mem-01,vm.memory.utilization,51.909976
2026-05-15T10:36:36+00:00,cnsm-mem-01,vm.memory.utilization,51.705955
2026-05-15T10:37:36+00:00,cnsm-mem-01,vm.memory.utilization,51.943938
2026-05-15T10:38:36+00:00,cnsm-mem-01,vm.memory.utilization,3.841628
2026-05-15T10:39:36+00:00,cnsm-mem-01,vm.memory.utilization,31.922742
2026-05-15T10:40:36+00:00,cnsm-mem-01,vm.memory.utilization,51.09141
2026-05-15T10:41:36+00:00,cnsm-mem-01,vm.memory.utilization,51.019957
2026-05-15T10:42:36+00:00,cnsm-mem-01,vm.memory.utilization,50.962172
2026-05-15T10:43:36+00:00,cnsm-mem-01,vm.memory.utilization,51.077276
2026-05-15T10:44:36+00:00,cnsm-mem-01,vm.memory.utilization,50.998548
2026-05-15T10:45:36+00:00,cnsm-mem-01,vm.memory.utilization,51.027315
2026-05-15T10:46:36+00:00,cnsm-mem-01,vm.memory.utilization,50.970446
2026-05-15T10:47:36+00:00,cnsm-mem-01,vm.memory.utilization,50.922999
2026-05-15T10:48:36+00:00,cnsm-mem-01,vm.memory.utilization,50.967216
2026-05-15T10:49:36+00:00,cnsm-mem-01,vm.memory.utilization,50.990923
2026-05-15T10:50:36+00:00,cnsm-mem-01,vm.memory.utilization,50.992588
2026-05-15T10:51:36+00:00,cnsm-mem-01,vm.memory.utilization,2.775007000000002
2026-05-15T10:52:36+00:00,cnsm-mem-01,vm.memory.utilization,5.471834999999999
2026-05-15T10:53:36+00:00,cnsm-mem-01,vm.memory.utilization,46.285962
2026-05-15T10:54:36+00:00,cnsm-mem-01,vm.memory.utilization,50.982882
2026-05-15T10:55:36+00:00,cnsm-mem-01,vm.memory.utilization,51.060462
2026-05-15T10:56:36+00:00,cnsm-mem-01,vm.memory.utilization,50.998564
2026-05-15T10:57:36+00:00,cnsm-mem-01,vm.memory.utilization,51.040767
2026-05-15T10:58:36+00:00,cnsm-mem-01,vm.memory.utilization,50.977471
2026-05-15T10:59:36+00:00,cnsm-mem-01,vm.memory.utilization,50.987327
2026-05-15T11:00:36+00:00,cnsm-mem-01,vm.memory.utilization,55.361375
2026-05-15T11:01:36+00:00,cnsm-mem-01,vm.memory.utilization,55.357879
2026-05-15T11:02:36+00:00,cnsm-mem-01,vm.memory.utilization,55.412035
2026-05-15T11:03:36+00:00,cnsm-mem-01,vm.memory.utilization,55.385814
2026-05-15T11:04:36+00:00,cnsm-mem-01,vm.memory.utilization,2.8288459999999986
2026-05-15T11:05:36+00:00,cnsm-mem-01,vm.memory.utilization,2.7323880000000003
2026-05-15T11:06:36+00:00,cnsm-mem-01,vm.memory.utilization,39.367965
2026-05-15T11:07:36+00:00,cnsm-mem-01,vm.memory.utilization,55.366586
2026-05-15T11:08:36+00:00,cnsm-mem-01,vm.memory.utilization,55.397751
2026-05-15T09:52:45+00:00,cnsm-mem-01,proc.num,188
2026-05-15T09:53:45+00:00,cnsm-mem-01,proc.num,190
2026-05-15T09:54:45+00:00,cnsm-mem-01,proc.num,190
2026-05-15T09:55:45+00:00,cnsm-mem-01,proc.num,190
2026-05-15T09:56:45+00:00,cnsm-mem-01,proc.num,186
2026-05-15T09:57:45+00:00,cnsm-mem-01,proc.num,191
2026-05-15T09:58:45+00:00,cnsm-mem-01,proc.num,193
2026-05-15T09:59:45+00:00,cnsm-mem-01,proc.num,194
2026-05-15T10:00:45+00:00,cnsm-mem-01,proc.num,197
2026-05-15T10:01:45+00:00,cnsm-mem-01,proc.num,195
2026-05-15T10:02:45+00:00,cnsm-mem-01,proc.num,195
2026-05-15T10:03:45+00:00,cnsm-mem-01,proc.num,192
2026-05-15T10:04:45+00:00,cnsm-mem-01,proc.num,190
2026-05-15T10:05:45+00:00,cnsm-mem-01,proc.num,188
2026-05-15T10:06:45+00:00,cnsm-mem-01,proc.num,190
2026-05-15T10:07:45+00:00,cnsm-mem-01,proc.num,191
2026-05-15T10:08:45+00:00,cnsm-mem-01,proc.num,189
2026-05-15T10:09:45+00:00,cnsm-mem-01,proc.num,185
2026-05-15T10:10:45+00:00,cnsm-mem-01,proc.num,188
2026-05-15T10:11:45+00:00,cnsm-mem-01,proc.num,191
2026-05-15T10:12:45+00:00,cnsm-mem-01,proc.num,188
2026-05-15T10:13:45+00:00,cnsm-mem-01,proc.num,190
2026-05-15T10:14:45+00:00,cnsm-mem-01,proc.num,192
2026-05-15T10:15:45+00:00,cnsm-mem-01,proc.num,190
2026-05-15T10:16:45+00:00,cnsm-mem-01,proc.num,194
2026-05-15T10:17:45+00:00,cnsm-mem-01,proc.num,195
2026-05-15T10:18:45+00:00,cnsm-mem-01,proc.num,194
2026-05-15T10:19:45+00:00,cnsm-mem-01,proc.num,193
2026-05-15T10:20:45+00:00,cnsm-mem-01,proc.num,194
2026-05-15T10:21:45+00:00,cnsm-mem-01,proc.num,195
2026-05-15T10:22:45+00:00,cnsm-mem-01,proc.num,213
2026-05-15T10:23:45+00:00,cnsm-mem-01,proc.num,220
2026-05-15T10:24:45+00:00,cnsm-mem-01,proc.num,220
2026-05-15T10:25:45+00:00,cnsm-mem-01,proc.num,222
2026-05-15T10:26:45+00:00,cnsm-mem-01,proc.num,219
2026-05-15T10:27:45+00:00,cnsm-mem-01,proc.num,217
2026-05-15T10:28:45+00:00,cnsm-mem-01,proc.num,219
2026-05-15T10:29:45+00:00,cnsm-mem-01,proc.num,214
2026-05-15T10:30:45+00:00,cnsm-mem-01,proc.num,216
2026-05-15T10:31:45+00:00,cnsm-mem-01,proc.num,217
2026-05-15T10:32:45+00:00,cnsm-mem-01,proc.num,216
2026-05-15T10:33:45+00:00,cnsm-mem-01,proc.num,216
2026-05-15T10:34:45+00:00,cnsm-mem-01,proc.num,216
2026-05-15T10:35:45+00:00,cnsm-mem-01,proc.num,217
2026-05-15T10:36:45+00:00,cnsm-mem-01,proc.num,208
2026-05-15T10:37:45+00:00,cnsm-mem-01,proc.num,215
2026-05-15T10:38:45+00:00,cnsm-mem-01,proc.num,216
2026-05-15T10:39:45+00:00,cnsm-mem-01,proc.num,206
2026-05-15T10:40:45+00:00,cnsm-mem-01,proc.num,204
2026-05-15T10:41:45+00:00,cnsm-mem-01,proc.num,199
2026-05-15T10:42:45+00:00,cnsm-mem-01,proc.num,197
2026-05-15T10:43:45+00:00,cnsm-mem-01,proc.num,191
2026-05-15T10:44:45+00:00,cnsm-mem-01,proc.num,189
2026-05-15T10:45:45+00:00,cnsm-mem-01,proc.num,188
2026-05-15T10:46:45+00:00,cnsm-mem-01,proc.num,190
2026-05-15T10:47:45+00:00,cnsm-mem-01,proc.num,190
2026-05-15T10:48:45+00:00,cnsm-mem-01,proc.num,190
2026-05-15T10:49:45+00:00,cnsm-mem-01,proc.num,186
2026-05-15T10:50:45+00:00,cnsm-mem-01,proc.num,192
2026-05-15T10:51:45+00:00,cnsm-mem-01,proc.num,194
2026-05-15T10:52:45+00:00,cnsm-mem-01,proc.num,193
2026-05-15T10:53:45+00:00,cnsm-mem-01,proc.num,193
2026-05-15T10:54:45+00:00,cnsm-mem-01,proc.num,189
2026-05-15T10:55:45+00:00,cnsm-mem-01,proc.num,188
2026-05-15T10:56:45+00:00,cnsm-mem-01,proc.num,187
2026-05-15T10:57:45+00:00,cnsm-mem-01,proc.num,191
2026-05-15T10:58:45+00:00,cnsm-mem-01,proc.num,193
2026-05-15T10:59:45+00:00,cnsm-mem-01,proc.num,190
2026-05-15T11:00:45+00:00,cnsm-mem-01,proc.num,194
2026-05-15T11:01:45+00:00,cnsm-mem-01,proc.num,192
2026-05-15T11:02:45+00:00,cnsm-mem-01,proc.num,187
2026-05-15T11:03:45+00:00,cnsm-mem-01,proc.num,189
2026-05-15T11:04:45+00:00,cnsm-mem-01,proc.num,190
2026-05-15T11:05:45+00:00,cnsm-mem-01,proc.num,190
2026-05-15T11:06:45+00:00,cnsm-mem-01,proc.num,187
2026-05-15T11:07:45+00:00,cnsm-mem-01,proc.num,189
2026-05-15T11:08:45+00:00,cnsm-mem-01,proc.num,188
2026-05-15T09:52:46+00:00,cnsm-mem-01,"proc.num[,,run]",2
2026-05-15T09:53:46+00:00,cnsm-mem-01,"proc.num[,,run]",3
2026-05-15T09:54:46+00:00,cnsm-mem-01,"proc.num[,,run]",2
2026-05-15T09:55:46+00:00,cnsm-mem-01,"proc.num[,,run]",0
2026-05-15T09:56:46+00:00,cnsm-mem-01,"proc.num[,,run]",0
2026-05-15T09:57:46+00:00,cnsm-mem-01,"proc.num[,,run]",2
2026-05-15T09:58:46+00:00,cnsm-mem-01,"proc.num[,,run]",2
2026-05-15T09:59:46+00:00,cnsm-mem-01,"proc.num[,,run]",2
2026-05-15T10:00:46+00:00,cnsm-mem-01,"proc.num[,,run]",2
2026-05-15T10:01:46+00:00,cnsm-mem-01,"proc.num[,,run]",2
2026-05-15T10:02:46+00:00,cnsm-mem-01,"proc.num[,,run]",2
2026-05-15T10:03:46+00:00,cnsm-mem-01,"proc.num[,,run]",2
2026-05-15T10:04:46+00:00,cnsm-mem-01,"proc.num[,,run]",2
2026-05-15T10:05:46+00:00,cnsm-mem-01,"proc.num[,,run]",2
2026-05-15T10:06:46+00:00,cnsm-mem-01,"proc.num[,,run]",2
2026-05-15T10:07:46+00:00,cnsm-mem-01,"proc.num[,,run]",2
2026-05-15T10:08:46+00:00,cnsm-mem-01,"proc.num[,,run]",0
2026-05-15T10:09:46+00:00,cnsm-mem-01,"proc.num[,,run]",0
2026-05-15T10:10:46+00:00,cnsm-mem-01,"proc.num[,,run]",2
2026-05-15T10:11:46+00:00,cnsm-mem-01,"proc.num[,,run]",2
2026-05-15T10:12:46+00:00,cnsm-mem-01,"proc.num[,,run]",2
2026-05-15T10:13:46+00:00,cnsm-mem-01,"proc.num[,,run]",2
2026-05-15T10:14:46+00:00,cnsm-mem-01,"proc.num[,,run]",2
2026-05-15T10:15:46+00:00,cnsm-mem-01,"proc.num[,,run]",2
2026-05-15T10:16:46+00:00,cnsm-mem-01,"proc.num[,,run]",2
2026-05-15T10:17:46+00:00,cnsm-mem-01,"proc.num[,,run]",2
2026-05-15T10:18:46+00:00,cnsm-mem-01,"proc.num[,,run]",2
2026-05-15T10:19:46+00:00,cnsm-mem-01,"proc.num[,,run]",2
2026-05-15T10:20:46+00:00,cnsm-mem-01,"proc.num[,,run]",2
2026-05-15T10:21:46+00:00,cnsm-mem-01,"proc.num[,,run]",3
2026-05-15T10:22:46+00:00,cnsm-mem-01,"proc.num[,,run]",3
2026-05-15T10:23:46+00:00,cnsm-mem-01,"proc.num[,,run]",4
2026-05-15T10:24:46+00:00,cnsm-mem-01,"proc.num[,,run]",4
2026-05-15T10:25:46+00:00,cnsm-mem-01,"proc.num[,,run]",6
2026-05-15T10:26:46+00:00,cnsm-mem-01,"proc.num[,,run]",5
2026-05-15T10:27:46+00:00,cnsm-mem-01,"proc.num[,,run]",4
2026-05-15T10:28:46+00:00,cnsm-mem-01,"proc.num[,,run]",5
2026-05-15T10:29:46+00:00,cnsm-mem-01,"proc.num[,,run]",3
2026-05-15T10:30:46+00:00,cnsm-mem-01,"proc.num[,,run]",7
2026-05-15T10:31:46+00:00,cnsm-mem-01,"proc.num[,,run]",6
2026-05-15T10:32:46+00:00,cnsm-mem-01,"proc.num[,,run]",6
2026-05-15T10:33:46+00:00,cnsm-mem-01,"proc.num[,,run]",5
2026-05-15T10:34:46+00:00,cnsm-mem-01,"proc.num[,,run]",6
2026-05-15T10:35:46+00:00,cnsm-mem-01,"proc.num[,,run]",7
2026-05-15T10:36:46+00:00,cnsm-mem-01,"proc.num[,,run]",2
2026-05-15T10:37:46+00:00,cnsm-mem-01,"proc.num[,,run]",2
2026-05-15T10:38:46+00:00,cnsm-mem-01,"proc.num[,,run]",6
2026-05-15T10:39:46+00:00,cnsm-mem-01,"proc.num[,,run]",2
2026-05-15T10:40:46+00:00,cnsm-mem-01,"proc.num[,,run]",2
2026-05-15T10:41:46+00:00,cnsm-mem-01,"proc.num[,,run]",2
2026-05-15T10:42:46+00:00,cnsm-mem-01,"proc.num[,,run]",3
2026-05-15T10:43:46+00:00,cnsm-mem-01,"proc.num[,,run]",2
2026-05-15T10:44:46+00:00,cnsm-mem-01,"proc.num[,,run]",2
2026-05-15T10:45:46+00:00,cnsm-mem-01,"proc.num[,,run]",3
2026-05-15T10:46:46+00:00,cnsm-mem-01,"proc.num[,,run]",2
2026-05-15T10:47:46+00:00,cnsm-mem-01,"proc.num[,,run]",2
2026-05-15T10:48:46+00:00,cnsm-mem-01,"proc.num[,,run]",2
2026-05-15T10:49:46+00:00,cnsm-mem-01,"proc.num[,,run]",0
2026-05-15T10:50:46+00:00,cnsm-mem-01,"proc.num[,,run]",2
2026-05-15T10:51:46+00:00,cnsm-mem-01,"proc.num[,,run]",2
2026-05-15T10:52:46+00:00,cnsm-mem-01,"proc.num[,,run]",2
2026-05-15T10:53:46+00:00,cnsm-mem-01,"proc.num[,,run]",2
2026-05-15T10:54:46+00:00,cnsm-mem-01,"proc.num[,,run]",2
2026-05-15T10:55:46+00:00,cnsm-mem-01,"proc.num[,,run]",2
2026-05-15T10:56:46+00:00,cnsm-mem-01,"proc.num[,,run]",2
2026-05-15T10:57:46+00:00,cnsm-mem-01,"proc.num[,,run]",2
2026-05-15T10:58:46+00:00,cnsm-mem-01,"proc.num[,,run]",2
2026-05-15T10:59:46+00:00,cnsm-mem-01,"proc.num[,,run]",2
2026-05-15T11:00:46+00:00,cnsm-mem-01,"proc.num[,,run]",2
2026-05-15T11:01:46+00:00,cnsm-mem-01,"proc.num[,,run]",2
2026-05-15T11:02:46+00:00,cnsm-mem-01,"proc.num[,,run]",0
2026-05-15T11:03:46+00:00,cnsm-mem-01,"proc.num[,,run]",2
2026-05-15T11:04:46+00:00,cnsm-mem-01,"proc.num[,,run]",2
2026-05-15T11:05:46+00:00,cnsm-mem-01,"proc.num[,,run]",3
2026-05-15T11:06:46+00:00,cnsm-mem-01,"proc.num[,,run]",2
2026-05-15T11:07:46+00:00,cnsm-mem-01,"proc.num[,,run]",2
2026-05-15T11:08:46+00:00,cnsm-mem-01,"proc.num[,,run]",2
2026-05-15T09:52:59+00:00,cnsm-mem-01,vfs.dev.queue_size[sda],0.006366669890217744
2026-05-15T09:53:59+00:00,cnsm-mem-01,vfs.dev.queue_size[sda],0.009083438086266377
2026-05-15T09:54:59+00:00,cnsm-mem-01,vfs.dev.queue_size[sda],0.005349939808629704
2026-05-15T09:55:59+00:00,cnsm-mem-01,vfs.dev.queue_size[sda],0.006450070692882295
2026-05-15T09:56:59+00:00,cnsm-mem-01,vfs.dev.queue_size[sda],0.0068333509642899345
2026-05-15T09:57:59+00:00,cnsm-mem-01,vfs.dev.queue_size[sda],0.005999954968137981
2026-05-15T09:58:59+00:00,cnsm-mem-01,vfs.dev.queue_size[sda],0.007783356756177987
2026-05-15T09:59:59+00:00,cnsm-mem-01,vfs.dev.queue_size[sda],0.005816707840136168
2026-05-15T10:00:59+00:00,cnsm-mem-01,vfs.dev.queue_size[sda],0.007849854425365498
2026-05-15T10:01:59+00:00,cnsm-mem-01,vfs.dev.queue_size[sda],0.007166740136025389
2026-05-15T10:02:59+00:00,cnsm-mem-01,vfs.dev.queue_size[sda],0.006500057340364163
2026-05-15T10:03:59+00:00,cnsm-mem-01,vfs.dev.queue_size[sda],0.007583092222596872
2026-05-15T10:04:59+00:00,cnsm-mem-01,vfs.dev.queue_size[sda],0.007250130280128549
2026-05-15T10:05:59+00:00,cnsm-mem-01,vfs.dev.queue_size[sda],0.007549317634542444
2026-05-15T10:06:59+00:00,cnsm-mem-01,vfs.dev.queue_size[sda],0.00885091984821943
2026-05-15T10:07:59+00:00,cnsm-mem-01,vfs.dev.queue_size[sda],0.006949955967743138
2026-05-15T10:08:59+00:00,cnsm-mem-01,vfs.dev.queue_size[sda],0.008549979956709485
2026-05-15T10:09:59+00:00,cnsm-mem-01,vfs.dev.queue_size[sda],0.00785004414419991
2026-05-15T10:10:59+00:00,cnsm-mem-01,vfs.dev.queue_size[sda],0.007383335060664571
2026-05-15T10:11:59+00:00,cnsm-mem-01,vfs.dev.queue_size[sda],0.008766627784334676
2026-05-15T10:12:59+00:00,cnsm-mem-01,vfs.dev.queue_size[sda],0.006600005264494199
2026-05-15T10:13:59+00:00,cnsm-mem-01,vfs.dev.queue_size[sda],0.006983299633209575
2026-05-15T10:14:59+00:00,cnsm-mem-01,vfs.dev.queue_size[sda],0.006583392088461875
2026-05-15T10:15:59+00:00,cnsm-mem-01,vfs.dev.queue_size[sda],0.00721656532456009
2026-05-15T10:16:59+00:00,cnsm-mem-01,vfs.dev.queue_size[sda],0.010966769850810838
2026-05-15T10:17:59+00:00,cnsm-mem-01,vfs.dev.queue_size[sda],0.007683289865505084
2026-05-15T10:18:59+00:00,cnsm-mem-01,vfs.dev.queue_size[sda],0.0063666889573997095
2026-05-15T10:19:59+00:00,cnsm-mem-01,vfs.dev.queue_size[sda],0.006933385515032727
2026-05-15T10:20:59+00:00,cnsm-mem-01,vfs.dev.queue_size[sda],0.008833225012083891
2026-05-15T10:21:59+00:00,cnsm-mem-01,vfs.dev.queue_size[sda],0.006983318023688841
2026-05-15T10:22:59+00:00,cnsm-mem-01,vfs.dev.queue_size[sda],5.995610486522595
2026-05-15T10:23:59+00:00,cnsm-mem-01,vfs.dev.queue_size[sda],6.567246953256244
2026-05-15T10:24:59+00:00,cnsm-mem-01,vfs.dev.queue_size[sda],6.5765396703711545
2026-05-15T10:25:59+00:00,cnsm-mem-01,vfs.dev.queue_size[sda],6.37729613442312
2026-05-15T10:26:59+00:00,cnsm-mem-01,vfs.dev.queue_size[sda],6.717753538432614
2026-05-15T10:27:59+00:00,cnsm-mem-01,vfs.dev.queue_size[sda],6.933885238038195
2026-05-15T10:28:59+00:00,cnsm-mem-01,vfs.dev.queue_size[sda],7.149119634656405
2026-05-15T10:29:59+00:00,cnsm-mem-01,vfs.dev.queue_size[sda],6.634098500757144
2026-05-15T10:30:59+00:00,cnsm-mem-01,vfs.dev.queue_size[sda],6.2592070081025195
2026-05-15T10:31:59+00:00,cnsm-mem-01,vfs.dev.queue_size[sda],7.087773074245243
2026-05-15T10:32:59+00:00,cnsm-mem-01,vfs.dev.queue_size[sda],6.958796164541601
2026-05-15T10:33:59+00:00,cnsm-mem-01,vfs.dev.queue_size[sda],7.076213044551915
2026-05-15T10:34:59+00:00,cnsm-mem-01,vfs.dev.queue_size[sda],6.944128831896796
2026-05-15T10:35:59+00:00,cnsm-mem-01,vfs.dev.queue_size[sda],6.627616362174796
2026-05-15T10:36:59+00:00,cnsm-mem-01,vfs.dev.queue_size[sda],6.591911996151325
2026-05-15T10:37:59+00:00,cnsm-mem-01,vfs.dev.queue_size[sda],6.9337000578719685
2026-05-15T10:38:59+00:00,cnsm-mem-01,vfs.dev.queue_size[sda],6.37253893039421
2026-05-15T10:39:59+00:00,cnsm-mem-01,vfs.dev.queue_size[sda],0.517219934470833
2026-05-15T10:40:59+00:00,cnsm-mem-01,vfs.dev.queue_size[sda],0.0037499729835696383
2026-05-15T10:41:59+00:00,cnsm-mem-01,vfs.dev.queue_size[sda],0.003300033175453515
2026-05-15T10:42:59+00:00,cnsm-mem-01,vfs.dev.queue_size[sda],0.0026666575952753032
2026-05-15T10:43:59+00:00,cnsm-mem-01,vfs.dev.queue_size[sda],0.00999992988899156
2026-05-15T10:44:59+00:00,cnsm-mem-01,vfs.dev.queue_size[sda],0.0035333519528614517
2026-05-15T10:45:59+00:00,cnsm-mem-01,vfs.dev.queue_size[sda],0.002733311750465979
2026-05-15T10:46:59+00:00,cnsm-mem-01,vfs.dev.queue_size[sda],0.004100015456784938
2026-05-15T10:47:59+00:00,cnsm-mem-01,vfs.dev.queue_size[sda],0.00203332410275357
2026-05-15T10:48:59+00:00,cnsm-mem-01,vfs.dev.queue_size[sda],0.004316604560439402
2026-05-15T10:49:59+00:00,cnsm-mem-01,vfs.dev.queue_size[sda],0.0034499953360088054
2026-05-15T10:50:59+00:00,cnsm-mem-01,vfs.dev.queue_size[sda],0.003916715049651839
2026-05-15T10:51:59+00:00,cnsm-mem-01,vfs.dev.queue_size[sda],0.0036333856735256457
2026-05-15T10:52:59+00:00,cnsm-mem-01,vfs.dev.queue_size[sda],0.003049993864632342
2026-05-15T10:53:59+00:00,cnsm-mem-01,vfs.dev.queue_size[sda],0.0021999802434074208
2026-05-15T10:54:59+00:00,cnsm-mem-01,vfs.dev.queue_size[sda],0.0038333544374189637
2026-05-15T10:55:59+00:00,cnsm-mem-01,vfs.dev.queue_size[sda],0.003383315240942305
2026-05-15T10:56:59+00:00,cnsm-mem-01,vfs.dev.queue_size[sda],0.0046833845064902565
2026-05-15T10:57:59+00:00,cnsm-mem-01,vfs.dev.queue_size[sda],0.0022666202689119847
2026-05-15T10:58:59+00:00,cnsm-mem-01,vfs.dev.queue_size[sda],0.00433327331222581
2026-05-15T10:59:59+00:00,cnsm-mem-01,vfs.dev.queue_size[sda],0.0028667751830421273
2026-05-15T11:00:59+00:00,cnsm-mem-01,vfs.dev.queue_size[sda],0.002633308845316611
2026-05-15T11:01:59+00:00,cnsm-mem-01,vfs.dev.queue_size[sda],0.003683342261079695
2026-05-15T11:02:59+00:00,cnsm-mem-01,vfs.dev.queue_size[sda],0.002783344195102109
2026-05-15T11:03:59+00:00,cnsm-mem-01,vfs.dev.queue_size[sda],0.0034499764843852862
2026-05-15T11:04:59+00:00,cnsm-mem-01,vfs.dev.queue_size[sda],0.007066721553186298
2026-05-15T11:05:59+00:00,cnsm-mem-01,vfs.dev.queue_size[sda],0.004049925525852006
2026-05-15T11:06:59+00:00,cnsm-mem-01,vfs.dev.queue_size[sda],0.002000011260896737
2026-05-15T11:07:59+00:00,cnsm-mem-01,vfs.dev.queue_size[sda],0.0031833486860934884
2026-05-15T11:08:59+00:00,cnsm-mem-01,vfs.dev.queue_size[sda],0.00470003768255212
2026-05-15T09:52:59+00:00,cnsm-mem-01,vfs.dev.read.rate[sda],0
2026-05-15T09:53:59+00:00,cnsm-mem-01,vfs.dev.read.rate[sda],0
2026-05-15T09:54:59+00:00,cnsm-mem-01,vfs.dev.read.rate[sda],0
2026-05-15T09:55:59+00:00,cnsm-mem-01,vfs.dev.read.rate[sda],0
2026-05-15T09:56:59+00:00,cnsm-mem-01,vfs.dev.read.rate[sda],0
2026-05-15T09:57:59+00:00,cnsm-mem-01,vfs.dev.read.rate[sda],0
2026-05-15T09:58:59+00:00,cnsm-mem-01,vfs.dev.read.rate[sda],0
2026-05-15T09:59:59+00:00,cnsm-mem-01,vfs.dev.read.rate[sda],0
2026-05-15T10:00:59+00:00,cnsm-mem-01,vfs.dev.read.rate[sda],0
2026-05-15T10:01:59+00:00,cnsm-mem-01,vfs.dev.read.rate[sda],0
2026-05-15T10:02:59+00:00,cnsm-mem-01,vfs.dev.read.rate[sda],0
2026-05-15T10:03:59+00:00,cnsm-mem-01,vfs.dev.read.rate[sda],0
2026-05-15T10:04:59+00:00,cnsm-mem-01,vfs.dev.read.rate[sda],0
2026-05-15T10:05:59+00:00,cnsm-mem-01,vfs.dev.read.rate[sda],0
2026-05-15T10:06:59+00:00,cnsm-mem-01,vfs.dev.read.rate[sda],0
2026-05-15T10:07:59+00:00,cnsm-mem-01,vfs.dev.read.rate[sda],0
2026-05-15T10:08:59+00:00,cnsm-mem-01,vfs.dev.read.rate[sda],0
2026-05-15T10:09:59+00:00,cnsm-mem-01,vfs.dev.read.rate[sda],0
2026-05-15T10:10:59+00:00,cnsm-mem-01,vfs.dev.read.rate[sda],0
2026-05-15T10:11:59+00:00,cnsm-mem-01,vfs.dev.read.rate[sda],0
2026-05-15T10:12:59+00:00,cnsm-mem-01,vfs.dev.read.rate[sda],0
2026-05-15T10:13:59+00:00,cnsm-mem-01,vfs.dev.read.rate[sda],0
2026-05-15T10:14:59+00:00,cnsm-mem-01,vfs.dev.read.rate[sda],0
2026-05-15T10:15:59+00:00,cnsm-mem-01,vfs.dev.read.rate[sda],0
2026-05-15T10:16:59+00:00,cnsm-mem-01,vfs.dev.read.rate[sda],0
2026-05-15T10:17:59+00:00,cnsm-mem-01,vfs.dev.read.rate[sda],0
2026-05-15T10:18:59+00:00,cnsm-mem-01,vfs.dev.read.rate[sda],0
2026-05-15T10:19:59+00:00,cnsm-mem-01,vfs.dev.read.rate[sda],0
2026-05-15T10:20:59+00:00,cnsm-mem-01,vfs.dev.read.rate[sda],0
2026-05-15T10:21:59+00:00,cnsm-mem-01,vfs.dev.read.rate[sda],0
2026-05-15T10:22:59+00:00,cnsm-mem-01,vfs.dev.read.rate[sda],0
2026-05-15T10:23:59+00:00,cnsm-mem-01,vfs.dev.read.rate[sda],0
2026-05-15T10:24:59+00:00,cnsm-mem-01,vfs.dev.read.rate[sda],0.01666655601406798
2026-05-15T10:25:59+00:00,cnsm-mem-01,vfs.dev.read.rate[sda],0
2026-05-15T10:26:59+00:00,cnsm-mem-01,vfs.dev.read.rate[sda],0
2026-05-15T10:27:59+00:00,cnsm-mem-01,vfs.dev.read.rate[sda],0
2026-05-15T10:28:59+00:00,cnsm-mem-01,vfs.dev.read.rate[sda],0
2026-05-15T10:29:59+00:00,cnsm-mem-01,vfs.dev.read.rate[sda],0
2026-05-15T10:30:59+00:00,cnsm-mem-01,vfs.dev.read.rate[sda],0
2026-05-15T10:31:59+00:00,cnsm-mem-01,vfs.dev.read.rate[sda],0.016666720925176636
2026-05-15T10:32:59+00:00,cnsm-mem-01,vfs.dev.read.rate[sda],0
2026-05-15T10:33:59+00:00,cnsm-mem-01,vfs.dev.read.rate[sda],0
2026-05-15T10:34:59+00:00,cnsm-mem-01,vfs.dev.read.rate[sda],0
2026-05-15T10:35:59+00:00,cnsm-mem-01,vfs.dev.read.rate[sda],0
2026-05-15T10:36:59+00:00,cnsm-mem-01,vfs.dev.read.rate[sda],0
2026-05-15T10:37:59+00:00,cnsm-mem-01,vfs.dev.read.rate[sda],0
2026-05-15T10:38:59+00:00,cnsm-mem-01,vfs.dev.read.rate[sda],0
2026-05-15T10:39:59+00:00,cnsm-mem-01,vfs.dev.read.rate[sda],0
2026-05-15T10:40:59+00:00,cnsm-mem-01,vfs.dev.read.rate[sda],0
2026-05-15T10:41:59+00:00,cnsm-mem-01,vfs.dev.read.rate[sda],0
2026-05-15T10:42:59+00:00,cnsm-mem-01,vfs.dev.read.rate[sda],0
2026-05-15T10:43:59+00:00,cnsm-mem-01,vfs.dev.read.rate[sda],0
2026-05-15T10:44:59+00:00,cnsm-mem-01,vfs.dev.read.rate[sda],0
2026-05-15T10:45:59+00:00,cnsm-mem-01,vfs.dev.read.rate[sda],0
2026-05-15T10:46:59+00:00,cnsm-mem-01,vfs.dev.read.rate[sda],0
2026-05-15T10:47:59+00:00,cnsm-mem-01,vfs.dev.read.rate[sda],0
2026-05-15T10:48:59+00:00,cnsm-mem-01,vfs.dev.read.rate[sda],0
2026-05-15T10:49:59+00:00,cnsm-mem-01,vfs.dev.read.rate[sda],0
2026-05-15T10:50:59+00:00,cnsm-mem-01,vfs.dev.read.rate[sda],0
2026-05-15T10:51:59+00:00,cnsm-mem-01,vfs.dev.read.rate[sda],0
2026-05-15T10:52:59+00:00,cnsm-mem-01,vfs.dev.read.rate[sda],0
2026-05-15T10:53:59+00:00,cnsm-mem-01,vfs.dev.read.rate[sda],0
2026-05-15T10:54:59+00:00,cnsm-mem-01,vfs.dev.read.rate[sda],0
2026-05-15T10:55:59+00:00,cnsm-mem-01,vfs.dev.read.rate[sda],0
2026-05-15T10:56:59+00:00,cnsm-mem-01,vfs.dev.read.rate[sda],0
2026-05-15T10:57:59+00:00,cnsm-mem-01,vfs.dev.read.rate[sda],0
2026-05-15T10:58:59+00:00,cnsm-mem-01,vfs.dev.read.rate[sda],0
2026-05-15T10:59:59+00:00,cnsm-mem-01,vfs.dev.read.rate[sda],0
2026-05-15T11:00:59+00:00,cnsm-mem-01,vfs.dev.read.rate[sda],0
2026-05-15T11:01:59+00:00,cnsm-mem-01,vfs.dev.read.rate[sda],0
2026-05-15T11:02:59+00:00,cnsm-mem-01,vfs.dev.read.rate[sda],0
2026-05-15T11:03:59+00:00,cnsm-mem-01,vfs.dev.read.rate[sda],0
2026-05-15T11:04:59+00:00,cnsm-mem-01,vfs.dev.read.rate[sda],0
2026-05-15T11:05:59+00:00,cnsm-mem-01,vfs.dev.read.rate[sda],0
2026-05-15T11:06:59+00:00,cnsm-mem-01,vfs.dev.read.rate[sda],0
2026-05-15T11:07:59+00:00,cnsm-mem-01,vfs.dev.read.rate[sda],0
2026-05-15T11:08:59+00:00,cnsm-mem-01,vfs.dev.read.rate[sda],0
2026-05-15T09:52:57+00:00,cnsm-mem-01,vfs.dev.read.await[sda],0
2026-05-15T09:53:57+00:00,cnsm-mem-01,vfs.dev.read.await[sda],0
2026-05-15T09:54:57+00:00,cnsm-mem-01,vfs.dev.read.await[sda],0
2026-05-15T09:55:57+00:00,cnsm-mem-01,vfs.dev.read.await[sda],0
2026-05-15T09:56:57+00:00,cnsm-mem-01,vfs.dev.read.await[sda],0
2026-05-15T09:57:57+00:00,cnsm-mem-01,vfs.dev.read.await[sda],0
2026-05-15T09:58:57+00:00,cnsm-mem-01,vfs.dev.read.await[sda],0
2026-05-15T09:59:57+00:00,cnsm-mem-01,vfs.dev.read.await[sda],0
2026-05-15T10:00:57+00:00,cnsm-mem-01,vfs.dev.read.await[sda],0
2026-05-15T10:01:57+00:00,cnsm-mem-01,vfs.dev.read.await[sda],0
2026-05-15T10:02:57+00:00,cnsm-mem-01,vfs.dev.read.await[sda],0
2026-05-15T10:03:57+00:00,cnsm-mem-01,vfs.dev.read.await[sda],0
2026-05-15T10:04:57+00:00,cnsm-mem-01,vfs.dev.read.await[sda],0
2026-05-15T10:05:57+00:00,cnsm-mem-01,vfs.dev.read.await[sda],0
2026-05-15T10:06:57+00:00,cnsm-mem-01,vfs.dev.read.await[sda],0
2026-05-15T10:07:57+00:00,cnsm-mem-01,vfs.dev.read.await[sda],0
2026-05-15T10:08:57+00:00,cnsm-mem-01,vfs.dev.read.await[sda],0
2026-05-15T10:09:57+00:00,cnsm-mem-01,vfs.dev.read.await[sda],0
2026-05-15T10:10:57+00:00,cnsm-mem-01,vfs.dev.read.await[sda],0
2026-05-15T10:11:57+00:00,cnsm-mem-01,vfs.dev.read.await[sda],0
2026-05-15T10:12:57+00:00,cnsm-mem-01,vfs.dev.read.await[sda],0
2026-05-15T10:13:57+00:00,cnsm-mem-01,vfs.dev.read.await[sda],0
2026-05-15T10:14:57+00:00,cnsm-mem-01,vfs.dev.read.await[sda],0
2026-05-15T10:15:57+00:00,cnsm-mem-01,vfs.dev.read.await[sda],0
2026-05-15T10:16:57+00:00,cnsm-mem-01,vfs.dev.read.await[sda],0
2026-05-15T10:17:57+00:00,cnsm-mem-01,vfs.dev.read.await[sda],0
2026-05-15T10:18:57+00:00,cnsm-mem-01,vfs.dev.read.await[sda],0
2026-05-15T10:19:57+00:00,cnsm-mem-01,vfs.dev.read.await[sda],0
2026-05-15T10:20:57+00:00,cnsm-mem-01,vfs.dev.read.await[sda],0
2026-05-15T10:21:57+00:00,cnsm-mem-01,vfs.dev.read.await[sda],0
2026-05-15T10:22:57+00:00,cnsm-mem-01,vfs.dev.read.await[sda],0
2026-05-15T10:23:57+00:00,cnsm-mem-01,vfs.dev.read.await[sda],0
2026-05-15T10:24:57+00:00,cnsm-mem-01,vfs.dev.read.await[sda],0
2026-05-15T10:25:57+00:00,cnsm-mem-01,vfs.dev.read.await[sda],1
2026-05-15T10:26:57+00:00,cnsm-mem-01,vfs.dev.read.await[sda],0
2026-05-15T10:27:57+00:00,cnsm-mem-01,vfs.dev.read.await[sda],0
2026-05-15T10:28:57+00:00,cnsm-mem-01,vfs.dev.read.await[sda],0
2026-05-15T10:29:57+00:00,cnsm-mem-01,vfs.dev.read.await[sda],0
2026-05-15T10:30:57+00:00,cnsm-mem-01,vfs.dev.read.await[sda],0
2026-05-15T10:31:57+00:00,cnsm-mem-01,vfs.dev.read.await[sda],0
2026-05-15T10:32:57+00:00,cnsm-mem-01,vfs.dev.read.await[sda],0
2026-05-15T10:33:57+00:00,cnsm-mem-01,vfs.dev.read.await[sda],0
2026-05-15T10:34:57+00:00,cnsm-mem-01,vfs.dev.read.await[sda],0
2026-05-15T10:35:57+00:00,cnsm-mem-01,vfs.dev.read.await[sda],0
2026-05-15T10:36:57+00:00,cnsm-mem-01,vfs.dev.read.await[sda],0
2026-05-15T10:37:57+00:00,cnsm-mem-01,vfs.dev.read.await[sda],0
2026-05-15T10:38:57+00:00,cnsm-mem-01,vfs.dev.read.await[sda],0
2026-05-15T10:39:57+00:00,cnsm-mem-01,vfs.dev.read.await[sda],0
2026-05-15T10:40:57+00:00,cnsm-mem-01,vfs.dev.read.await[sda],0
2026-05-15T10:41:57+00:00,cnsm-mem-01,vfs.dev.read.await[sda],0
2026-05-15T10:42:57+00:00,cnsm-mem-01,vfs.dev.read.await[sda],0
2026-05-15T10:43:57+00:00,cnsm-mem-01,vfs.dev.read.await[sda],0
2026-05-15T10:44:57+00:00,cnsm-mem-01,vfs.dev.read.await[sda],0
2026-05-15T10:45:57+00:00,cnsm-mem-01,vfs.dev.read.await[sda],0
2026-05-15T10:46:57+00:00,cnsm-mem-01,vfs.dev.read.await[sda],0
2026-05-15T10:47:57+00:00,cnsm-mem-01,vfs.dev.read.await[sda],0
2026-05-15T10:48:57+00:00,cnsm-mem-01,vfs.dev.read.await[sda],0
2026-05-15T10:49:57+00:00,cnsm-mem-01,vfs.dev.read.await[sda],0
2026-05-15T10:50:57+00:00,cnsm-mem-01,vfs.dev.read.await[sda],0
2026-05-15T10:51:57+00:00,cnsm-mem-01,vfs.dev.read.await[sda],0
2026-05-15T10:52:57+00:00,cnsm-mem-01,vfs.dev.read.await[sda],0
2026-05-15T10:53:57+00:00,cnsm-mem-01,vfs.dev.read.await[sda],0
2026-05-15T10:54:57+00:00,cnsm-mem-01,vfs.dev.read.await[sda],0
2026-05-15T10:55:57+00:00,cnsm-mem-01,vfs.dev.read.await[sda],0
2026-05-15T10:56:57+00:00,cnsm-mem-01,vfs.dev.read.await[sda],0
2026-05-15T10:57:57+00:00,cnsm-mem-01,vfs.dev.read.await[sda],0
2026-05-15T10:58:57+00:00,cnsm-mem-01,vfs.dev.read.await[sda],0
2026-05-15T10:59:57+00:00,cnsm-mem-01,vfs.dev.read.await[sda],0
2026-05-15T11:00:57+00:00,cnsm-mem-01,vfs.dev.read.await[sda],0
2026-05-15T11:01:57+00:00,cnsm-mem-01,vfs.dev.read.await[sda],0
2026-05-15T11:02:57+00:00,cnsm-mem-01,vfs.dev.read.await[sda],0
2026-05-15T11:03:57+00:00,cnsm-mem-01,vfs.dev.read.await[sda],0
2026-05-15T11:04:57+00:00,cnsm-mem-01,vfs.dev.read.await[sda],0
2026-05-15T11:05:57+00:00,cnsm-mem-01,vfs.dev.read.await[sda],0
2026-05-15T11:06:57+00:00,cnsm-mem-01,vfs.dev.read.await[sda],0
2026-05-15T11:07:57+00:00,cnsm-mem-01,vfs.dev.read.await[sda],0
2026-05-15T11:08:57+00:00,cnsm-mem-01,vfs.dev.read.await[sda],0
2026-05-15T09:52:59+00:00,cnsm-mem-01,vfs.dev.read.time.rate[sda],0
2026-05-15T09:53:59+00:00,cnsm-mem-01,vfs.dev.read.time.rate[sda],0
2026-05-15T09:54:59+00:00,cnsm-mem-01,vfs.dev.read.time.rate[sda],0
2026-05-15T09:55:59+00:00,cnsm-mem-01,vfs.dev.read.time.rate[sda],0
2026-05-15T09:56:59+00:00,cnsm-mem-01,vfs.dev.read.time.rate[sda],0
2026-05-15T09:57:59+00:00,cnsm-mem-01,vfs.dev.read.time.rate[sda],0
2026-05-15T09:58:59+00:00,cnsm-mem-01,vfs.dev.read.time.rate[sda],0
2026-05-15T09:59:59+00:00,cnsm-mem-01,vfs.dev.read.time.rate[sda],0
2026-05-15T10:00:59+00:00,cnsm-mem-01,vfs.dev.read.time.rate[sda],0
2026-05-15T10:01:59+00:00,cnsm-mem-01,vfs.dev.read.time.rate[sda],0
2026-05-15T10:02:59+00:00,cnsm-mem-01,vfs.dev.read.time.rate[sda],0
2026-05-15T10:03:59+00:00,cnsm-mem-01,vfs.dev.read.time.rate[sda],0
2026-05-15T10:04:59+00:00,cnsm-mem-01,vfs.dev.read.time.rate[sda],0
2026-05-15T10:05:59+00:00,cnsm-mem-01,vfs.dev.read.time.rate[sda],0
2026-05-15T10:06:59+00:00,cnsm-mem-01,vfs.dev.read.time.rate[sda],0
2026-05-15T10:07:59+00:00,cnsm-mem-01,vfs.dev.read.time.rate[sda],0
2026-05-15T10:08:59+00:00,cnsm-mem-01,vfs.dev.read.time.rate[sda],0
2026-05-15T10:09:59+00:00,cnsm-mem-01,vfs.dev.read.time.rate[sda],0
2026-05-15T10:10:59+00:00,cnsm-mem-01,vfs.dev.read.time.rate[sda],0
2026-05-15T10:11:59+00:00,cnsm-mem-01,vfs.dev.read.time.rate[sda],0
2026-05-15T10:12:59+00:00,cnsm-mem-01,vfs.dev.read.time.rate[sda],0
2026-05-15T10:13:59+00:00,cnsm-mem-01,vfs.dev.read.time.rate[sda],0
2026-05-15T10:14:59+00:00,cnsm-mem-01,vfs.dev.read.time.rate[sda],0
2026-05-15T10:15:59+00:00,cnsm-mem-01,vfs.dev.read.time.rate[sda],0
2026-05-15T10:16:59+00:00,cnsm-mem-01,vfs.dev.read.time.rate[sda],0
2026-05-15T10:17:59+00:00,cnsm-mem-01,vfs.dev.read.time.rate[sda],0
2026-05-15T10:18:59+00:00,cnsm-mem-01,vfs.dev.read.time.rate[sda],0
2026-05-15T10:19:59+00:00,cnsm-mem-01,vfs.dev.read.time.rate[sda],0
2026-05-15T10:20:59+00:00,cnsm-mem-01,vfs.dev.read.time.rate[sda],0
2026-05-15T10:21:59+00:00,cnsm-mem-01,vfs.dev.read.time.rate[sda],0
2026-05-15T10:22:59+00:00,cnsm-mem-01,vfs.dev.read.time.rate[sda],0
2026-05-15T10:23:59+00:00,cnsm-mem-01,vfs.dev.read.time.rate[sda],0
2026-05-15T10:24:59+00:00,cnsm-mem-01,vfs.dev.read.time.rate[sda],1.6666556014067977e-05
2026-05-15T10:25:59+00:00,cnsm-mem-01,vfs.dev.read.time.rate[sda],0
2026-05-15T10:26:59+00:00,cnsm-mem-01,vfs.dev.read.time.rate[sda],0
2026-05-15T10:27:59+00:00,cnsm-mem-01,vfs.dev.read.time.rate[sda],0
2026-05-15T10:28:59+00:00,cnsm-mem-01,vfs.dev.read.time.rate[sda],0
2026-05-15T10:29:59+00:00,cnsm-mem-01,vfs.dev.read.time.rate[sda],0
2026-05-15T10:30:59+00:00,cnsm-mem-01,vfs.dev.read.time.rate[sda],0
2026-05-15T10:31:59+00:00,cnsm-mem-01,vfs.dev.read.time.rate[sda],0
2026-05-15T10:32:59+00:00,cnsm-mem-01,vfs.dev.read.time.rate[sda],0
2026-05-15T10:33:59+00:00,cnsm-mem-01,vfs.dev.read.time.rate[sda],0
2026-05-15T10:34:59+00:00,cnsm-mem-01,vfs.dev.read.time.rate[sda],0
2026-05-15T10:35:59+00:00,cnsm-mem-01,vfs.dev.read.time.rate[sda],0
2026-05-15T10:36:59+00:00,cnsm-mem-01,vfs.dev.read.time.rate[sda],0
2026-05-15T10:37:59+00:00,cnsm-mem-01,vfs.dev.read.time.rate[sda],0
2026-05-15T10:38:59+00:00,cnsm-mem-01,vfs.dev.read.time.rate[sda],0
2026-05-15T10:39:59+00:00,cnsm-mem-01,vfs.dev.read.time.rate[sda],0
2026-05-15T10:40:59+00:00,cnsm-mem-01,vfs.dev.read.time.rate[sda],0
2026-05-15T10:41:59+00:00,cnsm-mem-01,vfs.dev.read.time.rate[sda],0
2026-05-15T10:42:59+00:00,cnsm-mem-01,vfs.dev.read.time.rate[sda],0
2026-05-15T10:43:59+00:00,cnsm-mem-01,vfs.dev.read.time.rate[sda],0
2026-05-15T10:44:59+00:00,cnsm-mem-01,vfs.dev.read.time.rate[sda],0
2026-05-15T10:45:59+00:00,cnsm-mem-01,vfs.dev.read.time.rate[sda],0
2026-05-15T10:46:59+00:00,cnsm-mem-01,vfs.dev.read.time.rate[sda],0
2026-05-15T10:47:59+00:00,cnsm-mem-01,vfs.dev.read.time.rate[sda],0
2026-05-15T10:48:59+00:00,cnsm-mem-01,vfs.dev.read.time.rate[sda],0
2026-05-15T10:49:59+00:00,cnsm-mem-01,vfs.dev.read.time.rate[sda],0
2026-05-15T10:50:59+00:00,cnsm-mem-01,vfs.dev.read.time.rate[sda],0
2026-05-15T10:51:59+00:00,cnsm-mem-01,vfs.dev.read.time.rate[sda],0
2026-05-15T10:52:59+00:00,cnsm-mem-01,vfs.dev.read.time.rate[sda],0
2026-05-15T10:53:59+00:00,cnsm-mem-01,vfs.dev.read.time.rate[sda],0
2026-05-15T10:54:59+00:00,cnsm-mem-01,vfs.dev.read.time.rate[sda],0
2026-05-15T10:55:59+00:00,cnsm-mem-01,vfs.dev.read.time.rate[sda],0
2026-05-15T10:56:59+00:00,cnsm-mem-01,vfs.dev.read.time.rate[sda],0
2026-05-15T10:57:59+00:00,cnsm-mem-01,vfs.dev.read.time.rate[sda],0
2026-05-15T10:58:59+00:00,cnsm-mem-01,vfs.dev.read.time.rate[sda],0
2026-05-15T10:59:59+00:00,cnsm-mem-01,vfs.dev.read.time.rate[sda],0
2026-05-15T11:00:59+00:00,cnsm-mem-01,vfs.dev.read.time.rate[sda],0
2026-05-15T11:01:59+00:00,cnsm-mem-01,vfs.dev.read.time.rate[sda],0
2026-05-15T11:02:59+00:00,cnsm-mem-01,vfs.dev.read.time.rate[sda],0
2026-05-15T11:03:59+00:00,cnsm-mem-01,vfs.dev.read.time.rate[sda],0
2026-05-15T11:04:59+00:00,cnsm-mem-01,vfs.dev.read.time.rate[sda],0
2026-05-15T11:05:59+00:00,cnsm-mem-01,vfs.dev.read.time.rate[sda],0
2026-05-15T11:06:59+00:00,cnsm-mem-01,vfs.dev.read.time.rate[sda],0
2026-05-15T11:07:59+00:00,cnsm-mem-01,vfs.dev.read.time.rate[sda],0
2026-05-15T11:08:59+00:00,cnsm-mem-01,vfs.dev.read.time.rate[sda],0
2026-05-15T09:52:59+00:00,cnsm-mem-01,vfs.dev.util[sda],0.06833336793165641
2026-05-15T09:53:59+00:00,cnsm-mem-01,vfs.dev.util[sda],0.08166760848202798
2026-05-15T09:54:59+00:00,cnsm-mem-01,vfs.dev.util[sda],0.06666591661843868
2026-05-15T09:55:59+00:00,cnsm-mem-01,vfs.dev.util[sda],0.07000076720957531
2026-05-15T09:56:59+00:00,cnsm-mem-01,vfs.dev.util[sda],0.08166687737809922
2026-05-15T09:57:59+00:00,cnsm-mem-01,vfs.dev.util[sda],0.06499951215482812
2026-05-15T09:58:59+00:00,cnsm-mem-01,vfs.dev.util[sda],0.07833356906645941
2026-05-15T09:59:59+00:00,cnsm-mem-01,vfs.dev.util[sda],0.06166710317622871
2026-05-15T10:00:59+00:00,cnsm-mem-01,vfs.dev.util[sda],0.0966648740278554
2026-05-15T10:01:59+00:00,cnsm-mem-01,vfs.dev.util[sda],0.08166750387563815
2026-05-15T10:02:59+00:00,cnsm-mem-01,vfs.dev.util[sda],0.08500074983553135
2026-05-15T10:03:59+00:00,cnsm-mem-01,vfs.dev.util[sda],0.0833306837648008
2026-05-15T10:04:59+00:00,cnsm-mem-01,vfs.dev.util[sda],0.06833456126098174
2026-05-15T10:05:59+00:00,cnsm-mem-01,vfs.dev.util[sda],0.14165386289980306
2026-05-15T10:06:59+00:00,cnsm-mem-01,vfs.dev.util[sda],0.08167515490823955
2026-05-15T10:07:59+00:00,cnsm-mem-01,vfs.dev.util[sda],0.08333280536862277
2026-05-15T10:08:59+00:00,cnsm-mem-01,vfs.dev.util[sda],0.06166652210492222
2026-05-15T10:09:59+00:00,cnsm-mem-01,vfs.dev.util[sda],0.08833383007273783
2026-05-15T10:10:59+00:00,cnsm-mem-01,vfs.dev.util[sda],0.09166668811208835
2026-05-15T10:11:59+00:00,cnsm-mem-01,vfs.dev.util[sda],0.08333296372941708
2026-05-15T10:12:59+00:00,cnsm-mem-01,vfs.dev.util[sda],0.08000006381205091
2026-05-15T10:13:59+00:00,cnsm-mem-01,vfs.dev.util[sda],0.07333297944181892
2026-05-15T10:14:59+00:00,cnsm-mem-01,vfs.dev.util[sda],0.07666735090360666
2026-05-15T10:15:59+00:00,cnsm-mem-01,vfs.dev.util[sda],0.0749989467910402
2026-05-15T10:16:59+00:00,cnsm-mem-01,vfs.dev.util[sda],0.0833341174073772
2026-05-15T10:17:59+00:00,cnsm-mem-01,vfs.dev.util[sda],0.09333280530765395
2026-05-15T10:18:59+00:00,cnsm-mem-01,vfs.dev.util[sda],0.07166691758329517
2026-05-15T10:19:59+00:00,cnsm-mem-01,vfs.dev.util[sda],0.0883339981482535
2026-05-15T10:20:59+00:00,cnsm-mem-01,vfs.dev.util[sda],0.09333218880692415
2026-05-15T10:21:59+00:00,cnsm-mem-01,vfs.dev.util[sda],0.0933331287175597
2026-05-15T10:22:59+00:00,cnsm-mem-01,vfs.dev.util[sda],45.6734132176555
2026-05-15T10:23:59+00:00,cnsm-mem-01,vfs.dev.util[sda],48.071766363504125
2026-05-15T10:24:59+00:00,cnsm-mem-01,vfs.dev.util[sda],48.603010648225045
2026-05-15T10:25:59+00:00,cnsm-mem-01,vfs.dev.util[sda],47.60867774244291
2026-05-15T10:26:59+00:00,cnsm-mem-01,vfs.dev.util[sda],48.1584781803908
2026-05-15T10:27:59+00:00,cnsm-mem-01,vfs.dev.util[sda],47.700127757637176
2026-05-15T10:28:59+00:00,cnsm-mem-01,vfs.dev.util[sda],48.56524660137151
2026-05-15T10:29:59+00:00,cnsm-mem-01,vfs.dev.util[sda],48.62352314476525
2026-05-15T10:30:59+00:00,cnsm-mem-01,vfs.dev.util[sda],48.68609162007186
2026-05-15T10:31:59+00:00,cnsm-mem-01,vfs.dev.util[sda],48.85849239215531
2026-05-15T10:32:59+00:00,cnsm-mem-01,vfs.dev.util[sda],48.86009009230579
2026-05-15T10:33:59+00:00,cnsm-mem-01,vfs.dev.util[sda],48.467509432524906
2026-05-15T10:34:59+00:00,cnsm-mem-01,vfs.dev.util[sda],48.447100374798644
2026-05-15T10:35:59+00:00,cnsm-mem-01,vfs.dev.util[sda],49.069627554984244
2026-05-15T10:36:59+00:00,cnsm-mem-01,vfs.dev.util[sda],48.88404027395543
2026-05-15T10:37:59+00:00,cnsm-mem-01,vfs.dev.util[sda],48.88933818950623
2026-05-15T10:38:59+00:00,cnsm-mem-01,vfs.dev.util[sda],48.340375561839835
2026-05-15T10:39:59+00:00,cnsm-mem-01,vfs.dev.util[sda],3.3166876215543377
2026-05-15T10:40:59+00:00,cnsm-mem-01,vfs.dev.util[sda],0.04499967580283566
2026-05-15T10:41:59+00:00,cnsm-mem-01,vfs.dev.util[sda],0.045000452392547935
2026-05-15T10:42:59+00:00,cnsm-mem-01,vfs.dev.util[sda],0.038333202932082484
2026-05-15T10:43:59+00:00,cnsm-mem-01,vfs.dev.util[sda],0.04333302951896342
2026-05-15T10:44:59+00:00,cnsm-mem-01,vfs.dev.util[sda],0.04333356168603668
2026-05-15T10:45:59+00:00,cnsm-mem-01,vfs.dev.util[sda],0.0316664166212522
2026-05-15T10:46:59+00:00,cnsm-mem-01,vfs.dev.util[sda],0.053333534397202446
2026-05-15T10:47:59+00:00,cnsm-mem-01,vfs.dev.util[sda],0.026666545609882887
2026-05-15T10:48:59+00:00,cnsm-mem-01,vfs.dev.util[sda],0.03833278181085184
2026-05-15T10:49:59+00:00,cnsm-mem-01,vfs.dev.util[sda],0.07833322743594873
2026-05-15T10:50:59+00:00,cnsm-mem-01,vfs.dev.util[sda],0.04666724314478787
2026-05-15T10:51:59+00:00,cnsm-mem-01,vfs.dev.util[sda],0.05000072027787586
2026-05-15T10:52:59+00:00,cnsm-mem-01,vfs.dev.util[sda],0.03999991953616186
2026-05-15T10:53:59+00:00,cnsm-mem-01,vfs.dev.util[sda],0.033333033991021534
2026-05-15T10:54:59+00:00,cnsm-mem-01,vfs.dev.util[sda],0.046666923585969994
2026-05-15T10:55:59+00:00,cnsm-mem-01,vfs.dev.util[sda],0.03499981283733419
2026-05-15T10:56:59+00:00,cnsm-mem-01,vfs.dev.util[sda],0.060000655599163434
2026-05-15T10:57:59+00:00,cnsm-mem-01,vfs.dev.util[sda],0.029999385912070388
2026-05-15T10:58:59+00:00,cnsm-mem-01,vfs.dev.util[sda],0.05166595103038466
2026-05-15T10:59:59+00:00,cnsm-mem-01,vfs.dev.util[sda],0.04500170345473107
2026-05-15T11:00:59+00:00,cnsm-mem-01,vfs.dev.util[sda],0.03666632569428193
2026-05-15T11:01:59+00:00,cnsm-mem-01,vfs.dev.util[sda],0.04500010907201438
2026-05-15T11:02:59+00:00,cnsm-mem-01,vfs.dev.util[sda],0.03500013658511635
2026-05-15T11:03:59+00:00,cnsm-mem-01,vfs.dev.util[sda],0.03999972735519172
2026-05-15T11:04:59+00:00,cnsm-mem-01,vfs.dev.util[sda],0.12000093203523904
2026-05-15T11:05:59+00:00,cnsm-mem-01,vfs.dev.util[sda],0.05166571658494329
2026-05-15T11:06:59+00:00,cnsm-mem-01,vfs.dev.util[sda],0.03166684496419834
2026-05-15T11:07:59+00:00,cnsm-mem-01,vfs.dev.util[sda],0.03833351820950274
2026-05-15T11:08:59+00:00,cnsm-mem-01,vfs.dev.util[sda],0.043333680761118834
2026-05-15T09:52:59+00:00,cnsm-mem-01,vfs.dev.write.rate[sda],12.383339603224563
2026-05-15T09:53:59+00:00,cnsm-mem-01,vfs.dev.write.rate[sda],13.466821970097673
2026-05-15T09:54:59+00:00,cnsm-mem-01,vfs.dev.write.rate[sda],10.916543846269333
2026-05-15T09:55:59+00:00,cnsm-mem-01,vfs.dev.write.rate[sda],12.616804947059167
2026-05-15T09:56:59+00:00,cnsm-mem-01,vfs.dev.write.rate[sda],14.300036896001863
2026-05-15T09:57:59+00:00,cnsm-mem-01,vfs.dev.write.rate[sda],11.399914439462163
2026-05-15T09:58:59+00:00,cnsm-mem-01,vfs.dev.write.rate[sda],14.083375715140042
2026-05-15T09:59:59+00:00,cnsm-mem-01,vfs.dev.write.rate[sda],11.583415326345664
2026-05-15T10:00:59+00:00,cnsm-mem-01,vfs.dev.write.rate[sda],14.583062892133356
2026-05-15T10:01:59+00:00,cnsm-mem-01,vfs.dev.write.rate[sda],13.933476171435407
2026-05-15T10:02:59+00:00,cnsm-mem-01,vfs.dev.write.rate[sda],14.23345889402819
2026-05-15T10:03:59+00:00,cnsm-mem-01,vfs.dev.write.rate[sda],12.6329316587438
2026-05-15T10:04:59+00:00,cnsm-mem-01,vfs.dev.write.rate[sda],13.55024348906784
2026-05-15T10:05:59+00:00,cnsm-mem-01,vfs.dev.write.rate[sda],13.682096640086858
2026-05-15T10:06:59+00:00,cnsm-mem-01,vfs.dev.write.rate[sda],14.35149150530495
2026-05-15T10:07:59+00:00,cnsm-mem-01,vfs.dev.write.rate[sda],14.116577229444696
2026-05-15T10:08:59+00:00,cnsm-mem-01,vfs.dev.write.rate[sda],12.916636386841816
2026-05-15T10:09:59+00:00,cnsm-mem-01,vfs.dev.write.rate[sda],13.116740427782013
2026-05-15T10:10:59+00:00,cnsm-mem-01,vfs.dev.write.rate[sda],13.35000312323323
2026-05-15T10:11:59+00:00,cnsm-mem-01,vfs.dev.write.rate[sda],14.066604277525602
2026-05-15T10:12:59+00:00,cnsm-mem-01,vfs.dev.write.rate[sda],12.95001032957574
2026-05-15T10:13:59+00:00,cnsm-mem-01,vfs.dev.write.rate[sda],14.549929784706345
2026-05-15T10:14:59+00:00,cnsm-mem-01,vfs.dev.write.rate[sda],12.583445637439786
2026-05-15T10:15:59+00:00,cnsm-mem-01,vfs.dev.write.rate[sda],12.9998174437803
2026-05-15T10:16:59+00:00,cnsm-mem-01,vfs.dev.write.rate[sda],14.750138781105763
2026-05-15T10:17:59+00:00,cnsm-mem-01,vfs.dev.write.rate[sda],14.633250546450029
2026-05-15T10:18:59+00:00,cnsm-mem-01,vfs.dev.write.rate[sda],13.016712240128726
2026-05-15T10:19:59+00:00,cnsm-mem-01,vfs.dev.write.rate[sda],13.566768772203462
2026-05-15T10:20:59+00:00,cnsm-mem-01,vfs.dev.write.rate[sda],15.649808087446745
2026-05-15T10:21:59+00:00,cnsm-mem-01,vfs.dev.write.rate[sda],12.249973144179709
2026-05-15T10:22:59+00:00,cnsm-mem-01,vfs.dev.write.rate[sda],4397.6243582582565
2026-05-15T10:23:59+00:00,cnsm-mem-01,vfs.dev.write.rate[sda],4972.043644937516
2026-05-15T10:24:59+00:00,cnsm-mem-01,vfs.dev.write.rate[sda],4659.81906252928
2026-05-15T10:25:59+00:00,cnsm-mem-01,vfs.dev.write.rate[sda],4488.732472238827
2026-05-15T10:26:59+00:00,cnsm-mem-01,vfs.dev.write.rate[sda],4810.831136283656
2026-05-15T10:27:59+00:00,cnsm-mem-01,vfs.dev.write.rate[sda],5239.764033922
2026-05-15T10:28:59+00:00,cnsm-mem-01,vfs.dev.write.rate[sda],5519.544693442741
2026-05-15T10:29:59+00:00,cnsm-mem-01,vfs.dev.write.rate[sda],4640.825709629835
2026-05-15T10:30:59+00:00,cnsm-mem-01,vfs.dev.write.rate[sda],4967.4113773109375
2026-05-15T10:31:59+00:00,cnsm-mem-01,vfs.dev.write.rate[sda],4919.132680903109
2026-05-15T10:32:59+00:00,cnsm-mem-01,vfs.dev.write.rate[sda],5041.959296784715
2026-05-15T10:33:59+00:00,cnsm-mem-01,vfs.dev.write.rate[sda],5235.5776669073875
2026-05-15T10:34:59+00:00,cnsm-mem-01,vfs.dev.write.rate[sda],5193.813162720862
2026-05-15T10:35:59+00:00,cnsm-mem-01,vfs.dev.write.rate[sda],4590.998487042683
2026-05-15T10:36:59+00:00,cnsm-mem-01,vfs.dev.write.rate[sda],4963.955119983963
2026-05-15T10:37:59+00:00,cnsm-mem-01,vfs.dev.write.rate[sda],4435.170899594244
2026-05-15T10:38:59+00:00,cnsm-mem-01,vfs.dev.write.rate[sda],4766.13234618504
2026-05-15T10:39:59+00:00,cnsm-mem-01,vfs.dev.write.rate[sda],418.93598017783836
2026-05-15T10:40:59+00:00,cnsm-mem-01,vfs.dev.write.rate[sda],5.833291307774993
2026-05-15T10:41:59+00:00,cnsm-mem-01,vfs.dev.write.rate[sda],5.76672463993392
2026-05-15T10:42:59+00:00,cnsm-mem-01,vfs.dev.write.rate[sda],4.983316381170723
2026-05-15T10:43:59+00:00,cnsm-mem-01,vfs.dev.write.rate[sda],4.766633247085976
2026-05-15T10:44:59+00:00,cnsm-mem-01,vfs.dev.write.rate[sda],6.516701007400131
2026-05-15T10:45:59+00:00,cnsm-mem-01,vfs.dev.write.rate[sda],3.7999699945502634
2026-05-15T10:46:59+00:00,cnsm-mem-01,vfs.dev.write.rate[sda],6.683358529149431
2026-05-15T10:47:59+00:00,cnsm-mem-01,vfs.dev.write.rate[sda],4.049981614500964
2026-05-15T10:48:59+00:00,cnsm-mem-01,vfs.dev.write.rate[sda],7.833220630913201
2026-05-15T10:49:59+00:00,cnsm-mem-01,vfs.dev.write.rate[sda],5.38332605570456
2026-05-15T10:50:59+00:00,cnsm-mem-01,vfs.dev.write.rate[sda],7.43342515806264
2026-05-15T10:51:59+00:00,cnsm-mem-01,vfs.dev.write.rate[sda],5.5500799508442205
2026-05-15T10:52:59+00:00,cnsm-mem-01,vfs.dev.write.rate[sda],5.883321498443807
2026-05-15T10:53:59+00:00,cnsm-mem-01,vfs.dev.write.rate[sda],4.633291724751993
2026-05-15T10:54:59+00:00,cnsm-mem-01,vfs.dev.write.rate[sda],7.066705571589742
2026-05-15T10:55:59+00:00,cnsm-mem-01,vfs.dev.write.rate[sda],6.1333005353042775
2026-05-15T10:56:59+00:00,cnsm-mem-01,vfs.dev.write.rate[sda],7.766751530336155
2026-05-15T10:57:59+00:00,cnsm-mem-01,vfs.dev.write.rate[sda],4.249913004209971
2026-05-15T10:58:59+00:00,cnsm-mem-01,vfs.dev.write.rate[sda],7.64989403966018
2026-05-15T10:59:59+00:00,cnsm-mem-01,vfs.dev.write.rate[sda],5.016856570323723
2026-05-15T11:00:59+00:00,cnsm-mem-01,vfs.dev.write.rate[sda],5.133285597199469
2026-05-15T11:01:59+00:00,cnsm-mem-01,vfs.dev.write.rate[sda],6.883350017311828
2026-05-15T11:02:59+00:00,cnsm-mem-01,vfs.dev.write.rate[sda],4.866685658501892
2026-05-15T11:03:59+00:00,cnsm-mem-01,vfs.dev.write.rate[sda],6.1999577400547174
2026-05-15T11:04:59+00:00,cnsm-mem-01,vfs.dev.write.rate[sda],4.100031844537333
2026-05-15T11:05:59+00:00,cnsm-mem-01,vfs.dev.write.rate[sda],7.149868520948604
2026-05-15T11:06:59+00:00,cnsm-mem-01,vfs.dev.write.rate[sda],3.2666850594646704
2026-05-15T11:07:59+00:00,cnsm-mem-01,vfs.dev.write.rate[sda],6.150029660568047
2026-05-15T11:08:59+00:00,cnsm-mem-01,vfs.dev.write.rate[sda],6.400051312411397
2026-05-15T09:52:58+00:00,cnsm-mem-01,vfs.dev.write.await[sda],0.5370595382746051
2026-05-15T09:53:58+00:00,cnsm-mem-01,vfs.dev.write.await[sda],0.5127860026917901
2026-05-15T09:54:58+00:00,cnsm-mem-01,vfs.dev.write.await[sda],0.6732673267326733
2026-05-15T09:55:58+00:00,cnsm-mem-01,vfs.dev.write.await[sda],0.4885496183206108
2026-05-15T09:56:58+00:00,cnsm-mem-01,vfs.dev.write.await[sda],0.5099075297225891
2026-05-15T09:57:58+00:00,cnsm-mem-01,vfs.dev.write.await[sda],0.47552447552447547
2026-05-15T09:58:58+00:00,cnsm-mem-01,vfs.dev.write.await[sda],0.5248538011695907
2026-05-15T09:59:58+00:00,cnsm-mem-01,vfs.dev.write.await[sda],0.5502958579881657
2026-05-15T10:00:58+00:00,cnsm-mem-01,vfs.dev.write.await[sda],0.5021582733812949
2026-05-15T10:01:58+00:00,cnsm-mem-01,vfs.dev.write.await[sda],0.5359999999999999
2026-05-15T10:02:58+00:00,cnsm-mem-01,vfs.dev.write.await[sda],0.5131578947368421
2026-05-15T10:03:58+00:00,cnsm-mem-01,vfs.dev.write.await[sda],0.4543325526932085
2026-05-15T10:04:58+00:00,cnsm-mem-01,vfs.dev.write.await[sda],0.5976253298153034
2026-05-15T10:05:58+00:00,cnsm-mem-01,vfs.dev.write.await[sda],0.5325953259532595
2026-05-15T10:06:58+00:00,cnsm-mem-01,vfs.dev.write.await[sda],0.53836784409257
2026-05-15T10:07:58+00:00,cnsm-mem-01,vfs.dev.write.await[sda],0.6144018583042972
2026-05-15T10:08:58+00:00,cnsm-mem-01,vfs.dev.write.await[sda],0.49232585596221956
2026-05-15T10:09:58+00:00,cnsm-mem-01,vfs.dev.write.await[sda],0.6606451612903227
2026-05-15T10:10:58+00:00,cnsm-mem-01,vfs.dev.write.await[sda],0.5972045743329097
2026-05-15T10:11:58+00:00,cnsm-mem-01,vfs.dev.write.await[sda],0.5530586766541823
2026-05-15T10:12:58+00:00,cnsm-mem-01,vfs.dev.write.await[sda],0.6208530805687204
2026-05-15T10:13:58+00:00,cnsm-mem-01,vfs.dev.write.await[sda],0.5070785070785071
2026-05-15T10:14:58+00:00,cnsm-mem-01,vfs.dev.write.await[sda],0.47880870561282934
2026-05-15T10:15:58+00:00,cnsm-mem-01,vfs.dev.write.await[sda],0.5218543046357615
2026-05-15T10:16:58+00:00,cnsm-mem-01,vfs.dev.write.await[sda],0.5538461538461539
2026-05-15T10:17:58+00:00,cnsm-mem-01,vfs.dev.write.await[sda],0.7423728813559323
2026-05-15T10:18:58+00:00,cnsm-mem-01,vfs.dev.write.await[sda],0.5239179954441913
2026-05-15T10:19:58+00:00,cnsm-mem-01,vfs.dev.write.await[sda],0.4865556978233035
2026-05-15T10:20:58+00:00,cnsm-mem-01,vfs.dev.write.await[sda],0.5098280098280098
2026-05-15T10:21:58+00:00,cnsm-mem-01,vfs.dev.write.await[sda],0.5623003194888179
2026-05-15T10:22:58+00:00,cnsm-mem-01,vfs.dev.write.await[sda],0.5687074829931973
2026-05-15T10:23:58+00:00,cnsm-mem-01,vfs.dev.write.await[sda],1.3123813277646605
2026-05-15T10:24:58+00:00,cnsm-mem-01,vfs.dev.write.await[sda],1.2722259840038617
2026-05-15T10:25:58+00:00,cnsm-mem-01,vfs.dev.write.await[sda],1.3567139142533202
2026-05-15T10:26:58+00:00,cnsm-mem-01,vfs.dev.write.await[sda],1.3693534133862069
2026-05-15T10:27:58+00:00,cnsm-mem-01,vfs.dev.write.await[sda],1.346029260451275
2026-05-15T10:28:58+00:00,cnsm-mem-01,vfs.dev.write.await[sda],1.2775291442021726
2026-05-15T10:29:58+00:00,cnsm-mem-01,vfs.dev.write.await[sda],1.2501698518288133
2026-05-15T10:30:58+00:00,cnsm-mem-01,vfs.dev.write.await[sda],1.375431842504076
2026-05-15T10:31:58+00:00,cnsm-mem-01,vfs.dev.write.await[sda],1.2122111945456622
2026-05-15T10:32:58+00:00,cnsm-mem-01,vfs.dev.write.await[sda],1.3883827380932214
2026-05-15T10:33:58+00:00,cnsm-mem-01,vfs.dev.write.await[sda],1.3318226744282138
2026-05-15T10:34:58+00:00,cnsm-mem-01,vfs.dev.write.await[sda],1.3051824027503662
2026-05-15T10:35:58+00:00,cnsm-mem-01,vfs.dev.write.await[sda],1.2922894752042513
2026-05-15T10:36:58+00:00,cnsm-mem-01,vfs.dev.write.await[sda],1.3909141732797992
2026-05-15T10:37:58+00:00,cnsm-mem-01,vfs.dev.write.await[sda],1.2803349528091248
2026-05-15T10:38:58+00:00,cnsm-mem-01,vfs.dev.write.await[sda],1.506786106142816
2026-05-15T10:39:58+00:00,cnsm-mem-01,vfs.dev.write.await[sda],1.2841830275646449
2026-05-15T10:40:58+00:00,cnsm-mem-01,vfs.dev.write.await[sda],1.188534373010821
2026-05-15T10:41:58+00:00,cnsm-mem-01,vfs.dev.write.await[sda],0.64
2026-05-15T10:42:58+00:00,cnsm-mem-01,vfs.dev.write.await[sda],0.5664739884393065
2026-05-15T10:43:58+00:00,cnsm-mem-01,vfs.dev.write.await[sda],0.5317725752508361
2026-05-15T10:44:58+00:00,cnsm-mem-01,vfs.dev.write.await[sda],2.0979020979020984
2026-05-15T10:45:58+00:00,cnsm-mem-01,vfs.dev.write.await[sda],0.5396419437340153
2026-05-15T10:46:58+00:00,cnsm-mem-01,vfs.dev.write.await[sda],0.7149122807017544
2026-05-15T10:47:58+00:00,cnsm-mem-01,vfs.dev.write.await[sda],0.6084788029925188
2026-05-15T10:48:58+00:00,cnsm-mem-01,vfs.dev.write.await[sda],0.5020576131687242
2026-05-15T10:49:58+00:00,cnsm-mem-01,vfs.dev.write.await[sda],0.5510638297872341
2026-05-15T10:50:58+00:00,cnsm-mem-01,vfs.dev.write.await[sda],0.6160990712074305
2026-05-15T10:51:58+00:00,cnsm-mem-01,vfs.dev.write.await[sda],0.5246636771300449
2026-05-15T10:52:58+00:00,cnsm-mem-01,vfs.dev.write.await[sda],0.6456456456456457
2026-05-15T10:53:58+00:00,cnsm-mem-01,vfs.dev.write.await[sda],0.5184135977337111
2026-05-15T10:54:58+00:00,cnsm-mem-01,vfs.dev.write.await[sda],0.46762589928057546
2026-05-15T10:55:58+00:00,cnsm-mem-01,vfs.dev.write.await[sda],0.5400943396226414
2026-05-15T10:56:58+00:00,cnsm-mem-01,vfs.dev.write.await[sda],0.5461956521739131
2026-05-15T10:57:58+00:00,cnsm-mem-01,vfs.dev.write.await[sda],0.6008583690987126
2026-05-15T10:58:58+00:00,cnsm-mem-01,vfs.dev.write.await[sda],0.5294117647058825
2026-05-15T10:59:58+00:00,cnsm-mem-01,vfs.dev.write.await[sda],0.5642701525054467
2026-05-15T11:00:58+00:00,cnsm-mem-01,vfs.dev.write.await[sda],0.5681063122923589
2026-05-15T11:01:58+00:00,cnsm-mem-01,vfs.dev.write.await[sda],0.5097402597402598
2026-05-15T11:02:58+00:00,cnsm-mem-01,vfs.dev.write.await[sda],0.5326876513317191
2026-05-15T11:03:58+00:00,cnsm-mem-01,vfs.dev.write.await[sda],0.5684931506849316
2026-05-15T11:04:58+00:00,cnsm-mem-01,vfs.dev.write.await[sda],0.5564516129032258
2026-05-15T11:05:58+00:00,cnsm-mem-01,vfs.dev.write.await[sda],1.7235772357723578
2026-05-15T11:06:58+00:00,cnsm-mem-01,vfs.dev.write.await[sda],0.5594405594405595
2026-05-15T11:07:58+00:00,cnsm-mem-01,vfs.dev.write.await[sda],0.6071428571428572
2026-05-15T11:08:58+00:00,cnsm-mem-01,vfs.dev.write.await[sda],0.5149051490514905
2026-05-15T09:52:59+00:00,cnsm-mem-01,vfs.dev.write.time.rate[sda],0.006350003215112462
2026-05-15T09:53:59+00:00,cnsm-mem-01,vfs.dev.write.time.rate[sda],0.009066771227392493
2026-05-15T09:54:59+00:00,cnsm-mem-01,vfs.dev.write.time.rate[sda],0.005333273329475094
2026-05-15T09:55:59+00:00,cnsm-mem-01,vfs.dev.write.time.rate[sda],0.006433403843546682
2026-05-15T09:56:59+00:00,cnsm-mem-01,vfs.dev.write.time.rate[sda],0.0068000175449519345
2026-05-15T09:57:59+00:00,cnsm-mem-01,vfs.dev.write.time.rate[sda],0.005983288426559819
2026-05-15T09:58:59+00:00,cnsm-mem-01,vfs.dev.write.time.rate[sda],0.0077500233225326854
2026-05-15T09:59:59+00:00,cnsm-mem-01,vfs.dev.write.time.rate[sda],0.005816707840136168
2026-05-15T10:00:59+00:00,cnsm-mem-01,vfs.dev.write.time.rate[sda],0.007816521710183478
2026-05-15T10:01:59+00:00,cnsm-mem-01,vfs.dev.write.time.rate[sda],0.007150073298499748
2026-05-15T10:02:59+00:00,cnsm-mem-01,vfs.dev.write.time.rate[sda],0.00646672371297768
2026-05-15T10:03:59+00:00,cnsm-mem-01,vfs.dev.write.time.rate[sda],0.007549759949090951
2026-05-15T10:04:59+00:00,cnsm-mem-01,vfs.dev.write.time.rate[sda],0.00721679634780612
2026-05-15T10:05:59+00:00,cnsm-mem-01,vfs.dev.write.time.rate[sda],0.007366000870789758
2026-05-15T10:06:59+00:00,cnsm-mem-01,vfs.dev.write.time.rate[sda],0.008817583050297697
2026-05-15T10:07:59+00:00,cnsm-mem-01,vfs.dev.write.time.rate[sda],0.006949955967743138
2026-05-15T10:08:59+00:00,cnsm-mem-01,vfs.dev.write.time.rate[sda],0.008533313329113562
2026-05-15T10:09:59+00:00,cnsm-mem-01,vfs.dev.write.time.rate[sda],0.007833377383808826
2026-05-15T10:10:59+00:00,cnsm-mem-01,vfs.dev.write.time.rate[sda],0.007383335060664571
2026-05-15T10:11:59+00:00,cnsm-mem-01,vfs.dev.write.time.rate[sda],0.008733294598842908
2026-05-15T10:12:59+00:00,cnsm-mem-01,vfs.dev.write.time.rate[sda],0.006566671904572512
2026-05-15T10:13:59+00:00,cnsm-mem-01,vfs.dev.write.time.rate[sda],0.006966633046972798
2026-05-15T10:14:59+00:00,cnsm-mem-01,vfs.dev.write.time.rate[sda],0.0065667252730480475
2026-05-15T10:15:59+00:00,cnsm-mem-01,vfs.dev.write.time.rate[sda],0.007199898891939859
2026-05-15T10:16:59+00:00,cnsm-mem-01,vfs.dev.write.time.rate[sda],0.010950103027329364
2026-05-15T10:17:59+00:00,cnsm-mem-01,vfs.dev.write.time.rate[sda],0.007666623293128717
2026-05-15T10:18:59+00:00,cnsm-mem-01,vfs.dev.write.time.rate[sda],0.006333355507360968
2026-05-15T10:19:59+00:00,cnsm-mem-01,vfs.dev.write.time.rate[sda],0.006916718722929283
2026-05-15T10:20:59+00:00,cnsm-mem-01,vfs.dev.write.time.rate[sda],0.00879989208750999
2026-05-15T10:21:59+00:00,cnsm-mem-01,vfs.dev.write.time.rate[sda],0.006966651393560706
2026-05-15T10:22:59+00:00,cnsm-mem-01,vfs.dev.write.time.rate[sda],5.771360094301183
2026-05-15T10:23:59+00:00,cnsm-mem-01,vfs.dev.write.time.rate[sda],6.325563118690778
2026-05-15T10:24:59+00:00,cnsm-mem-01,vfs.dev.write.time.rate[sda],6.322041360036336
2026-05-15T10:25:59+00:00,cnsm-mem-01,vfs.dev.write.time.rate[sda],6.146661132637744
2026-05-15T10:26:59+00:00,cnsm-mem-01,vfs.dev.write.time.rate[sda],6.475519476527855
2026-05-15T10:27:59+00:00,cnsm-mem-01,vfs.dev.write.time.rate[sda],6.693951262077696
2026-05-15T10:28:59+00:00,cnsm-mem-01,vfs.dev.write.time.rate[sda],6.900368371563825
2026-05-15T10:29:59+00:00,cnsm-mem-01,vfs.dev.write.time.rate[sda],6.383139456536449
2026-05-15T10:30:59+00:00,cnsm-mem-01,vfs.dev.write.time.rate[sda],6.021551679489804
2026-05-15T10:31:59+00:00,cnsm-mem-01,vfs.dev.write.time.rate[sda],6.829638900556107
2026-05-15T10:32:59+00:00,cnsm-mem-01,vfs.dev.write.time.rate[sda],6.714995715002016
2026-05-15T10:33:59+00:00,cnsm-mem-01,vfs.dev.write.time.rate[sda],6.833383839080341
2026-05-15T10:34:59+00:00,cnsm-mem-01,vfs.dev.write.time.rate[sda],6.711910086361475
2026-05-15T10:35:59+00:00,cnsm-mem-01,vfs.dev.write.time.rate[sda],6.385684865133783
2026-05-15T10:36:59+00:00,cnsm-mem-01,vfs.dev.write.time.rate[sda],6.355525244291281
2026-05-15T10:37:59+00:00,cnsm-mem-01,vfs.dev.write.time.rate[sda],6.682853889877541
2026-05-15T10:38:59+00:00,cnsm-mem-01,vfs.dev.write.time.rate[sda],6.120586266097689
2026-05-15T10:39:59+00:00,cnsm-mem-01,vfs.dev.write.time.rate[sda],0.49791981253234086
2026-05-15T10:40:59+00:00,cnsm-mem-01,vfs.dev.write.time.rate[sda],0.003733306436975996
2026-05-15T10:41:59+00:00,cnsm-mem-01,vfs.dev.write.time.rate[sda],0.003266699507014591
2026-05-15T10:42:59+00:00,cnsm-mem-01,vfs.dev.write.time.rate[sda],0.0026499909853048326
2026-05-15T10:43:59+00:00,cnsm-mem-01,vfs.dev.write.time.rate[sda],0.00999992988899156
2026-05-15T10:44:59+00:00,cnsm-mem-01,vfs.dev.write.time.rate[sda],0.0035166851983668224
2026-05-15T10:45:59+00:00,cnsm-mem-01,vfs.dev.write.time.rate[sda],0.002716645215402162
2026-05-15T10:46:59+00:00,cnsm-mem-01,vfs.dev.write.time.rate[sda],0.0040666819977866865
2026-05-15T10:47:59+00:00,cnsm-mem-01,vfs.dev.write.time.rate[sda],0.00203332410275357
2026-05-15T10:48:59+00:00,cnsm-mem-01,vfs.dev.write.time.rate[sda],0.004316604560439402
2026-05-15T10:49:59+00:00,cnsm-mem-01,vfs.dev.write.time.rate[sda],0.0033166621829263396
2026-05-15T10:50:59+00:00,cnsm-mem-01,vfs.dev.write.time.rate[sda],0.00390004817710013
2026-05-15T10:51:59+00:00,cnsm-mem-01,vfs.dev.write.time.rate[sda],0.00358338495324777
2026-05-15T10:52:59+00:00,cnsm-mem-01,vfs.dev.write.time.rate[sda],0.003049993864632342
2026-05-15T10:53:59+00:00,cnsm-mem-01,vfs.dev.write.time.rate[sda],0.0021666472094163994
2026-05-15T10:54:59+00:00,cnsm-mem-01,vfs.dev.write.time.rate[sda],0.003816687678995403
2026-05-15T10:55:59+00:00,cnsm-mem-01,vfs.dev.write.time.rate[sda],0.0033499820858591297
2026-05-15T10:56:59+00:00,cnsm-mem-01,vfs.dev.write.time.rate[sda],0.0046667176577127115
2026-05-15T10:57:59+00:00,cnsm-mem-01,vfs.dev.write.time.rate[sda],0.0022499539434052795
2026-05-15T10:58:59+00:00,cnsm-mem-01,vfs.dev.write.time.rate[sda],0.004316606876409557
2026-05-15T10:59:59+00:00,cnsm-mem-01,vfs.dev.write.time.rate[sda],0.002850107885466301
2026-05-15T11:00:59+00:00,cnsm-mem-01,vfs.dev.write.time.rate[sda],0.002616642333637392
2026-05-15T11:01:59+00:00,cnsm-mem-01,vfs.dev.write.time.rate[sda],0.0036666755540159857
2026-05-15T11:02:59+00:00,cnsm-mem-01,vfs.dev.write.time.rate[sda],0.002766677463394911
2026-05-15T11:03:59+00:00,cnsm-mem-01,vfs.dev.write.time.rate[sda],0.0034499764843852862
2026-05-15T11:04:59+00:00,cnsm-mem-01,vfs.dev.write.time.rate[sda],0.007066721553186298
2026-05-15T11:05:59+00:00,cnsm-mem-01,vfs.dev.write.time.rate[sda],0.003999926445285932
2026-05-15T11:06:59+00:00,cnsm-mem-01,vfs.dev.write.time.rate[sda],0.0019833445003892645
2026-05-15T11:07:59+00:00,cnsm-mem-01,vfs.dev.write.time.rate[sda],0.003166681939045878
2026-05-15T11:08:59+00:00,cnsm-mem-01,vfs.dev.write.time.rate[sda],0.00470003768255212
2026-05-15T09:52:37+00:00,cnsm-mem-01,vm.memory.size[total],24603541504
2026-05-15T09:53:37+00:00,cnsm-mem-01,vm.memory.size[total],24603541504
2026-05-15T09:54:37+00:00,cnsm-mem-01,vm.memory.size[total],24603541504
2026-05-15T09:55:37+00:00,cnsm-mem-01,vm.memory.size[total],24603541504
2026-05-15T09:56:37+00:00,cnsm-mem-01,vm.memory.size[total],24603541504
2026-05-15T09:57:37+00:00,cnsm-mem-01,vm.memory.size[total],24603541504
2026-05-15T09:58:37+00:00,cnsm-mem-01,vm.memory.size[total],24603541504
2026-05-15T09:59:37+00:00,cnsm-mem-01,vm.memory.size[total],24603541504
2026-05-15T10:00:37+00:00,cnsm-mem-01,vm.memory.size[total],24603541504
2026-05-15T10:01:37+00:00,cnsm-mem-01,vm.memory.size[total],24603541504
2026-05-15T10:02:37+00:00,cnsm-mem-01,vm.memory.size[total],24603541504
2026-05-15T10:03:37+00:00,cnsm-mem-01,vm.memory.size[total],24603541504
2026-05-15T10:04:37+00:00,cnsm-mem-01,vm.memory.size[total],24603541504
2026-05-15T10:05:37+00:00,cnsm-mem-01,vm.memory.size[total],24603541504
2026-05-15T10:06:37+00:00,cnsm-mem-01,vm.memory.size[total],24603541504
2026-05-15T10:07:37+00:00,cnsm-mem-01,vm.memory.size[total],24603541504
2026-05-15T10:08:37+00:00,cnsm-mem-01,vm.memory.size[total],24603541504
2026-05-15T10:09:37+00:00,cnsm-mem-01,vm.memory.size[total],24603541504
2026-05-15T10:10:37+00:00,cnsm-mem-01,vm.memory.size[total],24603541504
2026-05-15T10:11:37+00:00,cnsm-mem-01,vm.memory.size[total],24603541504
2026-05-15T10:12:37+00:00,cnsm-mem-01,vm.memory.size[total],24603541504
2026-05-15T10:13:37+00:00,cnsm-mem-01,vm.memory.size[total],24603541504
2026-05-15T10:14:37+00:00,cnsm-mem-01,vm.memory.size[total],24603541504
2026-05-15T10:15:37+00:00,cnsm-mem-01,vm.memory.size[total],24603541504
2026-05-15T10:16:37+00:00,cnsm-mem-01,vm.memory.size[total],24603541504
2026-05-15T10:17:37+00:00,cnsm-mem-01,vm.memory.size[total],24603541504
2026-05-15T10:18:37+00:00,cnsm-mem-01,vm.memory.size[total],24603541504
2026-05-15T10:19:37+00:00,cnsm-mem-01,vm.memory.size[total],24603541504
2026-05-15T10:20:37+00:00,cnsm-mem-01,vm.memory.size[total],24603541504
2026-05-15T10:21:37+00:00,cnsm-mem-01,vm.memory.size[total],24603541504
2026-05-15T10:22:37+00:00,cnsm-mem-01,vm.memory.size[total],24603541504
2026-05-15T10:23:37+00:00,cnsm-mem-01,vm.memory.size[total],24603541504
2026-05-15T10:24:37+00:00,cnsm-mem-01,vm.memory.size[total],24603541504
2026-05-15T10:25:37+00:00,cnsm-mem-01,vm.memory.size[total],24603541504
2026-05-15T10:26:37+00:00,cnsm-mem-01,vm.memory.size[total],24603541504
2026-05-15T10:27:37+00:00,cnsm-mem-01,vm.memory.size[total],24603541504
2026-05-15T10:28:37+00:00,cnsm-mem-01,vm.memory.size[total],24603541504
2026-05-15T10:29:37+00:00,cnsm-mem-01,vm.memory.size[total],24603541504
2026-05-15T10:30:37+00:00,cnsm-mem-01,vm.memory.size[total],24603541504
2026-05-15T10:31:37+00:00,cnsm-mem-01,vm.memory.size[total],24603541504
2026-05-15T10:32:37+00:00,cnsm-mem-01,vm.memory.size[total],24603541504
2026-05-15T10:33:37+00:00,cnsm-mem-01,vm.memory.size[total],24603541504
2026-05-15T10:34:37+00:00,cnsm-mem-01,vm.memory.size[total],24603541504
2026-05-15T10:35:37+00:00,cnsm-mem-01,vm.memory.size[total],24603541504
2026-05-15T10:36:37+00:00,cnsm-mem-01,vm.memory.size[total],24603541504
2026-05-15T10:37:37+00:00,cnsm-mem-01,vm.memory.size[total],24603541504
2026-05-15T10:38:37+00:00,cnsm-mem-01,vm.memory.size[total],24603541504
2026-05-15T10:39:37+00:00,cnsm-mem-01,vm.memory.size[total],24603541504
2026-05-15T10:40:37+00:00,cnsm-mem-01,vm.memory.size[total],24603541504
2026-05-15T10:41:37+00:00,cnsm-mem-01,vm.memory.size[total],24603541504
2026-05-15T10:42:37+00:00,cnsm-mem-01,vm.memory.size[total],24603541504
2026-05-15T10:43:37+00:00,cnsm-mem-01,vm.memory.size[total],24603541504
2026-05-15T10:44:37+00:00,cnsm-mem-01,vm.memory.size[total],24603541504
2026-05-15T10:45:37+00:00,cnsm-mem-01,vm.memory.size[total],24603541504
2026-05-15T10:46:37+00:00,cnsm-mem-01,vm.memory.size[total],24603541504
2026-05-15T10:47:37+00:00,cnsm-mem-01,vm.memory.size[total],24603541504
2026-05-15T10:48:37+00:00,cnsm-mem-01,vm.memory.size[total],24603541504
2026-05-15T10:49:37+00:00,cnsm-mem-01,vm.memory.size[total],24603541504
2026-05-15T10:50:37+00:00,cnsm-mem-01,vm.memory.size[total],24603541504
2026-05-15T10:51:37+00:00,cnsm-mem-01,vm.memory.size[total],24603541504
2026-05-15T10:52:37+00:00,cnsm-mem-01,vm.memory.size[total],24603541504
2026-05-15T10:53:37+00:00,cnsm-mem-01,vm.memory.size[total],24603541504
2026-05-15T10:54:37+00:00,cnsm-mem-01,vm.memory.size[total],24603541504
2026-05-15T10:55:37+00:00,cnsm-mem-01,vm.memory.size[total],24603541504
2026-05-15T10:56:37+00:00,cnsm-mem-01,vm.memory.size[total],24603541504
2026-05-15T10:57:37+00:00,cnsm-mem-01,vm.memory.size[total],24603541504
2026-05-15T10:58:37+00:00,cnsm-mem-01,vm.memory.size[total],24603541504
2026-05-15T10:59:37+00:00,cnsm-mem-01,vm.memory.size[total],24603541504
2026-05-15T11:00:37+00:00,cnsm-mem-01,vm.memory.size[total],24603541504
2026-05-15T11:01:37+00:00,cnsm-mem-01,vm.memory.size[total],24603541504
2026-05-15T11:02:37+00:00,cnsm-mem-01,vm.memory.size[total],24603541504
2026-05-15T11:03:37+00:00,cnsm-mem-01,vm.memory.size[total],24603541504
2026-05-15T11:04:37+00:00,cnsm-mem-01,vm.memory.size[total],24603541504
2026-05-15T11:05:37+00:00,cnsm-mem-01,vm.memory.size[total],24603541504
2026-05-15T11:06:37+00:00,cnsm-mem-01,vm.memory.size[total],24603541504
2026-05-15T11:07:37+00:00,cnsm-mem-01,vm.memory.size[total],24603541504
2026-05-15T11:08:37+00:00,cnsm-mem-01,vm.memory.size[total],24603541504
