timestamp_utc,host,item_key,value
2026-05-15T15:24:02+00:00,cnsm-db-redis-01,vm.memory.size[available],11670765568
2026-05-15T15:25:02+00:00,cnsm-db-redis-01,vm.memory.size[available],11666710528
2026-05-15T15:26:02+00:00,cnsm-db-redis-01,vm.memory.size[available],11670507520
2026-05-15T15:27:02+00:00,cnsm-db-redis-01,vm.memory.size[available],11677790208
2026-05-15T15:28:02+00:00,cnsm-db-redis-01,vm.memory.size[available],11656196096
2026-05-15T15:29:02+00:00,cnsm-db-redis-01,vm.memory.size[available],11678167040
2026-05-15T15:30:02+00:00,cnsm-db-redis-01,vm.memory.size[available],11668443136
2026-05-15T15:31:02+00:00,cnsm-db-redis-01,vm.memory.size[available],11665424384
2026-05-15T15:32:02+00:00,cnsm-db-redis-01,vm.memory.size[available],11676901376
2026-05-15T15:33:02+00:00,cnsm-db-redis-01,vm.memory.size[available],11656814592
2026-05-15T15:34:02+00:00,cnsm-db-redis-01,vm.memory.size[available],11668058112
2026-05-15T15:35:02+00:00,cnsm-db-redis-01,vm.memory.size[available],11667709952
2026-05-15T15:36:02+00:00,cnsm-db-redis-01,vm.memory.size[available],11670556672
2026-05-15T15:37:02+00:00,cnsm-db-redis-01,vm.memory.size[available],11677040640
2026-05-15T15:38:02+00:00,cnsm-db-redis-01,vm.memory.size[available],11671711744
2026-05-15T15:39:02+00:00,cnsm-db-redis-01,vm.memory.size[available],11667472384
2026-05-15T15:40:02+00:00,cnsm-db-redis-01,vm.memory.size[available],11669389312
2026-05-15T15:41:02+00:00,cnsm-db-redis-01,vm.memory.size[available],11667308544
2026-05-15T15:42:02+00:00,cnsm-db-redis-01,vm.memory.size[available],11664596992
2026-05-15T15:43:02+00:00,cnsm-db-redis-01,vm.memory.size[available],11668131840
2026-05-15T15:44:02+00:00,cnsm-db-redis-01,vm.memory.size[available],11664326656
2026-05-15T15:45:02+00:00,cnsm-db-redis-01,vm.memory.size[available],11667148800
2026-05-15T15:46:02+00:00,cnsm-db-redis-01,vm.memory.size[available],11672428544
2026-05-15T15:47:02+00:00,cnsm-db-redis-01,vm.memory.size[available],11649417216
2026-05-15T15:48:02+00:00,cnsm-db-redis-01,vm.memory.size[available],11656986624
2026-05-15T15:49:02+00:00,cnsm-db-redis-01,vm.memory.size[available],11666907136
2026-05-15T15:50:02+00:00,cnsm-db-redis-01,vm.memory.size[available],11662270464
2026-05-15T15:51:02+00:00,cnsm-db-redis-01,vm.memory.size[available],11651350528
2026-05-15T15:52:02+00:00,cnsm-db-redis-01,vm.memory.size[available],11657826304
2026-05-15T15:53:02+00:00,cnsm-db-redis-01,vm.memory.size[available],11651616768
2026-05-15T15:54:02+00:00,cnsm-db-redis-01,vm.memory.size[available],11623452672
2026-05-15T15:55:02+00:00,cnsm-db-redis-01,vm.memory.size[available],3022008320
2026-05-15T15:56:02+00:00,cnsm-db-redis-01,vm.memory.size[available],1951350784
2026-05-15T15:57:02+00:00,cnsm-db-redis-01,vm.memory.size[available],3035918336
2026-05-15T15:58:02+00:00,cnsm-db-redis-01,vm.memory.size[available],3032440832
2026-05-15T15:59:02+00:00,cnsm-db-redis-01,vm.memory.size[available],3035762688
2026-05-15T16:00:02+00:00,cnsm-db-redis-01,vm.memory.size[available],3029839872
2026-05-15T16:01:02+00:00,cnsm-db-redis-01,vm.memory.size[available],3027439616
2026-05-15T16:02:02+00:00,cnsm-db-redis-01,vm.memory.size[available],1935822848
2026-05-15T16:03:02+00:00,cnsm-db-redis-01,vm.memory.size[available],3014029312
2026-05-15T16:04:02+00:00,cnsm-db-redis-01,vm.memory.size[available],3030999040
2026-05-15T16:05:02+00:00,cnsm-db-redis-01,vm.memory.size[available],3037212672
2026-05-15T16:06:02+00:00,cnsm-db-redis-01,vm.memory.size[available],3039477760
2026-05-15T16:07:02+00:00,cnsm-db-redis-01,vm.memory.size[available],3022647296
2026-05-15T16:08:02+00:00,cnsm-db-redis-01,vm.memory.size[available],1933135872
2026-05-15T16:09:02+00:00,cnsm-db-redis-01,vm.memory.size[available],3013824512
2026-05-15T16:10:02+00:00,cnsm-db-redis-01,vm.memory.size[available],3029262336
2026-05-15T16:11:02+00:00,cnsm-db-redis-01,vm.memory.size[available],3013238784
2026-05-15T16:12:02+00:00,cnsm-db-redis-01,vm.memory.size[available],3020279808
2026-05-15T16:13:02+00:00,cnsm-db-redis-01,vm.memory.size[available],3033841664
2026-05-15T16:14:02+00:00,cnsm-db-redis-01,vm.memory.size[available],2475626496
2026-05-15T16:15:02+00:00,cnsm-db-redis-01,vm.memory.size[available],3010736128
2026-05-15T16:16:02+00:00,cnsm-db-redis-01,vm.memory.size[available],3033079808
2026-05-15T16:17:02+00:00,cnsm-db-redis-01,vm.memory.size[available],3031572480
2026-05-15T16:18:02+00:00,cnsm-db-redis-01,vm.memory.size[available],3013369856
2026-05-15T16:19:02+00:00,cnsm-db-redis-01,vm.memory.size[available],3026599936
2026-05-15T16:20:02+00:00,cnsm-db-redis-01,vm.memory.size[available],2725171200
2026-05-15T16:21:02+00:00,cnsm-db-redis-01,vm.memory.size[available],2488938496
2026-05-15T16:22:02+00:00,cnsm-db-redis-01,vm.memory.size[available],11665526784
2026-05-15T16:23:02+00:00,cnsm-db-redis-01,vm.memory.size[available],11677999104
2026-05-15T16:24:02+00:00,cnsm-db-redis-01,vm.memory.size[available],11678810112
2026-05-15T16:25:02+00:00,cnsm-db-redis-01,vm.memory.size[available],11654541312
2026-05-15T16:26:02+00:00,cnsm-db-redis-01,vm.memory.size[available],11660767232
2026-05-15T16:27:02+00:00,cnsm-db-redis-01,vm.memory.size[available],11656310784
2026-05-15T16:28:02+00:00,cnsm-db-redis-01,vm.memory.size[available],11668520960
2026-05-15T16:29:02+00:00,cnsm-db-redis-01,vm.memory.size[available],11673673728
2026-05-15T16:30:02+00:00,cnsm-db-redis-01,vm.memory.size[available],11656679424
2026-05-15T16:31:02+00:00,cnsm-db-redis-01,vm.memory.size[available],11663613952
2026-05-15T16:32:02+00:00,cnsm-db-redis-01,vm.memory.size[available],11657465856
2026-05-15T16:33:02+00:00,cnsm-db-redis-01,vm.memory.size[available],11663028224
2026-05-15T16:34:02+00:00,cnsm-db-redis-01,vm.memory.size[available],11666931712
2026-05-15T16:35:02+00:00,cnsm-db-redis-01,vm.memory.size[available],11673935872
2026-05-15T16:36:02+00:00,cnsm-db-redis-01,vm.memory.size[available],11648372736
2026-05-15T16:37:02+00:00,cnsm-db-redis-01,vm.memory.size[available],11672367104
2026-05-15T16:38:02+00:00,cnsm-db-redis-01,vm.memory.size[available],11675746304
2026-05-15T16:39:02+00:00,cnsm-db-redis-01,vm.memory.size[available],11662753792
2026-05-15T16:40:02+00:00,cnsm-db-redis-01,vm.memory.size[available],11668320256
2026-05-15T16:41:02+00:00,cnsm-db-redis-01,vm.memory.size[available],11668611072
2026-05-15T16:42:02+00:00,cnsm-db-redis-01,vm.memory.size[available],11668738048
2026-05-15T16:43:02+00:00,cnsm-db-redis-01,vm.memory.size[available],11662675968
2026-05-15T16:44:02+00:00,cnsm-db-redis-01,vm.memory.size[available],11658805248
2026-05-15T16:45:02+00:00,cnsm-db-redis-01,vm.memory.size[available],11664703488
2026-05-15T16:46:02+00:00,cnsm-db-redis-01,vm.memory.size[available],11670695936
2026-05-15T16:47:02+00:00,cnsm-db-redis-01,vm.memory.size[available],11653586944
2026-05-15T16:48:02+00:00,cnsm-db-redis-01,vm.memory.size[available],11678724096
2026-05-15T16:49:02+00:00,cnsm-db-redis-01,vm.memory.size[available],11679563776
2026-05-15T16:50:02+00:00,cnsm-db-redis-01,vm.memory.size[available],11681406976
2026-05-15T16:51:02+00:00,cnsm-db-redis-01,vm.memory.size[available],11666800640
2026-05-15T15:24:03+00:00,cnsm-db-redis-01,vm.memory.size[pavailable],95.320628
2026-05-15T15:25:03+00:00,cnsm-db-redis-01,vm.memory.size[pavailable],95.360873
2026-05-15T15:26:03+00:00,cnsm-db-redis-01,vm.memory.size[pavailable],95.328958
2026-05-15T15:27:03+00:00,cnsm-db-redis-01,vm.memory.size[pavailable],95.371812
2026-05-15T15:28:03+00:00,cnsm-db-redis-01,vm.memory.size[pavailable],95.291088
2026-05-15T15:29:03+00:00,cnsm-db-redis-01,vm.memory.size[pavailable],95.43116
2026-05-15T15:30:03+00:00,cnsm-db-redis-01,vm.memory.size[pavailable],95.298113
2026-05-15T15:31:03+00:00,cnsm-db-redis-01,vm.memory.size[pavailable],95.281386
2026-05-15T15:32:03+00:00,cnsm-db-redis-01,vm.memory.size[pavailable],95.332805
2026-05-15T15:33:03+00:00,cnsm-db-redis-01,vm.memory.size[pavailable],95.274127
2026-05-15T15:34:03+00:00,cnsm-db-redis-01,vm.memory.size[pavailable],95.319423
2026-05-15T15:35:03+00:00,cnsm-db-redis-01,vm.memory.size[pavailable],95.299552
2026-05-15T15:36:03+00:00,cnsm-db-redis-01,vm.memory.size[pavailable],95.312599
2026-05-15T15:37:03+00:00,cnsm-db-redis-01,vm.memory.size[pavailable],95.421057
2026-05-15T15:38:03+00:00,cnsm-db-redis-01,vm.memory.size[pavailable],95.378637
2026-05-15T15:39:03+00:00,cnsm-db-redis-01,vm.memory.size[pavailable],95.291623
2026-05-15T15:40:03+00:00,cnsm-db-redis-01,vm.memory.size[pavailable],95.309387
2026-05-15T15:41:03+00:00,cnsm-db-redis-01,vm.memory.size[pavailable],95.276301
2026-05-15T15:42:03+00:00,cnsm-db-redis-01,vm.memory.size[pavailable],95.273591
2026-05-15T15:43:03+00:00,cnsm-db-redis-01,vm.memory.size[pavailable],95.31019
2026-05-15T15:44:03+00:00,cnsm-db-redis-01,vm.memory.size[pavailable],95.268038
2026-05-15T15:45:03+00:00,cnsm-db-redis-01,vm.memory.size[pavailable],95.30099
2026-05-15T15:46:03+00:00,cnsm-db-redis-01,vm.memory.size[pavailable],95.399412
2026-05-15T15:47:03+00:00,cnsm-db-redis-01,vm.memory.size[pavailable],95.146266
2026-05-15T15:48:03+00:00,cnsm-db-redis-01,vm.memory.size[pavailable],95.161588
2026-05-15T15:49:03+00:00,cnsm-db-redis-01,vm.memory.size[pavailable],95.278175
2026-05-15T15:50:03+00:00,cnsm-db-redis-01,vm.memory.size[pavailable],95.251244
2026-05-15T15:51:03+00:00,cnsm-db-redis-01,vm.memory.size[pavailable],95.162056
2026-05-15T15:52:03+00:00,cnsm-db-redis-01,vm.memory.size[pavailable],95.16965
2026-05-15T15:53:03+00:00,cnsm-db-redis-01,vm.memory.size[pavailable],95.29179
2026-05-15T15:54:03+00:00,cnsm-db-redis-01,vm.memory.size[pavailable],85.707165
2026-05-15T15:55:03+00:00,cnsm-db-redis-01,vm.memory.size[pavailable],24.616827
2026-05-15T15:56:03+00:00,cnsm-db-redis-01,vm.memory.size[pavailable],15.906386
2026-05-15T15:57:03+00:00,cnsm-db-redis-01,vm.memory.size[pavailable],24.774428
2026-05-15T15:58:03+00:00,cnsm-db-redis-01,vm.memory.size[pavailable],24.748067
2026-05-15T15:59:03+00:00,cnsm-db-redis-01,vm.memory.size[pavailable],24.794501
2026-05-15T16:00:03+00:00,cnsm-db-redis-01,vm.memory.size[pavailable],24.746126
2026-05-15T16:01:03+00:00,cnsm-db-redis-01,vm.memory.size[pavailable],24.726522
2026-05-15T16:02:03+00:00,cnsm-db-redis-01,vm.memory.size[pavailable],15.82496
2026-05-15T16:03:03+00:00,cnsm-db-redis-01,vm.memory.size[pavailable],24.566579
2026-05-15T16:04:03+00:00,cnsm-db-redis-01,vm.memory.size[pavailable],24.788412
2026-05-15T16:05:03+00:00,cnsm-db-redis-01,vm.memory.size[pavailable],24.803834
2026-05-15T16:06:03+00:00,cnsm-db-redis-01,vm.memory.size[pavailable],24.803433
2026-05-15T16:07:03+00:00,cnsm-db-redis-01,vm.memory.size[pavailable],24.782691
2026-05-15T16:08:03+00:00,cnsm-db-redis-01,vm.memory.size[pavailable],15.938569
2026-05-15T16:09:03+00:00,cnsm-db-redis-01,vm.memory.size[pavailable],24.563334
2026-05-15T16:10:03+00:00,cnsm-db-redis-01,vm.memory.size[pavailable],24.801794
2026-05-15T16:11:03+00:00,cnsm-db-redis-01,vm.memory.size[pavailable],24.639575
2026-05-15T16:12:03+00:00,cnsm-db-redis-01,vm.memory.size[pavailable],24.679419
2026-05-15T16:13:03+00:00,cnsm-db-redis-01,vm.memory.size[pavailable],24.778811
2026-05-15T16:14:03+00:00,cnsm-db-redis-01,vm.memory.size[pavailable],20.179193
2026-05-15T16:15:03+00:00,cnsm-db-redis-01,vm.memory.size[pavailable],24.590097
2026-05-15T16:16:03+00:00,cnsm-db-redis-01,vm.memory.size[pavailable],24.772588
2026-05-15T16:17:03+00:00,cnsm-db-redis-01,vm.memory.size[pavailable],24.760311
2026-05-15T16:18:03+00:00,cnsm-db-redis-01,vm.memory.size[pavailable],24.611608
2026-05-15T16:19:03+00:00,cnsm-db-redis-01,vm.memory.size[pavailable],24.719664
2026-05-15T16:20:03+00:00,cnsm-db-redis-01,vm.memory.size[pavailable],20.685017
2026-05-15T16:21:03+00:00,cnsm-db-redis-01,vm.memory.size[pavailable],24.727927
2026-05-15T16:22:03+00:00,cnsm-db-redis-01,vm.memory.size[pavailable],95.27784
2026-05-15T16:23:03+00:00,cnsm-db-redis-01,vm.memory.size[pavailable],95.379707
2026-05-15T16:24:03+00:00,cnsm-db-redis-01,vm.memory.size[pavailable],95.335749
2026-05-15T16:25:03+00:00,cnsm-db-redis-01,vm.memory.size[pavailable],95.352944
2026-05-15T16:26:03+00:00,cnsm-db-redis-01,vm.memory.size[pavailable],95.238967
2026-05-15T16:27:03+00:00,cnsm-db-redis-01,vm.memory.size[pavailable],95.202569
2026-05-15T16:28:03+00:00,cnsm-db-redis-01,vm.memory.size[pavailable],95.302295
2026-05-15T16:29:03+00:00,cnsm-db-redis-01,vm.memory.size[pavailable],95.344213
2026-05-15T16:30:03+00:00,cnsm-db-redis-01,vm.memory.size[pavailable],95.20558
2026-05-15T16:31:03+00:00,cnsm-db-redis-01,vm.memory.size[pavailable],95.262217
2026-05-15T16:32:03+00:00,cnsm-db-redis-01,vm.memory.size[pavailable],95.212003
2026-05-15T16:33:03+00:00,cnsm-db-redis-01,vm.memory.size[pavailable],95.257433
2026-05-15T16:34:03+00:00,cnsm-db-redis-01,vm.memory.size[pavailable],95.414332
2026-05-15T16:35:03+00:00,cnsm-db-redis-01,vm.memory.size[pavailable],95.34612
2026-05-15T16:36:03+00:00,cnsm-db-redis-01,vm.memory.size[pavailable],95.179452
2026-05-15T16:37:03+00:00,cnsm-db-redis-01,vm.memory.size[pavailable],95.333708
2026-05-15T16:38:03+00:00,cnsm-db-redis-01,vm.memory.size[pavailable],95.389978
2026-05-15T16:39:03+00:00,cnsm-db-redis-01,vm.memory.size[pavailable],95.261816
2026-05-15T16:40:03+00:00,cnsm-db-redis-01,vm.memory.size[pavailable],95.330965
2026-05-15T16:41:03+00:00,cnsm-db-redis-01,vm.memory.size[pavailable],95.304235
2026-05-15T16:42:03+00:00,cnsm-db-redis-01,vm.memory.size[pavailable],95.403426
2026-05-15T16:43:03+00:00,cnsm-db-redis-01,vm.memory.size[pavailable],95.320594
2026-05-15T16:44:03+00:00,cnsm-db-redis-01,vm.memory.size[pavailable],95.178382
2026-05-15T16:45:03+00:00,cnsm-db-redis-01,vm.memory.size[pavailable],95.394193
2026-05-15T16:46:03+00:00,cnsm-db-redis-01,vm.memory.size[pavailable],95.320059
2026-05-15T16:47:03+00:00,cnsm-db-redis-01,vm.memory.size[pavailable],95.185273
2026-05-15T16:48:03+00:00,cnsm-db-redis-01,vm.memory.size[pavailable],95.405199
2026-05-15T16:49:03+00:00,cnsm-db-redis-01,vm.memory.size[pavailable],95.456484
2026-05-15T16:50:03+00:00,cnsm-db-redis-01,vm.memory.size[pavailable],95.39978
2026-05-15T16:51:03+00:00,cnsm-db-redis-01,vm.memory.size[pavailable],95.246594
2026-05-15T15:24:14+00:00,cnsm-db-redis-01,cnsm.fault.active,0
2026-05-15T15:24:29+00:00,cnsm-db-redis-01,cnsm.fault.active,0
2026-05-15T15:24:44+00:00,cnsm-db-redis-01,cnsm.fault.active,0
2026-05-15T15:24:59+00:00,cnsm-db-redis-01,cnsm.fault.active,0
2026-05-15T15:25:14+00:00,cnsm-db-redis-01,cnsm.fault.active,0
2026-05-15T15:25:29+00:00,cnsm-db-redis-01,cnsm.fault.active,0
2026-05-15T15:25:44+00:00,cnsm-db-redis-01,cnsm.fault.active,0
2026-05-15T15:25:59+00:00,cnsm-db-redis-01,cnsm.fault.active,0
2026-05-15T15:26:14+00:00,cnsm-db-redis-01,cnsm.fault.active,0
2026-05-15T15:26:29+00:00,cnsm-db-redis-01,cnsm.fault.active,0
2026-05-15T15:26:44+00:00,cnsm-db-redis-01,cnsm.fault.active,0
2026-05-15T15:26:59+00:00,cnsm-db-redis-01,cnsm.fault.active,0
2026-05-15T15:27:14+00:00,cnsm-db-redis-01,cnsm.fault.active,0
2026-05-15T15:27:29+00:00,cnsm-db-redis-01,cnsm.fault.active,0
2026-05-15T15:27:44+00:00,cnsm-db-redis-01,cnsm.fault.active,0
2026-05-15T15:27:59+00:00,cnsm-db-redis-01,cnsm.fault.active,0
2026-05-15T15:28:14+00:00,cnsm-db-redis-01,cnsm.fault.active,0
2026-05-15T15:28:29+00:00,cnsm-db-redis-01,cnsm.fault.active,0
2026-05-15T15:28:44+00:00,cnsm-db-redis-01,cnsm.fault.active,0
2026-05-15T15:28:59+00:00,cnsm-db-redis-01,cnsm.fault.active,0
2026-05-15T15:29:14+00:00,cnsm-db-redis-01,cnsm.fault.active,0
2026-05-15T15:29:29+00:00,cnsm-db-redis-01,cnsm.fault.active,0
2026-05-15T15:29:44+00:00,cnsm-db-redis-01,cnsm.fault.active,0
2026-05-15T15:29:59+00:00,cnsm-db-redis-01,cnsm.fault.active,0
2026-05-15T15:30:14+00:00,cnsm-db-redis-01,cnsm.fault.active,0
2026-05-15T15:30:29+00:00,cnsm-db-redis-01,cnsm.fault.active,0
2026-05-15T15:30:44+00:00,cnsm-db-redis-01,cnsm.fault.active,0
2026-05-15T15:30:59+00:00,cnsm-db-redis-01,cnsm.fault.active,0
2026-05-15T15:31:14+00:00,cnsm-db-redis-01,cnsm.fault.active,0
2026-05-15T15:31:29+00:00,cnsm-db-redis-01,cnsm.fault.active,0
2026-05-15T15:31:44+00:00,cnsm-db-redis-01,cnsm.fault.active,0
2026-05-15T15:31:59+00:00,cnsm-db-redis-01,cnsm.fault.active,0
2026-05-15T15:32:14+00:00,cnsm-db-redis-01,cnsm.fault.active,0
2026-05-15T15:32:29+00:00,cnsm-db-redis-01,cnsm.fault.active,0
2026-05-15T15:32:44+00:00,cnsm-db-redis-01,cnsm.fault.active,0
2026-05-15T15:32:59+00:00,cnsm-db-redis-01,cnsm.fault.active,0
2026-05-15T15:33:14+00:00,cnsm-db-redis-01,cnsm.fault.active,0
2026-05-15T15:33:29+00:00,cnsm-db-redis-01,cnsm.fault.active,0
2026-05-15T15:33:44+00:00,cnsm-db-redis-01,cnsm.fault.active,0
2026-05-15T15:33:59+00:00,cnsm-db-redis-01,cnsm.fault.active,0
2026-05-15T15:34:14+00:00,cnsm-db-redis-01,cnsm.fault.active,0
2026-05-15T15:34:29+00:00,cnsm-db-redis-01,cnsm.fault.active,0
2026-05-15T15:34:44+00:00,cnsm-db-redis-01,cnsm.fault.active,0
2026-05-15T15:34:59+00:00,cnsm-db-redis-01,cnsm.fault.active,0
2026-05-15T15:35:14+00:00,cnsm-db-redis-01,cnsm.fault.active,0
2026-05-15T15:35:29+00:00,cnsm-db-redis-01,cnsm.fault.active,0
2026-05-15T15:35:44+00:00,cnsm-db-redis-01,cnsm.fault.active,0
2026-05-15T15:35:59+00:00,cnsm-db-redis-01,cnsm.fault.active,0
2026-05-15T15:36:14+00:00,cnsm-db-redis-01,cnsm.fault.active,0
2026-05-15T15:36:29+00:00,cnsm-db-redis-01,cnsm.fault.active,0
2026-05-15T15:36:44+00:00,cnsm-db-redis-01,cnsm.fault.active,0
2026-05-15T15:36:59+00:00,cnsm-db-redis-01,cnsm.fault.active,0
2026-05-15T15:37:14+00:00,cnsm-db-redis-01,cnsm.fault.active,0
2026-05-15T15:37:29+00:00,cnsm-db-redis-01,cnsm.fault.active,0
2026-05-15T15:37:44+00:00,cnsm-db-redis-01,cnsm.fault.active,0
2026-05-15T15:37:59+00:00,cnsm-db-redis-01,cnsm.fault.active,0
2026-05-15T15:38:14+00:00,cnsm-db-redis-01,cnsm.fault.active,0
2026-05-15T15:38:29+00:00,cnsm-db-redis-01,cnsm.fault.active,0
2026-05-15T15:38:44+00:00,cnsm-db-redis-01,cnsm.fault.active,0
2026-05-15T15:38:59+00:00,cnsm-db-redis-01,cnsm.fault.active,0
2026-05-15T15:39:14+00:00,cnsm-db-redis-01,cnsm.fault.active,0
2026-05-15T15:39:29+00:00,cnsm-db-redis-01,cnsm.fault.active,0
2026-05-15T15:39:44+00:00,cnsm-db-redis-01,cnsm.fault.active,0
2026-05-15T15:39:59+00:00,cnsm-db-redis-01,cnsm.fault.active,0
2026-05-15T15:40:14+00:00,cnsm-db-redis-01,cnsm.fault.active,0
2026-05-15T15:40:29+00:00,cnsm-db-redis-01,cnsm.fault.active,0
2026-05-15T15:40:44+00:00,cnsm-db-redis-01,cnsm.fault.active,0
2026-05-15T15:40:59+00:00,cnsm-db-redis-01,cnsm.fault.active,0
2026-05-15T15:41:14+00:00,cnsm-db-redis-01,cnsm.fault.active,0
2026-05-15T15:41:29+00:00,cnsm-db-redis-01,cnsm.fault.active,0
2026-05-15T15:41:44+00:00,cnsm-db-redis-01,cnsm.fault.active,0
2026-05-15T15:41:59+00:00,cnsm-db-redis-01,cnsm.fault.active,0
2026-05-15T15:42:14+00:00,cnsm-db-redis-01,cnsm.fault.active,0
2026-05-15T15:42:29+00:00,cnsm-db-redis-01,cnsm.fault.active,0
2026-05-15T15:42:44+00:00,cnsm-db-redis-01,cnsm.fault.active,0
2026-05-15T15:42:59+00:00,cnsm-db-redis-01,cnsm.fault.active,0
2026-05-15T15:43:14+00:00,cnsm-db-redis-01,cnsm.fault.active,0
2026-05-15T15:43:29+00:00,cnsm-db-redis-01,cnsm.fault.active,0
2026-05-15T15:43:44+00:00,cnsm-db-redis-01,cnsm.fault.active,0
2026-05-15T15:43:59+00:00,cnsm-db-redis-01,cnsm.fault.active,0
2026-05-15T15:44:14+00:00,cnsm-db-redis-01,cnsm.fault.active,0
2026-05-15T15:44:29+00:00,cnsm-db-redis-01,cnsm.fault.active,0
2026-05-15T15:44:44+00:00,cnsm-db-redis-01,cnsm.fault.active,0
2026-05-15T15:44:59+00:00,cnsm-db-redis-01,cnsm.fault.active,0
2026-05-15T15:45:14+00:00,cnsm-db-redis-01,cnsm.fault.active,0
2026-05-15T15:45:29+00:00,cnsm-db-redis-01,cnsm.fault.active,0
2026-05-15T15:45:44+00:00,cnsm-db-redis-01,cnsm.fault.active,0
2026-05-15T15:45:59+00:00,cnsm-db-redis-01,cnsm.fault.active,0
2026-05-15T15:46:14+00:00,cnsm-db-redis-01,cnsm.fault.active,0
2026-05-15T15:46:29+00:00,cnsm-db-redis-01,cnsm.fault.active,0
2026-05-15T15:46:44+00:00,cnsm-db-redis-01,cnsm.fault.active,0
2026-05-15T15:46:59+00:00,cnsm-db-redis-01,cnsm.fault.active,0
2026-05-15T15:47:14+00:00,cnsm-db-redis-01,cnsm.fault.active,0
2026-05-15T15:47:29+00:00,cnsm-db-redis-01,cnsm.fault.active,0
2026-05-15T15:47:44+00:00,cnsm-db-redis-01,cnsm.fault.active,0
2026-05-15T15:47:59+00:00,cnsm-db-redis-01,cnsm.fault.active,0
2026-05-15T15:48:14+00:00,cnsm-db-redis-01,cnsm.fault.active,0
2026-05-15T15:48:29+00:00,cnsm-db-redis-01,cnsm.fault.active,0
2026-05-15T15:48:44+00:00,cnsm-db-redis-01,cnsm.fault.active,0
2026-05-15T15:48:59+00:00,cnsm-db-redis-01,cnsm.fault.active,0
2026-05-15T15:49:14+00:00,cnsm-db-redis-01,cnsm.fault.active,0
2026-05-15T15:49:29+00:00,cnsm-db-redis-01,cnsm.fault.active,0
2026-05-15T15:49:44+00:00,cnsm-db-redis-01,cnsm.fault.active,0
2026-05-15T15:49:59+00:00,cnsm-db-redis-01,cnsm.fault.active,0
2026-05-15T15:50:14+00:00,cnsm-db-redis-01,cnsm.fault.active,0
2026-05-15T15:50:29+00:00,cnsm-db-redis-01,cnsm.fault.active,0
2026-05-15T15:50:44+00:00,cnsm-db-redis-01,cnsm.fault.active,0
2026-05-15T15:50:59+00:00,cnsm-db-redis-01,cnsm.fault.active,0
2026-05-15T15:51:14+00:00,cnsm-db-redis-01,cnsm.fault.active,0
2026-05-15T15:51:29+00:00,cnsm-db-redis-01,cnsm.fault.active,0
2026-05-15T15:51:44+00:00,cnsm-db-redis-01,cnsm.fault.active,0
2026-05-15T15:51:59+00:00,cnsm-db-redis-01,cnsm.fault.active,0
2026-05-15T15:52:14+00:00,cnsm-db-redis-01,cnsm.fault.active,0
2026-05-15T15:52:29+00:00,cnsm-db-redis-01,cnsm.fault.active,0
2026-05-15T15:52:44+00:00,cnsm-db-redis-01,cnsm.fault.active,0
2026-05-15T15:52:59+00:00,cnsm-db-redis-01,cnsm.fault.active,0
2026-05-15T15:53:14+00:00,cnsm-db-redis-01,cnsm.fault.active,0
2026-05-15T15:53:29+00:00,cnsm-db-redis-01,cnsm.fault.active,0
2026-05-15T15:53:44+00:00,cnsm-db-redis-01,cnsm.fault.active,0
2026-05-15T15:53:59+00:00,cnsm-db-redis-01,cnsm.fault.active,0
2026-05-15T15:54:14+00:00,cnsm-db-redis-01,cnsm.fault.active,1
2026-05-15T15:54:29+00:00,cnsm-db-redis-01,cnsm.fault.active,1
2026-05-15T15:54:44+00:00,cnsm-db-redis-01,cnsm.fault.active,1
2026-05-15T15:54:59+00:00,cnsm-db-redis-01,cnsm.fault.active,1
2026-05-15T15:55:14+00:00,cnsm-db-redis-01,cnsm.fault.active,1
2026-05-15T15:55:29+00:00,cnsm-db-redis-01,cnsm.fault.active,1
2026-05-15T15:55:44+00:00,cnsm-db-redis-01,cnsm.fault.active,1
2026-05-15T15:55:59+00:00,cnsm-db-redis-01,cnsm.fault.active,1
2026-05-15T15:56:14+00:00,cnsm-db-redis-01,cnsm.fault.active,1
2026-05-15T15:56:29+00:00,cnsm-db-redis-01,cnsm.fault.active,1
2026-05-15T15:56:44+00:00,cnsm-db-redis-01,cnsm.fault.active,1
2026-05-15T15:56:59+00:00,cnsm-db-redis-01,cnsm.fault.active,1
2026-05-15T15:57:14+00:00,cnsm-db-redis-01,cnsm.fault.active,1
2026-05-15T15:57:29+00:00,cnsm-db-redis-01,cnsm.fault.active,1
2026-05-15T15:57:44+00:00,cnsm-db-redis-01,cnsm.fault.active,1
2026-05-15T15:57:59+00:00,cnsm-db-redis-01,cnsm.fault.active,1
2026-05-15T15:58:14+00:00,cnsm-db-redis-01,cnsm.fault.active,1
2026-05-15T15:58:29+00:00,cnsm-db-redis-01,cnsm.fault.active,1
2026-05-15T15:58:44+00:00,cnsm-db-redis-01,cnsm.fault.active,1
2026-05-15T15:58:59+00:00,cnsm-db-redis-01,cnsm.fault.active,1
2026-05-15T15:59:14+00:00,cnsm-db-redis-01,cnsm.fault.active,1
2026-05-15T15:59:29+00:00,cnsm-db-redis-01,cnsm.fault.active,1
2026-05-15T15:59:44+00:00,cnsm-db-redis-01,cnsm.fault.active,1
2026-05-15T15:59:59+00:00,cnsm-db-redis-01,cnsm.fault.active,1
2026-05-15T16:00:14+00:00,cnsm-db-redis-01,cnsm.fault.active,1
2026-05-15T16:00:29+00:00,cnsm-db-redis-01,cnsm.fault.active,1
2026-05-15T16:00:44+00:00,cnsm-db-redis-01,cnsm.fault.active,1
2026-05-15T16:00:59+00:00,cnsm-db-redis-01,cnsm.fault.active,1
2026-05-15T16:01:14+00:00,cnsm-db-redis-01,cnsm.fault.active,1
2026-05-15T16:01:29+00:00,cnsm-db-redis-01,cnsm.fault.active,1
2026-05-15T16:01:44+00:00,cnsm-db-redis-01,cnsm.fault.active,1
2026-05-15T16:01:59+00:00,cnsm-db-redis-01,cnsm.fault.active,1
2026-05-15T16:02:14+00:00,cnsm-db-redis-01,cnsm.fault.active,1
2026-05-15T16:02:29+00:00,cnsm-db-redis-01,cnsm.fault.active,1
2026-05-15T16:02:44+00:00,cnsm-db-redis-01,cnsm.fault.active,1
2026-05-15T16:02:59+00:00,cnsm-db-redis-01,cnsm.fault.active,1
2026-05-15T16:03:14+00:00,cnsm-db-redis-01,cnsm.fault.active,1
2026-05-15T16:03:29+00:00,cnsm-db-redis-01,cnsm.fault.active,1
2026-05-15T16:03:44+00:00,cnsm-db-redis-01,cnsm.fault.active,1
2026-05-15T16:03:59+00:00,cnsm-db-redis-01,cnsm.fault.active,1
2026-05-15T16:04:15+00:00,cnsm-db-redis-01,cnsm.fault.active,1
2026-05-15T16:04:29+00:00,cnsm-db-redis-01,cnsm.fault.active,1
2026-05-15T16:04:44+00:00,cnsm-db-redis-01,cnsm.fault.active,1
2026-05-15T16:04:59+00:00,cnsm-db-redis-01,cnsm.fault.active,1
2026-05-15T16:05:14+00:00,cnsm-db-redis-01,cnsm.fault.active,1
2026-05-15T16:05:29+00:00,cnsm-db-redis-01,cnsm.fault.active,1
2026-05-15T16:05:44+00:00,cnsm-db-redis-01,cnsm.fault.active,1
2026-05-15T16:05:59+00:00,cnsm-db-redis-01,cnsm.fault.active,1
2026-05-15T16:06:14+00:00,cnsm-db-redis-01,cnsm.fault.active,1
2026-05-15T16:06:29+00:00,cnsm-db-redis-01,cnsm.fault.active,1
2026-05-15T16:06:44+00:00,cnsm-db-redis-01,cnsm.fault.active,1
2026-05-15T16:06:59+00:00,cnsm-db-redis-01,cnsm.fault.active,1
2026-05-15T16:07:14+00:00,cnsm-db-redis-01,cnsm.fault.active,1
2026-05-15T16:07:29+00:00,cnsm-db-redis-01,cnsm.fault.active,1
2026-05-15T16:07:44+00:00,cnsm-db-redis-01,cnsm.fault.active,1
2026-05-15T16:07:59+00:00,cnsm-db-redis-01,cnsm.fault.active,1
2026-05-15T16:08:14+00:00,cnsm-db-redis-01,cnsm.fault.active,1
2026-05-15T16:08:29+00:00,cnsm-db-redis-01,cnsm.fault.active,1
2026-05-15T16:08:44+00:00,cnsm-db-redis-01,cnsm.fault.active,1
2026-05-15T16:08:59+00:00,cnsm-db-redis-01,cnsm.fault.active,1
2026-05-15T16:09:14+00:00,cnsm-db-redis-01,cnsm.fault.active,1
2026-05-15T16:09:29+00:00,cnsm-db-redis-01,cnsm.fault.active,1
2026-05-15T16:09:44+00:00,cnsm-db-redis-01,cnsm.fault.active,1
2026-05-15T16:09:59+00:00,cnsm-db-redis-01,cnsm.fault.active,1
2026-05-15T16:10:14+00:00,cnsm-db-redis-01,cnsm.fault.active,1
2026-05-15T16:10:29+00:00,cnsm-db-redis-01,cnsm.fault.active,1
2026-05-15T16:10:44+00:00,cnsm-db-redis-01,cnsm.fault.active,1
2026-05-15T16:10:59+00:00,cnsm-db-redis-01,cnsm.fault.active,1
2026-05-15T16:11:14+00:00,cnsm-db-redis-01,cnsm.fault.active,1
2026-05-15T16:11:29+00:00,cnsm-db-redis-01,cnsm.fault.active,1
2026-05-15T16:11:45+00:00,cnsm-db-redis-01,cnsm.fault.active,1
2026-05-15T16:11:59+00:00,cnsm-db-redis-01,cnsm.fault.active,1
2026-05-15T16:12:14+00:00,cnsm-db-redis-01,cnsm.fault.active,1
2026-05-15T16:12:29+00:00,cnsm-db-redis-01,cnsm.fault.active,1
2026-05-15T16:12:44+00:00,cnsm-db-redis-01,cnsm.fault.active,1
2026-05-15T16:12:59+00:00,cnsm-db-redis-01,cnsm.fault.active,1
2026-05-15T16:13:14+00:00,cnsm-db-redis-01,cnsm.fault.active,1
2026-05-15T16:13:29+00:00,cnsm-db-redis-01,cnsm.fault.active,1
2026-05-15T16:13:44+00:00,cnsm-db-redis-01,cnsm.fault.active,1
2026-05-15T16:13:59+00:00,cnsm-db-redis-01,cnsm.fault.active,1
2026-05-15T16:14:14+00:00,cnsm-db-redis-01,cnsm.fault.active,1
2026-05-15T16:14:29+00:00,cnsm-db-redis-01,cnsm.fault.active,1
2026-05-15T16:14:44+00:00,cnsm-db-redis-01,cnsm.fault.active,1
2026-05-15T16:14:59+00:00,cnsm-db-redis-01,cnsm.fault.active,1
2026-05-15T16:15:14+00:00,cnsm-db-redis-01,cnsm.fault.active,1
2026-05-15T16:15:29+00:00,cnsm-db-redis-01,cnsm.fault.active,1
2026-05-15T16:15:44+00:00,cnsm-db-redis-01,cnsm.fault.active,1
2026-05-15T16:15:59+00:00,cnsm-db-redis-01,cnsm.fault.active,1
2026-05-15T16:16:14+00:00,cnsm-db-redis-01,cnsm.fault.active,1
2026-05-15T16:16:29+00:00,cnsm-db-redis-01,cnsm.fault.active,1
2026-05-15T16:16:44+00:00,cnsm-db-redis-01,cnsm.fault.active,1
2026-05-15T16:16:59+00:00,cnsm-db-redis-01,cnsm.fault.active,1
2026-05-15T16:17:14+00:00,cnsm-db-redis-01,cnsm.fault.active,1
2026-05-15T16:17:29+00:00,cnsm-db-redis-01,cnsm.fault.active,1
2026-05-15T16:17:44+00:00,cnsm-db-redis-01,cnsm.fault.active,1
2026-05-15T16:17:59+00:00,cnsm-db-redis-01,cnsm.fault.active,1
2026-05-15T16:18:14+00:00,cnsm-db-redis-01,cnsm.fault.active,1
2026-05-15T16:18:29+00:00,cnsm-db-redis-01,cnsm.fault.active,1
2026-05-15T16:18:44+00:00,cnsm-db-redis-01,cnsm.fault.active,1
2026-05-15T16:18:59+00:00,cnsm-db-redis-01,cnsm.fault.active,1
2026-05-15T16:19:14+00:00,cnsm-db-redis-01,cnsm.fault.active,1
2026-05-15T16:19:29+00:00,cnsm-db-redis-01,cnsm.fault.active,1
2026-05-15T16:19:44+00:00,cnsm-db-redis-01,cnsm.fault.active,1
2026-05-15T16:19:59+00:00,cnsm-db-redis-01,cnsm.fault.active,1
2026-05-15T16:20:14+00:00,cnsm-db-redis-01,cnsm.fault.active,1
2026-05-15T16:20:29+00:00,cnsm-db-redis-01,cnsm.fault.active,1
2026-05-15T16:20:44+00:00,cnsm-db-redis-01,cnsm.fault.active,1
2026-05-15T16:20:59+00:00,cnsm-db-redis-01,cnsm.fault.active,1
2026-05-15T16:21:14+00:00,cnsm-db-redis-01,cnsm.fault.active,1
2026-05-15T16:21:29+00:00,cnsm-db-redis-01,cnsm.fault.active,1
2026-05-15T16:21:44+00:00,cnsm-db-redis-01,cnsm.fault.active,1
2026-05-15T16:21:59+00:00,cnsm-db-redis-01,cnsm.fault.active,0
2026-05-15T16:22:14+00:00,cnsm-db-redis-01,cnsm.fault.active,0
2026-05-15T16:22:29+00:00,cnsm-db-redis-01,cnsm.fault.active,0
2026-05-15T16:22:44+00:00,cnsm-db-redis-01,cnsm.fault.active,0
2026-05-15T16:22:59+00:00,cnsm-db-redis-01,cnsm.fault.active,0
2026-05-15T16:23:14+00:00,cnsm-db-redis-01,cnsm.fault.active,0
2026-05-15T16:23:29+00:00,cnsm-db-redis-01,cnsm.fault.active,0
2026-05-15T16:23:44+00:00,cnsm-db-redis-01,cnsm.fault.active,0
2026-05-15T16:23:59+00:00,cnsm-db-redis-01,cnsm.fault.active,0
2026-05-15T16:24:14+00:00,cnsm-db-redis-01,cnsm.fault.active,0
2026-05-15T16:24:29+00:00,cnsm-db-redis-01,cnsm.fault.active,0
2026-05-15T16:24:44+00:00,cnsm-db-redis-01,cnsm.fault.active,0
2026-05-15T16:24:59+00:00,cnsm-db-redis-01,cnsm.fault.active,0
2026-05-15T16:25:14+00:00,cnsm-db-redis-01,cnsm.fault.active,0
2026-05-15T16:25:29+00:00,cnsm-db-redis-01,cnsm.fault.active,0
2026-05-15T16:25:44+00:00,cnsm-db-redis-01,cnsm.fault.active,0
2026-05-15T16:25:59+00:00,cnsm-db-redis-01,cnsm.fault.active,0
2026-05-15T16:26:14+00:00,cnsm-db-redis-01,cnsm.fault.active,0
2026-05-15T16:26:29+00:00,cnsm-db-redis-01,cnsm.fault.active,0
2026-05-15T16:26:44+00:00,cnsm-db-redis-01,cnsm.fault.active,0
2026-05-15T16:26:59+00:00,cnsm-db-redis-01,cnsm.fault.active,0
2026-05-15T16:27:14+00:00,cnsm-db-redis-01,cnsm.fault.active,0
2026-05-15T16:27:29+00:00,cnsm-db-redis-01,cnsm.fault.active,0
2026-05-15T16:27:44+00:00,cnsm-db-redis-01,cnsm.fault.active,0
2026-05-15T16:27:59+00:00,cnsm-db-redis-01,cnsm.fault.active,0
2026-05-15T16:28:14+00:00,cnsm-db-redis-01,cnsm.fault.active,0
2026-05-15T16:28:29+00:00,cnsm-db-redis-01,cnsm.fault.active,0
2026-05-15T16:28:44+00:00,cnsm-db-redis-01,cnsm.fault.active,0
2026-05-15T16:28:59+00:00,cnsm-db-redis-01,cnsm.fault.active,0
2026-05-15T16:29:14+00:00,cnsm-db-redis-01,cnsm.fault.active,0
2026-05-15T16:29:29+00:00,cnsm-db-redis-01,cnsm.fault.active,0
2026-05-15T16:29:44+00:00,cnsm-db-redis-01,cnsm.fault.active,0
2026-05-15T16:29:59+00:00,cnsm-db-redis-01,cnsm.fault.active,0
2026-05-15T16:30:14+00:00,cnsm-db-redis-01,cnsm.fault.active,0
2026-05-15T16:30:29+00:00,cnsm-db-redis-01,cnsm.fault.active,0
2026-05-15T16:30:44+00:00,cnsm-db-redis-01,cnsm.fault.active,0
2026-05-15T16:30:59+00:00,cnsm-db-redis-01,cnsm.fault.active,0
2026-05-15T16:31:14+00:00,cnsm-db-redis-01,cnsm.fault.active,0
2026-05-15T16:31:29+00:00,cnsm-db-redis-01,cnsm.fault.active,0
2026-05-15T16:31:44+00:00,cnsm-db-redis-01,cnsm.fault.active,0
2026-05-15T16:31:59+00:00,cnsm-db-redis-01,cnsm.fault.active,0
2026-05-15T16:32:14+00:00,cnsm-db-redis-01,cnsm.fault.active,0
2026-05-15T16:32:29+00:00,cnsm-db-redis-01,cnsm.fault.active,0
2026-05-15T16:32:44+00:00,cnsm-db-redis-01,cnsm.fault.active,0
2026-05-15T16:32:59+00:00,cnsm-db-redis-01,cnsm.fault.active,0
2026-05-15T16:33:14+00:00,cnsm-db-redis-01,cnsm.fault.active,0
2026-05-15T16:33:29+00:00,cnsm-db-redis-01,cnsm.fault.active,0
2026-05-15T16:33:44+00:00,cnsm-db-redis-01,cnsm.fault.active,0
2026-05-15T16:33:59+00:00,cnsm-db-redis-01,cnsm.fault.active,0
2026-05-15T16:34:14+00:00,cnsm-db-redis-01,cnsm.fault.active,0
2026-05-15T16:34:29+00:00,cnsm-db-redis-01,cnsm.fault.active,0
2026-05-15T16:34:44+00:00,cnsm-db-redis-01,cnsm.fault.active,0
2026-05-15T16:34:59+00:00,cnsm-db-redis-01,cnsm.fault.active,0
2026-05-15T16:35:14+00:00,cnsm-db-redis-01,cnsm.fault.active,0
2026-05-15T16:35:29+00:00,cnsm-db-redis-01,cnsm.fault.active,0
2026-05-15T16:35:44+00:00,cnsm-db-redis-01,cnsm.fault.active,0
2026-05-15T16:35:59+00:00,cnsm-db-redis-01,cnsm.fault.active,0
2026-05-15T16:36:14+00:00,cnsm-db-redis-01,cnsm.fault.active,0
2026-05-15T16:36:29+00:00,cnsm-db-redis-01,cnsm.fault.active,0
2026-05-15T16:36:44+00:00,cnsm-db-redis-01,cnsm.fault.active,0
2026-05-15T16:36:59+00:00,cnsm-db-redis-01,cnsm.fault.active,0
2026-05-15T16:37:14+00:00,cnsm-db-redis-01,cnsm.fault.active,0
2026-05-15T16:37:29+00:00,cnsm-db-redis-01,cnsm.fault.active,0
2026-05-15T16:37:44+00:00,cnsm-db-redis-01,cnsm.fault.active,0
2026-05-15T16:37:59+00:00,cnsm-db-redis-01,cnsm.fault.active,0
2026-05-15T16:38:14+00:00,cnsm-db-redis-01,cnsm.fault.active,0
2026-05-15T16:38:29+00:00,cnsm-db-redis-01,cnsm.fault.active,0
2026-05-15T16:38:44+00:00,cnsm-db-redis-01,cnsm.fault.active,0
2026-05-15T16:38:59+00:00,cnsm-db-redis-01,cnsm.fault.active,0
2026-05-15T16:39:14+00:00,cnsm-db-redis-01,cnsm.fault.active,0
2026-05-15T16:39:29+00:00,cnsm-db-redis-01,cnsm.fault.active,0
2026-05-15T16:39:44+00:00,cnsm-db-redis-01,cnsm.fault.active,0
2026-05-15T16:39:59+00:00,cnsm-db-redis-01,cnsm.fault.active,0
2026-05-15T16:40:14+00:00,cnsm-db-redis-01,cnsm.fault.active,0
2026-05-15T16:40:29+00:00,cnsm-db-redis-01,cnsm.fault.active,0
2026-05-15T16:40:44+00:00,cnsm-db-redis-01,cnsm.fault.active,0
2026-05-15T16:40:59+00:00,cnsm-db-redis-01,cnsm.fault.active,0
2026-05-15T16:41:14+00:00,cnsm-db-redis-01,cnsm.fault.active,0
2026-05-15T16:41:29+00:00,cnsm-db-redis-01,cnsm.fault.active,0
2026-05-15T16:41:44+00:00,cnsm-db-redis-01,cnsm.fault.active,0
2026-05-15T16:41:59+00:00,cnsm-db-redis-01,cnsm.fault.active,0
2026-05-15T16:42:14+00:00,cnsm-db-redis-01,cnsm.fault.active,0
2026-05-15T16:42:29+00:00,cnsm-db-redis-01,cnsm.fault.active,0
2026-05-15T16:42:44+00:00,cnsm-db-redis-01,cnsm.fault.active,0
2026-05-15T16:42:59+00:00,cnsm-db-redis-01,cnsm.fault.active,0
2026-05-15T16:43:14+00:00,cnsm-db-redis-01,cnsm.fault.active,0
2026-05-15T16:43:29+00:00,cnsm-db-redis-01,cnsm.fault.active,0
2026-05-15T16:43:44+00:00,cnsm-db-redis-01,cnsm.fault.active,0
2026-05-15T16:43:59+00:00,cnsm-db-redis-01,cnsm.fault.active,0
2026-05-15T16:44:14+00:00,cnsm-db-redis-01,cnsm.fault.active,0
2026-05-15T16:44:29+00:00,cnsm-db-redis-01,cnsm.fault.active,0
2026-05-15T16:44:47+00:00,cnsm-db-redis-01,cnsm.fault.active,0
2026-05-15T16:44:59+00:00,cnsm-db-redis-01,cnsm.fault.active,0
2026-05-15T16:45:14+00:00,cnsm-db-redis-01,cnsm.fault.active,0
2026-05-15T16:45:29+00:00,cnsm-db-redis-01,cnsm.fault.active,0
2026-05-15T16:45:44+00:00,cnsm-db-redis-01,cnsm.fault.active,0
2026-05-15T16:45:59+00:00,cnsm-db-redis-01,cnsm.fault.active,0
2026-05-15T16:46:14+00:00,cnsm-db-redis-01,cnsm.fault.active,0
2026-05-15T16:46:29+00:00,cnsm-db-redis-01,cnsm.fault.active,0
2026-05-15T16:46:44+00:00,cnsm-db-redis-01,cnsm.fault.active,0
2026-05-15T16:46:59+00:00,cnsm-db-redis-01,cnsm.fault.active,0
2026-05-15T16:47:14+00:00,cnsm-db-redis-01,cnsm.fault.active,0
2026-05-15T16:47:29+00:00,cnsm-db-redis-01,cnsm.fault.active,0
2026-05-15T16:47:44+00:00,cnsm-db-redis-01,cnsm.fault.active,0
2026-05-15T16:47:59+00:00,cnsm-db-redis-01,cnsm.fault.active,0
2026-05-15T16:48:14+00:00,cnsm-db-redis-01,cnsm.fault.active,0
2026-05-15T16:48:29+00:00,cnsm-db-redis-01,cnsm.fault.active,0
2026-05-15T16:48:44+00:00,cnsm-db-redis-01,cnsm.fault.active,0
2026-05-15T16:48:59+00:00,cnsm-db-redis-01,cnsm.fault.active,0
2026-05-15T16:49:14+00:00,cnsm-db-redis-01,cnsm.fault.active,0
2026-05-15T16:49:29+00:00,cnsm-db-redis-01,cnsm.fault.active,0
2026-05-15T16:49:44+00:00,cnsm-db-redis-01,cnsm.fault.active,0
2026-05-15T16:49:59+00:00,cnsm-db-redis-01,cnsm.fault.active,0
2026-05-15T16:50:14+00:00,cnsm-db-redis-01,cnsm.fault.active,0
2026-05-15T16:50:29+00:00,cnsm-db-redis-01,cnsm.fault.active,0
2026-05-15T16:50:44+00:00,cnsm-db-redis-01,cnsm.fault.active,0
2026-05-15T16:50:59+00:00,cnsm-db-redis-01,cnsm.fault.active,0
2026-05-15T16:51:14+00:00,cnsm-db-redis-01,cnsm.fault.active,0
2026-05-15T16:51:29+00:00,cnsm-db-redis-01,cnsm.fault.active,0
2026-05-15T16:51:44+00:00,cnsm-db-redis-01,cnsm.fault.active,0
2026-05-15T15:24:45+00:00,cnsm-db-redis-01,cnsm.fault.class,none
2026-05-15T15:25:45+00:00,cnsm-db-redis-01,cnsm.fault.class,none
2026-05-15T15:26:45+00:00,cnsm-db-redis-01,cnsm.fault.class,none
2026-05-15T15:27:45+00:00,cnsm-db-redis-01,cnsm.fault.class,none
2026-05-15T15:28:45+00:00,cnsm-db-redis-01,cnsm.fault.class,none
2026-05-15T15:29:45+00:00,cnsm-db-redis-01,cnsm.fault.class,none
2026-05-15T15:30:45+00:00,cnsm-db-redis-01,cnsm.fault.class,none
2026-05-15T15:31:45+00:00,cnsm-db-redis-01,cnsm.fault.class,none
2026-05-15T15:32:45+00:00,cnsm-db-redis-01,cnsm.fault.class,none
2026-05-15T15:33:45+00:00,cnsm-db-redis-01,cnsm.fault.class,none
2026-05-15T15:34:45+00:00,cnsm-db-redis-01,cnsm.fault.class,none
2026-05-15T15:35:45+00:00,cnsm-db-redis-01,cnsm.fault.class,none
2026-05-15T15:36:45+00:00,cnsm-db-redis-01,cnsm.fault.class,none
2026-05-15T15:37:45+00:00,cnsm-db-redis-01,cnsm.fault.class,none
2026-05-15T15:38:45+00:00,cnsm-db-redis-01,cnsm.fault.class,none
2026-05-15T15:39:45+00:00,cnsm-db-redis-01,cnsm.fault.class,none
2026-05-15T15:40:45+00:00,cnsm-db-redis-01,cnsm.fault.class,none
2026-05-15T15:41:45+00:00,cnsm-db-redis-01,cnsm.fault.class,none
2026-05-15T15:42:45+00:00,cnsm-db-redis-01,cnsm.fault.class,none
2026-05-15T15:43:45+00:00,cnsm-db-redis-01,cnsm.fault.class,none
2026-05-15T15:44:45+00:00,cnsm-db-redis-01,cnsm.fault.class,none
2026-05-15T15:45:45+00:00,cnsm-db-redis-01,cnsm.fault.class,none
2026-05-15T15:46:45+00:00,cnsm-db-redis-01,cnsm.fault.class,none
2026-05-15T15:47:45+00:00,cnsm-db-redis-01,cnsm.fault.class,none
2026-05-15T15:48:45+00:00,cnsm-db-redis-01,cnsm.fault.class,none
2026-05-15T15:49:45+00:00,cnsm-db-redis-01,cnsm.fault.class,none
2026-05-15T15:50:45+00:00,cnsm-db-redis-01,cnsm.fault.class,none
2026-05-15T15:51:45+00:00,cnsm-db-redis-01,cnsm.fault.class,none
2026-05-15T15:52:45+00:00,cnsm-db-redis-01,cnsm.fault.class,none
2026-05-15T15:53:45+00:00,cnsm-db-redis-01,cnsm.fault.class,none
2026-05-15T15:54:45+00:00,cnsm-db-redis-01,cnsm.fault.class,memory_pressure
2026-05-15T15:55:45+00:00,cnsm-db-redis-01,cnsm.fault.class,memory_pressure
2026-05-15T15:56:45+00:00,cnsm-db-redis-01,cnsm.fault.class,memory_pressure
2026-05-15T15:57:45+00:00,cnsm-db-redis-01,cnsm.fault.class,memory_pressure
2026-05-15T15:58:45+00:00,cnsm-db-redis-01,cnsm.fault.class,memory_pressure
2026-05-15T15:59:45+00:00,cnsm-db-redis-01,cnsm.fault.class,memory_pressure
2026-05-15T16:00:45+00:00,cnsm-db-redis-01,cnsm.fault.class,memory_pressure
2026-05-15T16:01:45+00:00,cnsm-db-redis-01,cnsm.fault.class,memory_pressure
2026-05-15T16:02:45+00:00,cnsm-db-redis-01,cnsm.fault.class,memory_pressure
2026-05-15T16:03:45+00:00,cnsm-db-redis-01,cnsm.fault.class,memory_pressure
2026-05-15T16:04:45+00:00,cnsm-db-redis-01,cnsm.fault.class,memory_pressure
2026-05-15T16:05:45+00:00,cnsm-db-redis-01,cnsm.fault.class,memory_pressure
2026-05-15T16:06:45+00:00,cnsm-db-redis-01,cnsm.fault.class,memory_pressure
2026-05-15T16:07:45+00:00,cnsm-db-redis-01,cnsm.fault.class,memory_pressure
2026-05-15T16:08:45+00:00,cnsm-db-redis-01,cnsm.fault.class,memory_pressure
2026-05-15T16:09:45+00:00,cnsm-db-redis-01,cnsm.fault.class,memory_pressure
2026-05-15T16:10:45+00:00,cnsm-db-redis-01,cnsm.fault.class,memory_pressure
2026-05-15T16:11:45+00:00,cnsm-db-redis-01,cnsm.fault.class,memory_pressure
2026-05-15T16:12:45+00:00,cnsm-db-redis-01,cnsm.fault.class,memory_pressure
2026-05-15T16:13:45+00:00,cnsm-db-redis-01,cnsm.fault.class,memory_pressure
2026-05-15T16:14:45+00:00,cnsm-db-redis-01,cnsm.fault.class,memory_pressure
2026-05-15T16:15:45+00:00,cnsm-db-redis-01,cnsm.fault.class,memory_pressure
2026-05-15T16:16:45+00:00,cnsm-db-redis-01,cnsm.fault.class,memory_pressure
2026-05-15T16:17:45+00:00,cnsm-db-redis-01,cnsm.fault.class,memory_pressure
2026-05-15T16:18:45+00:00,cnsm-db-redis-01,cnsm.fault.class,memory_pressure
2026-05-15T16:19:45+00:00,cnsm-db-redis-01,cnsm.fault.class,memory_pressure
2026-05-15T16:20:45+00:00,cnsm-db-redis-01,cnsm.fault.class,memory_pressure
2026-05-15T16:21:45+00:00,cnsm-db-redis-01,cnsm.fault.class,memory_pressure
2026-05-15T16:22:45+00:00,cnsm-db-redis-01,cnsm.fault.class,none
2026-05-15T16:23:45+00:00,cnsm-db-redis-01,cnsm.fault.class,none
2026-05-15T16:24:45+00:00,cnsm-db-redis-01,cnsm.fault.class,none
2026-05-15T16:25:45+00:00,cnsm-db-redis-01,cnsm.fault.class,none
2026-05-15T16:26:45+00:00,cnsm-db-redis-01,cnsm.fault.class,none
2026-05-15T16:27:45+00:00,cnsm-db-redis-01,cnsm.fault.class,none
2026-05-15T16:28:45+00:00,cnsm-db-redis-01,cnsm.fault.class,none
2026-05-15T16:29:45+00:00,cnsm-db-redis-01,cnsm.fault.class,none
2026-05-15T16:30:45+00:00,cnsm-db-redis-01,cnsm.fault.class,none
2026-05-15T16:31:45+00:00,cnsm-db-redis-01,cnsm.fault.class,none
2026-05-15T16:32:45+00:00,cnsm-db-redis-01,cnsm.fault.class,none
2026-05-15T16:33:45+00:00,cnsm-db-redis-01,cnsm.fault.class,none
2026-05-15T16:34:45+00:00,cnsm-db-redis-01,cnsm.fault.class,none
2026-05-15T16:35:45+00:00,cnsm-db-redis-01,cnsm.fault.class,none
2026-05-15T16:36:45+00:00,cnsm-db-redis-01,cnsm.fault.class,none
2026-05-15T16:37:45+00:00,cnsm-db-redis-01,cnsm.fault.class,none
2026-05-15T16:38:45+00:00,cnsm-db-redis-01,cnsm.fault.class,none
2026-05-15T16:39:45+00:00,cnsm-db-redis-01,cnsm.fault.class,none
2026-05-15T16:40:45+00:00,cnsm-db-redis-01,cnsm.fault.class,none
2026-05-15T16:41:45+00:00,cnsm-db-redis-01,cnsm.fault.class,none
2026-05-15T16:42:45+00:00,cnsm-db-redis-01,cnsm.fault.class,none
2026-05-15T16:43:45+00:00,cnsm-db-redis-01,cnsm.fault.class,none
2026-05-15T16:44:47+00:00,cnsm-db-redis-01,cnsm.fault.class,none
2026-05-15T16:45:45+00:00,cnsm-db-redis-01,cnsm.fault.class,none
2026-05-15T16:46:45+00:00,cnsm-db-redis-01,cnsm.fault.class,none
2026-05-15T16:47:45+00:00,cnsm-db-redis-01,cnsm.fault.class,none
2026-05-15T16:48:45+00:00,cnsm-db-redis-01,cnsm.fault.class,none
2026-05-15T16:49:45+00:00,cnsm-db-redis-01,cnsm.fault.class,none
2026-05-15T16:50:45+00:00,cnsm-db-redis-01,cnsm.fault.class,none
2026-05-15T16:51:45+00:00,cnsm-db-redis-01,cnsm.fault.class,none
2026-05-15T15:24:28+00:00,cnsm-db-redis-01,cnsm.tcp.established,1
2026-05-15T15:25:28+00:00,cnsm-db-redis-01,cnsm.tcp.established,141
2026-05-15T15:26:28+00:00,cnsm-db-redis-01,cnsm.tcp.established,1
2026-05-15T15:27:28+00:00,cnsm-db-redis-01,cnsm.tcp.established,1
2026-05-15T15:28:28+00:00,cnsm-db-redis-01,cnsm.tcp.established,141
2026-05-15T15:29:28+00:00,cnsm-db-redis-01,cnsm.tcp.established,141
2026-05-15T15:30:28+00:00,cnsm-db-redis-01,cnsm.tcp.established,141
2026-05-15T15:31:28+00:00,cnsm-db-redis-01,cnsm.tcp.established,1
2026-05-15T15:32:28+00:00,cnsm-db-redis-01,cnsm.tcp.established,1
2026-05-15T15:33:28+00:00,cnsm-db-redis-01,cnsm.tcp.established,1
2026-05-15T15:34:28+00:00,cnsm-db-redis-01,cnsm.tcp.established,141
2026-05-15T15:35:28+00:00,cnsm-db-redis-01,cnsm.tcp.established,1
2026-05-15T15:36:28+00:00,cnsm-db-redis-01,cnsm.tcp.established,1
2026-05-15T15:37:28+00:00,cnsm-db-redis-01,cnsm.tcp.established,141
2026-05-15T15:38:28+00:00,cnsm-db-redis-01,cnsm.tcp.established,1
2026-05-15T15:39:28+00:00,cnsm-db-redis-01,cnsm.tcp.established,1
2026-05-15T15:40:27+00:00,cnsm-db-redis-01,cnsm.tcp.established,141
2026-05-15T15:41:28+00:00,cnsm-db-redis-01,cnsm.tcp.established,141
2026-05-15T15:42:28+00:00,cnsm-db-redis-01,cnsm.tcp.established,141
2026-05-15T15:43:28+00:00,cnsm-db-redis-01,cnsm.tcp.established,1
2026-05-15T15:44:28+00:00,cnsm-db-redis-01,cnsm.tcp.established,1
2026-05-15T15:45:28+00:00,cnsm-db-redis-01,cnsm.tcp.established,141
2026-05-15T15:46:28+00:00,cnsm-db-redis-01,cnsm.tcp.established,1
2026-05-15T15:47:28+00:00,cnsm-db-redis-01,cnsm.tcp.established,1
2026-05-15T15:48:28+00:00,cnsm-db-redis-01,cnsm.tcp.established,141
2026-05-15T15:49:28+00:00,cnsm-db-redis-01,cnsm.tcp.established,1
2026-05-15T15:50:28+00:00,cnsm-db-redis-01,cnsm.tcp.established,1
2026-05-15T15:51:28+00:00,cnsm-db-redis-01,cnsm.tcp.established,1
2026-05-15T15:52:27+00:00,cnsm-db-redis-01,cnsm.tcp.established,141
2026-05-15T15:53:28+00:00,cnsm-db-redis-01,cnsm.tcp.established,1
2026-05-15T15:54:28+00:00,cnsm-db-redis-01,cnsm.tcp.established,1
2026-05-15T15:55:28+00:00,cnsm-db-redis-01,cnsm.tcp.established,141
2026-05-15T15:56:28+00:00,cnsm-db-redis-01,cnsm.tcp.established,141
2026-05-15T15:57:28+00:00,cnsm-db-redis-01,cnsm.tcp.established,141
2026-05-15T15:58:28+00:00,cnsm-db-redis-01,cnsm.tcp.established,1
2026-05-15T15:59:28+00:00,cnsm-db-redis-01,cnsm.tcp.established,1
2026-05-15T16:00:28+00:00,cnsm-db-redis-01,cnsm.tcp.established,1
2026-05-15T16:01:28+00:00,cnsm-db-redis-01,cnsm.tcp.established,1
2026-05-15T16:02:28+00:00,cnsm-db-redis-01,cnsm.tcp.established,121
2026-05-15T16:03:28+00:00,cnsm-db-redis-01,cnsm.tcp.established,121
2026-05-15T16:04:28+00:00,cnsm-db-redis-01,cnsm.tcp.established,121
2026-05-15T16:05:28+00:00,cnsm-db-redis-01,cnsm.tcp.established,121
2026-05-15T16:06:28+00:00,cnsm-db-redis-01,cnsm.tcp.established,121
2026-05-15T16:07:28+00:00,cnsm-db-redis-01,cnsm.tcp.established,122
2026-05-15T16:08:28+00:00,cnsm-db-redis-01,cnsm.tcp.established,121
2026-05-15T16:09:28+00:00,cnsm-db-redis-01,cnsm.tcp.established,121
2026-05-15T16:10:27+00:00,cnsm-db-redis-01,cnsm.tcp.established,1
2026-05-15T16:11:28+00:00,cnsm-db-redis-01,cnsm.tcp.established,1
2026-05-15T16:12:28+00:00,cnsm-db-redis-01,cnsm.tcp.established,2
2026-05-15T16:13:28+00:00,cnsm-db-redis-01,cnsm.tcp.established,1
2026-05-15T16:14:28+00:00,cnsm-db-redis-01,cnsm.tcp.established,2
2026-05-15T16:15:28+00:00,cnsm-db-redis-01,cnsm.tcp.established,1
2026-05-15T16:16:28+00:00,cnsm-db-redis-01,cnsm.tcp.established,1
2026-05-15T16:17:28+00:00,cnsm-db-redis-01,cnsm.tcp.established,1
2026-05-15T16:18:28+00:00,cnsm-db-redis-01,cnsm.tcp.established,1
2026-05-15T16:19:28+00:00,cnsm-db-redis-01,cnsm.tcp.established,1
2026-05-15T16:20:28+00:00,cnsm-db-redis-01,cnsm.tcp.established,2
2026-05-15T16:21:28+00:00,cnsm-db-redis-01,cnsm.tcp.established,1
2026-05-15T16:22:28+00:00,cnsm-db-redis-01,cnsm.tcp.established,2
2026-05-15T16:23:28+00:00,cnsm-db-redis-01,cnsm.tcp.established,1
2026-05-15T16:24:28+00:00,cnsm-db-redis-01,cnsm.tcp.established,2
2026-05-15T16:25:28+00:00,cnsm-db-redis-01,cnsm.tcp.established,1
2026-05-15T16:26:28+00:00,cnsm-db-redis-01,cnsm.tcp.established,1
2026-05-15T16:27:28+00:00,cnsm-db-redis-01,cnsm.tcp.established,2
2026-05-15T16:28:28+00:00,cnsm-db-redis-01,cnsm.tcp.established,1
2026-05-15T16:29:28+00:00,cnsm-db-redis-01,cnsm.tcp.established,2
2026-05-15T16:30:28+00:00,cnsm-db-redis-01,cnsm.tcp.established,1
2026-05-15T16:31:28+00:00,cnsm-db-redis-01,cnsm.tcp.established,1
2026-05-15T16:32:28+00:00,cnsm-db-redis-01,cnsm.tcp.established,1
2026-05-15T16:33:28+00:00,cnsm-db-redis-01,cnsm.tcp.established,2
2026-05-15T16:34:28+00:00,cnsm-db-redis-01,cnsm.tcp.established,121
2026-05-15T16:35:28+00:00,cnsm-db-redis-01,cnsm.tcp.established,121
2026-05-15T16:36:28+00:00,cnsm-db-redis-01,cnsm.tcp.established,1
2026-05-15T16:37:28+00:00,cnsm-db-redis-01,cnsm.tcp.established,2
2026-05-15T16:38:28+00:00,cnsm-db-redis-01,cnsm.tcp.established,1
2026-05-15T16:39:28+00:00,cnsm-db-redis-01,cnsm.tcp.established,1
2026-05-15T16:40:28+00:00,cnsm-db-redis-01,cnsm.tcp.established,1
2026-05-15T16:41:28+00:00,cnsm-db-redis-01,cnsm.tcp.established,1
2026-05-15T16:42:28+00:00,cnsm-db-redis-01,cnsm.tcp.established,121
2026-05-15T16:43:28+00:00,cnsm-db-redis-01,cnsm.tcp.established,122
2026-05-15T16:44:28+00:00,cnsm-db-redis-01,cnsm.tcp.established,2
2026-05-15T16:45:28+00:00,cnsm-db-redis-01,cnsm.tcp.established,1
2026-05-15T16:46:28+00:00,cnsm-db-redis-01,cnsm.tcp.established,1
2026-05-15T16:47:28+00:00,cnsm-db-redis-01,cnsm.tcp.established,1
2026-05-15T16:48:28+00:00,cnsm-db-redis-01,cnsm.tcp.established,121
2026-05-15T16:49:27+00:00,cnsm-db-redis-01,cnsm.tcp.established,121
2026-05-15T16:50:28+00:00,cnsm-db-redis-01,cnsm.tcp.established,122
2026-05-15T16:51:28+00:00,cnsm-db-redis-01,cnsm.tcp.established,1
2026-05-15T15:24:28+00:00,cnsm-db-redis-01,cnsm.tcp.listen,7
2026-05-15T15:25:28+00:00,cnsm-db-redis-01,cnsm.tcp.listen,7
2026-05-15T15:26:28+00:00,cnsm-db-redis-01,cnsm.tcp.listen,7
2026-05-15T15:27:28+00:00,cnsm-db-redis-01,cnsm.tcp.listen,7
2026-05-15T15:28:28+00:00,cnsm-db-redis-01,cnsm.tcp.listen,7
2026-05-15T15:29:28+00:00,cnsm-db-redis-01,cnsm.tcp.listen,7
2026-05-15T15:30:28+00:00,cnsm-db-redis-01,cnsm.tcp.listen,7
2026-05-15T15:31:28+00:00,cnsm-db-redis-01,cnsm.tcp.listen,7
2026-05-15T15:32:28+00:00,cnsm-db-redis-01,cnsm.tcp.listen,7
2026-05-15T15:33:28+00:00,cnsm-db-redis-01,cnsm.tcp.listen,7
2026-05-15T15:34:28+00:00,cnsm-db-redis-01,cnsm.tcp.listen,7
2026-05-15T15:35:28+00:00,cnsm-db-redis-01,cnsm.tcp.listen,7
2026-05-15T15:36:28+00:00,cnsm-db-redis-01,cnsm.tcp.listen,7
2026-05-15T15:37:28+00:00,cnsm-db-redis-01,cnsm.tcp.listen,7
2026-05-15T15:38:28+00:00,cnsm-db-redis-01,cnsm.tcp.listen,7
2026-05-15T15:39:28+00:00,cnsm-db-redis-01,cnsm.tcp.listen,7
2026-05-15T15:40:28+00:00,cnsm-db-redis-01,cnsm.tcp.listen,7
2026-05-15T15:41:28+00:00,cnsm-db-redis-01,cnsm.tcp.listen,7
2026-05-15T15:42:28+00:00,cnsm-db-redis-01,cnsm.tcp.listen,7
2026-05-15T15:43:28+00:00,cnsm-db-redis-01,cnsm.tcp.listen,7
2026-05-15T15:44:28+00:00,cnsm-db-redis-01,cnsm.tcp.listen,7
2026-05-15T15:45:28+00:00,cnsm-db-redis-01,cnsm.tcp.listen,7
2026-05-15T15:46:28+00:00,cnsm-db-redis-01,cnsm.tcp.listen,7
2026-05-15T15:47:28+00:00,cnsm-db-redis-01,cnsm.tcp.listen,7
2026-05-15T15:48:28+00:00,cnsm-db-redis-01,cnsm.tcp.listen,7
2026-05-15T15:49:28+00:00,cnsm-db-redis-01,cnsm.tcp.listen,7
2026-05-15T15:50:28+00:00,cnsm-db-redis-01,cnsm.tcp.listen,7
2026-05-15T15:51:28+00:00,cnsm-db-redis-01,cnsm.tcp.listen,7
2026-05-15T15:52:29+00:00,cnsm-db-redis-01,cnsm.tcp.listen,7
2026-05-15T15:53:28+00:00,cnsm-db-redis-01,cnsm.tcp.listen,7
2026-05-15T15:54:28+00:00,cnsm-db-redis-01,cnsm.tcp.listen,7
2026-05-15T15:55:28+00:00,cnsm-db-redis-01,cnsm.tcp.listen,7
2026-05-15T15:56:28+00:00,cnsm-db-redis-01,cnsm.tcp.listen,7
2026-05-15T15:57:28+00:00,cnsm-db-redis-01,cnsm.tcp.listen,7
2026-05-15T15:58:28+00:00,cnsm-db-redis-01,cnsm.tcp.listen,7
2026-05-15T15:59:28+00:00,cnsm-db-redis-01,cnsm.tcp.listen,7
2026-05-15T16:00:28+00:00,cnsm-db-redis-01,cnsm.tcp.listen,7
2026-05-15T16:01:28+00:00,cnsm-db-redis-01,cnsm.tcp.listen,7
2026-05-15T16:02:28+00:00,cnsm-db-redis-01,cnsm.tcp.listen,7
2026-05-15T16:03:28+00:00,cnsm-db-redis-01,cnsm.tcp.listen,7
2026-05-15T16:04:28+00:00,cnsm-db-redis-01,cnsm.tcp.listen,7
2026-05-15T16:05:28+00:00,cnsm-db-redis-01,cnsm.tcp.listen,7
2026-05-15T16:06:28+00:00,cnsm-db-redis-01,cnsm.tcp.listen,7
2026-05-15T16:07:28+00:00,cnsm-db-redis-01,cnsm.tcp.listen,7
2026-05-15T16:08:28+00:00,cnsm-db-redis-01,cnsm.tcp.listen,7
2026-05-15T16:09:28+00:00,cnsm-db-redis-01,cnsm.tcp.listen,7
2026-05-15T16:10:28+00:00,cnsm-db-redis-01,cnsm.tcp.listen,7
2026-05-15T16:11:28+00:00,cnsm-db-redis-01,cnsm.tcp.listen,7
2026-05-15T16:12:28+00:00,cnsm-db-redis-01,cnsm.tcp.listen,7
2026-05-15T16:13:28+00:00,cnsm-db-redis-01,cnsm.tcp.listen,7
2026-05-15T16:14:28+00:00,cnsm-db-redis-01,cnsm.tcp.listen,7
2026-05-15T16:15:28+00:00,cnsm-db-redis-01,cnsm.tcp.listen,7
2026-05-15T16:16:28+00:00,cnsm-db-redis-01,cnsm.tcp.listen,7
2026-05-15T16:17:28+00:00,cnsm-db-redis-01,cnsm.tcp.listen,7
2026-05-15T16:18:28+00:00,cnsm-db-redis-01,cnsm.tcp.listen,7
2026-05-15T16:19:28+00:00,cnsm-db-redis-01,cnsm.tcp.listen,7
2026-05-15T16:20:28+00:00,cnsm-db-redis-01,cnsm.tcp.listen,7
2026-05-15T16:21:28+00:00,cnsm-db-redis-01,cnsm.tcp.listen,7
2026-05-15T16:22:28+00:00,cnsm-db-redis-01,cnsm.tcp.listen,7
2026-05-15T16:23:28+00:00,cnsm-db-redis-01,cnsm.tcp.listen,7
2026-05-15T16:24:28+00:00,cnsm-db-redis-01,cnsm.tcp.listen,7
2026-05-15T16:25:28+00:00,cnsm-db-redis-01,cnsm.tcp.listen,7
2026-05-15T16:26:28+00:00,cnsm-db-redis-01,cnsm.tcp.listen,7
2026-05-15T16:27:28+00:00,cnsm-db-redis-01,cnsm.tcp.listen,7
2026-05-15T16:28:28+00:00,cnsm-db-redis-01,cnsm.tcp.listen,7
2026-05-15T16:29:28+00:00,cnsm-db-redis-01,cnsm.tcp.listen,7
2026-05-15T16:30:28+00:00,cnsm-db-redis-01,cnsm.tcp.listen,7
2026-05-15T16:31:28+00:00,cnsm-db-redis-01,cnsm.tcp.listen,7
2026-05-15T16:32:28+00:00,cnsm-db-redis-01,cnsm.tcp.listen,7
2026-05-15T16:33:28+00:00,cnsm-db-redis-01,cnsm.tcp.listen,7
2026-05-15T16:34:28+00:00,cnsm-db-redis-01,cnsm.tcp.listen,7
2026-05-15T16:35:28+00:00,cnsm-db-redis-01,cnsm.tcp.listen,7
2026-05-15T16:36:28+00:00,cnsm-db-redis-01,cnsm.tcp.listen,7
2026-05-15T16:37:28+00:00,cnsm-db-redis-01,cnsm.tcp.listen,7
2026-05-15T16:38:28+00:00,cnsm-db-redis-01,cnsm.tcp.listen,7
2026-05-15T16:39:28+00:00,cnsm-db-redis-01,cnsm.tcp.listen,7
2026-05-15T16:40:28+00:00,cnsm-db-redis-01,cnsm.tcp.listen,7
2026-05-15T16:41:28+00:00,cnsm-db-redis-01,cnsm.tcp.listen,7
2026-05-15T16:42:28+00:00,cnsm-db-redis-01,cnsm.tcp.listen,7
2026-05-15T16:43:28+00:00,cnsm-db-redis-01,cnsm.tcp.listen,7
2026-05-15T16:44:28+00:00,cnsm-db-redis-01,cnsm.tcp.listen,7
2026-05-15T16:45:28+00:00,cnsm-db-redis-01,cnsm.tcp.listen,7
2026-05-15T16:46:28+00:00,cnsm-db-redis-01,cnsm.tcp.listen,7
2026-05-15T16:47:28+00:00,cnsm-db-redis-01,cnsm.tcp.listen,7
2026-05-15T16:48:28+00:00,cnsm-db-redis-01,cnsm.tcp.listen,7
2026-05-15T16:49:28+00:00,cnsm-db-redis-01,cnsm.tcp.listen,7
2026-05-15T16:50:28+00:00,cnsm-db-redis-01,cnsm.tcp.listen,7
2026-05-15T16:51:28+00:00,cnsm-db-redis-01,cnsm.tcp.listen,7
2026-05-15T15:24:30+00:00,cnsm-db-redis-01,cnsm.tcp.timewait,1015
2026-05-15T15:25:30+00:00,cnsm-db-redis-01,cnsm.tcp.timewait,1040
2026-05-15T15:26:30+00:00,cnsm-db-redis-01,cnsm.tcp.timewait,857
2026-05-15T15:27:30+00:00,cnsm-db-redis-01,cnsm.tcp.timewait,989
2026-05-15T15:28:30+00:00,cnsm-db-redis-01,cnsm.tcp.timewait,1015
2026-05-15T15:29:30+00:00,cnsm-db-redis-01,cnsm.tcp.timewait,997
2026-05-15T15:30:30+00:00,cnsm-db-redis-01,cnsm.tcp.timewait,1033
2026-05-15T15:31:30+00:00,cnsm-db-redis-01,cnsm.tcp.timewait,1018
2026-05-15T15:32:30+00:00,cnsm-db-redis-01,cnsm.tcp.timewait,993
2026-05-15T15:33:30+00:00,cnsm-db-redis-01,cnsm.tcp.timewait,940
2026-05-15T15:34:30+00:00,cnsm-db-redis-01,cnsm.tcp.timewait,1003
2026-05-15T15:35:30+00:00,cnsm-db-redis-01,cnsm.tcp.timewait,832
2026-05-15T15:36:30+00:00,cnsm-db-redis-01,cnsm.tcp.timewait,987
2026-05-15T15:37:30+00:00,cnsm-db-redis-01,cnsm.tcp.timewait,950
2026-05-15T15:38:30+00:00,cnsm-db-redis-01,cnsm.tcp.timewait,827
2026-05-15T15:39:30+00:00,cnsm-db-redis-01,cnsm.tcp.timewait,999
2026-05-15T15:40:30+00:00,cnsm-db-redis-01,cnsm.tcp.timewait,976
2026-05-15T15:41:30+00:00,cnsm-db-redis-01,cnsm.tcp.timewait,890
2026-05-15T15:42:30+00:00,cnsm-db-redis-01,cnsm.tcp.timewait,1029
2026-05-15T15:43:30+00:00,cnsm-db-redis-01,cnsm.tcp.timewait,978
2026-05-15T15:44:30+00:00,cnsm-db-redis-01,cnsm.tcp.timewait,1015
2026-05-15T15:45:30+00:00,cnsm-db-redis-01,cnsm.tcp.timewait,966
2026-05-15T15:46:30+00:00,cnsm-db-redis-01,cnsm.tcp.timewait,895
2026-05-15T15:47:30+00:00,cnsm-db-redis-01,cnsm.tcp.timewait,979
2026-05-15T15:48:30+00:00,cnsm-db-redis-01,cnsm.tcp.timewait,947
2026-05-15T15:49:30+00:00,cnsm-db-redis-01,cnsm.tcp.timewait,921
2026-05-15T15:50:30+00:00,cnsm-db-redis-01,cnsm.tcp.timewait,999
2026-05-15T15:51:30+00:00,cnsm-db-redis-01,cnsm.tcp.timewait,1007
2026-05-15T15:52:29+00:00,cnsm-db-redis-01,cnsm.tcp.timewait,819
2026-05-15T15:53:30+00:00,cnsm-db-redis-01,cnsm.tcp.timewait,918
2026-05-15T15:54:30+00:00,cnsm-db-redis-01,cnsm.tcp.timewait,1000
2026-05-15T15:55:30+00:00,cnsm-db-redis-01,cnsm.tcp.timewait,983
2026-05-15T15:56:30+00:00,cnsm-db-redis-01,cnsm.tcp.timewait,1043
2026-05-15T15:57:30+00:00,cnsm-db-redis-01,cnsm.tcp.timewait,1067
2026-05-15T15:58:30+00:00,cnsm-db-redis-01,cnsm.tcp.timewait,935
2026-05-15T15:59:30+00:00,cnsm-db-redis-01,cnsm.tcp.timewait,1013
2026-05-15T16:00:30+00:00,cnsm-db-redis-01,cnsm.tcp.timewait,916
2026-05-15T16:01:30+00:00,cnsm-db-redis-01,cnsm.tcp.timewait,816
2026-05-15T16:02:30+00:00,cnsm-db-redis-01,cnsm.tcp.timewait,896
2026-05-15T16:03:30+00:00,cnsm-db-redis-01,cnsm.tcp.timewait,843
2026-05-15T16:04:30+00:00,cnsm-db-redis-01,cnsm.tcp.timewait,818
2026-05-15T16:05:30+00:00,cnsm-db-redis-01,cnsm.tcp.timewait,933
2026-05-15T16:06:30+00:00,cnsm-db-redis-01,cnsm.tcp.timewait,812
2026-05-15T16:07:30+00:00,cnsm-db-redis-01,cnsm.tcp.timewait,975
2026-05-15T16:08:30+00:00,cnsm-db-redis-01,cnsm.tcp.timewait,913
2026-05-15T16:09:30+00:00,cnsm-db-redis-01,cnsm.tcp.timewait,826
2026-05-15T16:10:30+00:00,cnsm-db-redis-01,cnsm.tcp.timewait,918
2026-05-15T16:11:30+00:00,cnsm-db-redis-01,cnsm.tcp.timewait,859
2026-05-15T16:12:30+00:00,cnsm-db-redis-01,cnsm.tcp.timewait,804
2026-05-15T16:13:30+00:00,cnsm-db-redis-01,cnsm.tcp.timewait,819
2026-05-15T16:14:30+00:00,cnsm-db-redis-01,cnsm.tcp.timewait,850
2026-05-15T16:15:30+00:00,cnsm-db-redis-01,cnsm.tcp.timewait,858
2026-05-15T16:16:30+00:00,cnsm-db-redis-01,cnsm.tcp.timewait,802
2026-05-15T16:17:30+00:00,cnsm-db-redis-01,cnsm.tcp.timewait,852
2026-05-15T16:18:30+00:00,cnsm-db-redis-01,cnsm.tcp.timewait,853
2026-05-15T16:19:30+00:00,cnsm-db-redis-01,cnsm.tcp.timewait,898
2026-05-15T16:20:30+00:00,cnsm-db-redis-01,cnsm.tcp.timewait,858
2026-05-15T16:21:30+00:00,cnsm-db-redis-01,cnsm.tcp.timewait,852
2026-05-15T16:22:30+00:00,cnsm-db-redis-01,cnsm.tcp.timewait,846
2026-05-15T16:23:30+00:00,cnsm-db-redis-01,cnsm.tcp.timewait,837
2026-05-15T16:24:30+00:00,cnsm-db-redis-01,cnsm.tcp.timewait,875
2026-05-15T16:25:30+00:00,cnsm-db-redis-01,cnsm.tcp.timewait,852
2026-05-15T16:26:30+00:00,cnsm-db-redis-01,cnsm.tcp.timewait,820
2026-05-15T16:27:30+00:00,cnsm-db-redis-01,cnsm.tcp.timewait,762
2026-05-15T16:28:30+00:00,cnsm-db-redis-01,cnsm.tcp.timewait,877
2026-05-15T16:29:30+00:00,cnsm-db-redis-01,cnsm.tcp.timewait,849
2026-05-15T16:30:30+00:00,cnsm-db-redis-01,cnsm.tcp.timewait,898
2026-05-15T16:31:30+00:00,cnsm-db-redis-01,cnsm.tcp.timewait,857
2026-05-15T16:32:30+00:00,cnsm-db-redis-01,cnsm.tcp.timewait,799
2026-05-15T16:33:30+00:00,cnsm-db-redis-01,cnsm.tcp.timewait,886
2026-05-15T16:34:30+00:00,cnsm-db-redis-01,cnsm.tcp.timewait,832
2026-05-15T16:35:30+00:00,cnsm-db-redis-01,cnsm.tcp.timewait,808
2026-05-15T16:36:30+00:00,cnsm-db-redis-01,cnsm.tcp.timewait,840
2026-05-15T16:37:30+00:00,cnsm-db-redis-01,cnsm.tcp.timewait,848
2026-05-15T16:38:30+00:00,cnsm-db-redis-01,cnsm.tcp.timewait,844
2026-05-15T16:39:30+00:00,cnsm-db-redis-01,cnsm.tcp.timewait,848
2026-05-15T16:40:30+00:00,cnsm-db-redis-01,cnsm.tcp.timewait,790
2026-05-15T16:41:30+00:00,cnsm-db-redis-01,cnsm.tcp.timewait,849
2026-05-15T16:42:30+00:00,cnsm-db-redis-01,cnsm.tcp.timewait,908
2026-05-15T16:43:30+00:00,cnsm-db-redis-01,cnsm.tcp.timewait,847
2026-05-15T16:44:30+00:00,cnsm-db-redis-01,cnsm.tcp.timewait,933
2026-05-15T16:45:30+00:00,cnsm-db-redis-01,cnsm.tcp.timewait,897
2026-05-15T16:46:30+00:00,cnsm-db-redis-01,cnsm.tcp.timewait,874
2026-05-15T16:47:30+00:00,cnsm-db-redis-01,cnsm.tcp.timewait,889
2026-05-15T16:48:30+00:00,cnsm-db-redis-01,cnsm.tcp.timewait,877
2026-05-15T16:49:30+00:00,cnsm-db-redis-01,cnsm.tcp.timewait,840
2026-05-15T16:50:30+00:00,cnsm-db-redis-01,cnsm.tcp.timewait,912
2026-05-15T16:51:30+00:00,cnsm-db-redis-01,cnsm.tcp.timewait,843
2026-05-15T15:24:30+00:00,cnsm-db-redis-01,cnsm.workload.heartbeat,1
2026-05-15T15:25:30+00:00,cnsm-db-redis-01,cnsm.workload.heartbeat,1
2026-05-15T15:26:30+00:00,cnsm-db-redis-01,cnsm.workload.heartbeat,1
2026-05-15T15:27:30+00:00,cnsm-db-redis-01,cnsm.workload.heartbeat,1
2026-05-15T15:28:30+00:00,cnsm-db-redis-01,cnsm.workload.heartbeat,1
2026-05-15T15:29:30+00:00,cnsm-db-redis-01,cnsm.workload.heartbeat,1
2026-05-15T15:30:30+00:00,cnsm-db-redis-01,cnsm.workload.heartbeat,1
2026-05-15T15:31:30+00:00,cnsm-db-redis-01,cnsm.workload.heartbeat,1
2026-05-15T15:32:30+00:00,cnsm-db-redis-01,cnsm.workload.heartbeat,1
2026-05-15T15:33:30+00:00,cnsm-db-redis-01,cnsm.workload.heartbeat,1
2026-05-15T15:34:30+00:00,cnsm-db-redis-01,cnsm.workload.heartbeat,1
2026-05-15T15:35:30+00:00,cnsm-db-redis-01,cnsm.workload.heartbeat,1
2026-05-15T15:36:30+00:00,cnsm-db-redis-01,cnsm.workload.heartbeat,1
2026-05-15T15:37:30+00:00,cnsm-db-redis-01,cnsm.workload.heartbeat,1
2026-05-15T15:38:30+00:00,cnsm-db-redis-01,cnsm.workload.heartbeat,1
2026-05-15T15:39:30+00:00,cnsm-db-redis-01,cnsm.workload.heartbeat,1
2026-05-15T15:40:30+00:00,cnsm-db-redis-01,cnsm.workload.heartbeat,1
2026-05-15T15:41:30+00:00,cnsm-db-redis-01,cnsm.workload.heartbeat,1
2026-05-15T15:42:30+00:00,cnsm-db-redis-01,cnsm.workload.heartbeat,1
2026-05-15T15:43:30+00:00,cnsm-db-redis-01,cnsm.workload.heartbeat,1
2026-05-15T15:44:30+00:00,cnsm-db-redis-01,cnsm.workload.heartbeat,1
2026-05-15T15:45:30+00:00,cnsm-db-redis-01,cnsm.workload.heartbeat,1
2026-05-15T15:46:30+00:00,cnsm-db-redis-01,cnsm.workload.heartbeat,1
2026-05-15T15:47:30+00:00,cnsm-db-redis-01,cnsm.workload.heartbeat,1
2026-05-15T15:48:30+00:00,cnsm-db-redis-01,cnsm.workload.heartbeat,1
2026-05-15T15:49:30+00:00,cnsm-db-redis-01,cnsm.workload.heartbeat,1
2026-05-15T15:50:30+00:00,cnsm-db-redis-01,cnsm.workload.heartbeat,1
2026-05-15T15:51:30+00:00,cnsm-db-redis-01,cnsm.workload.heartbeat,1
2026-05-15T15:52:30+00:00,cnsm-db-redis-01,cnsm.workload.heartbeat,1
2026-05-15T15:53:30+00:00,cnsm-db-redis-01,cnsm.workload.heartbeat,1
2026-05-15T15:54:30+00:00,cnsm-db-redis-01,cnsm.workload.heartbeat,1
2026-05-15T15:55:30+00:00,cnsm-db-redis-01,cnsm.workload.heartbeat,1
2026-05-15T15:56:30+00:00,cnsm-db-redis-01,cnsm.workload.heartbeat,1
2026-05-15T15:57:30+00:00,cnsm-db-redis-01,cnsm.workload.heartbeat,1
2026-05-15T15:58:30+00:00,cnsm-db-redis-01,cnsm.workload.heartbeat,1
2026-05-15T15:59:30+00:00,cnsm-db-redis-01,cnsm.workload.heartbeat,1
2026-05-15T16:00:30+00:00,cnsm-db-redis-01,cnsm.workload.heartbeat,1
2026-05-15T16:01:30+00:00,cnsm-db-redis-01,cnsm.workload.heartbeat,1
2026-05-15T16:02:30+00:00,cnsm-db-redis-01,cnsm.workload.heartbeat,1
2026-05-15T16:03:30+00:00,cnsm-db-redis-01,cnsm.workload.heartbeat,1
2026-05-15T16:04:30+00:00,cnsm-db-redis-01,cnsm.workload.heartbeat,1
2026-05-15T16:05:30+00:00,cnsm-db-redis-01,cnsm.workload.heartbeat,1
2026-05-15T16:06:30+00:00,cnsm-db-redis-01,cnsm.workload.heartbeat,1
2026-05-15T16:07:30+00:00,cnsm-db-redis-01,cnsm.workload.heartbeat,1
2026-05-15T16:08:30+00:00,cnsm-db-redis-01,cnsm.workload.heartbeat,1
2026-05-15T16:09:30+00:00,cnsm-db-redis-01,cnsm.workload.heartbeat,1
2026-05-15T16:10:30+00:00,cnsm-db-redis-01,cnsm.workload.heartbeat,1
2026-05-15T16:11:30+00:00,cnsm-db-redis-01,cnsm.workload.heartbeat,1
2026-05-15T16:12:30+00:00,cnsm-db-redis-01,cnsm.workload.heartbeat,1
2026-05-15T16:13:30+00:00,cnsm-db-redis-01,cnsm.workload.heartbeat,1
2026-05-15T16:14:30+00:00,cnsm-db-redis-01,cnsm.workload.heartbeat,1
2026-05-15T16:15:30+00:00,cnsm-db-redis-01,cnsm.workload.heartbeat,1
2026-05-15T16:16:30+00:00,cnsm-db-redis-01,cnsm.workload.heartbeat,1
2026-05-15T16:17:30+00:00,cnsm-db-redis-01,cnsm.workload.heartbeat,1
2026-05-15T16:18:30+00:00,cnsm-db-redis-01,cnsm.workload.heartbeat,1
2026-05-15T16:19:30+00:00,cnsm-db-redis-01,cnsm.workload.heartbeat,1
2026-05-15T16:20:30+00:00,cnsm-db-redis-01,cnsm.workload.heartbeat,1
2026-05-15T16:21:30+00:00,cnsm-db-redis-01,cnsm.workload.heartbeat,1
2026-05-15T16:22:30+00:00,cnsm-db-redis-01,cnsm.workload.heartbeat,1
2026-05-15T16:23:30+00:00,cnsm-db-redis-01,cnsm.workload.heartbeat,1
2026-05-15T16:24:30+00:00,cnsm-db-redis-01,cnsm.workload.heartbeat,1
2026-05-15T16:25:30+00:00,cnsm-db-redis-01,cnsm.workload.heartbeat,1
2026-05-15T16:26:30+00:00,cnsm-db-redis-01,cnsm.workload.heartbeat,1
2026-05-15T16:27:30+00:00,cnsm-db-redis-01,cnsm.workload.heartbeat,1
2026-05-15T16:28:30+00:00,cnsm-db-redis-01,cnsm.workload.heartbeat,1
2026-05-15T16:29:30+00:00,cnsm-db-redis-01,cnsm.workload.heartbeat,1
2026-05-15T16:30:30+00:00,cnsm-db-redis-01,cnsm.workload.heartbeat,1
2026-05-15T16:31:30+00:00,cnsm-db-redis-01,cnsm.workload.heartbeat,1
2026-05-15T16:32:30+00:00,cnsm-db-redis-01,cnsm.workload.heartbeat,1
2026-05-15T16:33:30+00:00,cnsm-db-redis-01,cnsm.workload.heartbeat,1
2026-05-15T16:34:30+00:00,cnsm-db-redis-01,cnsm.workload.heartbeat,1
2026-05-15T16:35:30+00:00,cnsm-db-redis-01,cnsm.workload.heartbeat,1
2026-05-15T16:36:30+00:00,cnsm-db-redis-01,cnsm.workload.heartbeat,1
2026-05-15T16:37:30+00:00,cnsm-db-redis-01,cnsm.workload.heartbeat,1
2026-05-15T16:38:30+00:00,cnsm-db-redis-01,cnsm.workload.heartbeat,1
2026-05-15T16:39:30+00:00,cnsm-db-redis-01,cnsm.workload.heartbeat,1
2026-05-15T16:40:30+00:00,cnsm-db-redis-01,cnsm.workload.heartbeat,1
2026-05-15T16:41:30+00:00,cnsm-db-redis-01,cnsm.workload.heartbeat,1
2026-05-15T16:42:30+00:00,cnsm-db-redis-01,cnsm.workload.heartbeat,1
2026-05-15T16:43:30+00:00,cnsm-db-redis-01,cnsm.workload.heartbeat,1
2026-05-15T16:44:30+00:00,cnsm-db-redis-01,cnsm.workload.heartbeat,1
2026-05-15T16:45:30+00:00,cnsm-db-redis-01,cnsm.workload.heartbeat,1
2026-05-15T16:46:30+00:00,cnsm-db-redis-01,cnsm.workload.heartbeat,1
2026-05-15T16:47:30+00:00,cnsm-db-redis-01,cnsm.workload.heartbeat,1
2026-05-15T16:48:30+00:00,cnsm-db-redis-01,cnsm.workload.heartbeat,1
2026-05-15T16:49:30+00:00,cnsm-db-redis-01,cnsm.workload.heartbeat,1
2026-05-15T16:50:30+00:00,cnsm-db-redis-01,cnsm.workload.heartbeat,1
2026-05-15T16:51:30+00:00,cnsm-db-redis-01,cnsm.workload.heartbeat,1
2026-05-15T15:24:20+00:00,cnsm-db-redis-01,system.cpu.switches,9856.107888875847
2026-05-15T15:25:20+00:00,cnsm-db-redis-01,system.cpu.switches,9864.579062332306
2026-05-15T15:26:20+00:00,cnsm-db-redis-01,system.cpu.switches,10396.270533853649
2026-05-15T15:27:20+00:00,cnsm-db-redis-01,system.cpu.switches,11511.494420437326
2026-05-15T15:28:20+00:00,cnsm-db-redis-01,system.cpu.switches,9900.194719198409
2026-05-15T15:29:20+00:00,cnsm-db-redis-01,system.cpu.switches,9094.513150347397
2026-05-15T15:30:20+00:00,cnsm-db-redis-01,system.cpu.switches,10026.17465567056
2026-05-15T15:31:20+00:00,cnsm-db-redis-01,system.cpu.switches,7404.406334224914
2026-05-15T15:32:20+00:00,cnsm-db-redis-01,system.cpu.switches,9491.188516006578
2026-05-15T15:33:20+00:00,cnsm-db-redis-01,system.cpu.switches,9814.234077854071
2026-05-15T15:34:20+00:00,cnsm-db-redis-01,system.cpu.switches,9781.931033260871
2026-05-15T15:35:20+00:00,cnsm-db-redis-01,system.cpu.switches,10057.144344999502
2026-05-15T15:36:20+00:00,cnsm-db-redis-01,system.cpu.switches,11686.26797487792
2026-05-15T15:37:20+00:00,cnsm-db-redis-01,system.cpu.switches,11068.257357454602
2026-05-15T15:38:20+00:00,cnsm-db-redis-01,system.cpu.switches,9398.617364415511
2026-05-15T15:39:20+00:00,cnsm-db-redis-01,system.cpu.switches,9862.210717945532
2026-05-15T15:40:20+00:00,cnsm-db-redis-01,system.cpu.switches,10338.666863386079
2026-05-15T15:41:20+00:00,cnsm-db-redis-01,system.cpu.switches,12141.204155513216
2026-05-15T15:42:20+00:00,cnsm-db-redis-01,system.cpu.switches,8961.7275304056
2026-05-15T15:43:20+00:00,cnsm-db-redis-01,system.cpu.switches,9372.396932238917
2026-05-15T15:44:20+00:00,cnsm-db-redis-01,system.cpu.switches,10685.367243598612
2026-05-15T15:45:20+00:00,cnsm-db-redis-01,system.cpu.switches,12087.330919191036
2026-05-15T15:46:20+00:00,cnsm-db-redis-01,system.cpu.switches,9400.480424328422
2026-05-15T15:47:20+00:00,cnsm-db-redis-01,system.cpu.switches,11682.079593973833
2026-05-15T15:48:20+00:00,cnsm-db-redis-01,system.cpu.switches,10519.207123957705
2026-05-15T15:49:20+00:00,cnsm-db-redis-01,system.cpu.switches,10346.296723217109
2026-05-15T15:50:20+00:00,cnsm-db-redis-01,system.cpu.switches,9894.189587232702
2026-05-15T15:51:20+00:00,cnsm-db-redis-01,system.cpu.switches,10651.56064764727
2026-05-15T15:52:20+00:00,cnsm-db-redis-01,system.cpu.switches,11087.97602691153
2026-05-15T15:53:20+00:00,cnsm-db-redis-01,system.cpu.switches,9695.751375860904
2026-05-15T15:54:20+00:00,cnsm-db-redis-01,system.cpu.switches,11109.370454742064
2026-05-15T15:55:20+00:00,cnsm-db-redis-01,system.cpu.switches,9702.304827334334
2026-05-15T15:56:20+00:00,cnsm-db-redis-01,system.cpu.switches,8832.590692206268
2026-05-15T15:57:20+00:00,cnsm-db-redis-01,system.cpu.switches,8748.302160485555
2026-05-15T15:58:20+00:00,cnsm-db-redis-01,system.cpu.switches,11285.597723168708
2026-05-15T15:59:20+00:00,cnsm-db-redis-01,system.cpu.switches,11935.82385374669
2026-05-15T16:00:20+00:00,cnsm-db-redis-01,system.cpu.switches,10298.866176977304
2026-05-15T16:01:20+00:00,cnsm-db-redis-01,system.cpu.switches,10534.402406083602
2026-05-15T16:02:20+00:00,cnsm-db-redis-01,system.cpu.switches,10054.79560689222
2026-05-15T16:03:20+00:00,cnsm-db-redis-01,system.cpu.switches,10207.067284422514
2026-05-15T16:04:20+00:00,cnsm-db-redis-01,system.cpu.switches,9455.683461850436
2026-05-15T16:05:20+00:00,cnsm-db-redis-01,system.cpu.switches,9963.045428262798
2026-05-15T16:06:20+00:00,cnsm-db-redis-01,system.cpu.switches,9195.445723189881
2026-05-15T16:07:20+00:00,cnsm-db-redis-01,system.cpu.switches,8898.096004430701
2026-05-15T16:08:20+00:00,cnsm-db-redis-01,system.cpu.switches,11360.183363533184
2026-05-15T16:09:20+00:00,cnsm-db-redis-01,system.cpu.switches,10745.03721491727
2026-05-15T16:10:20+00:00,cnsm-db-redis-01,system.cpu.switches,10580.86481577375
2026-05-15T16:11:20+00:00,cnsm-db-redis-01,system.cpu.switches,10239.441737961699
2026-05-15T16:12:20+00:00,cnsm-db-redis-01,system.cpu.switches,9994.46613372594
2026-05-15T16:13:20+00:00,cnsm-db-redis-01,system.cpu.switches,8839.00761602115
2026-05-15T16:14:20+00:00,cnsm-db-redis-01,system.cpu.switches,9547.268413339423
2026-05-15T16:15:20+00:00,cnsm-db-redis-01,system.cpu.switches,11135.583776286769
2026-05-15T16:16:20+00:00,cnsm-db-redis-01,system.cpu.switches,11113.133436734954
2026-05-15T16:17:20+00:00,cnsm-db-redis-01,system.cpu.switches,11566.176188137026
2026-05-15T16:18:20+00:00,cnsm-db-redis-01,system.cpu.switches,10121.129443580476
2026-05-15T16:19:20+00:00,cnsm-db-redis-01,system.cpu.switches,8939.826072108528
2026-05-15T16:20:20+00:00,cnsm-db-redis-01,system.cpu.switches,8588.909359017027
2026-05-15T16:21:20+00:00,cnsm-db-redis-01,system.cpu.switches,10590.066454002914
2026-05-15T16:22:20+00:00,cnsm-db-redis-01,system.cpu.switches,10704.757837310037
2026-05-15T16:23:20+00:00,cnsm-db-redis-01,system.cpu.switches,11667.096508377213
2026-05-15T16:24:20+00:00,cnsm-db-redis-01,system.cpu.switches,9309.554640103572
2026-05-15T16:25:20+00:00,cnsm-db-redis-01,system.cpu.switches,9536.802140868536
2026-05-15T16:26:20+00:00,cnsm-db-redis-01,system.cpu.switches,11306.277537916685
2026-05-15T16:27:20+00:00,cnsm-db-redis-01,system.cpu.switches,10057.09268002653
2026-05-15T16:28:20+00:00,cnsm-db-redis-01,system.cpu.switches,10721.447465626401
2026-05-15T16:29:20+00:00,cnsm-db-redis-01,system.cpu.switches,12569.185938605673
2026-05-15T16:30:20+00:00,cnsm-db-redis-01,system.cpu.switches,8725.0598406468
2026-05-15T16:31:20+00:00,cnsm-db-redis-01,system.cpu.switches,11197.34556531363
2026-05-15T16:32:20+00:00,cnsm-db-redis-01,system.cpu.switches,10763.471872809974
2026-05-15T16:33:20+00:00,cnsm-db-redis-01,system.cpu.switches,10003.81870875661
2026-05-15T16:34:20+00:00,cnsm-db-redis-01,system.cpu.switches,11479.266132593124
2026-05-15T16:35:20+00:00,cnsm-db-redis-01,system.cpu.switches,9804.652296182947
2026-05-15T16:36:20+00:00,cnsm-db-redis-01,system.cpu.switches,9812.05930022356
2026-05-15T16:37:20+00:00,cnsm-db-redis-01,system.cpu.switches,9225.190788930231
2026-05-15T16:38:20+00:00,cnsm-db-redis-01,system.cpu.switches,11023.07621369181
2026-05-15T16:39:20+00:00,cnsm-db-redis-01,system.cpu.switches,11151.17452673374
2026-05-15T16:40:20+00:00,cnsm-db-redis-01,system.cpu.switches,10267.424473782425
2026-05-15T16:41:20+00:00,cnsm-db-redis-01,system.cpu.switches,11360.817705203666
2026-05-15T16:42:20+00:00,cnsm-db-redis-01,system.cpu.switches,10017.155493088047
2026-05-15T16:43:20+00:00,cnsm-db-redis-01,system.cpu.switches,10278.362143288141
2026-05-15T16:44:20+00:00,cnsm-db-redis-01,system.cpu.switches,10735.506511235357
2026-05-15T16:45:20+00:00,cnsm-db-redis-01,system.cpu.switches,8936.383561725157
2026-05-15T16:46:20+00:00,cnsm-db-redis-01,system.cpu.switches,10189.675215200461
2026-05-15T16:47:20+00:00,cnsm-db-redis-01,system.cpu.switches,9823.334192195472
2026-05-15T16:48:20+00:00,cnsm-db-redis-01,system.cpu.switches,10576.837611504185
2026-05-15T16:49:20+00:00,cnsm-db-redis-01,system.cpu.switches,9649.889064628082
2026-05-15T16:50:20+00:00,cnsm-db-redis-01,system.cpu.switches,10038.740173835778
2026-05-15T16:51:20+00:00,cnsm-db-redis-01,system.cpu.switches,10433.280821088189
2026-05-15T15:24:22+00:00,cnsm-db-redis-01,"system.cpu.util[,guest_nice]",0
2026-05-15T15:25:22+00:00,cnsm-db-redis-01,"system.cpu.util[,guest_nice]",0
2026-05-15T15:26:22+00:00,cnsm-db-redis-01,"system.cpu.util[,guest_nice]",0
2026-05-15T15:27:22+00:00,cnsm-db-redis-01,"system.cpu.util[,guest_nice]",0
2026-05-15T15:28:22+00:00,cnsm-db-redis-01,"system.cpu.util[,guest_nice]",0
2026-05-15T15:29:22+00:00,cnsm-db-redis-01,"system.cpu.util[,guest_nice]",0
2026-05-15T15:30:22+00:00,cnsm-db-redis-01,"system.cpu.util[,guest_nice]",0
2026-05-15T15:31:22+00:00,cnsm-db-redis-01,"system.cpu.util[,guest_nice]",0
2026-05-15T15:32:22+00:00,cnsm-db-redis-01,"system.cpu.util[,guest_nice]",0
2026-05-15T15:33:22+00:00,cnsm-db-redis-01,"system.cpu.util[,guest_nice]",0
2026-05-15T15:34:22+00:00,cnsm-db-redis-01,"system.cpu.util[,guest_nice]",0
2026-05-15T15:35:22+00:00,cnsm-db-redis-01,"system.cpu.util[,guest_nice]",0
2026-05-15T15:36:22+00:00,cnsm-db-redis-01,"system.cpu.util[,guest_nice]",0
2026-05-15T15:37:22+00:00,cnsm-db-redis-01,"system.cpu.util[,guest_nice]",0
2026-05-15T15:38:22+00:00,cnsm-db-redis-01,"system.cpu.util[,guest_nice]",0
2026-05-15T15:39:22+00:00,cnsm-db-redis-01,"system.cpu.util[,guest_nice]",0
2026-05-15T15:40:22+00:00,cnsm-db-redis-01,"system.cpu.util[,guest_nice]",0
2026-05-15T15:41:22+00:00,cnsm-db-redis-01,"system.cpu.util[,guest_nice]",0
2026-05-15T15:42:22+00:00,cnsm-db-redis-01,"system.cpu.util[,guest_nice]",0
2026-05-15T15:43:22+00:00,cnsm-db-redis-01,"system.cpu.util[,guest_nice]",0
2026-05-15T15:44:22+00:00,cnsm-db-redis-01,"system.cpu.util[,guest_nice]",0
2026-05-15T15:45:22+00:00,cnsm-db-redis-01,"system.cpu.util[,guest_nice]",0
2026-05-15T15:46:22+00:00,cnsm-db-redis-01,"system.cpu.util[,guest_nice]",0
2026-05-15T15:47:22+00:00,cnsm-db-redis-01,"system.cpu.util[,guest_nice]",0
2026-05-15T15:48:22+00:00,cnsm-db-redis-01,"system.cpu.util[,guest_nice]",0
2026-05-15T15:49:22+00:00,cnsm-db-redis-01,"system.cpu.util[,guest_nice]",0
2026-05-15T15:50:22+00:00,cnsm-db-redis-01,"system.cpu.util[,guest_nice]",0
2026-05-15T15:51:22+00:00,cnsm-db-redis-01,"system.cpu.util[,guest_nice]",0
2026-05-15T15:52:22+00:00,cnsm-db-redis-01,"system.cpu.util[,guest_nice]",0
2026-05-15T15:53:22+00:00,cnsm-db-redis-01,"system.cpu.util[,guest_nice]",0
2026-05-15T15:54:22+00:00,cnsm-db-redis-01,"system.cpu.util[,guest_nice]",0
2026-05-15T15:55:22+00:00,cnsm-db-redis-01,"system.cpu.util[,guest_nice]",0
2026-05-15T15:56:22+00:00,cnsm-db-redis-01,"system.cpu.util[,guest_nice]",0
2026-05-15T15:57:22+00:00,cnsm-db-redis-01,"system.cpu.util[,guest_nice]",0
2026-05-15T15:58:22+00:00,cnsm-db-redis-01,"system.cpu.util[,guest_nice]",0
2026-05-15T15:59:22+00:00,cnsm-db-redis-01,"system.cpu.util[,guest_nice]",0
2026-05-15T16:00:22+00:00,cnsm-db-redis-01,"system.cpu.util[,guest_nice]",0
2026-05-15T16:01:22+00:00,cnsm-db-redis-01,"system.cpu.util[,guest_nice]",0
2026-05-15T16:02:22+00:00,cnsm-db-redis-01,"system.cpu.util[,guest_nice]",0
2026-05-15T16:03:22+00:00,cnsm-db-redis-01,"system.cpu.util[,guest_nice]",0
2026-05-15T16:04:22+00:00,cnsm-db-redis-01,"system.cpu.util[,guest_nice]",0
2026-05-15T16:05:22+00:00,cnsm-db-redis-01,"system.cpu.util[,guest_nice]",0
2026-05-15T16:06:22+00:00,cnsm-db-redis-01,"system.cpu.util[,guest_nice]",0
2026-05-15T16:07:22+00:00,cnsm-db-redis-01,"system.cpu.util[,guest_nice]",0
2026-05-15T16:08:22+00:00,cnsm-db-redis-01,"system.cpu.util[,guest_nice]",0
2026-05-15T16:09:22+00:00,cnsm-db-redis-01,"system.cpu.util[,guest_nice]",0
2026-05-15T16:10:22+00:00,cnsm-db-redis-01,"system.cpu.util[,guest_nice]",0
2026-05-15T16:11:22+00:00,cnsm-db-redis-01,"system.cpu.util[,guest_nice]",0
2026-05-15T16:12:22+00:00,cnsm-db-redis-01,"system.cpu.util[,guest_nice]",0
2026-05-15T16:13:22+00:00,cnsm-db-redis-01,"system.cpu.util[,guest_nice]",0
2026-05-15T16:14:22+00:00,cnsm-db-redis-01,"system.cpu.util[,guest_nice]",0
2026-05-15T16:15:22+00:00,cnsm-db-redis-01,"system.cpu.util[,guest_nice]",0
2026-05-15T16:16:22+00:00,cnsm-db-redis-01,"system.cpu.util[,guest_nice]",0
2026-05-15T16:17:22+00:00,cnsm-db-redis-01,"system.cpu.util[,guest_nice]",0
2026-05-15T16:18:22+00:00,cnsm-db-redis-01,"system.cpu.util[,guest_nice]",0
2026-05-15T16:19:22+00:00,cnsm-db-redis-01,"system.cpu.util[,guest_nice]",0
2026-05-15T16:20:22+00:00,cnsm-db-redis-01,"system.cpu.util[,guest_nice]",0
2026-05-15T16:21:22+00:00,cnsm-db-redis-01,"system.cpu.util[,guest_nice]",0
2026-05-15T16:22:22+00:00,cnsm-db-redis-01,"system.cpu.util[,guest_nice]",0
2026-05-15T16:23:22+00:00,cnsm-db-redis-01,"system.cpu.util[,guest_nice]",0
2026-05-15T16:24:22+00:00,cnsm-db-redis-01,"system.cpu.util[,guest_nice]",0
2026-05-15T16:25:22+00:00,cnsm-db-redis-01,"system.cpu.util[,guest_nice]",0
2026-05-15T16:26:22+00:00,cnsm-db-redis-01,"system.cpu.util[,guest_nice]",0
2026-05-15T16:27:22+00:00,cnsm-db-redis-01,"system.cpu.util[,guest_nice]",0
2026-05-15T16:28:22+00:00,cnsm-db-redis-01,"system.cpu.util[,guest_nice]",0
2026-05-15T16:29:22+00:00,cnsm-db-redis-01,"system.cpu.util[,guest_nice]",0
2026-05-15T16:30:22+00:00,cnsm-db-redis-01,"system.cpu.util[,guest_nice]",0
2026-05-15T16:31:22+00:00,cnsm-db-redis-01,"system.cpu.util[,guest_nice]",0
2026-05-15T16:32:22+00:00,cnsm-db-redis-01,"system.cpu.util[,guest_nice]",0
2026-05-15T16:33:22+00:00,cnsm-db-redis-01,"system.cpu.util[,guest_nice]",0
2026-05-15T16:34:22+00:00,cnsm-db-redis-01,"system.cpu.util[,guest_nice]",0
2026-05-15T16:35:22+00:00,cnsm-db-redis-01,"system.cpu.util[,guest_nice]",0
2026-05-15T16:36:22+00:00,cnsm-db-redis-01,"system.cpu.util[,guest_nice]",0
2026-05-15T16:37:22+00:00,cnsm-db-redis-01,"system.cpu.util[,guest_nice]",0
2026-05-15T16:38:22+00:00,cnsm-db-redis-01,"system.cpu.util[,guest_nice]",0
2026-05-15T16:39:22+00:00,cnsm-db-redis-01,"system.cpu.util[,guest_nice]",0
2026-05-15T16:40:22+00:00,cnsm-db-redis-01,"system.cpu.util[,guest_nice]",0
2026-05-15T16:41:22+00:00,cnsm-db-redis-01,"system.cpu.util[,guest_nice]",0
2026-05-15T16:42:22+00:00,cnsm-db-redis-01,"system.cpu.util[,guest_nice]",0
2026-05-15T16:43:22+00:00,cnsm-db-redis-01,"system.cpu.util[,guest_nice]",0
2026-05-15T16:44:22+00:00,cnsm-db-redis-01,"system.cpu.util[,guest_nice]",0
2026-05-15T16:45:22+00:00,cnsm-db-redis-01,"system.cpu.util[,guest_nice]",0
2026-05-15T16:46:22+00:00,cnsm-db-redis-01,"system.cpu.util[,guest_nice]",0
2026-05-15T16:47:22+00:00,cnsm-db-redis-01,"system.cpu.util[,guest_nice]",0
2026-05-15T16:48:22+00:00,cnsm-db-redis-01,"system.cpu.util[,guest_nice]",0
2026-05-15T16:49:22+00:00,cnsm-db-redis-01,"system.cpu.util[,guest_nice]",0
2026-05-15T16:50:22+00:00,cnsm-db-redis-01,"system.cpu.util[,guest_nice]",0
2026-05-15T16:51:22+00:00,cnsm-db-redis-01,"system.cpu.util[,guest_nice]",0
2026-05-15T15:24:21+00:00,cnsm-db-redis-01,"system.cpu.util[,guest]",0
2026-05-15T15:25:21+00:00,cnsm-db-redis-01,"system.cpu.util[,guest]",0
2026-05-15T15:26:21+00:00,cnsm-db-redis-01,"system.cpu.util[,guest]",0
2026-05-15T15:27:21+00:00,cnsm-db-redis-01,"system.cpu.util[,guest]",0
2026-05-15T15:28:21+00:00,cnsm-db-redis-01,"system.cpu.util[,guest]",0
2026-05-15T15:29:21+00:00,cnsm-db-redis-01,"system.cpu.util[,guest]",0
2026-05-15T15:30:21+00:00,cnsm-db-redis-01,"system.cpu.util[,guest]",0
2026-05-15T15:31:21+00:00,cnsm-db-redis-01,"system.cpu.util[,guest]",0
2026-05-15T15:32:21+00:00,cnsm-db-redis-01,"system.cpu.util[,guest]",0
2026-05-15T15:33:21+00:00,cnsm-db-redis-01,"system.cpu.util[,guest]",0
2026-05-15T15:34:21+00:00,cnsm-db-redis-01,"system.cpu.util[,guest]",0
2026-05-15T15:35:21+00:00,cnsm-db-redis-01,"system.cpu.util[,guest]",0
2026-05-15T15:36:21+00:00,cnsm-db-redis-01,"system.cpu.util[,guest]",0
2026-05-15T15:37:21+00:00,cnsm-db-redis-01,"system.cpu.util[,guest]",0
2026-05-15T15:38:21+00:00,cnsm-db-redis-01,"system.cpu.util[,guest]",0
2026-05-15T15:39:21+00:00,cnsm-db-redis-01,"system.cpu.util[,guest]",0
2026-05-15T15:40:21+00:00,cnsm-db-redis-01,"system.cpu.util[,guest]",0
2026-05-15T15:41:21+00:00,cnsm-db-redis-01,"system.cpu.util[,guest]",0
2026-05-15T15:42:21+00:00,cnsm-db-redis-01,"system.cpu.util[,guest]",0
2026-05-15T15:43:21+00:00,cnsm-db-redis-01,"system.cpu.util[,guest]",0
2026-05-15T15:44:21+00:00,cnsm-db-redis-01,"system.cpu.util[,guest]",0
2026-05-15T15:45:21+00:00,cnsm-db-redis-01,"system.cpu.util[,guest]",0
2026-05-15T15:46:21+00:00,cnsm-db-redis-01,"system.cpu.util[,guest]",0
2026-05-15T15:47:21+00:00,cnsm-db-redis-01,"system.cpu.util[,guest]",0
2026-05-15T15:48:21+00:00,cnsm-db-redis-01,"system.cpu.util[,guest]",0
2026-05-15T15:49:21+00:00,cnsm-db-redis-01,"system.cpu.util[,guest]",0
2026-05-15T15:50:21+00:00,cnsm-db-redis-01,"system.cpu.util[,guest]",0
2026-05-15T15:51:21+00:00,cnsm-db-redis-01,"system.cpu.util[,guest]",0
2026-05-15T15:52:21+00:00,cnsm-db-redis-01,"system.cpu.util[,guest]",0
2026-05-15T15:53:21+00:00,cnsm-db-redis-01,"system.cpu.util[,guest]",0
2026-05-15T15:54:21+00:00,cnsm-db-redis-01,"system.cpu.util[,guest]",0
2026-05-15T15:55:21+00:00,cnsm-db-redis-01,"system.cpu.util[,guest]",0
2026-05-15T15:56:21+00:00,cnsm-db-redis-01,"system.cpu.util[,guest]",0
2026-05-15T15:57:21+00:00,cnsm-db-redis-01,"system.cpu.util[,guest]",0
2026-05-15T15:58:21+00:00,cnsm-db-redis-01,"system.cpu.util[,guest]",0
2026-05-15T15:59:21+00:00,cnsm-db-redis-01,"system.cpu.util[,guest]",0
2026-05-15T16:00:21+00:00,cnsm-db-redis-01,"system.cpu.util[,guest]",0
2026-05-15T16:01:21+00:00,cnsm-db-redis-01,"system.cpu.util[,guest]",0
2026-05-15T16:02:21+00:00,cnsm-db-redis-01,"system.cpu.util[,guest]",0
2026-05-15T16:03:21+00:00,cnsm-db-redis-01,"system.cpu.util[,guest]",0
2026-05-15T16:04:21+00:00,cnsm-db-redis-01,"system.cpu.util[,guest]",0
2026-05-15T16:05:21+00:00,cnsm-db-redis-01,"system.cpu.util[,guest]",0
2026-05-15T16:06:21+00:00,cnsm-db-redis-01,"system.cpu.util[,guest]",0
2026-05-15T16:07:21+00:00,cnsm-db-redis-01,"system.cpu.util[,guest]",0
2026-05-15T16:08:21+00:00,cnsm-db-redis-01,"system.cpu.util[,guest]",0
2026-05-15T16:09:21+00:00,cnsm-db-redis-01,"system.cpu.util[,guest]",0
2026-05-15T16:10:21+00:00,cnsm-db-redis-01,"system.cpu.util[,guest]",0
2026-05-15T16:11:21+00:00,cnsm-db-redis-01,"system.cpu.util[,guest]",0
2026-05-15T16:12:21+00:00,cnsm-db-redis-01,"system.cpu.util[,guest]",0
2026-05-15T16:13:21+00:00,cnsm-db-redis-01,"system.cpu.util[,guest]",0
2026-05-15T16:14:21+00:00,cnsm-db-redis-01,"system.cpu.util[,guest]",0
2026-05-15T16:15:21+00:00,cnsm-db-redis-01,"system.cpu.util[,guest]",0
2026-05-15T16:16:21+00:00,cnsm-db-redis-01,"system.cpu.util[,guest]",0
2026-05-15T16:17:21+00:00,cnsm-db-redis-01,"system.cpu.util[,guest]",0
2026-05-15T16:18:21+00:00,cnsm-db-redis-01,"system.cpu.util[,guest]",0
2026-05-15T16:19:21+00:00,cnsm-db-redis-01,"system.cpu.util[,guest]",0
2026-05-15T16:20:21+00:00,cnsm-db-redis-01,"system.cpu.util[,guest]",0
2026-05-15T16:21:21+00:00,cnsm-db-redis-01,"system.cpu.util[,guest]",0
2026-05-15T16:22:21+00:00,cnsm-db-redis-01,"system.cpu.util[,guest]",0
2026-05-15T16:23:21+00:00,cnsm-db-redis-01,"system.cpu.util[,guest]",0
2026-05-15T16:24:21+00:00,cnsm-db-redis-01,"system.cpu.util[,guest]",0
2026-05-15T16:25:21+00:00,cnsm-db-redis-01,"system.cpu.util[,guest]",0
2026-05-15T16:26:21+00:00,cnsm-db-redis-01,"system.cpu.util[,guest]",0
2026-05-15T16:27:21+00:00,cnsm-db-redis-01,"system.cpu.util[,guest]",0
2026-05-15T16:28:21+00:00,cnsm-db-redis-01,"system.cpu.util[,guest]",0
2026-05-15T16:29:21+00:00,cnsm-db-redis-01,"system.cpu.util[,guest]",0
2026-05-15T16:30:21+00:00,cnsm-db-redis-01,"system.cpu.util[,guest]",0
2026-05-15T16:31:21+00:00,cnsm-db-redis-01,"system.cpu.util[,guest]",0
2026-05-15T16:32:21+00:00,cnsm-db-redis-01,"system.cpu.util[,guest]",0
2026-05-15T16:33:21+00:00,cnsm-db-redis-01,"system.cpu.util[,guest]",0
2026-05-15T16:34:21+00:00,cnsm-db-redis-01,"system.cpu.util[,guest]",0
2026-05-15T16:35:21+00:00,cnsm-db-redis-01,"system.cpu.util[,guest]",0
2026-05-15T16:36:21+00:00,cnsm-db-redis-01,"system.cpu.util[,guest]",0
2026-05-15T16:37:21+00:00,cnsm-db-redis-01,"system.cpu.util[,guest]",0
2026-05-15T16:38:21+00:00,cnsm-db-redis-01,"system.cpu.util[,guest]",0
2026-05-15T16:39:21+00:00,cnsm-db-redis-01,"system.cpu.util[,guest]",0
2026-05-15T16:40:21+00:00,cnsm-db-redis-01,"system.cpu.util[,guest]",0
2026-05-15T16:41:21+00:00,cnsm-db-redis-01,"system.cpu.util[,guest]",0
2026-05-15T16:42:21+00:00,cnsm-db-redis-01,"system.cpu.util[,guest]",0
2026-05-15T16:43:21+00:00,cnsm-db-redis-01,"system.cpu.util[,guest]",0
2026-05-15T16:44:21+00:00,cnsm-db-redis-01,"system.cpu.util[,guest]",0
2026-05-15T16:45:21+00:00,cnsm-db-redis-01,"system.cpu.util[,guest]",0
2026-05-15T16:46:21+00:00,cnsm-db-redis-01,"system.cpu.util[,guest]",0
2026-05-15T16:47:21+00:00,cnsm-db-redis-01,"system.cpu.util[,guest]",0
2026-05-15T16:48:21+00:00,cnsm-db-redis-01,"system.cpu.util[,guest]",0
2026-05-15T16:49:21+00:00,cnsm-db-redis-01,"system.cpu.util[,guest]",0
2026-05-15T16:50:21+00:00,cnsm-db-redis-01,"system.cpu.util[,guest]",0
2026-05-15T16:51:21+00:00,cnsm-db-redis-01,"system.cpu.util[,guest]",0
2026-05-15T15:24:23+00:00,cnsm-db-redis-01,"system.cpu.util[,idle]",87.254353
2026-05-15T15:25:23+00:00,cnsm-db-redis-01,"system.cpu.util[,idle]",86.852534
2026-05-15T15:26:23+00:00,cnsm-db-redis-01,"system.cpu.util[,idle]",85.951244
2026-05-15T15:27:23+00:00,cnsm-db-redis-01,"system.cpu.util[,idle]",87.676401
2026-05-15T15:28:23+00:00,cnsm-db-redis-01,"system.cpu.util[,idle]",86.510043
2026-05-15T15:29:23+00:00,cnsm-db-redis-01,"system.cpu.util[,idle]",86.9752
2026-05-15T15:30:23+00:00,cnsm-db-redis-01,"system.cpu.util[,idle]",86.242752
2026-05-15T15:31:23+00:00,cnsm-db-redis-01,"system.cpu.util[,idle]",87.044489
2026-05-15T15:32:23+00:00,cnsm-db-redis-01,"system.cpu.util[,idle]",87.200513
2026-05-15T15:33:23+00:00,cnsm-db-redis-01,"system.cpu.util[,idle]",87.475544
2026-05-15T15:34:23+00:00,cnsm-db-redis-01,"system.cpu.util[,idle]",86.244126
2026-05-15T15:35:23+00:00,cnsm-db-redis-01,"system.cpu.util[,idle]",86.395814
2026-05-15T15:36:23+00:00,cnsm-db-redis-01,"system.cpu.util[,idle]",87.48359
2026-05-15T15:37:23+00:00,cnsm-db-redis-01,"system.cpu.util[,idle]",86.769774
2026-05-15T15:38:23+00:00,cnsm-db-redis-01,"system.cpu.util[,idle]",86.056712
2026-05-15T15:39:23+00:00,cnsm-db-redis-01,"system.cpu.util[,idle]",87.340357
2026-05-15T15:40:23+00:00,cnsm-db-redis-01,"system.cpu.util[,idle]",87.026605
2026-05-15T15:41:23+00:00,cnsm-db-redis-01,"system.cpu.util[,idle]",86.408147
2026-05-15T15:42:23+00:00,cnsm-db-redis-01,"system.cpu.util[,idle]",86.723955
2026-05-15T15:43:23+00:00,cnsm-db-redis-01,"system.cpu.util[,idle]",87.152118
2026-05-15T15:44:23+00:00,cnsm-db-redis-01,"system.cpu.util[,idle]",87.320601
2026-05-15T15:45:23+00:00,cnsm-db-redis-01,"system.cpu.util[,idle]",86.163839
2026-05-15T15:46:23+00:00,cnsm-db-redis-01,"system.cpu.util[,idle]",86.608589
2026-05-15T15:47:23+00:00,cnsm-db-redis-01,"system.cpu.util[,idle]",87.876409
2026-05-15T15:48:23+00:00,cnsm-db-redis-01,"system.cpu.util[,idle]",85.892987
2026-05-15T15:49:23+00:00,cnsm-db-redis-01,"system.cpu.util[,idle]",86.735977
2026-05-15T15:50:23+00:00,cnsm-db-redis-01,"system.cpu.util[,idle]",87.620192
2026-05-15T15:51:23+00:00,cnsm-db-redis-01,"system.cpu.util[,idle]",87.438789
2026-05-15T15:52:23+00:00,cnsm-db-redis-01,"system.cpu.util[,idle]",86.253603
2026-05-15T15:53:23+00:00,cnsm-db-redis-01,"system.cpu.util[,idle]",86.860762
2026-05-15T15:54:23+00:00,cnsm-db-redis-01,"system.cpu.util[,idle]",76.953789
2026-05-15T15:55:23+00:00,cnsm-db-redis-01,"system.cpu.util[,idle]",53.060426
2026-05-15T15:56:23+00:00,cnsm-db-redis-01,"system.cpu.util[,idle]",52.480847
2026-05-15T15:57:23+00:00,cnsm-db-redis-01,"system.cpu.util[,idle]",53.971345
2026-05-15T15:58:23+00:00,cnsm-db-redis-01,"system.cpu.util[,idle]",53.709695
2026-05-15T15:59:23+00:00,cnsm-db-redis-01,"system.cpu.util[,idle]",54.070759
2026-05-15T16:00:23+00:00,cnsm-db-redis-01,"system.cpu.util[,idle]",53.401038
2026-05-15T16:01:23+00:00,cnsm-db-redis-01,"system.cpu.util[,idle]",53.519127
2026-05-15T16:02:23+00:00,cnsm-db-redis-01,"system.cpu.util[,idle]",53.451079
2026-05-15T16:03:23+00:00,cnsm-db-redis-01,"system.cpu.util[,idle]",53.40422
2026-05-15T16:04:23+00:00,cnsm-db-redis-01,"system.cpu.util[,idle]",53.575403
2026-05-15T16:05:23+00:00,cnsm-db-redis-01,"system.cpu.util[,idle]",53.077395
2026-05-15T16:06:23+00:00,cnsm-db-redis-01,"system.cpu.util[,idle]",53.597973
2026-05-15T16:07:23+00:00,cnsm-db-redis-01,"system.cpu.util[,idle]",53.64717
2026-05-15T16:08:23+00:00,cnsm-db-redis-01,"system.cpu.util[,idle]",52.949552
2026-05-15T16:09:23+00:00,cnsm-db-redis-01,"system.cpu.util[,idle]",53.746907
2026-05-15T16:10:23+00:00,cnsm-db-redis-01,"system.cpu.util[,idle]",52.901308
2026-05-15T16:11:23+00:00,cnsm-db-redis-01,"system.cpu.util[,idle]",53.736724
2026-05-15T16:12:23+00:00,cnsm-db-redis-01,"system.cpu.util[,idle]",53.596851
2026-05-15T16:13:23+00:00,cnsm-db-redis-01,"system.cpu.util[,idle]",53.584274
2026-05-15T16:14:23+00:00,cnsm-db-redis-01,"system.cpu.util[,idle]",53.646895
2026-05-15T16:15:23+00:00,cnsm-db-redis-01,"system.cpu.util[,idle]",53.699523
2026-05-15T16:16:23+00:00,cnsm-db-redis-01,"system.cpu.util[,idle]",53.74672
2026-05-15T16:17:23+00:00,cnsm-db-redis-01,"system.cpu.util[,idle]",53.119768
2026-05-15T16:18:23+00:00,cnsm-db-redis-01,"system.cpu.util[,idle]",53.506029
2026-05-15T16:19:23+00:00,cnsm-db-redis-01,"system.cpu.util[,idle]",53.893534
2026-05-15T16:20:23+00:00,cnsm-db-redis-01,"system.cpu.util[,idle]",53.680391
2026-05-15T16:21:23+00:00,cnsm-db-redis-01,"system.cpu.util[,idle]",53.635856
2026-05-15T16:22:23+00:00,cnsm-db-redis-01,"system.cpu.util[,idle]",71.520067
2026-05-15T16:23:23+00:00,cnsm-db-redis-01,"system.cpu.util[,idle]",87.700235
2026-05-15T16:24:23+00:00,cnsm-db-redis-01,"system.cpu.util[,idle]",86.960291
2026-05-15T16:25:23+00:00,cnsm-db-redis-01,"system.cpu.util[,idle]",87.075097
2026-05-15T16:26:23+00:00,cnsm-db-redis-01,"system.cpu.util[,idle]",87.173031
2026-05-15T16:27:23+00:00,cnsm-db-redis-01,"system.cpu.util[,idle]",87.179344
2026-05-15T16:28:23+00:00,cnsm-db-redis-01,"system.cpu.util[,idle]",87.121976
2026-05-15T16:29:23+00:00,cnsm-db-redis-01,"system.cpu.util[,idle]",87.008073
2026-05-15T16:30:23+00:00,cnsm-db-redis-01,"system.cpu.util[,idle]",87.351801
2026-05-15T16:31:23+00:00,cnsm-db-redis-01,"system.cpu.util[,idle]",86.958583
2026-05-15T16:32:23+00:00,cnsm-db-redis-01,"system.cpu.util[,idle]",87.129073
2026-05-15T16:33:23+00:00,cnsm-db-redis-01,"system.cpu.util[,idle]",87.375732
2026-05-15T16:34:23+00:00,cnsm-db-redis-01,"system.cpu.util[,idle]",86.449424
2026-05-15T16:35:23+00:00,cnsm-db-redis-01,"system.cpu.util[,idle]",86.038952
2026-05-15T16:36:23+00:00,cnsm-db-redis-01,"system.cpu.util[,idle]",86.633
2026-05-15T16:37:23+00:00,cnsm-db-redis-01,"system.cpu.util[,idle]",87.186669
2026-05-15T16:38:23+00:00,cnsm-db-redis-01,"system.cpu.util[,idle]",87.157889
2026-05-15T16:39:23+00:00,cnsm-db-redis-01,"system.cpu.util[,idle]",87.152729
2026-05-15T16:40:23+00:00,cnsm-db-redis-01,"system.cpu.util[,idle]",87.267437
2026-05-15T16:41:23+00:00,cnsm-db-redis-01,"system.cpu.util[,idle]",86.999299
2026-05-15T16:42:23+00:00,cnsm-db-redis-01,"system.cpu.util[,idle]",86.276923
2026-05-15T16:43:23+00:00,cnsm-db-redis-01,"system.cpu.util[,idle]",86.509936
2026-05-15T16:44:23+00:00,cnsm-db-redis-01,"system.cpu.util[,idle]",86.133423
2026-05-15T16:45:23+00:00,cnsm-db-redis-01,"system.cpu.util[,idle]",86.934547
2026-05-15T16:46:23+00:00,cnsm-db-redis-01,"system.cpu.util[,idle]",87.086222
2026-05-15T16:47:23+00:00,cnsm-db-redis-01,"system.cpu.util[,idle]",87.23155
2026-05-15T16:48:23+00:00,cnsm-db-redis-01,"system.cpu.util[,idle]",86.30137
2026-05-15T16:49:23+00:00,cnsm-db-redis-01,"system.cpu.util[,idle]",86.522165
2026-05-15T16:50:23+00:00,cnsm-db-redis-01,"system.cpu.util[,idle]",86.698696
2026-05-15T16:51:23+00:00,cnsm-db-redis-01,"system.cpu.util[,idle]",86.505694
2026-05-15T15:24:24+00:00,cnsm-db-redis-01,"system.cpu.util[,interrupt]",0
2026-05-15T15:25:24+00:00,cnsm-db-redis-01,"system.cpu.util[,interrupt]",0
2026-05-15T15:26:24+00:00,cnsm-db-redis-01,"system.cpu.util[,interrupt]",0
2026-05-15T15:27:24+00:00,cnsm-db-redis-01,"system.cpu.util[,interrupt]",0
2026-05-15T15:28:24+00:00,cnsm-db-redis-01,"system.cpu.util[,interrupt]",0
2026-05-15T15:29:24+00:00,cnsm-db-redis-01,"system.cpu.util[,interrupt]",0
2026-05-15T15:30:24+00:00,cnsm-db-redis-01,"system.cpu.util[,interrupt]",0
2026-05-15T15:31:24+00:00,cnsm-db-redis-01,"system.cpu.util[,interrupt]",0
2026-05-15T15:32:24+00:00,cnsm-db-redis-01,"system.cpu.util[,interrupt]",0
2026-05-15T15:33:24+00:00,cnsm-db-redis-01,"system.cpu.util[,interrupt]",0
2026-05-15T15:34:24+00:00,cnsm-db-redis-01,"system.cpu.util[,interrupt]",0
2026-05-15T15:35:24+00:00,cnsm-db-redis-01,"system.cpu.util[,interrupt]",0
2026-05-15T15:36:24+00:00,cnsm-db-redis-01,"system.cpu.util[,interrupt]",0
2026-05-15T15:37:24+00:00,cnsm-db-redis-01,"system.cpu.util[,interrupt]",0
2026-05-15T15:38:24+00:00,cnsm-db-redis-01,"system.cpu.util[,interrupt]",0
2026-05-15T15:39:24+00:00,cnsm-db-redis-01,"system.cpu.util[,interrupt]",0
2026-05-15T15:40:24+00:00,cnsm-db-redis-01,"system.cpu.util[,interrupt]",0
2026-05-15T15:41:24+00:00,cnsm-db-redis-01,"system.cpu.util[,interrupt]",0
2026-05-15T15:42:24+00:00,cnsm-db-redis-01,"system.cpu.util[,interrupt]",0
2026-05-15T15:43:24+00:00,cnsm-db-redis-01,"system.cpu.util[,interrupt]",0
2026-05-15T15:44:24+00:00,cnsm-db-redis-01,"system.cpu.util[,interrupt]",0
2026-05-15T15:45:24+00:00,cnsm-db-redis-01,"system.cpu.util[,interrupt]",0
2026-05-15T15:46:24+00:00,cnsm-db-redis-01,"system.cpu.util[,interrupt]",0
2026-05-15T15:47:24+00:00,cnsm-db-redis-01,"system.cpu.util[,interrupt]",0
2026-05-15T15:48:24+00:00,cnsm-db-redis-01,"system.cpu.util[,interrupt]",0
2026-05-15T15:49:24+00:00,cnsm-db-redis-01,"system.cpu.util[,interrupt]",0
2026-05-15T15:50:24+00:00,cnsm-db-redis-01,"system.cpu.util[,interrupt]",0
2026-05-15T15:51:24+00:00,cnsm-db-redis-01,"system.cpu.util[,interrupt]",0
2026-05-15T15:52:24+00:00,cnsm-db-redis-01,"system.cpu.util[,interrupt]",0
2026-05-15T15:53:24+00:00,cnsm-db-redis-01,"system.cpu.util[,interrupt]",0
2026-05-15T15:54:24+00:00,cnsm-db-redis-01,"system.cpu.util[,interrupt]",0
2026-05-15T15:55:24+00:00,cnsm-db-redis-01,"system.cpu.util[,interrupt]",0
2026-05-15T15:56:24+00:00,cnsm-db-redis-01,"system.cpu.util[,interrupt]",0
2026-05-15T15:57:24+00:00,cnsm-db-redis-01,"system.cpu.util[,interrupt]",0
2026-05-15T15:58:24+00:00,cnsm-db-redis-01,"system.cpu.util[,interrupt]",0
2026-05-15T15:59:24+00:00,cnsm-db-redis-01,"system.cpu.util[,interrupt]",0
2026-05-15T16:00:24+00:00,cnsm-db-redis-01,"system.cpu.util[,interrupt]",0
2026-05-15T16:01:24+00:00,cnsm-db-redis-01,"system.cpu.util[,interrupt]",0
2026-05-15T16:02:24+00:00,cnsm-db-redis-01,"system.cpu.util[,interrupt]",0
2026-05-15T16:03:24+00:00,cnsm-db-redis-01,"system.cpu.util[,interrupt]",0
2026-05-15T16:04:24+00:00,cnsm-db-redis-01,"system.cpu.util[,interrupt]",0
2026-05-15T16:05:24+00:00,cnsm-db-redis-01,"system.cpu.util[,interrupt]",0
2026-05-15T16:06:24+00:00,cnsm-db-redis-01,"system.cpu.util[,interrupt]",0
2026-05-15T16:07:24+00:00,cnsm-db-redis-01,"system.cpu.util[,interrupt]",0
2026-05-15T16:08:24+00:00,cnsm-db-redis-01,"system.cpu.util[,interrupt]",0
2026-05-15T16:09:24+00:00,cnsm-db-redis-01,"system.cpu.util[,interrupt]",0
2026-05-15T16:10:24+00:00,cnsm-db-redis-01,"system.cpu.util[,interrupt]",0
2026-05-15T16:11:24+00:00,cnsm-db-redis-01,"system.cpu.util[,interrupt]",0
2026-05-15T16:12:24+00:00,cnsm-db-redis-01,"system.cpu.util[,interrupt]",0
2026-05-15T16:13:24+00:00,cnsm-db-redis-01,"system.cpu.util[,interrupt]",0
2026-05-15T16:14:24+00:00,cnsm-db-redis-01,"system.cpu.util[,interrupt]",0
2026-05-15T16:15:24+00:00,cnsm-db-redis-01,"system.cpu.util[,interrupt]",0
2026-05-15T16:16:24+00:00,cnsm-db-redis-01,"system.cpu.util[,interrupt]",0
2026-05-15T16:17:24+00:00,cnsm-db-redis-01,"system.cpu.util[,interrupt]",0
2026-05-15T16:18:24+00:00,cnsm-db-redis-01,"system.cpu.util[,interrupt]",0
2026-05-15T16:19:24+00:00,cnsm-db-redis-01,"system.cpu.util[,interrupt]",0
2026-05-15T16:20:24+00:00,cnsm-db-redis-01,"system.cpu.util[,interrupt]",0
2026-05-15T16:21:24+00:00,cnsm-db-redis-01,"system.cpu.util[,interrupt]",0
2026-05-15T16:22:24+00:00,cnsm-db-redis-01,"system.cpu.util[,interrupt]",0
2026-05-15T16:23:24+00:00,cnsm-db-redis-01,"system.cpu.util[,interrupt]",0
2026-05-15T16:24:24+00:00,cnsm-db-redis-01,"system.cpu.util[,interrupt]",0
2026-05-15T16:25:24+00:00,cnsm-db-redis-01,"system.cpu.util[,interrupt]",0
2026-05-15T16:26:24+00:00,cnsm-db-redis-01,"system.cpu.util[,interrupt]",0
2026-05-15T16:27:24+00:00,cnsm-db-redis-01,"system.cpu.util[,interrupt]",0
2026-05-15T16:28:24+00:00,cnsm-db-redis-01,"system.cpu.util[,interrupt]",0
2026-05-15T16:29:24+00:00,cnsm-db-redis-01,"system.cpu.util[,interrupt]",0
2026-05-15T16:30:24+00:00,cnsm-db-redis-01,"system.cpu.util[,interrupt]",0
2026-05-15T16:31:24+00:00,cnsm-db-redis-01,"system.cpu.util[,interrupt]",0
2026-05-15T16:32:24+00:00,cnsm-db-redis-01,"system.cpu.util[,interrupt]",0
2026-05-15T16:33:24+00:00,cnsm-db-redis-01,"system.cpu.util[,interrupt]",0
2026-05-15T16:34:24+00:00,cnsm-db-redis-01,"system.cpu.util[,interrupt]",0
2026-05-15T16:35:24+00:00,cnsm-db-redis-01,"system.cpu.util[,interrupt]",0
2026-05-15T16:36:24+00:00,cnsm-db-redis-01,"system.cpu.util[,interrupt]",0
2026-05-15T16:37:24+00:00,cnsm-db-redis-01,"system.cpu.util[,interrupt]",0
2026-05-15T16:38:24+00:00,cnsm-db-redis-01,"system.cpu.util[,interrupt]",0
2026-05-15T16:39:24+00:00,cnsm-db-redis-01,"system.cpu.util[,interrupt]",0
2026-05-15T16:40:24+00:00,cnsm-db-redis-01,"system.cpu.util[,interrupt]",0
2026-05-15T16:41:24+00:00,cnsm-db-redis-01,"system.cpu.util[,interrupt]",0
2026-05-15T16:42:24+00:00,cnsm-db-redis-01,"system.cpu.util[,interrupt]",0
2026-05-15T16:43:24+00:00,cnsm-db-redis-01,"system.cpu.util[,interrupt]",0
2026-05-15T16:44:24+00:00,cnsm-db-redis-01,"system.cpu.util[,interrupt]",0
2026-05-15T16:45:24+00:00,cnsm-db-redis-01,"system.cpu.util[,interrupt]",0
2026-05-15T16:46:24+00:00,cnsm-db-redis-01,"system.cpu.util[,interrupt]",0
2026-05-15T16:47:24+00:00,cnsm-db-redis-01,"system.cpu.util[,interrupt]",0
2026-05-15T16:48:24+00:00,cnsm-db-redis-01,"system.cpu.util[,interrupt]",0
2026-05-15T16:49:24+00:00,cnsm-db-redis-01,"system.cpu.util[,interrupt]",0
2026-05-15T16:50:24+00:00,cnsm-db-redis-01,"system.cpu.util[,interrupt]",0
2026-05-15T16:51:24+00:00,cnsm-db-redis-01,"system.cpu.util[,interrupt]",0
2026-05-15T15:24:17+00:00,cnsm-db-redis-01,"system.cpu.util[,iowait]",0.002797
2026-05-15T15:25:17+00:00,cnsm-db-redis-01,"system.cpu.util[,iowait]",0.002792
2026-05-15T15:26:17+00:00,cnsm-db-redis-01,"system.cpu.util[,iowait]",0
2026-05-15T15:27:17+00:00,cnsm-db-redis-01,"system.cpu.util[,iowait]",0
2026-05-15T15:28:17+00:00,cnsm-db-redis-01,"system.cpu.util[,iowait]",0.002792
2026-05-15T15:29:17+00:00,cnsm-db-redis-01,"system.cpu.util[,iowait]",0.002792
2026-05-15T15:30:17+00:00,cnsm-db-redis-01,"system.cpu.util[,iowait]",0.002789
2026-05-15T15:31:17+00:00,cnsm-db-redis-01,"system.cpu.util[,iowait]",0.002791
2026-05-15T15:32:17+00:00,cnsm-db-redis-01,"system.cpu.util[,iowait]",0.002792
2026-05-15T15:33:17+00:00,cnsm-db-redis-01,"system.cpu.util[,iowait]",0
2026-05-15T15:34:17+00:00,cnsm-db-redis-01,"system.cpu.util[,iowait]",0.002795
2026-05-15T15:35:17+00:00,cnsm-db-redis-01,"system.cpu.util[,iowait]",0.002798
2026-05-15T15:36:17+00:00,cnsm-db-redis-01,"system.cpu.util[,iowait]",0.002795
2026-05-15T15:37:17+00:00,cnsm-db-redis-01,"system.cpu.util[,iowait]",0.0028
2026-05-15T15:38:17+00:00,cnsm-db-redis-01,"system.cpu.util[,iowait]",0.002794
2026-05-15T15:39:17+00:00,cnsm-db-redis-01,"system.cpu.util[,iowait]",0.005594
2026-05-15T15:40:17+00:00,cnsm-db-redis-01,"system.cpu.util[,iowait]",0.005578
2026-05-15T15:41:17+00:00,cnsm-db-redis-01,"system.cpu.util[,iowait]",0
2026-05-15T15:42:17+00:00,cnsm-db-redis-01,"system.cpu.util[,iowait]",0.002797
2026-05-15T15:43:17+00:00,cnsm-db-redis-01,"system.cpu.util[,iowait]",0.002795
2026-05-15T15:44:17+00:00,cnsm-db-redis-01,"system.cpu.util[,iowait]",0.002795
2026-05-15T15:45:17+00:00,cnsm-db-redis-01,"system.cpu.util[,iowait]",0.002796
2026-05-15T15:46:17+00:00,cnsm-db-redis-01,"system.cpu.util[,iowait]",0
2026-05-15T15:47:17+00:00,cnsm-db-redis-01,"system.cpu.util[,iowait]",0.002807
2026-05-15T15:48:17+00:00,cnsm-db-redis-01,"system.cpu.util[,iowait]",0.002797
2026-05-15T15:49:17+00:00,cnsm-db-redis-01,"system.cpu.util[,iowait]",0
2026-05-15T15:50:17+00:00,cnsm-db-redis-01,"system.cpu.util[,iowait]",0.002797
2026-05-15T15:51:17+00:00,cnsm-db-redis-01,"system.cpu.util[,iowait]",0.002798
2026-05-15T15:52:17+00:00,cnsm-db-redis-01,"system.cpu.util[,iowait]",0.002796
2026-05-15T15:53:17+00:00,cnsm-db-redis-01,"system.cpu.util[,iowait]",0.002804
2026-05-15T15:54:17+00:00,cnsm-db-redis-01,"system.cpu.util[,iowait]",0.002833
2026-05-15T15:55:17+00:00,cnsm-db-redis-01,"system.cpu.util[,iowait]",0.002794
2026-05-15T15:56:17+00:00,cnsm-db-redis-01,"system.cpu.util[,iowait]",0.00279
2026-05-15T15:57:17+00:00,cnsm-db-redis-01,"system.cpu.util[,iowait]",0.00278
2026-05-15T15:58:17+00:00,cnsm-db-redis-01,"system.cpu.util[,iowait]",0
2026-05-15T15:59:17+00:00,cnsm-db-redis-01,"system.cpu.util[,iowait]",0.002796
2026-05-15T16:00:17+00:00,cnsm-db-redis-01,"system.cpu.util[,iowait]",0.00837
2026-05-15T16:01:17+00:00,cnsm-db-redis-01,"system.cpu.util[,iowait]",0.002783
2026-05-15T16:02:17+00:00,cnsm-db-redis-01,"system.cpu.util[,iowait]",0
2026-05-15T16:03:17+00:00,cnsm-db-redis-01,"system.cpu.util[,iowait]",0.005565
2026-05-15T16:04:17+00:00,cnsm-db-redis-01,"system.cpu.util[,iowait]",0.002784
2026-05-15T16:05:17+00:00,cnsm-db-redis-01,"system.cpu.util[,iowait]",0.002788
2026-05-15T16:06:17+00:00,cnsm-db-redis-01,"system.cpu.util[,iowait]",0.002785
2026-05-15T16:07:17+00:00,cnsm-db-redis-01,"system.cpu.util[,iowait]",0
2026-05-15T16:08:17+00:00,cnsm-db-redis-01,"system.cpu.util[,iowait]",0.002791
2026-05-15T16:09:17+00:00,cnsm-db-redis-01,"system.cpu.util[,iowait]",0.002779
2026-05-15T16:10:17+00:00,cnsm-db-redis-01,"system.cpu.util[,iowait]",0.002779
2026-05-15T16:11:17+00:00,cnsm-db-redis-01,"system.cpu.util[,iowait]",0.002796
2026-05-15T16:12:17+00:00,cnsm-db-redis-01,"system.cpu.util[,iowait]",0.002791
2026-05-15T16:13:17+00:00,cnsm-db-redis-01,"system.cpu.util[,iowait]",0.00279
2026-05-15T16:14:17+00:00,cnsm-db-redis-01,"system.cpu.util[,iowait]",0.002789
2026-05-15T16:15:17+00:00,cnsm-db-redis-01,"system.cpu.util[,iowait]",0.002789
2026-05-15T16:16:17+00:00,cnsm-db-redis-01,"system.cpu.util[,iowait]",0.002791
2026-05-15T16:17:17+00:00,cnsm-db-redis-01,"system.cpu.util[,iowait]",0.002791
2026-05-15T16:18:17+00:00,cnsm-db-redis-01,"system.cpu.util[,iowait]",0.00279
2026-05-15T16:19:17+00:00,cnsm-db-redis-01,"system.cpu.util[,iowait]",0.002789
2026-05-15T16:20:17+00:00,cnsm-db-redis-01,"system.cpu.util[,iowait]",0.002791
2026-05-15T16:21:17+00:00,cnsm-db-redis-01,"system.cpu.util[,iowait]",0.002792
2026-05-15T16:22:17+00:00,cnsm-db-redis-01,"system.cpu.util[,iowait]",0.002796
2026-05-15T16:23:17+00:00,cnsm-db-redis-01,"system.cpu.util[,iowait]",0.0056
2026-05-15T16:24:17+00:00,cnsm-db-redis-01,"system.cpu.util[,iowait]",0.002796
2026-05-15T16:25:17+00:00,cnsm-db-redis-01,"system.cpu.util[,iowait]",0.002799
2026-05-15T16:26:17+00:00,cnsm-db-redis-01,"system.cpu.util[,iowait]",0.002799
2026-05-15T16:27:17+00:00,cnsm-db-redis-01,"system.cpu.util[,iowait]",0.005596
2026-05-15T16:28:17+00:00,cnsm-db-redis-01,"system.cpu.util[,iowait]",0.0028
2026-05-15T16:29:17+00:00,cnsm-db-redis-01,"system.cpu.util[,iowait]",0.002802
2026-05-15T16:30:17+00:00,cnsm-db-redis-01,"system.cpu.util[,iowait]",0.008374
2026-05-15T16:31:17+00:00,cnsm-db-redis-01,"system.cpu.util[,iowait]",0.002789
2026-05-15T16:32:17+00:00,cnsm-db-redis-01,"system.cpu.util[,iowait]",0.005591
2026-05-15T16:33:17+00:00,cnsm-db-redis-01,"system.cpu.util[,iowait]",0.0028
2026-05-15T16:34:17+00:00,cnsm-db-redis-01,"system.cpu.util[,iowait]",0.002802
2026-05-15T16:35:17+00:00,cnsm-db-redis-01,"system.cpu.util[,iowait]",0.005609
2026-05-15T16:36:17+00:00,cnsm-db-redis-01,"system.cpu.util[,iowait]",0.00279
2026-05-15T16:37:17+00:00,cnsm-db-redis-01,"system.cpu.util[,iowait]",0.002801
2026-05-15T16:38:17+00:00,cnsm-db-redis-01,"system.cpu.util[,iowait]",0.005599
2026-05-15T16:39:17+00:00,cnsm-db-redis-01,"system.cpu.util[,iowait]",0.002797
2026-05-15T16:40:17+00:00,cnsm-db-redis-01,"system.cpu.util[,iowait]",0.002799
2026-05-15T16:41:17+00:00,cnsm-db-redis-01,"system.cpu.util[,iowait]",0.005608
2026-05-15T16:42:17+00:00,cnsm-db-redis-01,"system.cpu.util[,iowait]",0.002793
2026-05-15T16:43:17+00:00,cnsm-db-redis-01,"system.cpu.util[,iowait]",0.005602
2026-05-15T16:44:17+00:00,cnsm-db-redis-01,"system.cpu.util[,iowait]",0.00279
2026-05-15T16:45:17+00:00,cnsm-db-redis-01,"system.cpu.util[,iowait]",0.002789
2026-05-15T16:46:17+00:00,cnsm-db-redis-01,"system.cpu.util[,iowait]",0.002798
2026-05-15T16:47:17+00:00,cnsm-db-redis-01,"system.cpu.util[,iowait]",0.002789
2026-05-15T16:48:17+00:00,cnsm-db-redis-01,"system.cpu.util[,iowait]",0.005589
2026-05-15T16:49:17+00:00,cnsm-db-redis-01,"system.cpu.util[,iowait]",0.002798
2026-05-15T16:50:17+00:00,cnsm-db-redis-01,"system.cpu.util[,iowait]",0.002791
2026-05-15T16:51:17+00:00,cnsm-db-redis-01,"system.cpu.util[,iowait]",0.0028
2026-05-15T15:24:06+00:00,cnsm-db-redis-01,"system.cpu.util[,nice]",0
2026-05-15T15:25:06+00:00,cnsm-db-redis-01,"system.cpu.util[,nice]",0
2026-05-15T15:26:06+00:00,cnsm-db-redis-01,"system.cpu.util[,nice]",0
2026-05-15T15:27:06+00:00,cnsm-db-redis-01,"system.cpu.util[,nice]",0
2026-05-15T15:28:06+00:00,cnsm-db-redis-01,"system.cpu.util[,nice]",0
2026-05-15T15:29:06+00:00,cnsm-db-redis-01,"system.cpu.util[,nice]",0
2026-05-15T15:30:06+00:00,cnsm-db-redis-01,"system.cpu.util[,nice]",0
2026-05-15T15:31:06+00:00,cnsm-db-redis-01,"system.cpu.util[,nice]",0
2026-05-15T15:32:06+00:00,cnsm-db-redis-01,"system.cpu.util[,nice]",0
2026-05-15T15:33:06+00:00,cnsm-db-redis-01,"system.cpu.util[,nice]",0
2026-05-15T15:34:06+00:00,cnsm-db-redis-01,"system.cpu.util[,nice]",0
2026-05-15T15:35:06+00:00,cnsm-db-redis-01,"system.cpu.util[,nice]",0
2026-05-15T15:36:06+00:00,cnsm-db-redis-01,"system.cpu.util[,nice]",0
2026-05-15T15:37:06+00:00,cnsm-db-redis-01,"system.cpu.util[,nice]",0
2026-05-15T15:38:06+00:00,cnsm-db-redis-01,"system.cpu.util[,nice]",0
2026-05-15T15:39:06+00:00,cnsm-db-redis-01,"system.cpu.util[,nice]",0
2026-05-15T15:40:06+00:00,cnsm-db-redis-01,"system.cpu.util[,nice]",0
2026-05-15T15:41:06+00:00,cnsm-db-redis-01,"system.cpu.util[,nice]",0
2026-05-15T15:42:06+00:00,cnsm-db-redis-01,"system.cpu.util[,nice]",0
2026-05-15T15:43:06+00:00,cnsm-db-redis-01,"system.cpu.util[,nice]",0
2026-05-15T15:44:06+00:00,cnsm-db-redis-01,"system.cpu.util[,nice]",0
2026-05-15T15:45:06+00:00,cnsm-db-redis-01,"system.cpu.util[,nice]",0
2026-05-15T15:46:06+00:00,cnsm-db-redis-01,"system.cpu.util[,nice]",0
2026-05-15T15:47:06+00:00,cnsm-db-redis-01,"system.cpu.util[,nice]",0
2026-05-15T15:48:06+00:00,cnsm-db-redis-01,"system.cpu.util[,nice]",0
2026-05-15T15:49:06+00:00,cnsm-db-redis-01,"system.cpu.util[,nice]",0
2026-05-15T15:50:06+00:00,cnsm-db-redis-01,"system.cpu.util[,nice]",0
2026-05-15T15:51:06+00:00,cnsm-db-redis-01,"system.cpu.util[,nice]",0
2026-05-15T15:52:06+00:00,cnsm-db-redis-01,"system.cpu.util[,nice]",0
2026-05-15T15:53:06+00:00,cnsm-db-redis-01,"system.cpu.util[,nice]",0
2026-05-15T15:54:06+00:00,cnsm-db-redis-01,"system.cpu.util[,nice]",0
2026-05-15T15:55:06+00:00,cnsm-db-redis-01,"system.cpu.util[,nice]",0
2026-05-15T15:56:06+00:00,cnsm-db-redis-01,"system.cpu.util[,nice]",0
2026-05-15T15:57:06+00:00,cnsm-db-redis-01,"system.cpu.util[,nice]",0
2026-05-15T15:58:06+00:00,cnsm-db-redis-01,"system.cpu.util[,nice]",0
2026-05-15T15:59:06+00:00,cnsm-db-redis-01,"system.cpu.util[,nice]",0
2026-05-15T16:00:06+00:00,cnsm-db-redis-01,"system.cpu.util[,nice]",0
2026-05-15T16:01:06+00:00,cnsm-db-redis-01,"system.cpu.util[,nice]",0
2026-05-15T16:02:06+00:00,cnsm-db-redis-01,"system.cpu.util[,nice]",0
2026-05-15T16:03:06+00:00,cnsm-db-redis-01,"system.cpu.util[,nice]",0
2026-05-15T16:04:06+00:00,cnsm-db-redis-01,"system.cpu.util[,nice]",0
2026-05-15T16:05:06+00:00,cnsm-db-redis-01,"system.cpu.util[,nice]",0
2026-05-15T16:06:06+00:00,cnsm-db-redis-01,"system.cpu.util[,nice]",0
2026-05-15T16:07:06+00:00,cnsm-db-redis-01,"system.cpu.util[,nice]",0
2026-05-15T16:08:06+00:00,cnsm-db-redis-01,"system.cpu.util[,nice]",0
2026-05-15T16:09:06+00:00,cnsm-db-redis-01,"system.cpu.util[,nice]",0
2026-05-15T16:10:06+00:00,cnsm-db-redis-01,"system.cpu.util[,nice]",0
2026-05-15T16:11:06+00:00,cnsm-db-redis-01,"system.cpu.util[,nice]",0
2026-05-15T16:12:06+00:00,cnsm-db-redis-01,"system.cpu.util[,nice]",0
2026-05-15T16:13:06+00:00,cnsm-db-redis-01,"system.cpu.util[,nice]",0
2026-05-15T16:14:06+00:00,cnsm-db-redis-01,"system.cpu.util[,nice]",0
2026-05-15T16:15:06+00:00,cnsm-db-redis-01,"system.cpu.util[,nice]",0
2026-05-15T16:16:06+00:00,cnsm-db-redis-01,"system.cpu.util[,nice]",0
2026-05-15T16:17:06+00:00,cnsm-db-redis-01,"system.cpu.util[,nice]",0
2026-05-15T16:18:06+00:00,cnsm-db-redis-01,"system.cpu.util[,nice]",0
2026-05-15T16:19:06+00:00,cnsm-db-redis-01,"system.cpu.util[,nice]",0
2026-05-15T16:20:06+00:00,cnsm-db-redis-01,"system.cpu.util[,nice]",0
2026-05-15T16:21:06+00:00,cnsm-db-redis-01,"system.cpu.util[,nice]",0
2026-05-15T16:22:06+00:00,cnsm-db-redis-01,"system.cpu.util[,nice]",0
2026-05-15T16:23:06+00:00,cnsm-db-redis-01,"system.cpu.util[,nice]",0
2026-05-15T16:24:06+00:00,cnsm-db-redis-01,"system.cpu.util[,nice]",0
2026-05-15T16:25:06+00:00,cnsm-db-redis-01,"system.cpu.util[,nice]",0
2026-05-15T16:26:06+00:00,cnsm-db-redis-01,"system.cpu.util[,nice]",0
2026-05-15T16:27:06+00:00,cnsm-db-redis-01,"system.cpu.util[,nice]",0
2026-05-15T16:28:06+00:00,cnsm-db-redis-01,"system.cpu.util[,nice]",0
2026-05-15T16:29:06+00:00,cnsm-db-redis-01,"system.cpu.util[,nice]",0
2026-05-15T16:30:06+00:00,cnsm-db-redis-01,"system.cpu.util[,nice]",0
2026-05-15T16:31:06+00:00,cnsm-db-redis-01,"system.cpu.util[,nice]",0
2026-05-15T16:32:06+00:00,cnsm-db-redis-01,"system.cpu.util[,nice]",0
2026-05-15T16:33:06+00:00,cnsm-db-redis-01,"system.cpu.util[,nice]",0
2026-05-15T16:34:06+00:00,cnsm-db-redis-01,"system.cpu.util[,nice]",0
2026-05-15T16:35:06+00:00,cnsm-db-redis-01,"system.cpu.util[,nice]",0
2026-05-15T16:36:06+00:00,cnsm-db-redis-01,"system.cpu.util[,nice]",0
2026-05-15T16:37:06+00:00,cnsm-db-redis-01,"system.cpu.util[,nice]",0
2026-05-15T16:38:06+00:00,cnsm-db-redis-01,"system.cpu.util[,nice]",0
2026-05-15T16:39:06+00:00,cnsm-db-redis-01,"system.cpu.util[,nice]",0
2026-05-15T16:40:06+00:00,cnsm-db-redis-01,"system.cpu.util[,nice]",0
2026-05-15T16:41:06+00:00,cnsm-db-redis-01,"system.cpu.util[,nice]",0
2026-05-15T16:42:06+00:00,cnsm-db-redis-01,"system.cpu.util[,nice]",0
2026-05-15T16:43:06+00:00,cnsm-db-redis-01,"system.cpu.util[,nice]",0
2026-05-15T16:44:06+00:00,cnsm-db-redis-01,"system.cpu.util[,nice]",0
2026-05-15T16:45:06+00:00,cnsm-db-redis-01,"system.cpu.util[,nice]",0
2026-05-15T16:46:06+00:00,cnsm-db-redis-01,"system.cpu.util[,nice]",0
2026-05-15T16:47:06+00:00,cnsm-db-redis-01,"system.cpu.util[,nice]",0
2026-05-15T16:48:06+00:00,cnsm-db-redis-01,"system.cpu.util[,nice]",0
2026-05-15T16:49:06+00:00,cnsm-db-redis-01,"system.cpu.util[,nice]",0
2026-05-15T16:50:06+00:00,cnsm-db-redis-01,"system.cpu.util[,nice]",0
2026-05-15T16:51:06+00:00,cnsm-db-redis-01,"system.cpu.util[,nice]",0
2026-05-15T15:24:56+00:00,cnsm-db-redis-01,"system.cpu.util[,softirq]",2.882142
2026-05-15T15:25:56+00:00,cnsm-db-redis-01,"system.cpu.util[,softirq]",3.218064
2026-05-15T15:26:56+00:00,cnsm-db-redis-01,"system.cpu.util[,softirq]",2.718013
2026-05-15T15:27:56+00:00,cnsm-db-redis-01,"system.cpu.util[,softirq]",3.20597
2026-05-15T15:28:56+00:00,cnsm-db-redis-01,"system.cpu.util[,softirq]",2.815526
2026-05-15T15:29:56+00:00,cnsm-db-redis-01,"system.cpu.util[,softirq]",2.764887
2026-05-15T15:30:56+00:00,cnsm-db-redis-01,"system.cpu.util[,softirq]",3.102911
2026-05-15T15:31:56+00:00,cnsm-db-redis-01,"system.cpu.util[,softirq]",3.063048
2026-05-15T15:32:56+00:00,cnsm-db-redis-01,"system.cpu.util[,softirq]",2.834958
2026-05-15T15:33:56+00:00,cnsm-db-redis-01,"system.cpu.util[,softirq]",3.05914
2026-05-15T15:34:56+00:00,cnsm-db-redis-01,"system.cpu.util[,softirq]",3.278414
2026-05-15T15:35:56+00:00,cnsm-db-redis-01,"system.cpu.util[,softirq]",3.281023
2026-05-15T15:36:56+00:00,cnsm-db-redis-01,"system.cpu.util[,softirq]",3.173535
2026-05-15T15:37:56+00:00,cnsm-db-redis-01,"system.cpu.util[,softirq]",3.012824
2026-05-15T15:38:56+00:00,cnsm-db-redis-01,"system.cpu.util[,softirq]",3.148969
2026-05-15T15:39:56+00:00,cnsm-db-redis-01,"system.cpu.util[,softirq]",3.318436
2026-05-15T15:40:56+00:00,cnsm-db-redis-01,"system.cpu.util[,softirq]",3.206867
2026-05-15T15:41:56+00:00,cnsm-db-redis-01,"system.cpu.util[,softirq]",2.942
2026-05-15T15:42:56+00:00,cnsm-db-redis-01,"system.cpu.util[,softirq]",2.886897
2026-05-15T15:43:56+00:00,cnsm-db-redis-01,"system.cpu.util[,softirq]",2.913192
2026-05-15T15:44:56+00:00,cnsm-db-redis-01,"system.cpu.util[,softirq]",3.30153
2026-05-15T15:45:56+00:00,cnsm-db-redis-01,"system.cpu.util[,softirq]",3.140178
2026-05-15T15:46:56+00:00,cnsm-db-redis-01,"system.cpu.util[,softirq]",2.619647
2026-05-15T15:47:56+00:00,cnsm-db-redis-01,"system.cpu.util[,softirq]",3.27391
2026-05-15T15:48:56+00:00,cnsm-db-redis-01,"system.cpu.util[,softirq]",3.244467
2026-05-15T15:49:56+00:00,cnsm-db-redis-01,"system.cpu.util[,softirq]",2.943725
2026-05-15T15:50:56+00:00,cnsm-db-redis-01,"system.cpu.util[,softirq]",2.914359
2026-05-15T15:51:56+00:00,cnsm-db-redis-01,"system.cpu.util[,softirq]",3.062139
2026-05-15T15:52:56+00:00,cnsm-db-redis-01,"system.cpu.util[,softirq]",2.834042
2026-05-15T15:53:56+00:00,cnsm-db-redis-01,"system.cpu.util[,softirq]",2.883809
2026-05-15T15:54:56+00:00,cnsm-db-redis-01,"system.cpu.util[,softirq]",3.001445
2026-05-15T15:55:56+00:00,cnsm-db-redis-01,"system.cpu.util[,softirq]",3.035639
2026-05-15T15:56:56+00:00,cnsm-db-redis-01,"system.cpu.util[,softirq]",2.890655
2026-05-15T15:57:56+00:00,cnsm-db-redis-01,"system.cpu.util[,softirq]",2.782575
2026-05-15T15:58:56+00:00,cnsm-db-redis-01,"system.cpu.util[,softirq]",2.750091
2026-05-15T15:59:56+00:00,cnsm-db-redis-01,"system.cpu.util[,softirq]",2.980734
2026-05-15T16:00:56+00:00,cnsm-db-redis-01,"system.cpu.util[,softirq]",2.93856
2026-05-15T16:01:56+00:00,cnsm-db-redis-01,"system.cpu.util[,softirq]",2.861066
2026-05-15T16:02:56+00:00,cnsm-db-redis-01,"system.cpu.util[,softirq]",2.916713
2026-05-15T16:03:56+00:00,cnsm-db-redis-01,"system.cpu.util[,softirq]",3.202718
2026-05-15T16:04:56+00:00,cnsm-db-redis-01,"system.cpu.util[,softirq]",2.80517
2026-05-15T16:05:56+00:00,cnsm-db-redis-01,"system.cpu.util[,softirq]",2.996015
2026-05-15T16:06:56+00:00,cnsm-db-redis-01,"system.cpu.util[,softirq]",2.923455
2026-05-15T16:07:56+00:00,cnsm-db-redis-01,"system.cpu.util[,softirq]",2.947492
2026-05-15T16:08:56+00:00,cnsm-db-redis-01,"system.cpu.util[,softirq]",3.012366
2026-05-15T16:09:56+00:00,cnsm-db-redis-01,"system.cpu.util[,softirq]",2.712054
2026-05-15T16:10:56+00:00,cnsm-db-redis-01,"system.cpu.util[,softirq]",3.009253
2026-05-15T16:11:56+00:00,cnsm-db-redis-01,"system.cpu.util[,softirq]",2.689179
2026-05-15T16:12:56+00:00,cnsm-db-redis-01,"system.cpu.util[,softirq]",2.995064
2026-05-15T16:13:56+00:00,cnsm-db-redis-01,"system.cpu.util[,softirq]",2.629522
2026-05-15T16:14:56+00:00,cnsm-db-redis-01,"system.cpu.util[,softirq]",2.789023
2026-05-15T16:15:56+00:00,cnsm-db-redis-01,"system.cpu.util[,softirq]",3.057814
2026-05-15T16:16:56+00:00,cnsm-db-redis-01,"system.cpu.util[,softirq]",2.784073
2026-05-15T16:17:56+00:00,cnsm-db-redis-01,"system.cpu.util[,softirq]",3.022537
2026-05-15T16:18:56+00:00,cnsm-db-redis-01,"system.cpu.util[,softirq]",2.783893
2026-05-15T16:19:56+00:00,cnsm-db-redis-01,"system.cpu.util[,softirq]",2.687917
2026-05-15T16:20:56+00:00,cnsm-db-redis-01,"system.cpu.util[,softirq]",2.791659
2026-05-15T16:21:56+00:00,cnsm-db-redis-01,"system.cpu.util[,softirq]",2.871763
2026-05-15T16:22:56+00:00,cnsm-db-redis-01,"system.cpu.util[,softirq]",3.034625
2026-05-15T16:23:56+00:00,cnsm-db-redis-01,"system.cpu.util[,softirq]",2.684169
2026-05-15T16:24:56+00:00,cnsm-db-redis-01,"system.cpu.util[,softirq]",2.861138
2026-05-15T16:25:56+00:00,cnsm-db-redis-01,"system.cpu.util[,softirq]",2.755762
2026-05-15T16:26:56+00:00,cnsm-db-redis-01,"system.cpu.util[,softirq]",3.004952
2026-05-15T16:27:56+00:00,cnsm-db-redis-01,"system.cpu.util[,softirq]",2.898226
2026-05-15T16:28:56+00:00,cnsm-db-redis-01,"system.cpu.util[,softirq]",3.059879
2026-05-15T16:29:56+00:00,cnsm-db-redis-01,"system.cpu.util[,softirq]",2.637836
2026-05-15T16:30:56+00:00,cnsm-db-redis-01,"system.cpu.util[,softirq]",2.684451
2026-05-15T16:31:56+00:00,cnsm-db-redis-01,"system.cpu.util[,softirq]",3.472222
2026-05-15T16:32:56+00:00,cnsm-db-redis-01,"system.cpu.util[,softirq]",2.806694
2026-05-15T16:33:56+00:00,cnsm-db-redis-01,"system.cpu.util[,softirq]",2.953563
2026-05-15T16:34:56+00:00,cnsm-db-redis-01,"system.cpu.util[,softirq]",3.084588
2026-05-15T16:35:56+00:00,cnsm-db-redis-01,"system.cpu.util[,softirq]",3.048269
2026-05-15T16:36:56+00:00,cnsm-db-redis-01,"system.cpu.util[,softirq]",3.096789
2026-05-15T16:37:56+00:00,cnsm-db-redis-01,"system.cpu.util[,softirq]",3.021993
2026-05-15T16:38:56+00:00,cnsm-db-redis-01,"system.cpu.util[,softirq]",3.105851
2026-05-15T16:39:56+00:00,cnsm-db-redis-01,"system.cpu.util[,softirq]",3.071367
2026-05-15T16:40:56+00:00,cnsm-db-redis-01,"system.cpu.util[,softirq]",3.211343
2026-05-15T16:41:56+00:00,cnsm-db-redis-01,"system.cpu.util[,softirq]",3.134278
2026-05-15T16:42:56+00:00,cnsm-db-redis-01,"system.cpu.util[,softirq]",3.451938
2026-05-15T16:43:56+00:00,cnsm-db-redis-01,"system.cpu.util[,softirq]",3.14576
2026-05-15T16:44:56+00:00,cnsm-db-redis-01,"system.cpu.util[,softirq]",2.986531
2026-05-15T16:45:56+00:00,cnsm-db-redis-01,"system.cpu.util[,softirq]",2.874496
2026-05-15T16:46:56+00:00,cnsm-db-redis-01,"system.cpu.util[,softirq]",3.241554
2026-05-15T16:47:56+00:00,cnsm-db-redis-01,"system.cpu.util[,softirq]",3.162398
2026-05-15T16:48:56+00:00,cnsm-db-redis-01,"system.cpu.util[,softirq]",2.726281
2026-05-15T16:49:56+00:00,cnsm-db-redis-01,"system.cpu.util[,softirq]",3.071548
2026-05-15T16:50:56+00:00,cnsm-db-redis-01,"system.cpu.util[,softirq]",3.199844
2026-05-15T15:24:05+00:00,cnsm-db-redis-01,"system.cpu.util[,steal]",0.008395
2026-05-15T15:25:05+00:00,cnsm-db-redis-01,"system.cpu.util[,steal]",0.008387
2026-05-15T15:26:05+00:00,cnsm-db-redis-01,"system.cpu.util[,steal]",0.136673
2026-05-15T15:27:05+00:00,cnsm-db-redis-01,"system.cpu.util[,steal]",0.005581
2026-05-15T15:28:05+00:00,cnsm-db-redis-01,"system.cpu.util[,steal]",0.095041
2026-05-15T15:29:05+00:00,cnsm-db-redis-01,"system.cpu.util[,steal]",0.005586
2026-05-15T15:30:05+00:00,cnsm-db-redis-01,"system.cpu.util[,steal]",0.379115
2026-05-15T15:31:05+00:00,cnsm-db-redis-01,"system.cpu.util[,steal]",0.005582
2026-05-15T15:32:05+00:00,cnsm-db-redis-01,"system.cpu.util[,steal]",0.05299
2026-05-15T15:33:05+00:00,cnsm-db-redis-01,"system.cpu.util[,steal]",0.008389
2026-05-15T15:34:05+00:00,cnsm-db-redis-01,"system.cpu.util[,steal]",0.114644
2026-05-15T15:35:05+00:00,cnsm-db-redis-01,"system.cpu.util[,steal]",0.005591
2026-05-15T15:36:05+00:00,cnsm-db-redis-01,"system.cpu.util[,steal]",0.027931
2026-05-15T15:37:05+00:00,cnsm-db-redis-01,"system.cpu.util[,steal]",0.005607
2026-05-15T15:38:05+00:00,cnsm-db-redis-01,"system.cpu.util[,steal]",0.14802
2026-05-15T15:39:05+00:00,cnsm-db-redis-01,"system.cpu.util[,steal]",0.005593
2026-05-15T15:40:05+00:00,cnsm-db-redis-01,"system.cpu.util[,steal]",0.013965
2026-05-15T15:41:05+00:00,cnsm-db-redis-01,"system.cpu.util[,steal]",0.00559
2026-05-15T15:42:05+00:00,cnsm-db-redis-01,"system.cpu.util[,steal]",0.187418
2026-05-15T15:43:05+00:00,cnsm-db-redis-01,"system.cpu.util[,steal]",0.005588
2026-05-15T15:44:05+00:00,cnsm-db-redis-01,"system.cpu.util[,steal]",0.013991
2026-05-15T15:45:05+00:00,cnsm-db-redis-01,"system.cpu.util[,steal]",0.011193
2026-05-15T15:46:05+00:00,cnsm-db-redis-01,"system.cpu.util[,steal]",0.161691
2026-05-15T15:47:05+00:00,cnsm-db-redis-01,"system.cpu.util[,steal]",0.002804
2026-05-15T15:48:05+00:00,cnsm-db-redis-01,"system.cpu.util[,steal]",0.100787
2026-05-15T15:49:05+00:00,cnsm-db-redis-01,"system.cpu.util[,steal]",0.005587
2026-05-15T15:50:05+00:00,cnsm-db-redis-01,"system.cpu.util[,steal]",0.011195
2026-05-15T15:51:05+00:00,cnsm-db-redis-01,"system.cpu.util[,steal]",0.008391
2026-05-15T15:52:05+00:00,cnsm-db-redis-01,"system.cpu.util[,steal]",0.232187
2026-05-15T15:53:05+00:00,cnsm-db-redis-01,"system.cpu.util[,steal]",0.008408
2026-05-15T15:54:05+00:00,cnsm-db-redis-01,"system.cpu.util[,steal]",0.061739
2026-05-15T15:55:05+00:00,cnsm-db-redis-01,"system.cpu.util[,steal]",0.016927
2026-05-15T15:56:05+00:00,cnsm-db-redis-01,"system.cpu.util[,steal]",0.306928
2026-05-15T15:57:05+00:00,cnsm-db-redis-01,"system.cpu.util[,steal]",0.005561
2026-05-15T15:58:05+00:00,cnsm-db-redis-01,"system.cpu.util[,steal]",0.075257
2026-05-15T15:59:05+00:00,cnsm-db-redis-01,"system.cpu.util[,steal]",0.005588
2026-05-15T16:00:05+00:00,cnsm-db-redis-01,"system.cpu.util[,steal]",0.086602
2026-05-15T16:01:05+00:00,cnsm-db-redis-01,"system.cpu.util[,steal]",0.008342
2026-05-15T16:02:05+00:00,cnsm-db-redis-01,"system.cpu.util[,steal]",0.227349
2026-05-15T16:03:05+00:00,cnsm-db-redis-01,"system.cpu.util[,steal]",0.005571
2026-05-15T16:04:05+00:00,cnsm-db-redis-01,"system.cpu.util[,steal]",0.222556
2026-05-15T16:05:05+00:00,cnsm-db-redis-01,"system.cpu.util[,steal]",0.005574
2026-05-15T16:06:05+00:00,cnsm-db-redis-01,"system.cpu.util[,steal]",0.172817
2026-05-15T16:07:05+00:00,cnsm-db-redis-01,"system.cpu.util[,steal]",0.00558
2026-05-15T16:08:05+00:00,cnsm-db-redis-01,"system.cpu.util[,steal]",0.2147
2026-05-15T16:09:05+00:00,cnsm-db-redis-01,"system.cpu.util[,steal]",0.008343
2026-05-15T16:10:05+00:00,cnsm-db-redis-01,"system.cpu.util[,steal]",0.470189
2026-05-15T16:11:05+00:00,cnsm-db-redis-01,"system.cpu.util[,steal]",0.00837
2026-05-15T16:12:05+00:00,cnsm-db-redis-01,"system.cpu.util[,steal]",0.027911
2026-05-15T16:13:05+00:00,cnsm-db-redis-01,"system.cpu.util[,steal]",0.005581
2026-05-15T16:14:05+00:00,cnsm-db-redis-01,"system.cpu.util[,steal]",0.128345
2026-05-15T16:15:05+00:00,cnsm-db-redis-01,"system.cpu.util[,steal]",0.005581
2026-05-15T16:16:05+00:00,cnsm-db-redis-01,"system.cpu.util[,steal]",0.052984
2026-05-15T16:17:05+00:00,cnsm-db-redis-01,"system.cpu.util[,steal]",0.008383
2026-05-15T16:18:05+00:00,cnsm-db-redis-01,"system.cpu.util[,steal]",0.030658
2026-05-15T16:19:05+00:00,cnsm-db-redis-01,"system.cpu.util[,steal]",0.005578
2026-05-15T16:20:05+00:00,cnsm-db-redis-01,"system.cpu.util[,steal]",0.128244
2026-05-15T16:21:05+00:00,cnsm-db-redis-01,"system.cpu.util[,steal]",0.00559
2026-05-15T16:22:05+00:00,cnsm-db-redis-01,"system.cpu.util[,steal]",0.036358
2026-05-15T16:23:05+00:00,cnsm-db-redis-01,"system.cpu.util[,steal]",0.002798
2026-05-15T16:24:05+00:00,cnsm-db-redis-01,"system.cpu.util[,steal]",0.053105
2026-05-15T16:25:05+00:00,cnsm-db-redis-01,"system.cpu.util[,steal]",0.0056
2026-05-15T16:26:05+00:00,cnsm-db-redis-01,"system.cpu.util[,steal]",0.005602
2026-05-15T16:27:05+00:00,cnsm-db-redis-01,"system.cpu.util[,steal]",0.008392
2026-05-15T16:28:05+00:00,cnsm-db-redis-01,"system.cpu.util[,steal]",0.01119
2026-05-15T16:29:05+00:00,cnsm-db-redis-01,"system.cpu.util[,steal]",0.002803
2026-05-15T16:30:05+00:00,cnsm-db-redis-01,"system.cpu.util[,steal]",0.047542
2026-05-15T16:31:05+00:00,cnsm-db-redis-01,"system.cpu.util[,steal]",0.00558
2026-05-15T16:32:05+00:00,cnsm-db-redis-01,"system.cpu.util[,steal]",0.008373
2026-05-15T16:33:05+00:00,cnsm-db-redis-01,"system.cpu.util[,steal]",0.002799
2026-05-15T16:34:05+00:00,cnsm-db-redis-01,"system.cpu.util[,steal]",0.148568
2026-05-15T16:35:05+00:00,cnsm-db-redis-01,"system.cpu.util[,steal]",0.008408
2026-05-15T16:36:05+00:00,cnsm-db-redis-01,"system.cpu.util[,steal]",0.103349
2026-05-15T16:37:05+00:00,cnsm-db-redis-01,"system.cpu.util[,steal]",0.005598
2026-05-15T16:38:05+00:00,cnsm-db-redis-01,"system.cpu.util[,steal]",0.033626
2026-05-15T16:39:05+00:00,cnsm-db-redis-01,"system.cpu.util[,steal]",0.005587
2026-05-15T16:40:05+00:00,cnsm-db-redis-01,"system.cpu.util[,steal]",0.033611
2026-05-15T16:41:05+00:00,cnsm-db-redis-01,"system.cpu.util[,steal]",0.005602
2026-05-15T16:42:05+00:00,cnsm-db-redis-01,"system.cpu.util[,steal]",0.111963
2026-05-15T16:43:05+00:00,cnsm-db-redis-01,"system.cpu.util[,steal]",0.008395
2026-05-15T16:44:05+00:00,cnsm-db-redis-01,"system.cpu.util[,steal]",0.139408
2026-05-15T16:45:05+00:00,cnsm-db-redis-01,"system.cpu.util[,steal]",0.008372
2026-05-15T16:46:05+00:00,cnsm-db-redis-01,"system.cpu.util[,steal]",0.036389
2026-05-15T16:47:05+00:00,cnsm-db-redis-01,"system.cpu.util[,steal]",0.005576
2026-05-15T16:48:05+00:00,cnsm-db-redis-01,"system.cpu.util[,steal]",0.134149
2026-05-15T16:49:05+00:00,cnsm-db-redis-01,"system.cpu.util[,steal]",0.005597
2026-05-15T16:50:05+00:00,cnsm-db-redis-01,"system.cpu.util[,steal]",0.284622
2026-05-15T16:51:05+00:00,cnsm-db-redis-01,"system.cpu.util[,steal]",0.008402
2026-05-15T15:24:48+00:00,cnsm-db-redis-01,"system.cpu.util[,system]",6.819962
2026-05-15T15:25:48+00:00,cnsm-db-redis-01,"system.cpu.util[,system]",6.691408
2026-05-15T15:26:48+00:00,cnsm-db-redis-01,"system.cpu.util[,system]",6.504995
2026-05-15T15:27:48+00:00,cnsm-db-redis-01,"system.cpu.util[,system]",6.510679
2026-05-15T15:28:48+00:00,cnsm-db-redis-01,"system.cpu.util[,system]",6.672434
2026-05-15T15:29:48+00:00,cnsm-db-redis-01,"system.cpu.util[,system]",6.588064
2026-05-15T15:30:48+00:00,cnsm-db-redis-01,"system.cpu.util[,system]",6.739978
2026-05-15T15:31:48+00:00,cnsm-db-redis-01,"system.cpu.util[,system]",6.47848
2026-05-15T15:32:48+00:00,cnsm-db-redis-01,"system.cpu.util[,system]",6.362622
2026-05-15T15:33:48+00:00,cnsm-db-redis-01,"system.cpu.util[,system]",6.639608
2026-05-15T15:34:48+00:00,cnsm-db-redis-01,"system.cpu.util[,system]",6.950497
2026-05-15T15:35:48+00:00,cnsm-db-redis-01,"system.cpu.util[,system]",6.391776
2026-05-15T15:36:48+00:00,cnsm-db-redis-01,"system.cpu.util[,system]",6.545903
2026-05-15T15:37:48+00:00,cnsm-db-redis-01,"system.cpu.util[,system]",6.869972
2026-05-15T15:38:48+00:00,cnsm-db-redis-01,"system.cpu.util[,system]",6.621648
2026-05-15T15:39:48+00:00,cnsm-db-redis-01,"system.cpu.util[,system]",6.453956
2026-05-15T15:40:48+00:00,cnsm-db-redis-01,"system.cpu.util[,system]",6.496805
2026-05-15T15:41:48+00:00,cnsm-db-redis-01,"system.cpu.util[,system]",6.800986
2026-05-15T15:42:48+00:00,cnsm-db-redis-01,"system.cpu.util[,system]",6.47223
2026-05-15T15:43:48+00:00,cnsm-db-redis-01,"system.cpu.util[,system]",6.330283
2026-05-15T15:44:48+00:00,cnsm-db-redis-01,"system.cpu.util[,system]",6.75483
2026-05-15T15:45:48+00:00,cnsm-db-redis-01,"system.cpu.util[,system]",6.811517
2026-05-15T15:46:48+00:00,cnsm-db-redis-01,"system.cpu.util[,system]",6.398343
2026-05-15T15:47:48+00:00,cnsm-db-redis-01,"system.cpu.util[,system]",6.840026
2026-05-15T15:48:48+00:00,cnsm-db-redis-01,"system.cpu.util[,system]",6.778809
2026-05-15T15:49:48+00:00,cnsm-db-redis-01,"system.cpu.util[,system]",6.348407
2026-05-15T15:50:48+00:00,cnsm-db-redis-01,"system.cpu.util[,system]",6.357153
2026-05-15T15:51:48+00:00,cnsm-db-redis-01,"system.cpu.util[,system]",6.491361
2026-05-15T15:52:48+00:00,cnsm-db-redis-01,"system.cpu.util[,system]",6.941917
2026-05-15T15:53:48+00:00,cnsm-db-redis-01,"system.cpu.util[,system]",6.305223
2026-05-15T15:54:48+00:00,cnsm-db-redis-01,"system.cpu.util[,system]",8.399887
2026-05-15T15:55:48+00:00,cnsm-db-redis-01,"system.cpu.util[,system]",7.302679
2026-05-15T15:56:48+00:00,cnsm-db-redis-01,"system.cpu.util[,system]",6.846952
2026-05-15T15:57:48+00:00,cnsm-db-redis-01,"system.cpu.util[,system]",6.372085
2026-05-15T15:58:48+00:00,cnsm-db-redis-01,"system.cpu.util[,system]",6.275123
2026-05-15T15:59:48+00:00,cnsm-db-redis-01,"system.cpu.util[,system]",6.502587
2026-05-15T16:00:48+00:00,cnsm-db-redis-01,"system.cpu.util[,system]",6.464714
2026-05-15T16:01:48+00:00,cnsm-db-redis-01,"system.cpu.util[,system]",6.656044
2026-05-15T16:02:48+00:00,cnsm-db-redis-01,"system.cpu.util[,system]",6.830265
2026-05-15T16:03:48+00:00,cnsm-db-redis-01,"system.cpu.util[,system]",6.481971
2026-05-15T16:04:48+00:00,cnsm-db-redis-01,"system.cpu.util[,system]",6.584557
2026-05-15T16:05:48+00:00,cnsm-db-redis-01,"system.cpu.util[,system]",6.506849
2026-05-15T16:06:48+00:00,cnsm-db-redis-01,"system.cpu.util[,system]",6.62874
2026-05-15T16:07:48+00:00,cnsm-db-redis-01,"system.cpu.util[,system]",6.506038
2026-05-15T16:08:48+00:00,cnsm-db-redis-01,"system.cpu.util[,system]",6.994213
2026-05-15T16:09:48+00:00,cnsm-db-redis-01,"system.cpu.util[,system]",6.332115
2026-05-15T16:10:48+00:00,cnsm-db-redis-01,"system.cpu.util[,system]",6.46693
2026-05-15T16:11:48+00:00,cnsm-db-redis-01,"system.cpu.util[,system]",6.394227
2026-05-15T16:12:48+00:00,cnsm-db-redis-01,"system.cpu.util[,system]",6.536841
2026-05-15T16:13:48+00:00,cnsm-db-redis-01,"system.cpu.util[,system]",6.489848
2026-05-15T16:14:48+00:00,cnsm-db-redis-01,"system.cpu.util[,system]",6.589786
2026-05-15T16:15:48+00:00,cnsm-db-redis-01,"system.cpu.util[,system]",6.611501
2026-05-15T16:16:48+00:00,cnsm-db-redis-01,"system.cpu.util[,system]",6.610023
2026-05-15T16:17:48+00:00,cnsm-db-redis-01,"system.cpu.util[,system]",6.71242
2026-05-15T16:18:48+00:00,cnsm-db-redis-01,"system.cpu.util[,system]",6.405615
2026-05-15T16:19:48+00:00,cnsm-db-redis-01,"system.cpu.util[,system]",6.588347
2026-05-15T16:20:48+00:00,cnsm-db-redis-01,"system.cpu.util[,system]",6.651965
2026-05-15T16:21:48+00:00,cnsm-db-redis-01,"system.cpu.util[,system]",6.659212
2026-05-15T16:22:48+00:00,cnsm-db-redis-01,"system.cpu.util[,system]",6.380125
2026-05-15T16:23:48+00:00,cnsm-db-redis-01,"system.cpu.util[,system]",6.119244
2026-05-15T16:24:48+00:00,cnsm-db-redis-01,"system.cpu.util[,system]",6.469289
2026-05-15T16:25:48+00:00,cnsm-db-redis-01,"system.cpu.util[,system]",6.388516
2026-05-15T16:26:48+00:00,cnsm-db-redis-01,"system.cpu.util[,system]",6.458112
2026-05-15T16:27:48+00:00,cnsm-db-redis-01,"system.cpu.util[,system]",6.403293
2026-05-15T16:28:48+00:00,cnsm-db-redis-01,"system.cpu.util[,system]",6.612519
2026-05-15T16:29:48+00:00,cnsm-db-redis-01,"system.cpu.util[,system]",6.59799
2026-05-15T16:30:48+00:00,cnsm-db-redis-01,"system.cpu.util[,system]",6.165091
2026-05-15T16:31:48+00:00,cnsm-db-redis-01,"system.cpu.util[,system]",6.553493
2026-05-15T16:32:48+00:00,cnsm-db-redis-01,"system.cpu.util[,system]",6.589006
2026-05-15T16:33:48+00:00,cnsm-db-redis-01,"system.cpu.util[,system]",6.513561
2026-05-15T16:34:48+00:00,cnsm-db-redis-01,"system.cpu.util[,system]",6.736636
2026-05-15T16:35:48+00:00,cnsm-db-redis-01,"system.cpu.util[,system]",6.791798
2026-05-15T16:36:48+00:00,cnsm-db-redis-01,"system.cpu.util[,system]",6.486758
2026-05-15T16:37:48+00:00,cnsm-db-redis-01,"system.cpu.util[,system]",6.602426
2026-05-15T16:38:48+00:00,cnsm-db-redis-01,"system.cpu.util[,system]",6.287953
2026-05-15T16:39:48+00:00,cnsm-db-redis-01,"system.cpu.util[,system]",6.350939
2026-05-15T16:40:48+00:00,cnsm-db-redis-01,"system.cpu.util[,system]",6.418579
2026-05-15T16:41:48+00:00,cnsm-db-redis-01,"system.cpu.util[,system]",6.72818
2026-05-15T16:42:48+00:00,cnsm-db-redis-01,"system.cpu.util[,system]",6.970704
2026-05-15T16:43:48+00:00,cnsm-db-redis-01,"system.cpu.util[,system]",6.681378
2026-05-15T16:44:48+00:00,cnsm-db-redis-01,"system.cpu.util[,system]",6.59546
2026-05-15T16:45:48+00:00,cnsm-db-redis-01,"system.cpu.util[,system]",6.444842
2026-05-15T16:46:48+00:00,cnsm-db-redis-01,"system.cpu.util[,system]",6.677279
2026-05-15T16:47:48+00:00,cnsm-db-redis-01,"system.cpu.util[,system]",6.54391
2026-05-15T16:48:48+00:00,cnsm-db-redis-01,"system.cpu.util[,system]",6.639653
2026-05-15T16:49:48+00:00,cnsm-db-redis-01,"system.cpu.util[,system]",6.579278
2026-05-15T16:50:48+00:00,cnsm-db-redis-01,"system.cpu.util[,system]",6.732596
2026-05-15T16:51:48+00:00,cnsm-db-redis-01,"system.cpu.util[,system]",6.428093
2026-05-15T15:24:49+00:00,cnsm-db-redis-01,"system.cpu.util[,user]",3.560839
2026-05-15T15:25:49+00:00,cnsm-db-redis-01,"system.cpu.util[,user]",3.496386
2026-05-15T15:26:49+00:00,cnsm-db-redis-01,"system.cpu.util[,user]",3.578507
2026-05-15T15:27:49+00:00,cnsm-db-redis-01,"system.cpu.util[,user]",3.295229
2026-05-15T15:28:49+00:00,cnsm-db-redis-01,"system.cpu.util[,user]",3.519004
2026-05-15T15:29:49+00:00,cnsm-db-redis-01,"system.cpu.util[,user]",3.559355
2026-05-15T15:30:49+00:00,cnsm-db-redis-01,"system.cpu.util[,user]",3.624621
2026-05-15T15:31:49+00:00,cnsm-db-redis-01,"system.cpu.util[,user]",3.329047
2026-05-15T15:32:49+00:00,cnsm-db-redis-01,"system.cpu.util[,user]",3.473191
2026-05-15T15:33:49+00:00,cnsm-db-redis-01,"system.cpu.util[,user]",3.352643
2026-05-15T15:34:49+00:00,cnsm-db-redis-01,"system.cpu.util[,user]",3.592681
2026-05-15T15:35:49+00:00,cnsm-db-redis-01,"system.cpu.util[,user]",3.32458
2026-05-15T15:36:49+00:00,cnsm-db-redis-01,"system.cpu.util[,user]",3.180291
2026-05-15T15:37:49+00:00,cnsm-db-redis-01,"system.cpu.util[,user]",3.543097
2026-05-15T15:38:49+00:00,cnsm-db-redis-01,"system.cpu.util[,user]",3.38756
2026-05-15T15:39:49+00:00,cnsm-db-redis-01,"system.cpu.util[,user]",3.199039
2026-05-15T15:40:49+00:00,cnsm-db-redis-01,"system.cpu.util[,user]",3.493986
2026-05-15T15:41:49+00:00,cnsm-db-redis-01,"system.cpu.util[,user]",3.564423
2026-05-15T15:42:49+00:00,cnsm-db-redis-01,"system.cpu.util[,user]",3.463771
2026-05-15T15:43:49+00:00,cnsm-db-redis-01,"system.cpu.util[,user]",3.3978
2026-05-15T15:44:49+00:00,cnsm-db-redis-01,"system.cpu.util[,user]",3.37666
2026-05-15T15:45:49+00:00,cnsm-db-redis-01,"system.cpu.util[,user]",3.53572
2026-05-15T15:46:49+00:00,cnsm-db-redis-01,"system.cpu.util[,user]",3.494037
2026-05-15T15:47:49+00:00,cnsm-db-redis-01,"system.cpu.util[,user]",3.20177
2026-05-15T15:48:49+00:00,cnsm-db-redis-01,"system.cpu.util[,user]",3.537795
2026-05-15T15:49:49+00:00,cnsm-db-redis-01,"system.cpu.util[,user]",3.307311
2026-05-15T15:50:49+00:00,cnsm-db-redis-01,"system.cpu.util[,user]",3.362777
2026-05-15T15:51:49+00:00,cnsm-db-redis-01,"system.cpu.util[,user]",3.450111
2026-05-15T15:52:49+00:00,cnsm-db-redis-01,"system.cpu.util[,user]",3.619213
2026-05-15T15:53:49+00:00,cnsm-db-redis-01,"system.cpu.util[,user]",3.376885
2026-05-15T15:54:49+00:00,cnsm-db-redis-01,"system.cpu.util[,user]",26.645342
2026-05-15T15:55:49+00:00,cnsm-db-redis-01,"system.cpu.util[,user]",36.864774
2026-05-15T15:56:49+00:00,cnsm-db-redis-01,"system.cpu.util[,user]",37.056614
2026-05-15T15:57:49+00:00,cnsm-db-redis-01,"system.cpu.util[,user]",36.959546
2026-05-15T15:58:49+00:00,cnsm-db-redis-01,"system.cpu.util[,user]",36.870323
2026-05-15T15:59:49+00:00,cnsm-db-redis-01,"system.cpu.util[,user]",36.986914
2026-05-15T16:00:49+00:00,cnsm-db-redis-01,"system.cpu.util[,user]",37.020862
2026-05-15T16:01:49+00:00,cnsm-db-redis-01,"system.cpu.util[,user]",37.013223
2026-05-15T16:02:49+00:00,cnsm-db-redis-01,"system.cpu.util[,user]",36.430031
2026-05-15T16:03:49+00:00,cnsm-db-redis-01,"system.cpu.util[,user]",37.020743
2026-05-15T16:04:49+00:00,cnsm-db-redis-01,"system.cpu.util[,user]",36.924234
2026-05-15T16:05:49+00:00,cnsm-db-redis-01,"system.cpu.util[,user]",37.054877
2026-05-15T16:06:49+00:00,cnsm-db-redis-01,"system.cpu.util[,user]",37.048915
2026-05-15T16:07:49+00:00,cnsm-db-redis-01,"system.cpu.util[,user]",36.990045
2026-05-15T16:08:49+00:00,cnsm-db-redis-01,"system.cpu.util[,user]",36.741792
2026-05-15T16:09:49+00:00,cnsm-db-redis-01,"system.cpu.util[,user]",37.102533
2026-05-15T16:10:49+00:00,cnsm-db-redis-01,"system.cpu.util[,user]",36.885383
2026-05-15T16:11:49+00:00,cnsm-db-redis-01,"system.cpu.util[,user]",37.108097
2026-05-15T16:12:49+00:00,cnsm-db-redis-01,"system.cpu.util[,user]",36.946033
2026-05-15T16:13:49+00:00,cnsm-db-redis-01,"system.cpu.util[,user]",37.158561
2026-05-15T16:14:49+00:00,cnsm-db-redis-01,"system.cpu.util[,user]",36.64787
2026-05-15T16:15:49+00:00,cnsm-db-redis-01,"system.cpu.util[,user]",36.991224
2026-05-15T16:16:49+00:00,cnsm-db-redis-01,"system.cpu.util[,user]",37.080096
2026-05-15T16:17:49+00:00,cnsm-db-redis-01,"system.cpu.util[,user]",37.191005
2026-05-15T16:18:49+00:00,cnsm-db-redis-01,"system.cpu.util[,user]",36.995572
2026-05-15T16:19:49+00:00,cnsm-db-redis-01,"system.cpu.util[,user]",37.048302
2026-05-15T16:20:49+00:00,cnsm-db-redis-01,"system.cpu.util[,user]",36.500935
2026-05-15T16:21:49+00:00,cnsm-db-redis-01,"system.cpu.util[,user]",37.020575
2026-05-15T16:22:49+00:00,cnsm-db-redis-01,"system.cpu.util[,user]",4.253654
2026-05-15T16:23:49+00:00,cnsm-db-redis-01,"system.cpu.util[,user]",3.557711
2026-05-15T16:24:49+00:00,cnsm-db-redis-01,"system.cpu.util[,user]",3.5968
2026-05-15T16:25:49+00:00,cnsm-db-redis-01,"system.cpu.util[,user]",3.618909
2026-05-15T16:26:49+00:00,cnsm-db-redis-01,"system.cpu.util[,user]",3.399552
2026-05-15T16:27:49+00:00,cnsm-db-redis-01,"system.cpu.util[,user]",3.51216
2026-05-15T16:28:49+00:00,cnsm-db-redis-01,"system.cpu.util[,user]",3.409441
2026-05-15T16:29:49+00:00,cnsm-db-redis-01,"system.cpu.util[,user]",3.523945
2026-05-15T16:30:49+00:00,cnsm-db-redis-01,"system.cpu.util[,user]",3.666704
2026-05-15T16:31:49+00:00,cnsm-db-redis-01,"system.cpu.util[,user]",3.413778
2026-05-15T16:32:49+00:00,cnsm-db-redis-01,"system.cpu.util[,user]",3.472222
2026-05-15T16:33:49+00:00,cnsm-db-redis-01,"system.cpu.util[,user]",3.444984
2026-05-15T16:34:49+00:00,cnsm-db-redis-01,"system.cpu.util[,user]",3.517954
2026-05-15T16:35:49+00:00,cnsm-db-redis-01,"system.cpu.util[,user]",3.698109
2026-05-15T16:36:49+00:00,cnsm-db-redis-01,"system.cpu.util[,user]",3.398167
2026-05-15T16:37:49+00:00,cnsm-db-redis-01,"system.cpu.util[,user]",3.29618
2026-05-15T16:38:49+00:00,cnsm-db-redis-01,"system.cpu.util[,user]",3.371572
2026-05-15T16:39:49+00:00,cnsm-db-redis-01,"system.cpu.util[,user]",3.362074
2026-05-15T16:40:49+00:00,cnsm-db-redis-01,"system.cpu.util[,user]",3.267773
2026-05-15T16:41:49+00:00,cnsm-db-redis-01,"system.cpu.util[,user]",3.373812
2026-05-15T16:42:49+00:00,cnsm-db-redis-01,"system.cpu.util[,user]",3.599855
2026-05-15T16:43:49+00:00,cnsm-db-redis-01,"system.cpu.util[,user]",3.622804
2026-05-15T16:44:49+00:00,cnsm-db-redis-01,"system.cpu.util[,user]",3.558183
2026-05-15T16:45:49+00:00,cnsm-db-redis-01,"system.cpu.util[,user]",3.521541
2026-05-15T16:46:49+00:00,cnsm-db-redis-01,"system.cpu.util[,user]",3.395225
2026-05-15T16:47:49+00:00,cnsm-db-redis-01,"system.cpu.util[,user]",3.551172
2026-05-15T16:48:49+00:00,cnsm-db-redis-01,"system.cpu.util[,user]",3.560151
2026-05-15T16:49:49+00:00,cnsm-db-redis-01,"system.cpu.util[,user]",3.530102
2026-05-15T16:50:49+00:00,cnsm-db-redis-01,"system.cpu.util[,user]",3.617622
2026-05-15T16:51:49+00:00,cnsm-db-redis-01,"system.cpu.util[,user]",3.409059
2026-05-15T15:24:23+00:00,cnsm-db-redis-01,system.cpu.util,12.745647000000005
2026-05-15T15:25:23+00:00,cnsm-db-redis-01,system.cpu.util,13.147465999999994
2026-05-15T15:26:23+00:00,cnsm-db-redis-01,system.cpu.util,14.048755999999997
2026-05-15T15:27:23+00:00,cnsm-db-redis-01,system.cpu.util,12.323599000000002
2026-05-15T15:28:23+00:00,cnsm-db-redis-01,system.cpu.util,13.489957000000004
2026-05-15T15:29:23+00:00,cnsm-db-redis-01,system.cpu.util,13.024799999999999
2026-05-15T15:30:23+00:00,cnsm-db-redis-01,system.cpu.util,13.757248000000004
2026-05-15T15:31:23+00:00,cnsm-db-redis-01,system.cpu.util,12.955511000000001
2026-05-15T15:32:23+00:00,cnsm-db-redis-01,system.cpu.util,12.799487
2026-05-15T15:33:23+00:00,cnsm-db-redis-01,system.cpu.util,12.524456
2026-05-15T15:34:23+00:00,cnsm-db-redis-01,system.cpu.util,13.755874000000006
2026-05-15T15:35:23+00:00,cnsm-db-redis-01,system.cpu.util,13.604185999999999
2026-05-15T15:36:23+00:00,cnsm-db-redis-01,system.cpu.util,12.516409999999993
2026-05-15T15:37:23+00:00,cnsm-db-redis-01,system.cpu.util,13.230226000000002
2026-05-15T15:38:23+00:00,cnsm-db-redis-01,system.cpu.util,13.943287999999995
2026-05-15T15:39:23+00:00,cnsm-db-redis-01,system.cpu.util,12.659643000000003
2026-05-15T15:40:23+00:00,cnsm-db-redis-01,system.cpu.util,12.973394999999996
2026-05-15T15:41:23+00:00,cnsm-db-redis-01,system.cpu.util,13.591853
2026-05-15T15:42:23+00:00,cnsm-db-redis-01,system.cpu.util,13.276044999999996
2026-05-15T15:43:23+00:00,cnsm-db-redis-01,system.cpu.util,12.847881999999998
2026-05-15T15:44:23+00:00,cnsm-db-redis-01,system.cpu.util,12.679399000000004
2026-05-15T15:45:23+00:00,cnsm-db-redis-01,system.cpu.util,13.836161000000004
2026-05-15T15:46:23+00:00,cnsm-db-redis-01,system.cpu.util,13.391411000000005
2026-05-15T15:47:23+00:00,cnsm-db-redis-01,system.cpu.util,12.123591000000005
2026-05-15T15:48:23+00:00,cnsm-db-redis-01,system.cpu.util,14.107012999999995
2026-05-15T15:49:23+00:00,cnsm-db-redis-01,system.cpu.util,13.264022999999995
2026-05-15T15:50:23+00:00,cnsm-db-redis-01,system.cpu.util,12.379807999999997
2026-05-15T15:51:23+00:00,cnsm-db-redis-01,system.cpu.util,12.561211
2026-05-15T15:52:23+00:00,cnsm-db-redis-01,system.cpu.util,13.746397000000002
2026-05-15T15:53:23+00:00,cnsm-db-redis-01,system.cpu.util,13.139238000000006
2026-05-15T15:54:23+00:00,cnsm-db-redis-01,system.cpu.util,23.046211
2026-05-15T15:55:23+00:00,cnsm-db-redis-01,system.cpu.util,46.939574
2026-05-15T15:56:23+00:00,cnsm-db-redis-01,system.cpu.util,47.519153
2026-05-15T15:57:23+00:00,cnsm-db-redis-01,system.cpu.util,46.028655
2026-05-15T15:58:23+00:00,cnsm-db-redis-01,system.cpu.util,46.290305
2026-05-15T15:59:23+00:00,cnsm-db-redis-01,system.cpu.util,45.929241
2026-05-15T16:00:23+00:00,cnsm-db-redis-01,system.cpu.util,46.598962
2026-05-15T16:01:23+00:00,cnsm-db-redis-01,system.cpu.util,46.480873
2026-05-15T16:02:23+00:00,cnsm-db-redis-01,system.cpu.util,46.548921
2026-05-15T16:03:23+00:00,cnsm-db-redis-01,system.cpu.util,46.59578
2026-05-15T16:04:23+00:00,cnsm-db-redis-01,system.cpu.util,46.424597
2026-05-15T16:05:23+00:00,cnsm-db-redis-01,system.cpu.util,46.922605
2026-05-15T16:06:23+00:00,cnsm-db-redis-01,system.cpu.util,46.402027
2026-05-15T16:07:23+00:00,cnsm-db-redis-01,system.cpu.util,46.35283
2026-05-15T16:08:23+00:00,cnsm-db-redis-01,system.cpu.util,47.050448
2026-05-15T16:09:23+00:00,cnsm-db-redis-01,system.cpu.util,46.253093
2026-05-15T16:10:23+00:00,cnsm-db-redis-01,system.cpu.util,47.098692
2026-05-15T16:11:23+00:00,cnsm-db-redis-01,system.cpu.util,46.263276
2026-05-15T16:12:23+00:00,cnsm-db-redis-01,system.cpu.util,46.403149
2026-05-15T16:13:23+00:00,cnsm-db-redis-01,system.cpu.util,46.415726
2026-05-15T16:14:23+00:00,cnsm-db-redis-01,system.cpu.util,46.353105
2026-05-15T16:15:23+00:00,cnsm-db-redis-01,system.cpu.util,46.300477
2026-05-15T16:16:23+00:00,cnsm-db-redis-01,system.cpu.util,46.25328
2026-05-15T16:17:23+00:00,cnsm-db-redis-01,system.cpu.util,46.880232
2026-05-15T16:18:23+00:00,cnsm-db-redis-01,system.cpu.util,46.493971
2026-05-15T16:19:23+00:00,cnsm-db-redis-01,system.cpu.util,46.106466
2026-05-15T16:20:23+00:00,cnsm-db-redis-01,system.cpu.util,46.319609
2026-05-15T16:21:23+00:00,cnsm-db-redis-01,system.cpu.util,46.364144
2026-05-15T16:22:23+00:00,cnsm-db-redis-01,system.cpu.util,28.479933000000003
2026-05-15T16:23:23+00:00,cnsm-db-redis-01,system.cpu.util,12.299764999999994
2026-05-15T16:24:23+00:00,cnsm-db-redis-01,system.cpu.util,13.039709000000002
2026-05-15T16:25:23+00:00,cnsm-db-redis-01,system.cpu.util,12.924903
2026-05-15T16:26:23+00:00,cnsm-db-redis-01,system.cpu.util,12.826969000000005
2026-05-15T16:27:23+00:00,cnsm-db-redis-01,system.cpu.util,12.820656
2026-05-15T16:28:23+00:00,cnsm-db-redis-01,system.cpu.util,12.878023999999996
2026-05-15T16:29:23+00:00,cnsm-db-redis-01,system.cpu.util,12.991927000000004
2026-05-15T16:30:23+00:00,cnsm-db-redis-01,system.cpu.util,12.648199000000005
2026-05-15T16:31:23+00:00,cnsm-db-redis-01,system.cpu.util,13.041416999999996
2026-05-15T16:32:23+00:00,cnsm-db-redis-01,system.cpu.util,12.870926999999995
2026-05-15T16:33:23+00:00,cnsm-db-redis-01,system.cpu.util,12.624268
2026-05-15T16:34:23+00:00,cnsm-db-redis-01,system.cpu.util,13.550576000000007
2026-05-15T16:35:23+00:00,cnsm-db-redis-01,system.cpu.util,13.961048000000005
2026-05-15T16:36:23+00:00,cnsm-db-redis-01,system.cpu.util,13.367000000000004
2026-05-15T16:37:23+00:00,cnsm-db-redis-01,system.cpu.util,12.813331000000005
2026-05-15T16:38:23+00:00,cnsm-db-redis-01,system.cpu.util,12.842111000000003
2026-05-15T16:39:23+00:00,cnsm-db-redis-01,system.cpu.util,12.847271000000006
2026-05-15T16:40:23+00:00,cnsm-db-redis-01,system.cpu.util,12.732562999999999
2026-05-15T16:41:23+00:00,cnsm-db-redis-01,system.cpu.util,13.000701000000007
2026-05-15T16:42:23+00:00,cnsm-db-redis-01,system.cpu.util,13.723077000000004
2026-05-15T16:43:23+00:00,cnsm-db-redis-01,system.cpu.util,13.490064000000004
2026-05-15T16:44:23+00:00,cnsm-db-redis-01,system.cpu.util,13.866577000000007
2026-05-15T16:45:23+00:00,cnsm-db-redis-01,system.cpu.util,13.065453000000005
2026-05-15T16:46:23+00:00,cnsm-db-redis-01,system.cpu.util,12.913777999999994
2026-05-15T16:47:23+00:00,cnsm-db-redis-01,system.cpu.util,12.768450000000001
2026-05-15T16:48:23+00:00,cnsm-db-redis-01,system.cpu.util,13.698629999999994
2026-05-15T16:49:23+00:00,cnsm-db-redis-01,system.cpu.util,13.477834999999999
2026-05-15T16:50:23+00:00,cnsm-db-redis-01,system.cpu.util,13.301304000000002
2026-05-15T16:51:23+00:00,cnsm-db-redis-01,system.cpu.util,13.494305999999995
2026-05-15T15:24:15+00:00,cnsm-db-redis-01,system.cpu.intr,4470.888955935586
2026-05-15T15:25:15+00:00,cnsm-db-redis-01,system.cpu.intr,4793.0390620618
2026-05-15T15:26:15+00:00,cnsm-db-redis-01,system.cpu.intr,5671.765284438745
2026-05-15T15:27:15+00:00,cnsm-db-redis-01,system.cpu.intr,4960.779784125932
2026-05-15T15:28:15+00:00,cnsm-db-redis-01,system.cpu.intr,4582.279280689633
2026-05-15T15:29:15+00:00,cnsm-db-redis-01,system.cpu.intr,4687.004697335248
2026-05-15T15:30:15+00:00,cnsm-db-redis-01,system.cpu.intr,4950.7917329291
2026-05-15T15:31:15+00:00,cnsm-db-redis-01,system.cpu.intr,4167.259665739883
2026-05-15T15:32:15+00:00,cnsm-db-redis-01,system.cpu.intr,4289.424467952164
2026-05-15T15:33:15+00:00,cnsm-db-redis-01,system.cpu.intr,4567.905601492482
2026-05-15T15:34:15+00:00,cnsm-db-redis-01,system.cpu.intr,4398.0976575731875
2026-05-15T15:35:15+00:00,cnsm-db-redis-01,system.cpu.intr,5744.833643362856
2026-05-15T15:36:15+00:00,cnsm-db-redis-01,system.cpu.intr,5023.467595703652
2026-05-15T15:37:15+00:00,cnsm-db-redis-01,system.cpu.intr,4896.112744092825
2026-05-15T15:38:15+00:00,cnsm-db-redis-01,system.cpu.intr,5306.2656512958865
2026-05-15T15:39:15+00:00,cnsm-db-redis-01,system.cpu.intr,4406.439163860195
2026-05-15T15:40:15+00:00,cnsm-db-redis-01,system.cpu.intr,4797.437715248256
2026-05-15T15:41:15+00:00,cnsm-db-redis-01,system.cpu.intr,5377.8331205503355
2026-05-15T15:42:15+00:00,cnsm-db-redis-01,system.cpu.intr,4922.9822469952505
2026-05-15T15:43:15+00:00,cnsm-db-redis-01,system.cpu.intr,4783.133131644553
2026-05-15T15:44:15+00:00,cnsm-db-redis-01,system.cpu.intr,4570.679597628946
2026-05-15T15:45:15+00:00,cnsm-db-redis-01,system.cpu.intr,5619.444870518032
2026-05-15T15:46:15+00:00,cnsm-db-redis-01,system.cpu.intr,4856.347564056062
2026-05-15T15:47:15+00:00,cnsm-db-redis-01,system.cpu.intr,5304.912866582501
2026-05-15T15:48:15+00:00,cnsm-db-redis-01,system.cpu.intr,5106.768134255913
2026-05-15T15:49:15+00:00,cnsm-db-redis-01,system.cpu.intr,5383.603259466655
2026-05-15T15:50:15+00:00,cnsm-db-redis-01,system.cpu.intr,4505.632059440963
2026-05-15T15:51:15+00:00,cnsm-db-redis-01,system.cpu.intr,4876.553474243432
2026-05-15T15:52:15+00:00,cnsm-db-redis-01,system.cpu.intr,5235.621777980487
2026-05-15T15:53:15+00:00,cnsm-db-redis-01,system.cpu.intr,5095.6603328458
2026-05-15T15:54:15+00:00,cnsm-db-redis-01,system.cpu.intr,5201.9058392980405
2026-05-15T15:55:15+00:00,cnsm-db-redis-01,system.cpu.intr,6169.595021784381
2026-05-15T15:56:15+00:00,cnsm-db-redis-01,system.cpu.intr,7338.5165315985
2026-05-15T15:57:15+00:00,cnsm-db-redis-01,system.cpu.intr,6242.214883521021
2026-05-15T15:58:15+00:00,cnsm-db-redis-01,system.cpu.intr,7417.437348515794
2026-05-15T15:59:15+00:00,cnsm-db-redis-01,system.cpu.intr,7124.809554518939
2026-05-15T16:00:15+00:00,cnsm-db-redis-01,system.cpu.intr,7048.8308703529965
2026-05-15T16:01:15+00:00,cnsm-db-redis-01,system.cpu.intr,6782.489791468718
2026-05-15T16:02:15+00:00,cnsm-db-redis-01,system.cpu.intr,7212.084803191952
2026-05-15T16:03:15+00:00,cnsm-db-redis-01,system.cpu.intr,6637.84195264054
2026-05-15T16:04:15+00:00,cnsm-db-redis-01,system.cpu.intr,6623.051691924644
2026-05-15T16:05:15+00:00,cnsm-db-redis-01,system.cpu.intr,6873.693361367274
2026-05-15T16:06:15+00:00,cnsm-db-redis-01,system.cpu.intr,6811.03403529602
2026-05-15T16:07:15+00:00,cnsm-db-redis-01,system.cpu.intr,6065.785365943491
2026-05-15T16:08:15+00:00,cnsm-db-redis-01,system.cpu.intr,7636.396588992546
2026-05-15T16:09:15+00:00,cnsm-db-redis-01,system.cpu.intr,6893.7424200179785
2026-05-15T16:10:15+00:00,cnsm-db-redis-01,system.cpu.intr,7238.321138692433
2026-05-15T16:11:15+00:00,cnsm-db-redis-01,system.cpu.intr,6965.6134511073105
2026-05-15T16:12:15+00:00,cnsm-db-redis-01,system.cpu.intr,6762.982494979471
2026-05-15T16:13:15+00:00,cnsm-db-redis-01,system.cpu.intr,6326.717770957201
2026-05-15T16:14:15+00:00,cnsm-db-redis-01,system.cpu.intr,6568.568855405328
2026-05-15T16:15:15+00:00,cnsm-db-redis-01,system.cpu.intr,7179.854836628756
2026-05-15T16:16:15+00:00,cnsm-db-redis-01,system.cpu.intr,6880.48396709626
2026-05-15T16:17:15+00:00,cnsm-db-redis-01,system.cpu.intr,7438.474894839829
2026-05-15T16:18:15+00:00,cnsm-db-redis-01,system.cpu.intr,6742.852708236924
2026-05-15T16:19:15+00:00,cnsm-db-redis-01,system.cpu.intr,6749.342125250843
2026-05-15T16:20:15+00:00,cnsm-db-redis-01,system.cpu.intr,6242.730995566167
2026-05-15T16:21:15+00:00,cnsm-db-redis-01,system.cpu.intr,7097.067695399462
2026-05-15T16:22:15+00:00,cnsm-db-redis-01,system.cpu.intr,5904.605347049942
2026-05-15T16:23:15+00:00,cnsm-db-redis-01,system.cpu.intr,5664.71425225424
2026-05-15T16:24:15+00:00,cnsm-db-redis-01,system.cpu.intr,4761.055092179212
2026-05-15T16:25:15+00:00,cnsm-db-redis-01,system.cpu.intr,4451.449100744825
2026-05-15T16:26:15+00:00,cnsm-db-redis-01,system.cpu.intr,5180.782532643392
2026-05-15T16:27:15+00:00,cnsm-db-redis-01,system.cpu.intr,4746.308317430696
2026-05-15T16:28:15+00:00,cnsm-db-redis-01,system.cpu.intr,4898.261998953197
2026-05-15T16:29:15+00:00,cnsm-db-redis-01,system.cpu.intr,5508.624282658511
2026-05-15T16:30:15+00:00,cnsm-db-redis-01,system.cpu.intr,4812.405440103523
2026-05-15T16:31:15+00:00,cnsm-db-redis-01,system.cpu.intr,5017.585200469984
2026-05-15T16:32:15+00:00,cnsm-db-redis-01,system.cpu.intr,4908.537467028922
2026-05-15T16:33:15+00:00,cnsm-db-redis-01,system.cpu.intr,4646.270410596795
2026-05-15T16:34:15+00:00,cnsm-db-redis-01,system.cpu.intr,5251.83623194188
2026-05-15T16:35:15+00:00,cnsm-db-redis-01,system.cpu.intr,5273.696027588332
2026-05-15T16:36:15+00:00,cnsm-db-redis-01,system.cpu.intr,4778.219803479574
2026-05-15T16:37:15+00:00,cnsm-db-redis-01,system.cpu.intr,4466.9359391797925
2026-05-15T16:38:15+00:00,cnsm-db-redis-01,system.cpu.intr,4999.130456601394
2026-05-15T16:39:15+00:00,cnsm-db-redis-01,system.cpu.intr,5268.60566349449
2026-05-15T16:40:15+00:00,cnsm-db-redis-01,system.cpu.intr,4642.781938548132
2026-05-15T16:41:15+00:00,cnsm-db-redis-01,system.cpu.intr,5156.437856159146
2026-05-15T16:42:15+00:00,cnsm-db-redis-01,system.cpu.intr,4670.369625521827
2026-05-15T16:43:15+00:00,cnsm-db-redis-01,system.cpu.intr,5363.676083056661
2026-05-15T16:44:15+00:00,cnsm-db-redis-01,system.cpu.intr,5326.003474684667
2026-05-15T16:45:15+00:00,cnsm-db-redis-01,system.cpu.intr,4321.248835063335
2026-05-15T16:46:15+00:00,cnsm-db-redis-01,system.cpu.intr,4825.4758951394115
2026-05-15T16:47:15+00:00,cnsm-db-redis-01,system.cpu.intr,4382.294071850585
2026-05-15T16:48:15+00:00,cnsm-db-redis-01,system.cpu.intr,4976.79475113418
2026-05-15T16:49:15+00:00,cnsm-db-redis-01,system.cpu.intr,4702.370674810684
2026-05-15T16:50:15+00:00,cnsm-db-redis-01,system.cpu.intr,4771.33383090393
2026-05-15T16:51:15+00:00,cnsm-db-redis-01,system.cpu.intr,5325.604844737867
2026-05-15T15:24:18+00:00,cnsm-db-redis-01,"system.cpu.load[all,avg15]",0.712402
2026-05-15T15:25:18+00:00,cnsm-db-redis-01,"system.cpu.load[all,avg15]",0.716309
2026-05-15T15:26:18+00:00,cnsm-db-redis-01,"system.cpu.load[all,avg15]",0.714844
2026-05-15T15:27:18+00:00,cnsm-db-redis-01,"system.cpu.load[all,avg15]",0.726562
2026-05-15T15:28:18+00:00,cnsm-db-redis-01,"system.cpu.load[all,avg15]",0.729004
2026-05-15T15:29:18+00:00,cnsm-db-redis-01,"system.cpu.load[all,avg15]",0.719238
2026-05-15T15:30:18+00:00,cnsm-db-redis-01,"system.cpu.load[all,avg15]",0.717773
2026-05-15T15:31:18+00:00,cnsm-db-redis-01,"system.cpu.load[all,avg15]",0.720215
2026-05-15T15:32:18+00:00,cnsm-db-redis-01,"system.cpu.load[all,avg15]",0.71875
2026-05-15T15:33:18+00:00,cnsm-db-redis-01,"system.cpu.load[all,avg15]",0.711426
2026-05-15T15:34:18+00:00,cnsm-db-redis-01,"system.cpu.load[all,avg15]",0.714844
2026-05-15T15:35:18+00:00,cnsm-db-redis-01,"system.cpu.load[all,avg15]",0.713867
2026-05-15T15:36:18+00:00,cnsm-db-redis-01,"system.cpu.load[all,avg15]",0.696289
2026-05-15T15:37:18+00:00,cnsm-db-redis-01,"system.cpu.load[all,avg15]",0.700195
2026-05-15T15:38:18+00:00,cnsm-db-redis-01,"system.cpu.load[all,avg15]",0.704102
2026-05-15T15:39:18+00:00,cnsm-db-redis-01,"system.cpu.load[all,avg15]",0.708496
2026-05-15T15:40:18+00:00,cnsm-db-redis-01,"system.cpu.load[all,avg15]",0.707031
2026-05-15T15:41:18+00:00,cnsm-db-redis-01,"system.cpu.load[all,avg15]",0.721191
2026-05-15T15:42:18+00:00,cnsm-db-redis-01,"system.cpu.load[all,avg15]",0.723145
2026-05-15T15:43:18+00:00,cnsm-db-redis-01,"system.cpu.load[all,avg15]",0.720703
2026-05-15T15:44:18+00:00,cnsm-db-redis-01,"system.cpu.load[all,avg15]",0.724609
2026-05-15T15:45:18+00:00,cnsm-db-redis-01,"system.cpu.load[all,avg15]",0.730957
2026-05-15T15:46:18+00:00,cnsm-db-redis-01,"system.cpu.load[all,avg15]",0.726074
2026-05-15T15:47:18+00:00,cnsm-db-redis-01,"system.cpu.load[all,avg15]",0.737305
2026-05-15T15:48:18+00:00,cnsm-db-redis-01,"system.cpu.load[all,avg15]",0.721191
2026-05-15T15:49:18+00:00,cnsm-db-redis-01,"system.cpu.load[all,avg15]",0.723633
2026-05-15T15:50:18+00:00,cnsm-db-redis-01,"system.cpu.load[all,avg15]",0.728027
2026-05-15T15:51:18+00:00,cnsm-db-redis-01,"system.cpu.load[all,avg15]",0.724609
2026-05-15T15:52:18+00:00,cnsm-db-redis-01,"system.cpu.load[all,avg15]",0.727539
2026-05-15T15:53:18+00:00,cnsm-db-redis-01,"system.cpu.load[all,avg15]",0.726562
2026-05-15T15:54:18+00:00,cnsm-db-redis-01,"system.cpu.load[all,avg15]",0.759277
2026-05-15T15:55:18+00:00,cnsm-db-redis-01,"system.cpu.load[all,avg15]",0.881836
2026-05-15T15:56:18+00:00,cnsm-db-redis-01,"system.cpu.load[all,avg15]",0.986328
2026-05-15T15:57:18+00:00,cnsm-db-redis-01,"system.cpu.load[all,avg15]",1.083984
2026-05-15T15:58:18+00:00,cnsm-db-redis-01,"system.cpu.load[all,avg15]",1.165039
2026-05-15T15:59:18+00:00,cnsm-db-redis-01,"system.cpu.load[all,avg15]",1.235352
2026-05-15T16:00:18+00:00,cnsm-db-redis-01,"system.cpu.load[all,avg15]",1.3125
2026-05-15T16:01:18+00:00,cnsm-db-redis-01,"system.cpu.load[all,avg15]",1.405273
2026-05-15T16:02:18+00:00,cnsm-db-redis-01,"system.cpu.load[all,avg15]",1.482422
2026-05-15T16:03:18+00:00,cnsm-db-redis-01,"system.cpu.load[all,avg15]",1.564453
2026-05-15T16:04:18+00:00,cnsm-db-redis-01,"system.cpu.load[all,avg15]",1.636719
2026-05-15T16:05:18+00:00,cnsm-db-redis-01,"system.cpu.load[all,avg15]",1.692383
2026-05-15T16:06:18+00:00,cnsm-db-redis-01,"system.cpu.load[all,avg15]",1.755859
2026-05-15T16:07:18+00:00,cnsm-db-redis-01,"system.cpu.load[all,avg15]",1.811035
2026-05-15T16:08:18+00:00,cnsm-db-redis-01,"system.cpu.load[all,avg15]",1.855957
2026-05-15T16:09:18+00:00,cnsm-db-redis-01,"system.cpu.load[all,avg15]",1.905273
2026-05-15T16:10:18+00:00,cnsm-db-redis-01,"system.cpu.load[all,avg15]",1.943848
2026-05-15T16:11:18+00:00,cnsm-db-redis-01,"system.cpu.load[all,avg15]",1.987305
2026-05-15T16:12:18+00:00,cnsm-db-redis-01,"system.cpu.load[all,avg15]",2.034668
2026-05-15T16:13:18+00:00,cnsm-db-redis-01,"system.cpu.load[all,avg15]",2.068848
2026-05-15T16:14:18+00:00,cnsm-db-redis-01,"system.cpu.load[all,avg15]",2.106445
2026-05-15T16:15:18+00:00,cnsm-db-redis-01,"system.cpu.load[all,avg15]",2.140625
2026-05-15T16:16:18+00:00,cnsm-db-redis-01,"system.cpu.load[all,avg15]",2.168945
2026-05-15T16:17:18+00:00,cnsm-db-redis-01,"system.cpu.load[all,avg15]",2.203613
2026-05-15T16:18:18+00:00,cnsm-db-redis-01,"system.cpu.load[all,avg15]",2.231445
2026-05-15T16:19:18+00:00,cnsm-db-redis-01,"system.cpu.load[all,avg15]",2.248535
2026-05-15T16:20:18+00:00,cnsm-db-redis-01,"system.cpu.load[all,avg15]",2.280762
2026-05-15T16:21:18+00:00,cnsm-db-redis-01,"system.cpu.load[all,avg15]",2.291992
2026-05-15T16:22:18+00:00,cnsm-db-redis-01,"system.cpu.load[all,avg15]",2.249023
2026-05-15T16:23:18+00:00,cnsm-db-redis-01,"system.cpu.load[all,avg15]",2.152832
2026-05-15T16:24:18+00:00,cnsm-db-redis-01,"system.cpu.load[all,avg15]",2.078125
2026-05-15T16:25:18+00:00,cnsm-db-redis-01,"system.cpu.load[all,avg15]",1.976562
2026-05-15T16:26:18+00:00,cnsm-db-redis-01,"system.cpu.load[all,avg15]",1.90332
2026-05-15T16:27:18+00:00,cnsm-db-redis-01,"system.cpu.load[all,avg15]",1.830566
2026-05-15T16:28:18+00:00,cnsm-db-redis-01,"system.cpu.load[all,avg15]",1.762695
2026-05-15T16:29:18+00:00,cnsm-db-redis-01,"system.cpu.load[all,avg15]",1.697754
2026-05-15T16:30:18+00:00,cnsm-db-redis-01,"system.cpu.load[all,avg15]",1.637207
2026-05-15T16:31:18+00:00,cnsm-db-redis-01,"system.cpu.load[all,avg15]",1.575684
2026-05-15T16:32:18+00:00,cnsm-db-redis-01,"system.cpu.load[all,avg15]",1.528809
2026-05-15T16:33:18+00:00,cnsm-db-redis-01,"system.cpu.load[all,avg15]",1.473633
2026-05-15T16:34:18+00:00,cnsm-db-redis-01,"system.cpu.load[all,avg15]",1.428711
2026-05-15T16:35:18+00:00,cnsm-db-redis-01,"system.cpu.load[all,avg15]",1.378906
2026-05-15T16:36:18+00:00,cnsm-db-redis-01,"system.cpu.load[all,avg15]",1.333008
2026-05-15T16:37:18+00:00,cnsm-db-redis-01,"system.cpu.load[all,avg15]",1.30127
2026-05-15T16:38:18+00:00,cnsm-db-redis-01,"system.cpu.load[all,avg15]",1.27002
2026-05-15T16:39:18+00:00,cnsm-db-redis-01,"system.cpu.load[all,avg15]",1.221191
2026-05-15T16:40:18+00:00,cnsm-db-redis-01,"system.cpu.load[all,avg15]",1.183105
2026-05-15T16:41:18+00:00,cnsm-db-redis-01,"system.cpu.load[all,avg15]",1.167969
2026-05-15T16:42:18+00:00,cnsm-db-redis-01,"system.cpu.load[all,avg15]",1.158203
2026-05-15T16:43:18+00:00,cnsm-db-redis-01,"system.cpu.load[all,avg15]",1.126465
2026-05-15T16:44:18+00:00,cnsm-db-redis-01,"system.cpu.load[all,avg15]",1.100586
2026-05-15T16:45:18+00:00,cnsm-db-redis-01,"system.cpu.load[all,avg15]",1.072266
2026-05-15T16:46:18+00:00,cnsm-db-redis-01,"system.cpu.load[all,avg15]",1.045898
2026-05-15T16:47:18+00:00,cnsm-db-redis-01,"system.cpu.load[all,avg15]",1.04248
2026-05-15T16:48:18+00:00,cnsm-db-redis-01,"system.cpu.load[all,avg15]",1.016602
2026-05-15T16:49:18+00:00,cnsm-db-redis-01,"system.cpu.load[all,avg15]",0.992676
2026-05-15T16:50:18+00:00,cnsm-db-redis-01,"system.cpu.load[all,avg15]",0.979004
2026-05-15T16:51:18+00:00,cnsm-db-redis-01,"system.cpu.load[all,avg15]",0.95459
2026-05-15T15:24:08+00:00,cnsm-db-redis-01,"system.cpu.load[all,avg1]",0.565918
2026-05-15T15:25:08+00:00,cnsm-db-redis-01,"system.cpu.load[all,avg1]",0.684082
2026-05-15T15:26:08+00:00,cnsm-db-redis-01,"system.cpu.load[all,avg1]",0.748047
2026-05-15T15:27:08+00:00,cnsm-db-redis-01,"system.cpu.load[all,avg1]",0.79834
2026-05-15T15:28:08+00:00,cnsm-db-redis-01,"system.cpu.load[all,avg1]",0.734863
2026-05-15T15:29:08+00:00,cnsm-db-redis-01,"system.cpu.load[all,avg1]",0.578613
2026-05-15T15:30:08+00:00,cnsm-db-redis-01,"system.cpu.load[all,avg1]",0.585938
2026-05-15T15:31:08+00:00,cnsm-db-redis-01,"system.cpu.load[all,avg1]",0.693848
2026-05-15T15:32:08+00:00,cnsm-db-redis-01,"system.cpu.load[all,avg1]",0.751953
2026-05-15T15:33:08+00:00,cnsm-db-redis-01,"system.cpu.load[all,avg1]",0.525391
2026-05-15T15:34:08+00:00,cnsm-db-redis-01,"system.cpu.load[all,avg1]",0.678223
2026-05-15T15:35:08+00:00,cnsm-db-redis-01,"system.cpu.load[all,avg1]",0.69043
2026-05-15T15:36:08+00:00,cnsm-db-redis-01,"system.cpu.load[all,avg1]",0.500488
2026-05-15T15:37:08+00:00,cnsm-db-redis-01,"system.cpu.load[all,avg1]",0.710449
2026-05-15T15:38:08+00:00,cnsm-db-redis-01,"system.cpu.load[all,avg1]",0.81543
2026-05-15T15:39:08+00:00,cnsm-db-redis-01,"system.cpu.load[all,avg1]",0.747559
2026-05-15T15:40:08+00:00,cnsm-db-redis-01,"system.cpu.load[all,avg1]",0.674316
2026-05-15T15:41:08+00:00,cnsm-db-redis-01,"system.cpu.load[all,avg1]",0.892578
2026-05-15T15:42:08+00:00,cnsm-db-redis-01,"system.cpu.load[all,avg1]",0.724121
2026-05-15T15:43:08+00:00,cnsm-db-redis-01,"system.cpu.load[all,avg1]",0.810547
2026-05-15T15:44:08+00:00,cnsm-db-redis-01,"system.cpu.load[all,avg1]",0.674805
2026-05-15T15:45:08+00:00,cnsm-db-redis-01,"system.cpu.load[all,avg1]",0.768555
2026-05-15T15:46:08+00:00,cnsm-db-redis-01,"system.cpu.load[all,avg1]",0.67334
2026-05-15T15:47:08+00:00,cnsm-db-redis-01,"system.cpu.load[all,avg1]",0.839355
2026-05-15T15:48:08+00:00,cnsm-db-redis-01,"system.cpu.load[all,avg1]",0.644043
2026-05-15T15:49:08+00:00,cnsm-db-redis-01,"system.cpu.load[all,avg1]",0.813477
2026-05-15T15:50:08+00:00,cnsm-db-redis-01,"system.cpu.load[all,avg1]",0.702148
2026-05-15T15:51:08+00:00,cnsm-db-redis-01,"system.cpu.load[all,avg1]",0.650879
2026-05-15T15:52:08+00:00,cnsm-db-redis-01,"system.cpu.load[all,avg1]",0.718262
2026-05-15T15:53:08+00:00,cnsm-db-redis-01,"system.cpu.load[all,avg1]",0.853516
2026-05-15T15:54:08+00:00,cnsm-db-redis-01,"system.cpu.load[all,avg1]",0.914551
2026-05-15T15:55:08+00:00,cnsm-db-redis-01,"system.cpu.load[all,avg1]",1.989746
2026-05-15T15:56:08+00:00,cnsm-db-redis-01,"system.cpu.load[all,avg1]",2.34375
2026-05-15T15:57:08+00:00,cnsm-db-redis-01,"system.cpu.load[all,avg1]",2.422852
2026-05-15T15:58:08+00:00,cnsm-db-redis-01,"system.cpu.load[all,avg1]",2.39209
2026-05-15T15:59:08+00:00,cnsm-db-redis-01,"system.cpu.load[all,avg1]",2.302246
2026-05-15T16:00:08+00:00,cnsm-db-redis-01,"system.cpu.load[all,avg1]",2.375488
2026-05-15T16:01:08+00:00,cnsm-db-redis-01,"system.cpu.load[all,avg1]",2.644043
2026-05-15T16:02:08+00:00,cnsm-db-redis-01,"system.cpu.load[all,avg1]",2.611328
2026-05-15T16:03:08+00:00,cnsm-db-redis-01,"system.cpu.load[all,avg1]",2.674316
2026-05-15T16:04:08+00:00,cnsm-db-redis-01,"system.cpu.load[all,avg1]",2.608398
2026-05-15T16:05:08+00:00,cnsm-db-redis-01,"system.cpu.load[all,avg1]",2.581055
2026-05-15T16:06:08+00:00,cnsm-db-redis-01,"system.cpu.load[all,avg1]",2.54834
2026-05-15T16:07:08+00:00,cnsm-db-redis-01,"system.cpu.load[all,avg1]",2.533203
2026-05-15T16:08:08+00:00,cnsm-db-redis-01,"system.cpu.load[all,avg1]",2.519043
2026-05-15T16:09:08+00:00,cnsm-db-redis-01,"system.cpu.load[all,avg1]",2.541992
2026-05-15T16:10:08+00:00,cnsm-db-redis-01,"system.cpu.load[all,avg1]",2.442871
2026-05-15T16:11:08+00:00,cnsm-db-redis-01,"system.cpu.load[all,avg1]",2.620605
2026-05-15T16:12:08+00:00,cnsm-db-redis-01,"system.cpu.load[all,avg1]",2.70752
2026-05-15T16:13:08+00:00,cnsm-db-redis-01,"system.cpu.load[all,avg1]",2.699219
2026-05-15T16:14:08+00:00,cnsm-db-redis-01,"system.cpu.load[all,avg1]",2.72998
2026-05-15T16:15:08+00:00,cnsm-db-redis-01,"system.cpu.load[all,avg1]",2.583496
2026-05-15T16:16:08+00:00,cnsm-db-redis-01,"system.cpu.load[all,avg1]",2.655762
2026-05-15T16:17:08+00:00,cnsm-db-redis-01,"system.cpu.load[all,avg1]",2.661133
2026-05-15T16:18:08+00:00,cnsm-db-redis-01,"system.cpu.load[all,avg1]",2.722168
2026-05-15T16:19:08+00:00,cnsm-db-redis-01,"system.cpu.load[all,avg1]",2.581543
2026-05-15T16:20:08+00:00,cnsm-db-redis-01,"system.cpu.load[all,avg1]",2.655273
2026-05-15T16:21:08+00:00,cnsm-db-redis-01,"system.cpu.load[all,avg1]",2.611816
2026-05-15T16:22:08+00:00,cnsm-db-redis-01,"system.cpu.load[all,avg1]",2.097168
2026-05-15T16:23:08+00:00,cnsm-db-redis-01,"system.cpu.load[all,avg1]",1.223145
2026-05-15T16:24:08+00:00,cnsm-db-redis-01,"system.cpu.load[all,avg1]",1.075684
2026-05-15T16:25:08+00:00,cnsm-db-redis-01,"system.cpu.load[all,avg1]",0.822266
2026-05-15T16:26:08+00:00,cnsm-db-redis-01,"system.cpu.load[all,avg1]",0.716309
2026-05-15T16:27:08+00:00,cnsm-db-redis-01,"system.cpu.load[all,avg1]",0.769531
2026-05-15T16:28:08+00:00,cnsm-db-redis-01,"system.cpu.load[all,avg1]",0.77832
2026-05-15T16:29:08+00:00,cnsm-db-redis-01,"system.cpu.load[all,avg1]",0.762695
2026-05-15T16:30:08+00:00,cnsm-db-redis-01,"system.cpu.load[all,avg1]",0.750977
2026-05-15T16:31:08+00:00,cnsm-db-redis-01,"system.cpu.load[all,avg1]",0.783203
2026-05-15T16:32:08+00:00,cnsm-db-redis-01,"system.cpu.load[all,avg1]",0.793457
2026-05-15T16:33:08+00:00,cnsm-db-redis-01,"system.cpu.load[all,avg1]",0.791504
2026-05-15T16:34:08+00:00,cnsm-db-redis-01,"system.cpu.load[all,avg1]",0.743652
2026-05-15T16:35:08+00:00,cnsm-db-redis-01,"system.cpu.load[all,avg1]",0.751465
2026-05-15T16:36:08+00:00,cnsm-db-redis-01,"system.cpu.load[all,avg1]",0.672852
2026-05-15T16:37:08+00:00,cnsm-db-redis-01,"system.cpu.load[all,avg1]",0.845215
2026-05-15T16:38:08+00:00,cnsm-db-redis-01,"system.cpu.load[all,avg1]",0.743164
2026-05-15T16:39:08+00:00,cnsm-db-redis-01,"system.cpu.load[all,avg1]",0.721191
2026-05-15T16:40:08+00:00,cnsm-db-redis-01,"system.cpu.load[all,avg1]",0.660156
2026-05-15T16:41:08+00:00,cnsm-db-redis-01,"system.cpu.load[all,avg1]",0.817383
2026-05-15T16:42:08+00:00,cnsm-db-redis-01,"system.cpu.load[all,avg1]",0.992676
2026-05-15T16:43:08+00:00,cnsm-db-redis-01,"system.cpu.load[all,avg1]",0.776855
2026-05-15T16:44:08+00:00,cnsm-db-redis-01,"system.cpu.load[all,avg1]",0.733887
2026-05-15T16:45:08+00:00,cnsm-db-redis-01,"system.cpu.load[all,avg1]",0.707031
2026-05-15T16:46:08+00:00,cnsm-db-redis-01,"system.cpu.load[all,avg1]",0.70459
2026-05-15T16:47:08+00:00,cnsm-db-redis-01,"system.cpu.load[all,avg1]",0.867188
2026-05-15T16:48:08+00:00,cnsm-db-redis-01,"system.cpu.load[all,avg1]",0.785156
2026-05-15T16:49:08+00:00,cnsm-db-redis-01,"system.cpu.load[all,avg1]",0.708496
2026-05-15T16:50:08+00:00,cnsm-db-redis-01,"system.cpu.load[all,avg1]",0.705566
2026-05-15T16:51:08+00:00,cnsm-db-redis-01,"system.cpu.load[all,avg1]",0.591309
2026-05-15T15:24:16+00:00,cnsm-db-redis-01,"system.cpu.load[all,avg5]",0.683594
2026-05-15T15:25:16+00:00,cnsm-db-redis-01,"system.cpu.load[all,avg5]",0.693848
2026-05-15T15:26:16+00:00,cnsm-db-redis-01,"system.cpu.load[all,avg5]",0.687012
2026-05-15T15:27:16+00:00,cnsm-db-redis-01,"system.cpu.load[all,avg5]",0.725586
2026-05-15T15:28:16+00:00,cnsm-db-redis-01,"system.cpu.load[all,avg5]",0.730957
2026-05-15T15:29:16+00:00,cnsm-db-redis-01,"system.cpu.load[all,avg5]",0.702148
2026-05-15T15:30:16+00:00,cnsm-db-redis-01,"system.cpu.load[all,avg5]",0.694336
2026-05-15T15:31:16+00:00,cnsm-db-redis-01,"system.cpu.load[all,avg5]",0.701172
2026-05-15T15:32:16+00:00,cnsm-db-redis-01,"system.cpu.load[all,avg5]",0.692871
2026-05-15T15:33:16+00:00,cnsm-db-redis-01,"system.cpu.load[all,avg5]",0.671875
2026-05-15T15:34:16+00:00,cnsm-db-redis-01,"system.cpu.load[all,avg5]",0.687012
2026-05-15T15:35:16+00:00,cnsm-db-redis-01,"system.cpu.load[all,avg5]",0.681641
2026-05-15T15:36:16+00:00,cnsm-db-redis-01,"system.cpu.load[all,avg5]",0.632812
2026-05-15T15:37:16+00:00,cnsm-db-redis-01,"system.cpu.load[all,avg5]",0.654785
2026-05-15T15:38:16+00:00,cnsm-db-redis-01,"system.cpu.load[all,avg5]",0.669434
2026-05-15T15:39:16+00:00,cnsm-db-redis-01,"system.cpu.load[all,avg5]",0.683594
2026-05-15T15:40:16+00:00,cnsm-db-redis-01,"system.cpu.load[all,avg5]",0.682617
2026-05-15T15:41:16+00:00,cnsm-db-redis-01,"system.cpu.load[all,avg5]",0.723633
2026-05-15T15:42:16+00:00,cnsm-db-redis-01,"system.cpu.load[all,avg5]",0.727051
2026-05-15T15:43:16+00:00,cnsm-db-redis-01,"system.cpu.load[all,avg5]",0.714844
2026-05-15T15:44:16+00:00,cnsm-db-redis-01,"system.cpu.load[all,avg5]",0.720703
2026-05-15T15:45:16+00:00,cnsm-db-redis-01,"system.cpu.load[all,avg5]",0.740723
2026-05-15T15:46:16+00:00,cnsm-db-redis-01,"system.cpu.load[all,avg5]",0.727051
2026-05-15T15:47:16+00:00,cnsm-db-redis-01,"system.cpu.load[all,avg5]",0.763184
2026-05-15T15:48:16+00:00,cnsm-db-redis-01,"system.cpu.load[all,avg5]",0.714355
2026-05-15T15:49:16+00:00,cnsm-db-redis-01,"system.cpu.load[all,avg5]",0.719727
2026-05-15T15:50:16+00:00,cnsm-db-redis-01,"system.cpu.load[all,avg5]",0.727051
2026-05-15T15:51:16+00:00,cnsm-db-redis-01,"system.cpu.load[all,avg5]",0.71582
2026-05-15T15:52:16+00:00,cnsm-db-redis-01,"system.cpu.load[all,avg5]",0.722656
2026-05-15T15:53:16+00:00,cnsm-db-redis-01,"system.cpu.load[all,avg5]",0.725586
2026-05-15T15:54:16+00:00,cnsm-db-redis-01,"system.cpu.load[all,avg5]",0.827148
2026-05-15T15:55:16+00:00,cnsm-db-redis-01,"system.cpu.load[all,avg5]",1.166504
2026-05-15T15:56:16+00:00,cnsm-db-redis-01,"system.cpu.load[all,avg5]",1.411133
2026-05-15T15:57:16+00:00,cnsm-db-redis-01,"system.cpu.load[all,avg5]",1.61084
2026-05-15T15:58:16+00:00,cnsm-db-redis-01,"system.cpu.load[all,avg5]",1.748047
2026-05-15T15:59:16+00:00,cnsm-db-redis-01,"system.cpu.load[all,avg5]",1.84375
2026-05-15T16:00:16+00:00,cnsm-db-redis-01,"system.cpu.load[all,avg5]",1.95166
2026-05-15T16:01:16+00:00,cnsm-db-redis-01,"system.cpu.load[all,avg5]",2.098633
2026-05-15T16:02:16+00:00,cnsm-db-redis-01,"system.cpu.load[all,avg5]",2.185547
2026-05-15T16:03:16+00:00,cnsm-db-redis-01,"system.cpu.load[all,avg5]",2.285156
2026-05-15T16:04:16+00:00,cnsm-db-redis-01,"system.cpu.load[all,avg5]",2.354004
2026-05-15T16:05:16+00:00,cnsm-db-redis-01,"system.cpu.load[all,avg5]",2.379883
2026-05-15T16:06:16+00:00,cnsm-db-redis-01,"system.cpu.load[all,avg5]",2.430664
2026-05-15T16:07:16+00:00,cnsm-db-redis-01,"system.cpu.load[all,avg5]",2.458984
2026-05-15T16:08:16+00:00,cnsm-db-redis-01,"system.cpu.load[all,avg5]",2.464355
2026-05-15T16:09:16+00:00,cnsm-db-redis-01,"system.cpu.load[all,avg5]",2.483887
2026-05-15T16:10:16+00:00,cnsm-db-redis-01,"system.cpu.load[all,avg5]",2.486816
2026-05-15T16:11:16+00:00,cnsm-db-redis-01,"system.cpu.load[all,avg5]",2.500977
2026-05-15T16:12:16+00:00,cnsm-db-redis-01,"system.cpu.load[all,avg5]",2.546387
2026-05-15T16:13:16+00:00,cnsm-db-redis-01,"system.cpu.load[all,avg5]",2.55127
2026-05-15T16:14:16+00:00,cnsm-db-redis-01,"system.cpu.load[all,avg5]",2.570312
2026-05-15T16:15:16+00:00,cnsm-db-redis-01,"system.cpu.load[all,avg5]",2.587402
2026-05-15T16:16:16+00:00,cnsm-db-redis-01,"system.cpu.load[all,avg5]",2.587891
2026-05-15T16:17:16+00:00,cnsm-db-redis-01,"system.cpu.load[all,avg5]",2.617188
2026-05-15T16:18:16+00:00,cnsm-db-redis-01,"system.cpu.load[all,avg5]",2.626465
2026-05-15T16:19:16+00:00,cnsm-db-redis-01,"system.cpu.load[all,avg5]",2.603516
2026-05-15T16:20:16+00:00,cnsm-db-redis-01,"system.cpu.load[all,avg5]",2.631348
2026-05-15T16:21:16+00:00,cnsm-db-redis-01,"system.cpu.load[all,avg5]",2.608887
2026-05-15T16:22:16+00:00,cnsm-db-redis-01,"system.cpu.load[all,avg5]",2.426758
2026-05-15T16:23:16+00:00,cnsm-db-redis-01,"system.cpu.load[all,avg5]",2.123535
2026-05-15T16:24:16+00:00,cnsm-db-redis-01,"system.cpu.load[all,avg5]",1.913574
2026-05-15T16:25:16+00:00,cnsm-db-redis-01,"system.cpu.load[all,avg5]",1.683105
2026-05-15T16:26:16+00:00,cnsm-db-redis-01,"system.cpu.load[all,avg5]",1.493652
2026-05-15T16:27:16+00:00,cnsm-db-redis-01,"system.cpu.load[all,avg5]",1.357422
2026-05-15T16:28:16+00:00,cnsm-db-redis-01,"system.cpu.load[all,avg5]",1.244629
2026-05-15T16:29:16+00:00,cnsm-db-redis-01,"system.cpu.load[all,avg5]",1.151367
2026-05-15T16:30:16+00:00,cnsm-db-redis-01,"system.cpu.load[all,avg5]",1.075195
2026-05-15T16:31:16+00:00,cnsm-db-redis-01,"system.cpu.load[all,avg5]",1.01416
2026-05-15T16:32:16+00:00,cnsm-db-redis-01,"system.cpu.load[all,avg5]",0.965332
2026-05-15T16:33:16+00:00,cnsm-db-redis-01,"system.cpu.load[all,avg5]",0.925293
2026-05-15T16:34:16+00:00,cnsm-db-redis-01,"system.cpu.load[all,avg5]",0.911621
2026-05-15T16:35:16+00:00,cnsm-db-redis-01,"system.cpu.load[all,avg5]",0.870117
2026-05-15T16:36:16+00:00,cnsm-db-redis-01,"system.cpu.load[all,avg5]",0.832031
2026-05-15T16:37:16+00:00,cnsm-db-redis-01,"system.cpu.load[all,avg5]",0.831543
2026-05-15T16:38:16+00:00,cnsm-db-redis-01,"system.cpu.load[all,avg5]",0.799805
2026-05-15T16:39:16+00:00,cnsm-db-redis-01,"system.cpu.load[all,avg5]",0.774414
2026-05-15T16:40:16+00:00,cnsm-db-redis-01,"system.cpu.load[all,avg5]",0.739258
2026-05-15T16:41:16+00:00,cnsm-db-redis-01,"system.cpu.load[all,avg5]",0.755859
2026-05-15T16:42:16+00:00,cnsm-db-redis-01,"system.cpu.load[all,avg5]",0.800293
2026-05-15T16:43:16+00:00,cnsm-db-redis-01,"system.cpu.load[all,avg5]",0.806641
2026-05-15T16:44:16+00:00,cnsm-db-redis-01,"system.cpu.load[all,avg5]",0.79834
2026-05-15T16:45:16+00:00,cnsm-db-redis-01,"system.cpu.load[all,avg5]",0.773926
2026-05-15T16:46:16+00:00,cnsm-db-redis-01,"system.cpu.load[all,avg5]",0.739746
2026-05-15T16:47:16+00:00,cnsm-db-redis-01,"system.cpu.load[all,avg5]",0.770996
2026-05-15T16:48:16+00:00,cnsm-db-redis-01,"system.cpu.load[all,avg5]",0.78125
2026-05-15T16:49:16+00:00,cnsm-db-redis-01,"system.cpu.load[all,avg5]",0.76123
2026-05-15T16:50:16+00:00,cnsm-db-redis-01,"system.cpu.load[all,avg5]",0.762207
2026-05-15T16:51:16+00:00,cnsm-db-redis-01,"system.cpu.load[all,avg5]",0.731934
2026-05-15T15:24:03+00:00,cnsm-db-redis-01,vm.memory.utilization,4.679372000000001
2026-05-15T15:25:03+00:00,cnsm-db-redis-01,vm.memory.utilization,4.639127000000002
2026-05-15T15:26:03+00:00,cnsm-db-redis-01,vm.memory.utilization,4.671042
2026-05-15T15:27:03+00:00,cnsm-db-redis-01,vm.memory.utilization,4.628187999999994
2026-05-15T15:28:03+00:00,cnsm-db-redis-01,vm.memory.utilization,4.708911999999998
2026-05-15T15:29:03+00:00,cnsm-db-redis-01,vm.memory.utilization,4.5688399999999945
2026-05-15T15:30:03+00:00,cnsm-db-redis-01,vm.memory.utilization,4.701886999999999
2026-05-15T15:31:03+00:00,cnsm-db-redis-01,vm.memory.utilization,4.718614000000002
2026-05-15T15:32:03+00:00,cnsm-db-redis-01,vm.memory.utilization,4.667195000000007
2026-05-15T15:33:03+00:00,cnsm-db-redis-01,vm.memory.utilization,4.725873000000007
2026-05-15T15:34:03+00:00,cnsm-db-redis-01,vm.memory.utilization,4.6805769999999995
2026-05-15T15:35:03+00:00,cnsm-db-redis-01,vm.memory.utilization,4.700447999999994
2026-05-15T15:36:03+00:00,cnsm-db-redis-01,vm.memory.utilization,4.687400999999994
2026-05-15T15:37:03+00:00,cnsm-db-redis-01,vm.memory.utilization,4.578942999999995
2026-05-15T15:38:03+00:00,cnsm-db-redis-01,vm.memory.utilization,4.621363000000002
2026-05-15T15:39:03+00:00,cnsm-db-redis-01,vm.memory.utilization,4.708376999999999
2026-05-15T15:40:03+00:00,cnsm-db-redis-01,vm.memory.utilization,4.690612999999999
2026-05-15T15:41:03+00:00,cnsm-db-redis-01,vm.memory.utilization,4.723698999999996
2026-05-15T15:42:03+00:00,cnsm-db-redis-01,vm.memory.utilization,4.726409000000004
2026-05-15T15:43:03+00:00,cnsm-db-redis-01,vm.memory.utilization,4.689809999999994
2026-05-15T15:44:03+00:00,cnsm-db-redis-01,vm.memory.utilization,4.731961999999996
2026-05-15T15:45:03+00:00,cnsm-db-redis-01,vm.memory.utilization,4.699010000000001
2026-05-15T15:46:03+00:00,cnsm-db-redis-01,vm.memory.utilization,4.600588000000002
2026-05-15T15:47:03+00:00,cnsm-db-redis-01,vm.memory.utilization,4.853734000000003
2026-05-15T15:48:03+00:00,cnsm-db-redis-01,vm.memory.utilization,4.838412000000005
2026-05-15T15:49:03+00:00,cnsm-db-redis-01,vm.memory.utilization,4.7218249999999955
2026-05-15T15:50:03+00:00,cnsm-db-redis-01,vm.memory.utilization,4.748756
2026-05-15T15:51:03+00:00,cnsm-db-redis-01,vm.memory.utilization,4.837943999999993
2026-05-15T15:52:03+00:00,cnsm-db-redis-01,vm.memory.utilization,4.830349999999996
2026-05-15T15:53:03+00:00,cnsm-db-redis-01,vm.memory.utilization,4.708209999999994
2026-05-15T15:54:03+00:00,cnsm-db-redis-01,vm.memory.utilization,14.292834999999997
2026-05-15T15:55:03+00:00,cnsm-db-redis-01,vm.memory.utilization,75.383173
2026-05-15T15:56:03+00:00,cnsm-db-redis-01,vm.memory.utilization,84.093614
2026-05-15T15:57:03+00:00,cnsm-db-redis-01,vm.memory.utilization,75.225572
2026-05-15T15:58:03+00:00,cnsm-db-redis-01,vm.memory.utilization,75.25193300000001
2026-05-15T15:59:03+00:00,cnsm-db-redis-01,vm.memory.utilization,75.205499
2026-05-15T16:00:03+00:00,cnsm-db-redis-01,vm.memory.utilization,75.253874
2026-05-15T16:01:03+00:00,cnsm-db-redis-01,vm.memory.utilization,75.273478
2026-05-15T16:02:03+00:00,cnsm-db-redis-01,vm.memory.utilization,84.17504
2026-05-15T16:03:03+00:00,cnsm-db-redis-01,vm.memory.utilization,75.433421
2026-05-15T16:04:03+00:00,cnsm-db-redis-01,vm.memory.utilization,75.211588
2026-05-15T16:05:03+00:00,cnsm-db-redis-01,vm.memory.utilization,75.196166
2026-05-15T16:06:03+00:00,cnsm-db-redis-01,vm.memory.utilization,75.196567
2026-05-15T16:07:03+00:00,cnsm-db-redis-01,vm.memory.utilization,75.217309
2026-05-15T16:08:03+00:00,cnsm-db-redis-01,vm.memory.utilization,84.061431
2026-05-15T16:09:03+00:00,cnsm-db-redis-01,vm.memory.utilization,75.436666
2026-05-15T16:10:03+00:00,cnsm-db-redis-01,vm.memory.utilization,75.198206
2026-05-15T16:11:03+00:00,cnsm-db-redis-01,vm.memory.utilization,75.36042499999999
2026-05-15T16:12:03+00:00,cnsm-db-redis-01,vm.memory.utilization,75.320581
2026-05-15T16:13:03+00:00,cnsm-db-redis-01,vm.memory.utilization,75.221189
2026-05-15T16:14:03+00:00,cnsm-db-redis-01,vm.memory.utilization,79.820807
2026-05-15T16:15:03+00:00,cnsm-db-redis-01,vm.memory.utilization,75.409903
2026-05-15T16:16:03+00:00,cnsm-db-redis-01,vm.memory.utilization,75.227412
2026-05-15T16:17:03+00:00,cnsm-db-redis-01,vm.memory.utilization,75.239689
2026-05-15T16:18:03+00:00,cnsm-db-redis-01,vm.memory.utilization,75.388392
2026-05-15T16:19:03+00:00,cnsm-db-redis-01,vm.memory.utilization,75.280336
2026-05-15T16:20:03+00:00,cnsm-db-redis-01,vm.memory.utilization,79.314983
2026-05-15T16:21:03+00:00,cnsm-db-redis-01,vm.memory.utilization,75.272073
2026-05-15T16:22:03+00:00,cnsm-db-redis-01,vm.memory.utilization,4.722160000000002
2026-05-15T16:23:03+00:00,cnsm-db-redis-01,vm.memory.utilization,4.620293000000004
2026-05-15T16:24:03+00:00,cnsm-db-redis-01,vm.memory.utilization,4.664250999999993
2026-05-15T16:25:03+00:00,cnsm-db-redis-01,vm.memory.utilization,4.647056000000006
2026-05-15T16:26:03+00:00,cnsm-db-redis-01,vm.memory.utilization,4.761032999999998
2026-05-15T16:27:03+00:00,cnsm-db-redis-01,vm.memory.utilization,4.797431000000003
2026-05-15T16:28:03+00:00,cnsm-db-redis-01,vm.memory.utilization,4.697704999999999
2026-05-15T16:29:03+00:00,cnsm-db-redis-01,vm.memory.utilization,4.655787000000004
2026-05-15T16:30:03+00:00,cnsm-db-redis-01,vm.memory.utilization,4.794420000000002
2026-05-15T16:31:03+00:00,cnsm-db-redis-01,vm.memory.utilization,4.737782999999993
2026-05-15T16:32:03+00:00,cnsm-db-redis-01,vm.memory.utilization,4.787997000000004
2026-05-15T16:33:03+00:00,cnsm-db-redis-01,vm.memory.utilization,4.742566999999994
2026-05-15T16:34:03+00:00,cnsm-db-redis-01,vm.memory.utilization,4.585667999999998
2026-05-15T16:35:03+00:00,cnsm-db-redis-01,vm.memory.utilization,4.653880000000001
2026-05-15T16:36:03+00:00,cnsm-db-redis-01,vm.memory.utilization,4.820548000000002
2026-05-15T16:37:03+00:00,cnsm-db-redis-01,vm.memory.utilization,4.6662919999999986
2026-05-15T16:38:03+00:00,cnsm-db-redis-01,vm.memory.utilization,4.610022000000001
2026-05-15T16:39:03+00:00,cnsm-db-redis-01,vm.memory.utilization,4.738184000000004
2026-05-15T16:40:03+00:00,cnsm-db-redis-01,vm.memory.utilization,4.669034999999994
2026-05-15T16:41:03+00:00,cnsm-db-redis-01,vm.memory.utilization,4.695764999999994
2026-05-15T16:42:03+00:00,cnsm-db-redis-01,vm.memory.utilization,4.596574000000004
2026-05-15T16:43:03+00:00,cnsm-db-redis-01,vm.memory.utilization,4.679406
2026-05-15T16:44:03+00:00,cnsm-db-redis-01,vm.memory.utilization,4.821618000000001
2026-05-15T16:45:03+00:00,cnsm-db-redis-01,vm.memory.utilization,4.605806999999999
2026-05-15T16:46:03+00:00,cnsm-db-redis-01,vm.memory.utilization,4.6799409999999995
2026-05-15T16:47:03+00:00,cnsm-db-redis-01,vm.memory.utilization,4.814727000000005
2026-05-15T16:48:03+00:00,cnsm-db-redis-01,vm.memory.utilization,4.594801000000004
2026-05-15T16:49:03+00:00,cnsm-db-redis-01,vm.memory.utilization,4.543515999999997
2026-05-15T16:50:03+00:00,cnsm-db-redis-01,vm.memory.utilization,4.600219999999993
2026-05-15T16:51:03+00:00,cnsm-db-redis-01,vm.memory.utilization,4.753405999999998
2026-05-15T15:24:12+00:00,cnsm-db-redis-01,proc.num,157
2026-05-15T15:25:12+00:00,cnsm-db-redis-01,proc.num,157
2026-05-15T15:26:12+00:00,cnsm-db-redis-01,proc.num,157
2026-05-15T15:27:12+00:00,cnsm-db-redis-01,proc.num,156
2026-05-15T15:28:12+00:00,cnsm-db-redis-01,proc.num,156
2026-05-15T15:29:12+00:00,cnsm-db-redis-01,proc.num,156
2026-05-15T15:30:12+00:00,cnsm-db-redis-01,proc.num,158
2026-05-15T15:31:12+00:00,cnsm-db-redis-01,proc.num,158
2026-05-15T15:32:12+00:00,cnsm-db-redis-01,proc.num,157
2026-05-15T15:33:12+00:00,cnsm-db-redis-01,proc.num,158
2026-05-15T15:34:12+00:00,cnsm-db-redis-01,proc.num,158
2026-05-15T15:35:12+00:00,cnsm-db-redis-01,proc.num,159
2026-05-15T15:36:12+00:00,cnsm-db-redis-01,proc.num,157
2026-05-15T15:37:12+00:00,cnsm-db-redis-01,proc.num,157
2026-05-15T15:38:12+00:00,cnsm-db-redis-01,proc.num,157
2026-05-15T15:39:12+00:00,cnsm-db-redis-01,proc.num,160
2026-05-15T15:40:12+00:00,cnsm-db-redis-01,proc.num,162
2026-05-15T15:41:12+00:00,cnsm-db-redis-01,proc.num,162
2026-05-15T15:42:12+00:00,cnsm-db-redis-01,proc.num,163
2026-05-15T15:43:12+00:00,cnsm-db-redis-01,proc.num,163
2026-05-15T15:44:12+00:00,cnsm-db-redis-01,proc.num,160
2026-05-15T15:45:12+00:00,cnsm-db-redis-01,proc.num,159
2026-05-15T15:46:12+00:00,cnsm-db-redis-01,proc.num,159
2026-05-15T15:47:12+00:00,cnsm-db-redis-01,proc.num,158
2026-05-15T15:48:12+00:00,cnsm-db-redis-01,proc.num,160
2026-05-15T15:49:12+00:00,cnsm-db-redis-01,proc.num,160
2026-05-15T15:50:12+00:00,cnsm-db-redis-01,proc.num,159
2026-05-15T15:51:12+00:00,cnsm-db-redis-01,proc.num,160
2026-05-15T15:52:12+00:00,cnsm-db-redis-01,proc.num,160
2026-05-15T15:53:12+00:00,cnsm-db-redis-01,proc.num,159
2026-05-15T15:54:12+00:00,cnsm-db-redis-01,proc.num,166
2026-05-15T15:55:12+00:00,cnsm-db-redis-01,proc.num,166
2026-05-15T15:56:12+00:00,cnsm-db-redis-01,proc.num,165
2026-05-15T15:57:12+00:00,cnsm-db-redis-01,proc.num,166
2026-05-15T15:58:12+00:00,cnsm-db-redis-01,proc.num,166
2026-05-15T15:59:12+00:00,cnsm-db-redis-01,proc.num,164
2026-05-15T16:00:12+00:00,cnsm-db-redis-01,proc.num,165
2026-05-15T16:01:12+00:00,cnsm-db-redis-01,proc.num,166
2026-05-15T16:02:12+00:00,cnsm-db-redis-01,proc.num,165
2026-05-15T16:03:12+00:00,cnsm-db-redis-01,proc.num,166
2026-05-15T16:04:12+00:00,cnsm-db-redis-01,proc.num,166
2026-05-15T16:05:12+00:00,cnsm-db-redis-01,proc.num,167
2026-05-15T16:06:12+00:00,cnsm-db-redis-01,proc.num,166
2026-05-15T16:07:12+00:00,cnsm-db-redis-01,proc.num,166
2026-05-15T16:08:12+00:00,cnsm-db-redis-01,proc.num,166
2026-05-15T16:09:12+00:00,cnsm-db-redis-01,proc.num,166
2026-05-15T16:10:12+00:00,cnsm-db-redis-01,proc.num,168
2026-05-15T16:11:12+00:00,cnsm-db-redis-01,proc.num,170
2026-05-15T16:12:12+00:00,cnsm-db-redis-01,proc.num,169
2026-05-15T16:13:12+00:00,cnsm-db-redis-01,proc.num,169
2026-05-15T16:14:12+00:00,cnsm-db-redis-01,proc.num,170
2026-05-15T16:15:12+00:00,cnsm-db-redis-01,proc.num,166
2026-05-15T16:16:12+00:00,cnsm-db-redis-01,proc.num,167
2026-05-15T16:17:12+00:00,cnsm-db-redis-01,proc.num,166
2026-05-15T16:18:12+00:00,cnsm-db-redis-01,proc.num,166
2026-05-15T16:19:12+00:00,cnsm-db-redis-01,proc.num,166
2026-05-15T16:20:12+00:00,cnsm-db-redis-01,proc.num,167
2026-05-15T16:21:12+00:00,cnsm-db-redis-01,proc.num,165
2026-05-15T16:22:12+00:00,cnsm-db-redis-01,proc.num,157
2026-05-15T16:23:12+00:00,cnsm-db-redis-01,proc.num,158
2026-05-15T16:24:12+00:00,cnsm-db-redis-01,proc.num,160
2026-05-15T16:25:12+00:00,cnsm-db-redis-01,proc.num,158
2026-05-15T16:26:12+00:00,cnsm-db-redis-01,proc.num,160
2026-05-15T16:27:12+00:00,cnsm-db-redis-01,proc.num,158
2026-05-15T16:28:12+00:00,cnsm-db-redis-01,proc.num,158
2026-05-15T16:29:12+00:00,cnsm-db-redis-01,proc.num,158
2026-05-15T16:30:12+00:00,cnsm-db-redis-01,proc.num,157
2026-05-15T16:31:12+00:00,cnsm-db-redis-01,proc.num,158
2026-05-15T16:32:12+00:00,cnsm-db-redis-01,proc.num,158
2026-05-15T16:33:12+00:00,cnsm-db-redis-01,proc.num,157
2026-05-15T16:34:12+00:00,cnsm-db-redis-01,proc.num,158
2026-05-15T16:35:12+00:00,cnsm-db-redis-01,proc.num,159
2026-05-15T16:36:12+00:00,cnsm-db-redis-01,proc.num,159
2026-05-15T16:37:12+00:00,cnsm-db-redis-01,proc.num,159
2026-05-15T16:38:12+00:00,cnsm-db-redis-01,proc.num,157
2026-05-15T16:39:12+00:00,cnsm-db-redis-01,proc.num,156
2026-05-15T16:40:12+00:00,cnsm-db-redis-01,proc.num,158
2026-05-15T16:41:12+00:00,cnsm-db-redis-01,proc.num,160
2026-05-15T16:42:12+00:00,cnsm-db-redis-01,proc.num,159
2026-05-15T16:43:12+00:00,cnsm-db-redis-01,proc.num,160
2026-05-15T16:44:12+00:00,cnsm-db-redis-01,proc.num,160
2026-05-15T16:45:12+00:00,cnsm-db-redis-01,proc.num,160
2026-05-15T16:46:12+00:00,cnsm-db-redis-01,proc.num,157
2026-05-15T16:47:12+00:00,cnsm-db-redis-01,proc.num,156
2026-05-15T16:48:12+00:00,cnsm-db-redis-01,proc.num,158
2026-05-15T16:49:12+00:00,cnsm-db-redis-01,proc.num,155
2026-05-15T16:50:12+00:00,cnsm-db-redis-01,proc.num,157
2026-05-15T16:51:12+00:00,cnsm-db-redis-01,proc.num,157
2026-05-15T15:24:13+00:00,cnsm-db-redis-01,"proc.num[,,run]",1
2026-05-15T15:25:13+00:00,cnsm-db-redis-01,"proc.num[,,run]",0
2026-05-15T15:26:13+00:00,cnsm-db-redis-01,"proc.num[,,run]",3
2026-05-15T15:27:13+00:00,cnsm-db-redis-01,"proc.num[,,run]",0
2026-05-15T15:28:13+00:00,cnsm-db-redis-01,"proc.num[,,run]",0
2026-05-15T15:29:13+00:00,cnsm-db-redis-01,"proc.num[,,run]",0
2026-05-15T15:30:13+00:00,cnsm-db-redis-01,"proc.num[,,run]",2
2026-05-15T15:31:13+00:00,cnsm-db-redis-01,"proc.num[,,run]",2
2026-05-15T15:32:13+00:00,cnsm-db-redis-01,"proc.num[,,run]",0
2026-05-15T15:33:13+00:00,cnsm-db-redis-01,"proc.num[,,run]",2
2026-05-15T15:34:13+00:00,cnsm-db-redis-01,"proc.num[,,run]",1
2026-05-15T15:35:13+00:00,cnsm-db-redis-01,"proc.num[,,run]",2
2026-05-15T15:36:13+00:00,cnsm-db-redis-01,"proc.num[,,run]",0
2026-05-15T15:37:13+00:00,cnsm-db-redis-01,"proc.num[,,run]",1
2026-05-15T15:38:13+00:00,cnsm-db-redis-01,"proc.num[,,run]",2
2026-05-15T15:39:13+00:00,cnsm-db-redis-01,"proc.num[,,run]",3
2026-05-15T15:40:13+00:00,cnsm-db-redis-01,"proc.num[,,run]",0
2026-05-15T15:41:13+00:00,cnsm-db-redis-01,"proc.num[,,run]",0
2026-05-15T15:42:13+00:00,cnsm-db-redis-01,"proc.num[,,run]",2
2026-05-15T15:43:13+00:00,cnsm-db-redis-01,"proc.num[,,run]",2
2026-05-15T15:44:13+00:00,cnsm-db-redis-01,"proc.num[,,run]",0
2026-05-15T15:45:13+00:00,cnsm-db-redis-01,"proc.num[,,run]",0
2026-05-15T15:46:13+00:00,cnsm-db-redis-01,"proc.num[,,run]",2
2026-05-15T15:47:13+00:00,cnsm-db-redis-01,"proc.num[,,run]",1
2026-05-15T15:48:13+00:00,cnsm-db-redis-01,"proc.num[,,run]",1
2026-05-15T15:49:13+00:00,cnsm-db-redis-01,"proc.num[,,run]",2
2026-05-15T15:50:13+00:00,cnsm-db-redis-01,"proc.num[,,run]",1
2026-05-15T15:51:13+00:00,cnsm-db-redis-01,"proc.num[,,run]",0
2026-05-15T15:52:13+00:00,cnsm-db-redis-01,"proc.num[,,run]",0
2026-05-15T15:53:13+00:00,cnsm-db-redis-01,"proc.num[,,run]",0
2026-05-15T15:54:13+00:00,cnsm-db-redis-01,"proc.num[,,run]",4
2026-05-15T15:55:13+00:00,cnsm-db-redis-01,"proc.num[,,run]",2
2026-05-15T15:56:13+00:00,cnsm-db-redis-01,"proc.num[,,run]",5
2026-05-15T15:57:13+00:00,cnsm-db-redis-01,"proc.num[,,run]",5
2026-05-15T15:58:13+00:00,cnsm-db-redis-01,"proc.num[,,run]",3
2026-05-15T15:59:13+00:00,cnsm-db-redis-01,"proc.num[,,run]",2
2026-05-15T16:00:13+00:00,cnsm-db-redis-01,"proc.num[,,run]",2
2026-05-15T16:01:13+00:00,cnsm-db-redis-01,"proc.num[,,run]",2
2026-05-15T16:02:13+00:00,cnsm-db-redis-01,"proc.num[,,run]",2
2026-05-15T16:03:13+00:00,cnsm-db-redis-01,"proc.num[,,run]",2
2026-05-15T16:04:13+00:00,cnsm-db-redis-01,"proc.num[,,run]",2
2026-05-15T16:05:13+00:00,cnsm-db-redis-01,"proc.num[,,run]",3
2026-05-15T16:06:13+00:00,cnsm-db-redis-01,"proc.num[,,run]",2
2026-05-15T16:07:13+00:00,cnsm-db-redis-01,"proc.num[,,run]",2
2026-05-15T16:08:13+00:00,cnsm-db-redis-01,"proc.num[,,run]",4
2026-05-15T16:09:13+00:00,cnsm-db-redis-01,"proc.num[,,run]",3
2026-05-15T16:10:13+00:00,cnsm-db-redis-01,"proc.num[,,run]",5
2026-05-15T16:11:13+00:00,cnsm-db-redis-01,"proc.num[,,run]",4
2026-05-15T16:12:13+00:00,cnsm-db-redis-01,"proc.num[,,run]",6
2026-05-15T16:13:13+00:00,cnsm-db-redis-01,"proc.num[,,run]",4
2026-05-15T16:14:13+00:00,cnsm-db-redis-01,"proc.num[,,run]",4
2026-05-15T16:15:13+00:00,cnsm-db-redis-01,"proc.num[,,run]",2
2026-05-15T16:16:13+00:00,cnsm-db-redis-01,"proc.num[,,run]",2
2026-05-15T16:17:13+00:00,cnsm-db-redis-01,"proc.num[,,run]",2
2026-05-15T16:18:13+00:00,cnsm-db-redis-01,"proc.num[,,run]",2
2026-05-15T16:19:13+00:00,cnsm-db-redis-01,"proc.num[,,run]",2
2026-05-15T16:20:13+00:00,cnsm-db-redis-01,"proc.num[,,run]",2
2026-05-15T16:21:13+00:00,cnsm-db-redis-01,"proc.num[,,run]",2
2026-05-15T16:22:13+00:00,cnsm-db-redis-01,"proc.num[,,run]",0
2026-05-15T16:23:13+00:00,cnsm-db-redis-01,"proc.num[,,run]",0
2026-05-15T16:24:13+00:00,cnsm-db-redis-01,"proc.num[,,run]",0
2026-05-15T16:25:13+00:00,cnsm-db-redis-01,"proc.num[,,run]",2
2026-05-15T16:26:13+00:00,cnsm-db-redis-01,"proc.num[,,run]",3
2026-05-15T16:27:13+00:00,cnsm-db-redis-01,"proc.num[,,run]",2
2026-05-15T16:28:13+00:00,cnsm-db-redis-01,"proc.num[,,run]",0
2026-05-15T16:29:13+00:00,cnsm-db-redis-01,"proc.num[,,run]",1
2026-05-15T16:30:13+00:00,cnsm-db-redis-01,"proc.num[,,run]",0
2026-05-15T16:31:13+00:00,cnsm-db-redis-01,"proc.num[,,run]",1
2026-05-15T16:32:13+00:00,cnsm-db-redis-01,"proc.num[,,run]",0
2026-05-15T16:33:13+00:00,cnsm-db-redis-01,"proc.num[,,run]",0
2026-05-15T16:34:13+00:00,cnsm-db-redis-01,"proc.num[,,run]",0
2026-05-15T16:35:13+00:00,cnsm-db-redis-01,"proc.num[,,run]",2
2026-05-15T16:36:13+00:00,cnsm-db-redis-01,"proc.num[,,run]",3
2026-05-15T16:37:13+00:00,cnsm-db-redis-01,"proc.num[,,run]",2
2026-05-15T16:38:13+00:00,cnsm-db-redis-01,"proc.num[,,run]",1
2026-05-15T16:39:13+00:00,cnsm-db-redis-01,"proc.num[,,run]",3
2026-05-15T16:40:13+00:00,cnsm-db-redis-01,"proc.num[,,run]",0
2026-05-15T16:41:13+00:00,cnsm-db-redis-01,"proc.num[,,run]",0
2026-05-15T16:42:13+00:00,cnsm-db-redis-01,"proc.num[,,run]",1
2026-05-15T16:43:13+00:00,cnsm-db-redis-01,"proc.num[,,run]",2
2026-05-15T16:44:13+00:00,cnsm-db-redis-01,"proc.num[,,run]",2
2026-05-15T16:45:13+00:00,cnsm-db-redis-01,"proc.num[,,run]",3
2026-05-15T16:46:13+00:00,cnsm-db-redis-01,"proc.num[,,run]",3
2026-05-15T16:47:13+00:00,cnsm-db-redis-01,"proc.num[,,run]",0
2026-05-15T16:48:13+00:00,cnsm-db-redis-01,"proc.num[,,run]",0
2026-05-15T16:49:13+00:00,cnsm-db-redis-01,"proc.num[,,run]",0
2026-05-15T16:50:13+00:00,cnsm-db-redis-01,"proc.num[,,run]",0
2026-05-15T16:51:13+00:00,cnsm-db-redis-01,"proc.num[,,run]",2
2026-05-15T15:24:05+00:00,cnsm-db-redis-01,vfs.dev.queue_size[sda],0.001616668981709704
2026-05-15T15:25:05+00:00,cnsm-db-redis-01,vfs.dev.queue_size[sda],0.0022000040446341026
2026-05-15T15:26:05+00:00,cnsm-db-redis-01,vfs.dev.queue_size[sda],0.0015666516494228378
2026-05-15T15:27:05+00:00,cnsm-db-redis-01,vfs.dev.queue_size[sda],0.0016666775403209413
2026-05-15T15:28:05+00:00,cnsm-db-redis-01,vfs.dev.queue_size[sda],0.001033337480409421
2026-05-15T15:29:05+00:00,cnsm-db-redis-01,vfs.dev.queue_size[sda],0.0019833428444869998
2026-05-15T15:30:05+00:00,cnsm-db-redis-01,vfs.dev.queue_size[sda],0.0018000059986999916
2026-05-15T15:31:05+00:00,cnsm-db-redis-01,vfs.dev.queue_size[sda],0.0011333237013851937
2026-05-15T15:32:05+00:00,cnsm-db-redis-01,vfs.dev.queue_size[sda],0.001366658428039665
2026-05-15T15:33:05+00:00,cnsm-db-redis-01,vfs.dev.queue_size[sda],0.0026333279902669526
2026-05-15T15:34:05+00:00,cnsm-db-redis-01,vfs.dev.queue_size[sda],0.0011166849887872888
2026-05-15T15:35:05+00:00,cnsm-db-redis-01,vfs.dev.queue_size[sda],0.0015000018986024034
2026-05-15T15:36:05+00:00,cnsm-db-redis-01,vfs.dev.queue_size[sda],0.001533333928292453
2026-05-15T15:37:05+00:00,cnsm-db-redis-01,vfs.dev.queue_size[sda],0.001999969828588497
2026-05-15T15:38:05+00:00,cnsm-db-redis-01,vfs.dev.queue_size[sda],0.0015166743639407313
2026-05-15T15:39:05+00:00,cnsm-db-redis-01,vfs.dev.queue_size[sda],0.002233328813224704
2026-05-15T15:40:05+00:00,cnsm-db-redis-01,vfs.dev.queue_size[sda],0.0023833283805783476
2026-05-15T15:41:05+00:00,cnsm-db-redis-01,vfs.dev.queue_size[sda],0.0011500044047277043
2026-05-15T15:42:05+00:00,cnsm-db-redis-01,vfs.dev.queue_size[sda],0.001800014229742491
2026-05-15T15:43:05+00:00,cnsm-db-redis-01,vfs.dev.queue_size[sda],0.0015333176776487387
2026-05-15T15:44:05+00:00,cnsm-db-redis-01,vfs.dev.queue_size[sda],0.003649972109893947
2026-05-15T15:45:05+00:00,cnsm-db-redis-01,vfs.dev.queue_size[sda],0.0011166828206003495
2026-05-15T15:46:05+00:00,cnsm-db-redis-01,vfs.dev.queue_size[sda],0.001466640860436295
2026-05-15T15:47:05+00:00,cnsm-db-redis-01,vfs.dev.queue_size[sda],0.0021833259293112194
2026-05-15T15:48:05+00:00,cnsm-db-redis-01,vfs.dev.queue_size[sda],0.0012166956402049555
2026-05-15T15:49:05+00:00,cnsm-db-redis-01,vfs.dev.queue_size[sda],0.0013499387634478411
2026-05-15T15:50:05+00:00,cnsm-db-redis-01,vfs.dev.queue_size[sda],0.001450045277663795
2026-05-15T15:51:05+00:00,cnsm-db-redis-01,vfs.dev.queue_size[sda],0.0017833491024194367
2026-05-15T15:52:05+00:00,cnsm-db-redis-01,vfs.dev.queue_size[sda],0.0021833440659613694
2026-05-15T15:53:05+00:00,cnsm-db-redis-01,vfs.dev.queue_size[sda],0.0019333127789318617
2026-05-15T15:54:05+00:00,cnsm-db-redis-01,vfs.dev.queue_size[sda],0.001900019664538521
2026-05-15T15:55:05+00:00,cnsm-db-redis-01,vfs.dev.queue_size[sda],0.0019833107527123654
2026-05-15T15:56:05+00:00,cnsm-db-redis-01,vfs.dev.queue_size[sda],0.0013666839998642756
2026-05-15T15:57:05+00:00,cnsm-db-redis-01,vfs.dev.queue_size[sda],0.0016833045787878575
2026-05-15T15:58:05+00:00,cnsm-db-redis-01,vfs.dev.queue_size[sda],0.0007833406686006324
2026-05-15T15:59:05+00:00,cnsm-db-redis-01,vfs.dev.queue_size[sda],0.0021833255404622594
2026-05-15T16:00:05+00:00,cnsm-db-redis-01,vfs.dev.queue_size[sda],0.006550031243103194
2026-05-15T16:01:05+00:00,cnsm-db-redis-01,vfs.dev.queue_size[sda],0.0017333457502133932
2026-05-15T16:02:05+00:00,cnsm-db-redis-01,vfs.dev.queue_size[sda],0.000966662905252414
2026-05-15T16:03:05+00:00,cnsm-db-redis-01,vfs.dev.queue_size[sda],0.002283279359577536
2026-05-15T16:04:05+00:00,cnsm-db-redis-01,vfs.dev.queue_size[sda],0.002166708630396066
2026-05-15T16:05:05+00:00,cnsm-db-redis-01,vfs.dev.queue_size[sda],0.0017833177091518882
2026-05-15T16:06:05+00:00,cnsm-db-redis-01,vfs.dev.queue_size[sda],0.0017666783750625956
2026-05-15T16:07:05+00:00,cnsm-db-redis-01,vfs.dev.queue_size[sda],0.0019666509565343855
2026-05-15T16:08:05+00:00,cnsm-db-redis-01,vfs.dev.queue_size[sda],0.0019999960307078776
2026-05-15T16:09:05+00:00,cnsm-db-redis-01,vfs.dev.queue_size[sda],0.001433342227580191
2026-05-15T16:10:05+00:00,cnsm-db-redis-01,vfs.dev.queue_size[sda],0.002650035819518326
2026-05-15T16:11:05+00:00,cnsm-db-redis-01,vfs.dev.queue_size[sda],0.0020499922687958233
2026-05-15T16:12:05+00:00,cnsm-db-redis-01,vfs.dev.queue_size[sda],0.0021833253593196785
2026-05-15T16:13:05+00:00,cnsm-db-redis-01,vfs.dev.queue_size[sda],0.003233359174447634
2026-05-15T16:14:05+00:00,cnsm-db-redis-01,vfs.dev.queue_size[sda],0.0027166335249601474
2026-05-15T16:15:05+00:00,cnsm-db-redis-01,vfs.dev.queue_size[sda],0.0021000276895300953
2026-05-15T16:16:05+00:00,cnsm-db-redis-01,vfs.dev.queue_size[sda],0.0025499837143590095
2026-05-15T16:17:05+00:00,cnsm-db-redis-01,vfs.dev.queue_size[sda],0.001899971824462828
2026-05-15T16:18:05+00:00,cnsm-db-redis-01,vfs.dev.queue_size[sda],0.0022000299333139353
2026-05-15T16:19:05+00:00,cnsm-db-redis-01,vfs.dev.queue_size[sda],0.002533322491641954
2026-05-15T16:20:05+00:00,cnsm-db-redis-01,vfs.dev.queue_size[sda],0.0013666713417304368
2026-05-15T16:21:05+00:00,cnsm-db-redis-01,vfs.dev.queue_size[sda],0.002916688086580917
2026-05-15T16:22:05+00:00,cnsm-db-redis-01,vfs.dev.queue_size[sda],0.0025166379856760308
2026-05-15T16:23:05+00:00,cnsm-db-redis-01,vfs.dev.queue_size[sda],0.0030333644322449458
2026-05-15T16:24:05+00:00,cnsm-db-redis-01,vfs.dev.queue_size[sda],0.003050000800879377
2026-05-15T16:25:05+00:00,cnsm-db-redis-01,vfs.dev.queue_size[sda],0.002599912495005147
2026-05-15T16:26:05+00:00,cnsm-db-redis-01,vfs.dev.queue_size[sda],0.002850072002889048
2026-05-15T16:27:05+00:00,cnsm-db-redis-01,vfs.dev.queue_size[sda],0.0026832850065206587
2026-05-15T16:28:05+00:00,cnsm-db-redis-01,vfs.dev.queue_size[sda],0.003600011565217154
2026-05-15T16:29:05+00:00,cnsm-db-redis-01,vfs.dev.queue_size[sda],0.0026167005840779674
2026-05-15T16:30:05+00:00,cnsm-db-redis-01,vfs.dev.queue_size[sda],0.004033381067658816
2026-05-15T16:31:05+00:00,cnsm-db-redis-01,vfs.dev.queue_size[sda],0.0019166523574832173
2026-05-15T16:32:05+00:00,cnsm-db-redis-01,vfs.dev.queue_size[sda],0.004000010853496116
2026-05-15T16:33:05+00:00,cnsm-db-redis-01,vfs.dev.queue_size[sda],0.002966667848043248
2026-05-15T16:34:05+00:00,cnsm-db-redis-01,vfs.dev.queue_size[sda],0.0033000045828263645
2026-05-15T16:35:05+00:00,cnsm-db-redis-01,vfs.dev.queue_size[sda],0.0025999642507948807
2026-05-15T16:36:05+00:00,cnsm-db-redis-01,vfs.dev.queue_size[sda],0.001966666382680041
2026-05-15T16:37:05+00:00,cnsm-db-redis-01,vfs.dev.queue_size[sda],0.0028833361353593897
2026-05-15T16:38:05+00:00,cnsm-db-redis-01,vfs.dev.queue_size[sda],0.004100015327633968
2026-05-15T16:39:05+00:00,cnsm-db-redis-01,vfs.dev.queue_size[sda],0.0036166770330877686
2026-05-15T16:40:05+00:00,cnsm-db-redis-01,vfs.dev.queue_size[sda],0.0025166668736625168
2026-05-15T16:41:05+00:00,cnsm-db-redis-01,vfs.dev.queue_size[sda],0.003700003586228476
2026-05-15T16:42:05+00:00,cnsm-db-redis-01,vfs.dev.queue_size[sda],0.001849991722736201
2026-05-15T16:43:05+00:00,cnsm-db-redis-01,vfs.dev.queue_size[sda],0.0036666924092307296
2026-05-15T16:44:05+00:00,cnsm-db-redis-01,vfs.dev.queue_size[sda],0.0022833077470433816
2026-05-15T16:45:05+00:00,cnsm-db-redis-01,vfs.dev.queue_size[sda],0.0030333850310110782
2026-05-15T16:46:05+00:00,cnsm-db-redis-01,vfs.dev.queue_size[sda],0.0027166626531598182
2026-05-15T16:47:05+00:00,cnsm-db-redis-01,vfs.dev.queue_size[sda],0.0034499994111426005
2026-05-15T16:48:05+00:00,cnsm-db-redis-01,vfs.dev.queue_size[sda],0.002616650201656938
2026-05-15T16:49:05+00:00,cnsm-db-redis-01,vfs.dev.queue_size[sda],0.003033346854072489
2026-05-15T16:50:05+00:00,cnsm-db-redis-01,vfs.dev.queue_size[sda],0.0024666648875435056
2026-05-15T16:51:05+00:00,cnsm-db-redis-01,vfs.dev.queue_size[sda],0.002933300966557143
2026-05-15T15:24:05+00:00,cnsm-db-redis-01,vfs.dev.read.rate[sda],0
2026-05-15T15:25:05+00:00,cnsm-db-redis-01,vfs.dev.read.rate[sda],0
2026-05-15T15:26:05+00:00,cnsm-db-redis-01,vfs.dev.read.rate[sda],0
2026-05-15T15:27:05+00:00,cnsm-db-redis-01,vfs.dev.read.rate[sda],0
2026-05-15T15:28:05+00:00,cnsm-db-redis-01,vfs.dev.read.rate[sda],0
2026-05-15T15:29:05+00:00,cnsm-db-redis-01,vfs.dev.read.rate[sda],0
2026-05-15T15:30:05+00:00,cnsm-db-redis-01,vfs.dev.read.rate[sda],0
2026-05-15T15:31:05+00:00,cnsm-db-redis-01,vfs.dev.read.rate[sda],0
2026-05-15T15:32:05+00:00,cnsm-db-redis-01,vfs.dev.read.rate[sda],0
2026-05-15T15:33:05+00:00,cnsm-db-redis-01,vfs.dev.read.rate[sda],0
2026-05-15T15:34:05+00:00,cnsm-db-redis-01,vfs.dev.read.rate[sda],0
2026-05-15T15:35:05+00:00,cnsm-db-redis-01,vfs.dev.read.rate[sda],0
2026-05-15T15:36:05+00:00,cnsm-db-redis-01,vfs.dev.read.rate[sda],0
2026-05-15T15:37:05+00:00,cnsm-db-redis-01,vfs.dev.read.rate[sda],0
2026-05-15T15:38:05+00:00,cnsm-db-redis-01,vfs.dev.read.rate[sda],0
2026-05-15T15:39:05+00:00,cnsm-db-redis-01,vfs.dev.read.rate[sda],0
2026-05-15T15:40:05+00:00,cnsm-db-redis-01,vfs.dev.read.rate[sda],0
2026-05-15T15:41:05+00:00,cnsm-db-redis-01,vfs.dev.read.rate[sda],0
2026-05-15T15:42:05+00:00,cnsm-db-redis-01,vfs.dev.read.rate[sda],0
2026-05-15T15:43:05+00:00,cnsm-db-redis-01,vfs.dev.read.rate[sda],0
2026-05-15T15:44:05+00:00,cnsm-db-redis-01,vfs.dev.read.rate[sda],0
2026-05-15T15:45:05+00:00,cnsm-db-redis-01,vfs.dev.read.rate[sda],0
2026-05-15T15:46:05+00:00,cnsm-db-redis-01,vfs.dev.read.rate[sda],0
2026-05-15T15:47:05+00:00,cnsm-db-redis-01,vfs.dev.read.rate[sda],0
2026-05-15T15:48:05+00:00,cnsm-db-redis-01,vfs.dev.read.rate[sda],0
2026-05-15T15:49:05+00:00,cnsm-db-redis-01,vfs.dev.read.rate[sda],0
2026-05-15T15:50:05+00:00,cnsm-db-redis-01,vfs.dev.read.rate[sda],0
2026-05-15T15:51:05+00:00,cnsm-db-redis-01,vfs.dev.read.rate[sda],0
2026-05-15T15:52:05+00:00,cnsm-db-redis-01,vfs.dev.read.rate[sda],0
2026-05-15T15:53:05+00:00,cnsm-db-redis-01,vfs.dev.read.rate[sda],0
2026-05-15T15:54:05+00:00,cnsm-db-redis-01,vfs.dev.read.rate[sda],0
2026-05-15T15:55:05+00:00,cnsm-db-redis-01,vfs.dev.read.rate[sda],0
2026-05-15T15:56:05+00:00,cnsm-db-redis-01,vfs.dev.read.rate[sda],0.03333375609425063
2026-05-15T15:57:05+00:00,cnsm-db-redis-01,vfs.dev.read.rate[sda],0
2026-05-15T15:58:05+00:00,cnsm-db-redis-01,vfs.dev.read.rate[sda],0
2026-05-15T15:59:05+00:00,cnsm-db-redis-01,vfs.dev.read.rate[sda],0.03333321435820243
2026-05-15T16:00:05+00:00,cnsm-db-redis-01,vfs.dev.read.rate[sda],0
2026-05-15T16:01:05+00:00,cnsm-db-redis-01,vfs.dev.read.rate[sda],0
2026-05-15T16:02:05+00:00,cnsm-db-redis-01,vfs.dev.read.rate[sda],0
2026-05-15T16:03:05+00:00,cnsm-db-redis-01,vfs.dev.read.rate[sda],0
2026-05-15T16:04:05+00:00,cnsm-db-redis-01,vfs.dev.read.rate[sda],0
2026-05-15T16:05:05+00:00,cnsm-db-redis-01,vfs.dev.read.rate[sda],0
2026-05-15T16:06:05+00:00,cnsm-db-redis-01,vfs.dev.read.rate[sda],0
2026-05-15T16:07:05+00:00,cnsm-db-redis-01,vfs.dev.read.rate[sda],0
2026-05-15T16:08:05+00:00,cnsm-db-redis-01,vfs.dev.read.rate[sda],0
2026-05-15T16:09:05+00:00,cnsm-db-redis-01,vfs.dev.read.rate[sda],0
2026-05-15T16:10:05+00:00,cnsm-db-redis-01,vfs.dev.read.rate[sda],0
2026-05-15T16:11:05+00:00,cnsm-db-redis-01,vfs.dev.read.rate[sda],0
2026-05-15T16:12:05+00:00,cnsm-db-redis-01,vfs.dev.read.rate[sda],0
2026-05-15T16:13:05+00:00,cnsm-db-redis-01,vfs.dev.read.rate[sda],0
2026-05-15T16:14:05+00:00,cnsm-db-redis-01,vfs.dev.read.rate[sda],0
2026-05-15T16:15:05+00:00,cnsm-db-redis-01,vfs.dev.read.rate[sda],0
2026-05-15T16:16:05+00:00,cnsm-db-redis-01,vfs.dev.read.rate[sda],0
2026-05-15T16:17:05+00:00,cnsm-db-redis-01,vfs.dev.read.rate[sda],0
2026-05-15T16:18:05+00:00,cnsm-db-redis-01,vfs.dev.read.rate[sda],0
2026-05-15T16:19:05+00:00,cnsm-db-redis-01,vfs.dev.read.rate[sda],0
2026-05-15T16:20:05+00:00,cnsm-db-redis-01,vfs.dev.read.rate[sda],0
2026-05-15T16:21:05+00:00,cnsm-db-redis-01,vfs.dev.read.rate[sda],0
2026-05-15T16:22:05+00:00,cnsm-db-redis-01,vfs.dev.read.rate[sda],0.01666647672633133
2026-05-15T16:23:05+00:00,cnsm-db-redis-01,vfs.dev.read.rate[sda],0
2026-05-15T16:24:05+00:00,cnsm-db-redis-01,vfs.dev.read.rate[sda],0
2026-05-15T16:25:05+00:00,cnsm-db-redis-01,vfs.dev.read.rate[sda],0
2026-05-15T16:26:05+00:00,cnsm-db-redis-01,vfs.dev.read.rate[sda],0
2026-05-15T16:27:05+00:00,cnsm-db-redis-01,vfs.dev.read.rate[sda],0
2026-05-15T16:28:05+00:00,cnsm-db-redis-01,vfs.dev.read.rate[sda],0
2026-05-15T16:29:05+00:00,cnsm-db-redis-01,vfs.dev.read.rate[sda],0
2026-05-15T16:30:05+00:00,cnsm-db-redis-01,vfs.dev.read.rate[sda],0
2026-05-15T16:31:05+00:00,cnsm-db-redis-01,vfs.dev.read.rate[sda],0
2026-05-15T16:32:05+00:00,cnsm-db-redis-01,vfs.dev.read.rate[sda],0
2026-05-15T16:33:05+00:00,cnsm-db-redis-01,vfs.dev.read.rate[sda],0
2026-05-15T16:34:05+00:00,cnsm-db-redis-01,vfs.dev.read.rate[sda],0
2026-05-15T16:35:05+00:00,cnsm-db-redis-01,vfs.dev.read.rate[sda],0
2026-05-15T16:36:05+00:00,cnsm-db-redis-01,vfs.dev.read.rate[sda],0
2026-05-15T16:37:05+00:00,cnsm-db-redis-01,vfs.dev.read.rate[sda],0
2026-05-15T16:38:05+00:00,cnsm-db-redis-01,vfs.dev.read.rate[sda],0
2026-05-15T16:39:05+00:00,cnsm-db-redis-01,vfs.dev.read.rate[sda],0
2026-05-15T16:40:05+00:00,cnsm-db-redis-01,vfs.dev.read.rate[sda],0
2026-05-15T16:41:05+00:00,cnsm-db-redis-01,vfs.dev.read.rate[sda],0
2026-05-15T16:42:05+00:00,cnsm-db-redis-01,vfs.dev.read.rate[sda],0
2026-05-15T16:43:05+00:00,cnsm-db-redis-01,vfs.dev.read.rate[sda],0
2026-05-15T16:44:05+00:00,cnsm-db-redis-01,vfs.dev.read.rate[sda],0
2026-05-15T16:45:05+00:00,cnsm-db-redis-01,vfs.dev.read.rate[sda],0
2026-05-15T16:46:05+00:00,cnsm-db-redis-01,vfs.dev.read.rate[sda],0
2026-05-15T16:47:05+00:00,cnsm-db-redis-01,vfs.dev.read.rate[sda],0
2026-05-15T16:48:05+00:00,cnsm-db-redis-01,vfs.dev.read.rate[sda],0
2026-05-15T16:49:05+00:00,cnsm-db-redis-01,vfs.dev.read.rate[sda],0
2026-05-15T16:50:05+00:00,cnsm-db-redis-01,vfs.dev.read.rate[sda],0
2026-05-15T16:51:05+00:00,cnsm-db-redis-01,vfs.dev.read.rate[sda],0
2026-05-15T15:24:03+00:00,cnsm-db-redis-01,vfs.dev.read.await[sda],0
2026-05-15T15:25:03+00:00,cnsm-db-redis-01,vfs.dev.read.await[sda],0
2026-05-15T15:26:03+00:00,cnsm-db-redis-01,vfs.dev.read.await[sda],0
2026-05-15T15:27:03+00:00,cnsm-db-redis-01,vfs.dev.read.await[sda],0
2026-05-15T15:28:03+00:00,cnsm-db-redis-01,vfs.dev.read.await[sda],0
2026-05-15T15:29:03+00:00,cnsm-db-redis-01,vfs.dev.read.await[sda],0
2026-05-15T15:30:03+00:00,cnsm-db-redis-01,vfs.dev.read.await[sda],0
2026-05-15T15:31:03+00:00,cnsm-db-redis-01,vfs.dev.read.await[sda],0
2026-05-15T15:32:03+00:00,cnsm-db-redis-01,vfs.dev.read.await[sda],0
2026-05-15T15:33:03+00:00,cnsm-db-redis-01,vfs.dev.read.await[sda],0
2026-05-15T15:34:03+00:00,cnsm-db-redis-01,vfs.dev.read.await[sda],0
2026-05-15T15:35:03+00:00,cnsm-db-redis-01,vfs.dev.read.await[sda],0
2026-05-15T15:36:03+00:00,cnsm-db-redis-01,vfs.dev.read.await[sda],0
2026-05-15T15:37:03+00:00,cnsm-db-redis-01,vfs.dev.read.await[sda],0
2026-05-15T15:38:03+00:00,cnsm-db-redis-01,vfs.dev.read.await[sda],0
2026-05-15T15:39:03+00:00,cnsm-db-redis-01,vfs.dev.read.await[sda],0
2026-05-15T15:40:03+00:00,cnsm-db-redis-01,vfs.dev.read.await[sda],0
2026-05-15T15:41:03+00:00,cnsm-db-redis-01,vfs.dev.read.await[sda],0
2026-05-15T15:42:03+00:00,cnsm-db-redis-01,vfs.dev.read.await[sda],0
2026-05-15T15:43:03+00:00,cnsm-db-redis-01,vfs.dev.read.await[sda],0
2026-05-15T15:44:03+00:00,cnsm-db-redis-01,vfs.dev.read.await[sda],0
2026-05-15T15:45:03+00:00,cnsm-db-redis-01,vfs.dev.read.await[sda],0
2026-05-15T15:46:03+00:00,cnsm-db-redis-01,vfs.dev.read.await[sda],0
2026-05-15T15:47:03+00:00,cnsm-db-redis-01,vfs.dev.read.await[sda],0
2026-05-15T15:48:03+00:00,cnsm-db-redis-01,vfs.dev.read.await[sda],0
2026-05-15T15:49:03+00:00,cnsm-db-redis-01,vfs.dev.read.await[sda],0
2026-05-15T15:50:03+00:00,cnsm-db-redis-01,vfs.dev.read.await[sda],0
2026-05-15T15:51:03+00:00,cnsm-db-redis-01,vfs.dev.read.await[sda],0
2026-05-15T15:52:03+00:00,cnsm-db-redis-01,vfs.dev.read.await[sda],0
2026-05-15T15:53:03+00:00,cnsm-db-redis-01,vfs.dev.read.await[sda],0
2026-05-15T15:54:03+00:00,cnsm-db-redis-01,vfs.dev.read.await[sda],0
2026-05-15T15:55:03+00:00,cnsm-db-redis-01,vfs.dev.read.await[sda],0
2026-05-15T15:56:03+00:00,cnsm-db-redis-01,vfs.dev.read.await[sda],0
2026-05-15T15:57:03+00:00,cnsm-db-redis-01,vfs.dev.read.await[sda],0.5
2026-05-15T15:58:03+00:00,cnsm-db-redis-01,vfs.dev.read.await[sda],0
2026-05-15T15:59:03+00:00,cnsm-db-redis-01,vfs.dev.read.await[sda],0
2026-05-15T16:00:03+00:00,cnsm-db-redis-01,vfs.dev.read.await[sda],0
2026-05-15T16:01:03+00:00,cnsm-db-redis-01,vfs.dev.read.await[sda],0
2026-05-15T16:02:04+00:00,cnsm-db-redis-01,vfs.dev.read.await[sda],0
2026-05-15T16:03:03+00:00,cnsm-db-redis-01,vfs.dev.read.await[sda],0
2026-05-15T16:04:03+00:00,cnsm-db-redis-01,vfs.dev.read.await[sda],0
2026-05-15T16:05:03+00:00,cnsm-db-redis-01,vfs.dev.read.await[sda],0
2026-05-15T16:06:03+00:00,cnsm-db-redis-01,vfs.dev.read.await[sda],0
2026-05-15T16:07:03+00:00,cnsm-db-redis-01,vfs.dev.read.await[sda],0
2026-05-15T16:08:03+00:00,cnsm-db-redis-01,vfs.dev.read.await[sda],0
2026-05-15T16:09:03+00:00,cnsm-db-redis-01,vfs.dev.read.await[sda],0
2026-05-15T16:10:03+00:00,cnsm-db-redis-01,vfs.dev.read.await[sda],0
2026-05-15T16:11:03+00:00,cnsm-db-redis-01,vfs.dev.read.await[sda],0
2026-05-15T16:12:03+00:00,cnsm-db-redis-01,vfs.dev.read.await[sda],0
2026-05-15T16:13:03+00:00,cnsm-db-redis-01,vfs.dev.read.await[sda],0
2026-05-15T16:14:03+00:00,cnsm-db-redis-01,vfs.dev.read.await[sda],0
2026-05-15T16:15:03+00:00,cnsm-db-redis-01,vfs.dev.read.await[sda],0
2026-05-15T16:16:03+00:00,cnsm-db-redis-01,vfs.dev.read.await[sda],0
2026-05-15T16:17:03+00:00,cnsm-db-redis-01,vfs.dev.read.await[sda],0
2026-05-15T16:18:03+00:00,cnsm-db-redis-01,vfs.dev.read.await[sda],0
2026-05-15T16:19:03+00:00,cnsm-db-redis-01,vfs.dev.read.await[sda],0
2026-05-15T16:20:03+00:00,cnsm-db-redis-01,vfs.dev.read.await[sda],0
2026-05-15T16:21:03+00:00,cnsm-db-redis-01,vfs.dev.read.await[sda],0
2026-05-15T16:22:03+00:00,cnsm-db-redis-01,vfs.dev.read.await[sda],0
2026-05-15T16:23:03+00:00,cnsm-db-redis-01,vfs.dev.read.await[sda],1
2026-05-15T16:24:03+00:00,cnsm-db-redis-01,vfs.dev.read.await[sda],0
2026-05-15T16:25:03+00:00,cnsm-db-redis-01,vfs.dev.read.await[sda],0
2026-05-15T16:26:03+00:00,cnsm-db-redis-01,vfs.dev.read.await[sda],0
2026-05-15T16:27:03+00:00,cnsm-db-redis-01,vfs.dev.read.await[sda],0
2026-05-15T16:28:03+00:00,cnsm-db-redis-01,vfs.dev.read.await[sda],0
2026-05-15T16:29:03+00:00,cnsm-db-redis-01,vfs.dev.read.await[sda],0
2026-05-15T16:30:03+00:00,cnsm-db-redis-01,vfs.dev.read.await[sda],0
2026-05-15T16:31:03+00:00,cnsm-db-redis-01,vfs.dev.read.await[sda],0
2026-05-15T16:32:03+00:00,cnsm-db-redis-01,vfs.dev.read.await[sda],0
2026-05-15T16:33:03+00:00,cnsm-db-redis-01,vfs.dev.read.await[sda],0
2026-05-15T16:34:03+00:00,cnsm-db-redis-01,vfs.dev.read.await[sda],0
2026-05-15T16:35:03+00:00,cnsm-db-redis-01,vfs.dev.read.await[sda],0
2026-05-15T16:36:03+00:00,cnsm-db-redis-01,vfs.dev.read.await[sda],0
2026-05-15T16:37:03+00:00,cnsm-db-redis-01,vfs.dev.read.await[sda],0
2026-05-15T16:38:03+00:00,cnsm-db-redis-01,vfs.dev.read.await[sda],0
2026-05-15T16:39:03+00:00,cnsm-db-redis-01,vfs.dev.read.await[sda],0
2026-05-15T16:40:03+00:00,cnsm-db-redis-01,vfs.dev.read.await[sda],0
2026-05-15T16:41:03+00:00,cnsm-db-redis-01,vfs.dev.read.await[sda],0
2026-05-15T16:42:03+00:00,cnsm-db-redis-01,vfs.dev.read.await[sda],0
2026-05-15T16:43:03+00:00,cnsm-db-redis-01,vfs.dev.read.await[sda],0
2026-05-15T16:44:03+00:00,cnsm-db-redis-01,vfs.dev.read.await[sda],0
2026-05-15T16:45:03+00:00,cnsm-db-redis-01,vfs.dev.read.await[sda],0
2026-05-15T16:46:03+00:00,cnsm-db-redis-01,vfs.dev.read.await[sda],0
2026-05-15T16:47:03+00:00,cnsm-db-redis-01,vfs.dev.read.await[sda],0
2026-05-15T16:48:03+00:00,cnsm-db-redis-01,vfs.dev.read.await[sda],0
2026-05-15T16:49:03+00:00,cnsm-db-redis-01,vfs.dev.read.await[sda],0
2026-05-15T16:50:03+00:00,cnsm-db-redis-01,vfs.dev.read.await[sda],0
2026-05-15T16:51:03+00:00,cnsm-db-redis-01,vfs.dev.read.await[sda],0
2026-05-15T15:24:05+00:00,cnsm-db-redis-01,vfs.dev.read.time.rate[sda],0
2026-05-15T15:25:05+00:00,cnsm-db-redis-01,vfs.dev.read.time.rate[sda],0
2026-05-15T15:26:05+00:00,cnsm-db-redis-01,vfs.dev.read.time.rate[sda],0
2026-05-15T15:27:05+00:00,cnsm-db-redis-01,vfs.dev.read.time.rate[sda],0
2026-05-15T15:28:05+00:00,cnsm-db-redis-01,vfs.dev.read.time.rate[sda],0
2026-05-15T15:29:05+00:00,cnsm-db-redis-01,vfs.dev.read.time.rate[sda],0
2026-05-15T15:30:05+00:00,cnsm-db-redis-01,vfs.dev.read.time.rate[sda],0
2026-05-15T15:31:05+00:00,cnsm-db-redis-01,vfs.dev.read.time.rate[sda],0
2026-05-15T15:32:05+00:00,cnsm-db-redis-01,vfs.dev.read.time.rate[sda],0
2026-05-15T15:33:05+00:00,cnsm-db-redis-01,vfs.dev.read.time.rate[sda],0
2026-05-15T15:34:05+00:00,cnsm-db-redis-01,vfs.dev.read.time.rate[sda],0
2026-05-15T15:35:05+00:00,cnsm-db-redis-01,vfs.dev.read.time.rate[sda],0
2026-05-15T15:36:05+00:00,cnsm-db-redis-01,vfs.dev.read.time.rate[sda],0
2026-05-15T15:37:05+00:00,cnsm-db-redis-01,vfs.dev.read.time.rate[sda],0
2026-05-15T15:38:05+00:00,cnsm-db-redis-01,vfs.dev.read.time.rate[sda],0
2026-05-15T15:39:05+00:00,cnsm-db-redis-01,vfs.dev.read.time.rate[sda],0
2026-05-15T15:40:05+00:00,cnsm-db-redis-01,vfs.dev.read.time.rate[sda],0
2026-05-15T15:41:05+00:00,cnsm-db-redis-01,vfs.dev.read.time.rate[sda],0
2026-05-15T15:42:05+00:00,cnsm-db-redis-01,vfs.dev.read.time.rate[sda],0
2026-05-15T15:43:05+00:00,cnsm-db-redis-01,vfs.dev.read.time.rate[sda],0
2026-05-15T15:44:05+00:00,cnsm-db-redis-01,vfs.dev.read.time.rate[sda],0
2026-05-15T15:45:05+00:00,cnsm-db-redis-01,vfs.dev.read.time.rate[sda],0
2026-05-15T15:46:05+00:00,cnsm-db-redis-01,vfs.dev.read.time.rate[sda],0
2026-05-15T15:47:05+00:00,cnsm-db-redis-01,vfs.dev.read.time.rate[sda],0
2026-05-15T15:48:05+00:00,cnsm-db-redis-01,vfs.dev.read.time.rate[sda],0
2026-05-15T15:49:05+00:00,cnsm-db-redis-01,vfs.dev.read.time.rate[sda],0
2026-05-15T15:50:05+00:00,cnsm-db-redis-01,vfs.dev.read.time.rate[sda],0
2026-05-15T15:51:05+00:00,cnsm-db-redis-01,vfs.dev.read.time.rate[sda],0
2026-05-15T15:52:05+00:00,cnsm-db-redis-01,vfs.dev.read.time.rate[sda],0
2026-05-15T15:53:05+00:00,cnsm-db-redis-01,vfs.dev.read.time.rate[sda],0
2026-05-15T15:54:05+00:00,cnsm-db-redis-01,vfs.dev.read.time.rate[sda],0
2026-05-15T15:55:05+00:00,cnsm-db-redis-01,vfs.dev.read.time.rate[sda],0
2026-05-15T15:56:05+00:00,cnsm-db-redis-01,vfs.dev.read.time.rate[sda],1.6666878047125313e-05
2026-05-15T15:57:05+00:00,cnsm-db-redis-01,vfs.dev.read.time.rate[sda],0
2026-05-15T15:58:05+00:00,cnsm-db-redis-01,vfs.dev.read.time.rate[sda],0
2026-05-15T15:59:05+00:00,cnsm-db-redis-01,vfs.dev.read.time.rate[sda],0
2026-05-15T16:00:05+00:00,cnsm-db-redis-01,vfs.dev.read.time.rate[sda],0
2026-05-15T16:01:05+00:00,cnsm-db-redis-01,vfs.dev.read.time.rate[sda],0
2026-05-15T16:02:05+00:00,cnsm-db-redis-01,vfs.dev.read.time.rate[sda],0
2026-05-15T16:03:05+00:00,cnsm-db-redis-01,vfs.dev.read.time.rate[sda],0
2026-05-15T16:04:05+00:00,cnsm-db-redis-01,vfs.dev.read.time.rate[sda],0
2026-05-15T16:05:05+00:00,cnsm-db-redis-01,vfs.dev.read.time.rate[sda],0
2026-05-15T16:06:05+00:00,cnsm-db-redis-01,vfs.dev.read.time.rate[sda],0
2026-05-15T16:07:05+00:00,cnsm-db-redis-01,vfs.dev.read.time.rate[sda],0
2026-05-15T16:08:05+00:00,cnsm-db-redis-01,vfs.dev.read.time.rate[sda],0
2026-05-15T16:09:05+00:00,cnsm-db-redis-01,vfs.dev.read.time.rate[sda],0
2026-05-15T16:10:05+00:00,cnsm-db-redis-01,vfs.dev.read.time.rate[sda],0
2026-05-15T16:11:05+00:00,cnsm-db-redis-01,vfs.dev.read.time.rate[sda],0
2026-05-15T16:12:05+00:00,cnsm-db-redis-01,vfs.dev.read.time.rate[sda],0
2026-05-15T16:13:05+00:00,cnsm-db-redis-01,vfs.dev.read.time.rate[sda],0
2026-05-15T16:14:05+00:00,cnsm-db-redis-01,vfs.dev.read.time.rate[sda],0
2026-05-15T16:15:05+00:00,cnsm-db-redis-01,vfs.dev.read.time.rate[sda],0
2026-05-15T16:16:05+00:00,cnsm-db-redis-01,vfs.dev.read.time.rate[sda],0
2026-05-15T16:17:05+00:00,cnsm-db-redis-01,vfs.dev.read.time.rate[sda],0
2026-05-15T16:18:05+00:00,cnsm-db-redis-01,vfs.dev.read.time.rate[sda],0
2026-05-15T16:19:05+00:00,cnsm-db-redis-01,vfs.dev.read.time.rate[sda],0
2026-05-15T16:20:05+00:00,cnsm-db-redis-01,vfs.dev.read.time.rate[sda],0
2026-05-15T16:21:05+00:00,cnsm-db-redis-01,vfs.dev.read.time.rate[sda],0
2026-05-15T16:22:05+00:00,cnsm-db-redis-01,vfs.dev.read.time.rate[sda],1.6666476726331333e-05
2026-05-15T16:23:05+00:00,cnsm-db-redis-01,vfs.dev.read.time.rate[sda],0
2026-05-15T16:24:05+00:00,cnsm-db-redis-01,vfs.dev.read.time.rate[sda],0
2026-05-15T16:25:05+00:00,cnsm-db-redis-01,vfs.dev.read.time.rate[sda],0
2026-05-15T16:26:05+00:00,cnsm-db-redis-01,vfs.dev.read.time.rate[sda],0
2026-05-15T16:27:05+00:00,cnsm-db-redis-01,vfs.dev.read.time.rate[sda],0
2026-05-15T16:28:05+00:00,cnsm-db-redis-01,vfs.dev.read.time.rate[sda],0
2026-05-15T16:29:05+00:00,cnsm-db-redis-01,vfs.dev.read.time.rate[sda],0
2026-05-15T16:30:05+00:00,cnsm-db-redis-01,vfs.dev.read.time.rate[sda],0
2026-05-15T16:31:05+00:00,cnsm-db-redis-01,vfs.dev.read.time.rate[sda],0
2026-05-15T16:32:05+00:00,cnsm-db-redis-01,vfs.dev.read.time.rate[sda],0
2026-05-15T16:33:05+00:00,cnsm-db-redis-01,vfs.dev.read.time.rate[sda],0
2026-05-15T16:34:05+00:00,cnsm-db-redis-01,vfs.dev.read.time.rate[sda],0
2026-05-15T16:35:05+00:00,cnsm-db-redis-01,vfs.dev.read.time.rate[sda],0
2026-05-15T16:36:05+00:00,cnsm-db-redis-01,vfs.dev.read.time.rate[sda],0
2026-05-15T16:37:05+00:00,cnsm-db-redis-01,vfs.dev.read.time.rate[sda],0
2026-05-15T16:38:05+00:00,cnsm-db-redis-01,vfs.dev.read.time.rate[sda],0
2026-05-15T16:39:05+00:00,cnsm-db-redis-01,vfs.dev.read.time.rate[sda],0
2026-05-15T16:40:05+00:00,cnsm-db-redis-01,vfs.dev.read.time.rate[sda],0
2026-05-15T16:41:05+00:00,cnsm-db-redis-01,vfs.dev.read.time.rate[sda],0
2026-05-15T16:42:05+00:00,cnsm-db-redis-01,vfs.dev.read.time.rate[sda],0
2026-05-15T16:43:05+00:00,cnsm-db-redis-01,vfs.dev.read.time.rate[sda],0
2026-05-15T16:44:05+00:00,cnsm-db-redis-01,vfs.dev.read.time.rate[sda],0
2026-05-15T16:45:05+00:00,cnsm-db-redis-01,vfs.dev.read.time.rate[sda],0
2026-05-15T16:46:05+00:00,cnsm-db-redis-01,vfs.dev.read.time.rate[sda],0
2026-05-15T16:47:05+00:00,cnsm-db-redis-01,vfs.dev.read.time.rate[sda],0
2026-05-15T16:48:05+00:00,cnsm-db-redis-01,vfs.dev.read.time.rate[sda],0
2026-05-15T16:49:05+00:00,cnsm-db-redis-01,vfs.dev.read.time.rate[sda],0
2026-05-15T16:50:05+00:00,cnsm-db-redis-01,vfs.dev.read.time.rate[sda],0
2026-05-15T16:51:05+00:00,cnsm-db-redis-01,vfs.dev.read.time.rate[sda],0
2026-05-15T15:24:05+00:00,cnsm-db-redis-01,vfs.dev.util[sda],0.03166671201287049
2026-05-15T15:25:05+00:00,cnsm-db-redis-01,vfs.dev.util[sda],0.021666706500184346
2026-05-15T15:26:05+00:00,cnsm-db-redis-01,vfs.dev.util[sda],0.018333157599628953
2026-05-15T15:27:05+00:00,cnsm-db-redis-01,vfs.dev.util[sda],0.02166680802417224
2026-05-15T15:28:05+00:00,cnsm-db-redis-01,vfs.dev.util[sda],0.026666773687985063
2026-05-15T15:29:05+00:00,cnsm-db-redis-01,vfs.dev.util[sda],0.028333469206957142
2026-05-15T15:30:05+00:00,cnsm-db-redis-01,vfs.dev.util[sda],0.03000009997833319
2026-05-15T15:31:05+00:00,cnsm-db-redis-01,vfs.dev.util[sda],0.026666440032592793
2026-05-15T15:32:05+00:00,cnsm-db-redis-01,vfs.dev.util[sda],0.024999849293408507
2026-05-15T15:33:05+00:00,cnsm-db-redis-01,vfs.dev.util[sda],0.03166660241460259
2026-05-15T15:34:05+00:00,cnsm-db-redis-01,vfs.dev.util[sda],0.02333371618361499
2026-05-15T15:35:05+00:00,cnsm-db-redis-01,vfs.dev.util[sda],0.021666694090923602
2026-05-15T15:36:05+00:00,cnsm-db-redis-01,vfs.dev.util[sda],0.028333344327143153
2026-05-15T15:37:05+00:00,cnsm-db-redis-01,vfs.dev.util[sda],0.03666611352412245
2026-05-15T15:38:05+00:00,cnsm-db-redis-01,vfs.dev.util[sda],0.021666776627724732
2026-05-15T15:39:05+00:00,cnsm-db-redis-01,vfs.dev.util[sda],0.04833323551008688
2026-05-15T15:40:05+00:00,cnsm-db-redis-01,vfs.dev.util[sda],0.04333324328324269
2026-05-15T15:41:05+00:00,cnsm-db-redis-01,vfs.dev.util[sda],0.026666768805280096
2026-05-15T15:42:05+00:00,cnsm-db-redis-01,vfs.dev.util[sda],0.025000197635312377
2026-05-15T15:43:05+00:00,cnsm-db-redis-01,vfs.dev.util[sda],0.02333309509465472
2026-05-15T15:44:05+00:00,cnsm-db-redis-01,vfs.dev.util[sda],0.044999656149377426
2026-05-15T15:45:05+00:00,cnsm-db-redis-01,vfs.dev.util[sda],0.02333367087821626
2026-05-15T15:46:05+00:00,cnsm-db-redis-01,vfs.dev.util[sda],0.03166610948669273
2026-05-15T15:47:05+00:00,cnsm-db-redis-01,vfs.dev.util[sda],0.036666542324310554
2026-05-15T15:48:05+00:00,cnsm-db-redis-01,vfs.dev.util[sda],0.03333412712890289
2026-05-15T15:49:05+00:00,cnsm-db-redis-01,vfs.dev.util[sda],0.01666591065984989
2026-05-15T15:50:05+00:00,cnsm-db-redis-01,vfs.dev.util[sda],0.020000624519500625
2026-05-15T15:51:05+00:00,cnsm-db-redis-01,vfs.dev.util[sda],0.028333583870215347
2026-05-15T15:52:05+00:00,cnsm-db-redis-01,vfs.dev.util[sda],0.03000014747122492
2026-05-15T15:53:05+00:00,cnsm-db-redis-01,vfs.dev.util[sda],0.024999734210325798
2026-05-15T15:54:05+00:00,cnsm-db-redis-01,vfs.dev.util[sda],0.03166699440897535
2026-05-15T15:55:05+00:00,cnsm-db-redis-01,vfs.dev.util[sda],0.03666624920980843
2026-05-15T15:56:05+00:00,cnsm-db-redis-01,vfs.dev.util[sda],0.028333692680113032
2026-05-15T15:57:05+00:00,cnsm-db-redis-01,vfs.dev.util[sda],0.029999487542753903
2026-05-15T15:58:05+00:00,cnsm-db-redis-01,vfs.dev.util[sda],0.011666775915328569
2026-05-15T15:59:05+00:00,cnsm-db-redis-01,vfs.dev.util[sda],0.026666571486561947
2026-05-15T16:00:05+00:00,cnsm-db-redis-01,vfs.dev.util[sda],0.06333363542949653
2026-05-15T16:01:05+00:00,cnsm-db-redis-01,vfs.dev.util[sda],0.026666857695590664
2026-05-15T16:02:05+00:00,cnsm-db-redis-01,vfs.dev.util[sda],0.013333281451757434
2026-05-15T16:03:05+00:00,cnsm-db-redis-01,vfs.dev.util[sda],0.03666579993482175
2026-05-15T16:04:05+00:00,cnsm-db-redis-01,vfs.dev.util[sda],0.040000774715004295
2026-05-15T16:05:05+00:00,cnsm-db-redis-01,vfs.dev.util[sda],0.029999737163302793
2026-05-15T16:06:05+00:00,cnsm-db-redis-01,vfs.dev.util[sda],0.03666690967111048
2026-05-15T16:07:05+00:00,cnsm-db-redis-01,vfs.dev.util[sda],0.02833310700091912
2026-05-15T16:08:05+00:00,cnsm-db-redis-01,vfs.dev.util[sda],0.0266666137427717
2026-05-15T16:09:05+00:00,cnsm-db-redis-01,vfs.dev.util[sda],0.02666683214102681
2026-05-15T16:10:05+00:00,cnsm-db-redis-01,vfs.dev.util[sda],0.04000054067197473
2026-05-15T16:11:05+00:00,cnsm-db-redis-01,vfs.dev.util[sda],0.03333320762269632
2026-05-15T16:12:05+00:00,cnsm-db-redis-01,vfs.dev.util[sda],0.02666656927413348
2026-05-15T16:13:05+00:00,cnsm-db-redis-01,vfs.dev.util[sda],0.0366669597102309
2026-05-15T16:14:05+00:00,cnsm-db-redis-01,vfs.dev.util[sda],0.03666621935529033
2026-05-15T16:15:05+00:00,cnsm-db-redis-01,vfs.dev.util[sda],0.030000395564715645
2026-05-15T16:16:05+00:00,cnsm-db-redis-01,vfs.dev.util[sda],0.03833308851650799
2026-05-15T16:17:05+00:00,cnsm-db-redis-01,vfs.dev.util[sda],0.03166619707438047
2026-05-15T16:18:05+00:00,cnsm-db-redis-01,vfs.dev.util[sda],0.03666716555523226
2026-05-15T16:19:05+00:00,cnsm-db-redis-01,vfs.dev.util[sda],0.031666531145524424
2026-05-15T16:20:05+00:00,cnsm-db-redis-01,vfs.dev.util[sda],0.021666740783531313
2026-05-15T16:21:05+00:00,cnsm-db-redis-01,vfs.dev.util[sda],0.03833361485220634
2026-05-15T16:22:05+00:00,cnsm-db-redis-01,vfs.dev.util[sda],0.03833289647056207
2026-05-15T16:23:05+00:00,cnsm-db-redis-01,vfs.dev.util[sda],0.04333377760349923
2026-05-15T16:24:05+00:00,cnsm-db-redis-01,vfs.dev.util[sda],0.031666674981807745
2026-05-15T16:25:05+00:00,cnsm-db-redis-01,vfs.dev.util[sda],0.031665600900703715
2026-05-15T16:26:05+00:00,cnsm-db-redis-01,vfs.dev.util[sda],0.0383343017932445
2026-05-15T16:27:05+00:00,cnsm-db-redis-01,vfs.dev.util[sda],0.03833264295029513
2026-05-15T16:28:05+00:00,cnsm-db-redis-01,vfs.dev.util[sda],0.043333472544280556
2026-05-15T16:29:05+00:00,cnsm-db-redis-01,vfs.dev.util[sda],0.03500045367238046
2026-05-15T16:30:05+00:00,cnsm-db-redis-01,vfs.dev.util[sda],0.051667278139431116
2026-05-15T16:31:05+00:00,cnsm-db-redis-01,vfs.dev.util[sda],0.0299997760301721
2026-05-15T16:32:05+00:00,cnsm-db-redis-01,vfs.dev.util[sda],0.050000135668701456
2026-05-15T16:33:05+00:00,cnsm-db-redis-01,vfs.dev.util[sda],0.04166668325903439
2026-05-15T16:34:05+00:00,cnsm-db-redis-01,vfs.dev.util[sda],0.04166672453063591
2026-05-15T16:35:05+00:00,cnsm-db-redis-01,vfs.dev.util[sda],0.034999518760700316
2026-05-15T16:36:05+00:00,cnsm-db-redis-01,vfs.dev.util[sda],0.024999996390000525
2026-05-15T16:37:05+00:00,cnsm-db-redis-01,vfs.dev.util[sda],0.038333370585702874
2026-05-15T16:38:05+00:00,cnsm-db-redis-01,vfs.dev.util[sda],0.055000205614602005
2026-05-15T16:39:05+00:00,cnsm-db-redis-01,vfs.dev.util[sda],0.045000128983119704
2026-05-15T16:40:05+00:00,cnsm-db-redis-01,vfs.dev.util[sda],0.03833333648625026
2026-05-15T16:41:05+00:00,cnsm-db-redis-01,vfs.dev.util[sda],0.04000003877003758
2026-05-15T16:42:05+00:00,cnsm-db-redis-01,vfs.dev.util[sda],0.028333206564428306
2026-05-15T16:43:05+00:00,cnsm-db-redis-01,vfs.dev.util[sda],0.06166709960978955
2026-05-15T16:44:05+00:00,cnsm-db-redis-01,vfs.dev.util[sda],0.03333295981085229
2026-05-15T16:45:05+00:00,cnsm-db-redis-01,vfs.dev.util[sda],0.03500059651166629
2026-05-15T16:46:05+00:00,cnsm-db-redis-01,vfs.dev.util[sda],0.03833327670102812
2026-05-15T16:47:05+00:00,cnsm-db-redis-01,vfs.dev.util[sda],0.044999992319251315
2026-05-15T16:48:05+00:00,cnsm-db-redis-01,vfs.dev.util[sda],0.03999974830558376
2026-05-15T16:49:05+00:00,cnsm-db-redis-01,vfs.dev.util[sda],0.043333526486749846
2026-05-15T16:50:05+00:00,cnsm-db-redis-01,vfs.dev.util[sda],0.03499997475568488
2026-05-15T16:51:05+00:00,cnsm-db-redis-01,vfs.dev.util[sda],0.036666262081964295
2026-05-15T15:24:05+00:00,cnsm-db-redis-01,vfs.dev.write.rate[sda],2.416670127298011
2026-05-15T15:25:05+00:00,cnsm-db-redis-01,vfs.dev.write.rate[sda],1.4666693630894017
2026-05-15T15:26:05+00:00,cnsm-db-redis-01,vfs.dev.write.rate[sda],1.4999856217878234
2026-05-15T15:27:05+00:00,cnsm-db-redis-01,vfs.dev.write.rate[sda],2.3333485564493177
2026-05-15T15:28:05+00:00,cnsm-db-redis-01,vfs.dev.write.rate[sda],0.7833364770845611
2026-05-15T15:29:05+00:00,cnsm-db-redis-01,vfs.dev.write.rate[sda],2.300011029741227
2026-05-15T15:30:05+00:00,cnsm-db-redis-01,vfs.dev.write.rate[sda],1.6666722210185105
2026-05-15T15:31:05+00:00,cnsm-db-redis-01,vfs.dev.write.rate[sda],1.6499859770166792
2026-05-15T15:32:05+00:00,cnsm-db-redis-01,vfs.dev.write.rate[sda],1.61665692097375
2026-05-15T15:33:05+00:00,cnsm-db-redis-01,vfs.dev.write.rate[sda],3.18332687431005
2026-05-15T15:34:05+00:00,cnsm-db-redis-01,vfs.dev.write.rate[sda],0.8500139466888317
2026-05-15T15:35:05+00:00,cnsm-db-redis-01,vfs.dev.write.rate[sda],1.4833352108401543
2026-05-15T15:36:05+00:00,cnsm-db-redis-01,vfs.dev.write.rate[sda],1.583333947693294
2026-05-15T15:37:05+00:00,cnsm-db-redis-01,vfs.dev.write.rate[sda],3.0332875733592206
2026-05-15T15:38:05+00:00,cnsm-db-redis-01,vfs.dev.write.rate[sda],1.900009642738938
2026-05-15T15:39:05+00:00,cnsm-db-redis-01,vfs.dev.write.rate[sda],3.133326991688391
2026-05-15T15:40:05+00:00,cnsm-db-redis-01,vfs.dev.write.rate[sda],3.0833269259230374
2026-05-15T15:41:05+00:00,cnsm-db-redis-01,vfs.dev.write.rate[sda],1.6833397808333062
2026-05-15T15:42:05+00:00,cnsm-db-redis-01,vfs.dev.write.rate[sda],1.9333486171308236
2026-05-15T15:43:05+00:00,cnsm-db-redis-01,vfs.dev.write.rate[sda],1.5166511811525567
2026-05-15T15:44:05+00:00,cnsm-db-redis-01,vfs.dev.write.rate[sda],4.349966761106485
2026-05-15T15:45:05+00:00,cnsm-db-redis-01,vfs.dev.write.rate[sda],1.1333497283705039
2026-05-15T15:46:05+00:00,cnsm-db-redis-01,vfs.dev.write.rate[sda],1.4833072338503437
2026-05-15T15:47:05+00:00,cnsm-db-redis-01,vfs.dev.write.rate[sda],3.3499886396301912
2026-05-15T15:48:05+00:00,cnsm-db-redis-01,vfs.dev.write.rate[sda],0.750017860400315
2026-05-15T15:49:05+00:00,cnsm-db-redis-01,vfs.dev.write.rate[sda],1.8499160832433377
2026-05-15T15:50:05+00:00,cnsm-db-redis-01,vfs.dev.write.rate[sda],1.783389019655472
2026-05-15T15:51:05+00:00,cnsm-db-redis-01,vfs.dev.write.rate[sda],3.133361039764991
2026-05-15T15:52:05+00:00,cnsm-db-redis-01,vfs.dev.write.rate[sda],1.9666763342247449
2026-05-15T15:53:05+00:00,cnsm-db-redis-01,vfs.dev.write.rate[sda],2.483306931559029
2026-05-15T15:54:05+00:00,cnsm-db-redis-01,vfs.dev.write.rate[sda],2.066688056164707
2026-05-15T15:55:05+00:00,cnsm-db-redis-01,vfs.dev.write.rate[sda],2.9832993675253223
2026-05-15T15:56:05+00:00,cnsm-db-redis-01,vfs.dev.write.rate[sda],1.6333540486182807
2026-05-15T15:57:05+00:00,cnsm-db-redis-01,vfs.dev.write.rate[sda],1.6999709607560543
2026-05-15T15:58:05+00:00,cnsm-db-redis-01,vfs.dev.write.rate[sda],1.2833453506861425
2026-05-15T15:59:05+00:00,cnsm-db-redis-01,vfs.dev.write.rate[sda],3.0166558994173203
2026-05-15T16:00:05+00:00,cnsm-db-redis-01,vfs.dev.write.rate[sda],2.4500116863515764
2026-05-15T16:01:05+00:00,cnsm-db-redis-01,vfs.dev.write.rate[sda],2.3000164762446946
2026-05-15T16:02:05+00:00,cnsm-db-redis-01,vfs.dev.write.rate[sda],0.7833302852907492
2026-05-15T16:03:05+00:00,cnsm-db-redis-01,vfs.dev.write.rate[sda],3.666579993482175
2026-05-15T16:04:05+00:00,cnsm-db-redis-01,vfs.dev.write.rate[sda],2.5667163775461086
2026-05-15T16:05:05+00:00,cnsm-db-redis-01,vfs.dev.write.rate[sda],1.7999842297981674
2026-05-15T16:06:05+00:00,cnsm-db-redis-01,vfs.dev.write.rate[sda],3.1166873220443905
2026-05-15T16:07:05+00:00,cnsm-db-redis-01,vfs.dev.write.rate[sda],2.3666477612532435
2026-05-15T16:08:05+00:00,cnsm-db-redis-01,vfs.dev.write.rate[sda],2.566661572741776
2026-05-15T16:09:05+00:00,cnsm-db-redis-01,vfs.dev.write.rate[sda],2.2166804217228537
2026-05-15T16:10:05+00:00,cnsm-db-redis-01,vfs.dev.write.rate[sda],3.6333824443710374
2026-05-15T16:11:05+00:00,cnsm-db-redis-01,vfs.dev.write.rate[sda],2.7833228364951426
2026-05-15T16:12:05+00:00,cnsm-db-redis-01,vfs.dev.write.rate[sda],2.6499903216170146
2026-05-15T16:13:05+00:00,cnsm-db-redis-01,vfs.dev.write.rate[sda],4.2167003666765535
2026-05-15T16:14:05+00:00,cnsm-db-redis-01,vfs.dev.write.rate[sda],4.166615835828447
2026-05-15T16:15:05+00:00,cnsm-db-redis-01,vfs.dev.write.rate[sda],3.6167143541907194
2026-05-15T16:16:05+00:00,cnsm-db-redis-01,vfs.dev.write.rate[sda],2.716649316604696
2026-05-15T16:17:05+00:00,cnsm-db-redis-01,vfs.dev.write.rate[sda],2.28329947325796
2026-05-15T16:18:05+00:00,cnsm-db-redis-01,vfs.dev.write.rate[sda],2.6500360560372402
2026-05-15T16:19:05+00:00,cnsm-db-redis-01,vfs.dev.write.rate[sda],3.699984165424433
2026-05-15T16:20:05+00:00,cnsm-db-redis-01,vfs.dev.write.rate[sda],1.6500056442843078
2026-05-15T16:21:05+00:00,cnsm-db-redis-01,vfs.dev.write.rate[sda],4.666700938529467
2026-05-15T16:22:05+00:00,cnsm-db-redis-01,vfs.dev.write.rate[sda],2.716635706392007
2026-05-15T16:23:05+00:00,cnsm-db-redis-01,vfs.dev.write.rate[sda],4.5667134859072265
2026-05-15T16:24:05+00:00,cnsm-db-redis-01,vfs.dev.write.rate[sda],4.45000116849614
2026-05-15T16:25:05+00:00,cnsm-db-redis-01,vfs.dev.write.rate[sda],2.816571869588909
2026-05-15T16:26:05+00:00,cnsm-db-redis-01,vfs.dev.write.rate[sda],3.9000985302692226
2026-05-15T16:27:05+00:00,cnsm-db-redis-01,vfs.dev.write.rate[sda],3.616601530527845
2026-05-15T16:28:05+00:00,cnsm-db-redis-01,vfs.dev.write.rate[sda],5.316683746779037
2026-05-15T16:29:05+00:00,cnsm-db-redis-01,vfs.dev.write.rate[sda],3.1333739478131077
2026-05-15T16:30:05+00:00,cnsm-db-redis-01,vfs.dev.write.rate[sda],6.283407696311461
2026-05-15T16:31:05+00:00,cnsm-db-redis-01,vfs.dev.write.rate[sda],2.083317779873062
2026-05-15T16:32:05+00:00,cnsm-db-redis-01,vfs.dev.write.rate[sda],5.900016008906771
2026-05-15T16:33:05+00:00,cnsm-db-redis-01,vfs.dev.write.rate[sda],3.4666680471516607
2026-05-15T16:34:05+00:00,cnsm-db-redis-01,vfs.dev.write.rate[sda],5.033340323300818
2026-05-15T16:35:05+00:00,cnsm-db-redis-01,vfs.dev.write.rate[sda],3.8832799386872257
2026-05-15T16:36:05+00:00,cnsm-db-redis-01,vfs.dev.write.rate[sda],2.3666663249200495
2026-05-15T16:37:05+00:00,cnsm-db-redis-01,vfs.dev.write.rate[sda],2.916669501086088
2026-05-15T16:38:05+00:00,cnsm-db-redis-01,vfs.dev.write.rate[sda],5.716688038123785
2026-05-15T16:39:05+00:00,cnsm-db-redis-01,vfs.dev.write.rate[sda],5.1500147614014775
2026-05-15T16:40:05+00:00,cnsm-db-redis-01,vfs.dev.write.rate[sda],3.1833335951625217
2026-05-15T16:41:05+00:00,cnsm-db-redis-01,vfs.dev.write.rate[sda],5.916672401401391
2026-05-15T16:42:05+00:00,cnsm-db-redis-01,vfs.dev.write.rate[sda],2.2666565251542643
2026-05-15T16:43:05+00:00,cnsm-db-redis-01,vfs.dev.write.rate[sda],5.616706099594345
2026-05-15T16:44:05+00:00,cnsm-db-redis-01,vfs.dev.write.rate[sda],2.7833021442061656
2026-05-15T16:45:05+00:00,cnsm-db-redis-01,vfs.dev.write.rate[sda],4.933417413072962
2026-05-15T16:46:05+00:00,cnsm-db-redis-01,vfs.dev.write.rate[sda],4.116660584849541
2026-05-15T16:47:05+00:00,cnsm-db-redis-01,vfs.dev.write.rate[sda],3.61666604936205
2026-05-15T16:48:05+00:00,cnsm-db-redis-01,vfs.dev.write.rate[sda],3.649977032884518
2026-05-15T16:49:05+00:00,cnsm-db-redis-01,vfs.dev.write.rate[sda],4.3000191667621
2026-05-15T16:50:05+00:00,cnsm-db-redis-01,vfs.dev.write.rate[sda],3.599997403441873
2026-05-15T16:51:05+00:00,cnsm-db-redis-01,vfs.dev.write.rate[sda],3.8499575186062502
2026-05-15T15:24:04+00:00,cnsm-db-redis-01,vfs.dev.write.await[sda],0.8260869565217391
2026-05-15T15:25:04+00:00,cnsm-db-redis-01,vfs.dev.write.await[sda],0.6413793103448276
2026-05-15T15:26:04+00:00,cnsm-db-redis-01,vfs.dev.write.await[sda],1.477272727272727
2026-05-15T15:27:04+00:00,cnsm-db-redis-01,vfs.dev.write.await[sda],1.0333333333333334
2026-05-15T15:28:04+00:00,cnsm-db-redis-01,vfs.dev.write.await[sda],0.7000000000000001
2026-05-15T15:29:04+00:00,cnsm-db-redis-01,vfs.dev.write.await[sda],1.2127659574468086
2026-05-15T15:30:04+00:00,cnsm-db-redis-01,vfs.dev.write.await[sda],0.8478260869565217
2026-05-15T15:31:04+00:00,cnsm-db-redis-01,vfs.dev.write.await[sda],1.05
2026-05-15T15:32:04+00:00,cnsm-db-redis-01,vfs.dev.write.await[sda],0.6262626262626262
2026-05-15T15:33:04+00:00,cnsm-db-redis-01,vfs.dev.write.await[sda],0.8041237113402061
2026-05-15T15:34:04+00:00,cnsm-db-redis-01,vfs.dev.write.await[sda],0.8062827225130891
2026-05-15T15:35:04+00:00,cnsm-db-redis-01,vfs.dev.write.await[sda],1.2549019607843137
2026-05-15T15:36:04+00:00,cnsm-db-redis-01,vfs.dev.write.await[sda],0.9887640449438202
2026-05-15T15:37:04+00:00,cnsm-db-redis-01,vfs.dev.write.await[sda],0.9368421052631579
2026-05-15T15:38:04+00:00,cnsm-db-redis-01,vfs.dev.write.await[sda],0.6483516483516484
2026-05-15T15:39:04+00:00,cnsm-db-redis-01,vfs.dev.write.await[sda],0.7631578947368421
2026-05-15T15:40:04+00:00,cnsm-db-redis-01,vfs.dev.write.await[sda],0.6861702127659575
2026-05-15T15:41:04+00:00,cnsm-db-redis-01,vfs.dev.write.await[sda],0.7513513513513514
2026-05-15T15:42:04+00:00,cnsm-db-redis-01,vfs.dev.write.await[sda],0.6435643564356436
2026-05-15T15:43:04+00:00,cnsm-db-redis-01,vfs.dev.write.await[sda],0.913793103448276
2026-05-15T15:44:04+00:00,cnsm-db-redis-01,vfs.dev.write.await[sda],0.978021978021978
2026-05-15T15:45:04+00:00,cnsm-db-redis-01,vfs.dev.write.await[sda],0.8237547892720306
2026-05-15T15:46:04+00:00,cnsm-db-redis-01,vfs.dev.write.await[sda],0.9705882352941176
2026-05-15T15:47:04+00:00,cnsm-db-redis-01,vfs.dev.write.await[sda],0.9325842696629215
2026-05-15T15:48:04+00:00,cnsm-db-redis-01,vfs.dev.write.await[sda],0.6417910447761194
2026-05-15T15:49:04+00:00,cnsm-db-redis-01,vfs.dev.write.await[sda],1.577777777777778
2026-05-15T15:50:04+00:00,cnsm-db-redis-01,vfs.dev.write.await[sda],0.7027027027027027
2026-05-15T15:51:04+00:00,cnsm-db-redis-01,vfs.dev.write.await[sda],0.7943925233644861
2026-05-15T15:52:04+00:00,cnsm-db-redis-01,vfs.dev.write.await[sda],0.5585106382978724
2026-05-15T15:53:04+00:00,cnsm-db-redis-01,vfs.dev.write.await[sda],1.0932203389830508
2026-05-15T15:54:04+00:00,cnsm-db-redis-01,vfs.dev.write.await[sda],0.7516778523489934
2026-05-15T15:55:04+00:00,cnsm-db-redis-01,vfs.dev.write.await[sda],0.8951612903225806
2026-05-15T15:56:04+00:00,cnsm-db-redis-01,vfs.dev.write.await[sda],0.6480446927374303
2026-05-15T15:57:04+00:00,cnsm-db-redis-01,vfs.dev.write.await[sda],0.7857142857142856
2026-05-15T15:58:04+00:00,cnsm-db-redis-01,vfs.dev.write.await[sda],0.9705882352941176
2026-05-15T15:59:04+00:00,cnsm-db-redis-01,vfs.dev.write.await[sda],0.6103896103896104
2026-05-15T16:00:04+00:00,cnsm-db-redis-01,vfs.dev.write.await[sda],0.7016574585635359
2026-05-15T16:01:04+00:00,cnsm-db-redis-01,vfs.dev.write.await[sda],2.639455782312925
2026-05-15T16:02:04+00:00,cnsm-db-redis-01,vfs.dev.write.await[sda],0.7391304347826089
2026-05-15T16:03:04+00:00,cnsm-db-redis-01,vfs.dev.write.await[sda],1.1914893617021276
2026-05-15T16:04:04+00:00,cnsm-db-redis-01,vfs.dev.write.await[sda],0.6136363636363636
2026-05-15T16:05:04+00:00,cnsm-db-redis-01,vfs.dev.write.await[sda],0.8311688311688312
2026-05-15T16:06:04+00:00,cnsm-db-redis-01,vfs.dev.write.await[sda],0.9351851851851852
2026-05-15T16:07:04+00:00,cnsm-db-redis-01,vfs.dev.write.await[sda],0.5508021390374331
2026-05-15T16:08:04+00:00,cnsm-db-redis-01,vfs.dev.write.await[sda],0.8169014084507044
2026-05-15T16:09:04+00:00,cnsm-db-redis-01,vfs.dev.write.await[sda],0.7597402597402597
2026-05-15T16:10:04+00:00,cnsm-db-redis-01,vfs.dev.write.await[sda],0.6165413533834585
2026-05-15T16:11:04+00:00,cnsm-db-redis-01,vfs.dev.write.await[sda],0.7155963302752294
2026-05-15T16:12:04+00:00,cnsm-db-redis-01,vfs.dev.write.await[sda],0.7245508982035929
2026-05-15T16:13:04+00:00,cnsm-db-redis-01,vfs.dev.write.await[sda],0.7987421383647799
2026-05-15T16:14:04+00:00,cnsm-db-redis-01,vfs.dev.write.await[sda],0.7588932806324111
2026-05-15T16:15:04+00:00,cnsm-db-redis-01,vfs.dev.write.await[sda],0.64
2026-05-15T16:16:04+00:00,cnsm-db-redis-01,vfs.dev.write.await[sda],0.5714285714285714
2026-05-15T16:17:04+00:00,cnsm-db-redis-01,vfs.dev.write.await[sda],0.9018404907975459
2026-05-15T16:18:04+00:00,cnsm-db-redis-01,vfs.dev.write.await[sda],0.7956204379562043
2026-05-15T16:19:04+00:00,cnsm-db-redis-01,vfs.dev.write.await[sda],0.8113207547169812
2026-05-15T16:20:04+00:00,cnsm-db-redis-01,vfs.dev.write.await[sda],0.6756756756756757
2026-05-15T16:21:04+00:00,cnsm-db-redis-01,vfs.dev.write.await[sda],0.797979797979798
2026-05-15T16:22:04+00:00,cnsm-db-redis-01,vfs.dev.write.await[sda],0.617857142857143
2026-05-15T16:23:04+00:00,cnsm-db-redis-01,vfs.dev.write.await[sda],0.9018404907975461
2026-05-15T16:24:04+00:00,cnsm-db-redis-01,vfs.dev.write.await[sda],0.6532846715328466
2026-05-15T16:25:04+00:00,cnsm-db-redis-01,vfs.dev.write.await[sda],0.6741573033707865
2026-05-15T16:26:04+00:00,cnsm-db-redis-01,vfs.dev.write.await[sda],0.9112426035502958
2026-05-15T16:27:04+00:00,cnsm-db-redis-01,vfs.dev.write.await[sda],0.7179487179487181
2026-05-15T16:28:04+00:00,cnsm-db-redis-01,vfs.dev.write.await[sda],0.728110599078341
2026-05-15T16:29:04+00:00,cnsm-db-redis-01,vfs.dev.write.await[sda],0.6677115987460815
2026-05-15T16:30:04+00:00,cnsm-db-redis-01,vfs.dev.write.await[sda],0.8244680851063828
2026-05-15T16:31:04+00:00,cnsm-db-redis-01,vfs.dev.write.await[sda],0.6392572944297084
2026-05-15T16:32:04+00:00,cnsm-db-redis-01,vfs.dev.write.await[sda],0.888
2026-05-15T16:33:04+00:00,cnsm-db-redis-01,vfs.dev.write.await[sda],0.6638418079096047
2026-05-15T16:34:04+00:00,cnsm-db-redis-01,vfs.dev.write.await[sda],0.8365384615384616
2026-05-15T16:35:04+00:00,cnsm-db-redis-01,vfs.dev.write.await[sda],0.642384105960265
2026-05-15T16:36:04+00:00,cnsm-db-redis-01,vfs.dev.write.await[sda],0.6652360515021459
2026-05-15T16:37:04+00:00,cnsm-db-redis-01,vfs.dev.write.await[sda],0.8028169014084507
2026-05-15T16:38:04+00:00,cnsm-db-redis-01,vfs.dev.write.await[sda],0.9714285714285714
2026-05-15T16:39:04+00:00,cnsm-db-redis-01,vfs.dev.write.await[sda],0.7084548104956269
2026-05-15T16:40:04+00:00,cnsm-db-redis-01,vfs.dev.write.await[sda],0.692556634304207
2026-05-15T16:41:04+00:00,cnsm-db-redis-01,vfs.dev.write.await[sda],0.7801047120418849
2026-05-15T16:42:04+00:00,cnsm-db-redis-01,vfs.dev.write.await[sda],0.6169014084507043
2026-05-15T16:43:04+00:00,cnsm-db-redis-01,vfs.dev.write.await[sda],0.7941176470588235
2026-05-15T16:44:04+00:00,cnsm-db-redis-01,vfs.dev.write.await[sda],0.6409495548961424
2026-05-15T16:45:04+00:00,cnsm-db-redis-01,vfs.dev.write.await[sda],0.8023952095808383
2026-05-15T16:46:04+00:00,cnsm-db-redis-01,vfs.dev.write.await[sda],0.6081081081081081
2026-05-15T16:47:04+00:00,cnsm-db-redis-01,vfs.dev.write.await[sda],0.6518218623481782
2026-05-15T16:48:04+00:00,cnsm-db-redis-01,vfs.dev.write.await[sda],0.9400921658986175
2026-05-15T16:49:04+00:00,cnsm-db-redis-01,vfs.dev.write.await[sda],0.6986301369863014
2026-05-15T16:50:04+00:00,cnsm-db-redis-01,vfs.dev.write.await[sda],0.6976744186046512
2026-05-15T16:51:04+00:00,cnsm-db-redis-01,vfs.dev.write.await[sda],0.6759259259259258
2026-05-15T15:24:05+00:00,cnsm-db-redis-01,vfs.dev.write.time.rate[sda],0.0015500022195773452
2026-05-15T15:25:05+00:00,cnsm-db-redis-01,vfs.dev.write.time.rate[sda],0.002166670650018434
2026-05-15T15:26:05+00:00,cnsm-db-redis-01,vfs.dev.write.time.rate[sda],0.0015499851425140841
2026-05-15T15:27:05+00:00,cnsm-db-redis-01,vfs.dev.write.time.rate[sda],0.0016333439895145226
2026-05-15T15:28:05+00:00,cnsm-db-redis-01,vfs.dev.write.time.rate[sda],0.0009500038126344678
2026-05-15T15:29:05+00:00,cnsm-db-redis-01,vfs.dev.write.time.rate[sda],0.0019500093513023444
2026-05-15T15:30:05+00:00,cnsm-db-redis-01,vfs.dev.write.time.rate[sda],0.0017500058320694361
2026-05-15T15:31:05+00:00,cnsm-db-redis-01,vfs.dev.write.time.rate[sda],0.0010333245512629708
2026-05-15T15:32:05+00:00,cnsm-db-redis-01,vfs.dev.write.time.rate[sda],0.0012999921632572422
2026-05-15T15:33:05+00:00,cnsm-db-redis-01,vfs.dev.write.time.rate[sda],0.002566661458867789
2026-05-15T15:34:05+00:00,cnsm-db-redis-01,vfs.dev.write.time.rate[sda],0.001066684168393828
2026-05-15T15:35:05+00:00,cnsm-db-redis-01,vfs.dev.write.time.rate[sda],0.0014666685230779054
2026-05-15T15:36:05+00:00,cnsm-db-redis-01,vfs.dev.write.time.rate[sda],0.0014833339088916122
2026-05-15T15:37:05+00:00,cnsm-db-redis-01,vfs.dev.write.time.rate[sda],0.001966636998112022
2026-05-15T15:38:05+00:00,cnsm-db-redis-01,vfs.dev.write.time.rate[sda],0.0014500073589323473
2026-05-15T15:39:05+00:00,cnsm-db-redis-01,vfs.dev.write.time.rate[sda],0.0021499956485521404
2026-05-15T15:40:05+00:00,cnsm-db-redis-01,vfs.dev.write.time.rate[sda],0.0023166618524502825
2026-05-15T15:41:05+00:00,cnsm-db-redis-01,vfs.dev.write.time.rate[sda],0.001083337482714504
2026-05-15T15:42:05+00:00,cnsm-db-redis-01,vfs.dev.write.time.rate[sda],0.001766680632895408
2026-05-15T15:43:05+00:00,cnsm-db-redis-01,vfs.dev.write.time.rate[sda],0.001483318188160193
2026-05-15T15:44:05+00:00,cnsm-db-redis-01,vfs.dev.write.time.rate[sda],0.00358330595263561
2026-05-15T15:45:05+00:00,cnsm-db-redis-01,vfs.dev.write.time.rate[sda],0.0011000159128301949
2026-05-15T15:46:05+00:00,cnsm-db-redis-01,vfs.dev.write.time.rate[sda],0.001383308993366051
2026-05-15T15:47:05+00:00,cnsm-db-redis-01,vfs.dev.write.time.rate[sda],0.0021499927090163915
2026-05-15T15:48:05+00:00,cnsm-db-redis-01,vfs.dev.write.time.rate[sda],0.0011833615130760527
2026-05-15T15:49:05+00:00,cnsm-db-redis-01,vfs.dev.write.time.rate[sda],0.0012999410314682913
2026-05-15T15:50:05+00:00,cnsm-db-redis-01,vfs.dev.write.time.rate[sda],0.0014167109034646274
2026-05-15T15:51:05+00:00,cnsm-db-redis-01,vfs.dev.write.time.rate[sda],0.0017500154743368304
2026-05-15T15:52:05+00:00,cnsm-db-redis-01,vfs.dev.write.time.rate[sda],0.0021500105687711196
2026-05-15T15:53:05+00:00,cnsm-db-redis-01,vfs.dev.write.time.rate[sda],0.0018666468210376595
2026-05-15T15:54:05+00:00,cnsm-db-redis-01,vfs.dev.write.time.rate[sda],0.0018500191470506653
2026-05-15T15:55:05+00:00,cnsm-db-redis-01,vfs.dev.write.time.rate[sda],0.0019333113219717174
2026-05-15T15:56:05+00:00,cnsm-db-redis-01,vfs.dev.write.time.rate[sda],0.001283349609628649
2026-05-15T15:57:05+00:00,cnsm-db-redis-01,vfs.dev.write.time.rate[sda],0.0016499718148514644
2026-05-15T15:58:05+00:00,cnsm-db-redis-01,vfs.dev.write.time.rate[sda],0.0007833406686006324
2026-05-15T15:59:05+00:00,cnsm-db-redis-01,vfs.dev.write.time.rate[sda],0.0021166591117458547
2026-05-15T16:00:05+00:00,cnsm-db-redis-01,vfs.dev.write.time.rate[sda],0.006466697512274909
2026-05-15T16:01:05+00:00,cnsm-db-redis-01,vfs.dev.write.time.rate[sda],0.001700012178093905
2026-05-15T16:02:05+00:00,cnsm-db-redis-01,vfs.dev.write.time.rate[sda],0.0009333297016230204
2026-05-15T16:03:05+00:00,cnsm-db-redis-01,vfs.dev.write.time.rate[sda],0.0022499468141822434
2026-05-15T16:04:05+00:00,cnsm-db-redis-01,vfs.dev.write.time.rate[sda],0.0021333746514668956
2026-05-15T16:05:05+00:00,cnsm-db-redis-01,vfs.dev.write.time.rate[sda],0.0016833185852742122
2026-05-15T16:06:05+00:00,cnsm-db-redis-01,vfs.dev.write.time.rate[sda],0.0017166780436928995
2026-05-15T16:07:05+00:00,cnsm-db-redis-01,vfs.dev.write.time.rate[sda],0.0019333178894744808
2026-05-15T16:08:05+00:00,cnsm-db-redis-01,vfs.dev.write.time.rate[sda],0.0019499961299401806
2026-05-15T16:09:05+00:00,cnsm-db-redis-01,vfs.dev.write.time.rate[sda],0.001366675147227624
2026-05-15T16:10:05+00:00,cnsm-db-redis-01,vfs.dev.write.time.rate[sda],0.002600035143678357
2026-05-15T16:11:05+00:00,cnsm-db-redis-01,vfs.dev.write.time.rate[sda],0.0020166590611731274
2026-05-15T16:12:05+00:00,cnsm-db-redis-01,vfs.dev.write.time.rate[sda],0.002116658936134345
2026-05-15T16:13:05+00:00,cnsm-db-redis-01,vfs.dev.write.time.rate[sda],0.003200025574711061
2026-05-15T16:14:05+00:00,cnsm-db-redis-01,vfs.dev.write.time.rate[sda],0.002666634134930206
2026-05-15T16:15:05+00:00,cnsm-db-redis-01,vfs.dev.write.time.rate[sda],0.002066693916680411
2026-05-15T16:16:05+00:00,cnsm-db-redis-01,vfs.dev.write.time.rate[sda],0.002449984353011597
2026-05-15T16:17:05+00:00,cnsm-db-redis-01,vfs.dev.write.time.rate[sda],0.0018166397268986687
2026-05-15T16:18:05+00:00,cnsm-db-redis-01,vfs.dev.write.time.rate[sda],0.002150029253011346
2026-05-15T16:19:05+00:00,cnsm-db-redis-01,vfs.dev.write.time.rate[sda],0.002499989300962455
2026-05-15T16:20:05+00:00,cnsm-db-redis-01,vfs.dev.write.time.rate[sda],0.0013166711706915184
2026-05-15T16:21:05+00:00,cnsm-db-redis-01,vfs.dev.write.time.rate[sda],0.002883354508448564
2026-05-15T16:22:05+00:00,cnsm-db-redis-01,vfs.dev.write.time.rate[sda],0.002449972078770706
2026-05-15T16:23:05+00:00,cnsm-db-redis-01,vfs.dev.write.time.rate[sda],0.0029833639196255235
2026-05-15T16:24:05+00:00,cnsm-db-redis-01,vfs.dev.write.time.rate[sda],0.0030000007877502067
2026-05-15T16:25:05+00:00,cnsm-db-redis-01,vfs.dev.write.time.rate[sda],0.0025665802835307216
2026-05-15T16:26:05+00:00,cnsm-db-redis-01,vfs.dev.write.time.rate[sda],0.002800070739680468
2026-05-15T16:27:05+00:00,cnsm-db-redis-01,vfs.dev.write.time.rate[sda],0.002633285907020274
2026-05-15T16:28:05+00:00,cnsm-db-redis-01,vfs.dev.write.time.rate[sda],0.003550011404589138
2026-05-15T16:29:05+00:00,cnsm-db-redis-01,vfs.dev.write.time.rate[sda],0.0025833668186757003
2026-05-15T16:30:05+00:00,cnsm-db-redis-01,vfs.dev.write.time.rate[sda],0.004016714203742871
2026-05-15T16:31:05+00:00,cnsm-db-redis-01,vfs.dev.write.time.rate[sda],0.0018499861885272794
2026-05-15T16:32:05+00:00,cnsm-db-redis-01,vfs.dev.write.time.rate[sda],0.003916677294048281
2026-05-15T16:33:05+00:00,cnsm-db-redis-01,vfs.dev.write.time.rate[sda],0.002900001154828793
2026-05-15T16:34:05+00:00,cnsm-db-redis-01,vfs.dev.write.time.rate[sda],0.003233337823577347
2026-05-15T16:35:05+00:00,cnsm-db-redis-01,vfs.dev.write.time.rate[sda],0.0025832978132897854
2026-05-15T16:36:05+00:00,cnsm-db-redis-01,vfs.dev.write.time.rate[sda],0.0018999997256400397
2026-05-15T16:37:05+00:00,cnsm-db-redis-01,vfs.dev.write.time.rate[sda],0.0028333360867693427
2026-05-15T16:38:05+00:00,cnsm-db-redis-01,vfs.dev.write.time.rate[sda],0.004050015140711603
2026-05-15T16:39:05+00:00,cnsm-db-redis-01,vfs.dev.write.time.rate[sda],0.0035666768897731913
2026-05-15T16:40:05+00:00,cnsm-db-redis-01,vfs.dev.write.time.rate[sda],0.002483333537587517
2026-05-15T16:41:05+00:00,cnsm-db-redis-01,vfs.dev.write.time.rate[sda],0.003650003537765929
2026-05-15T16:42:05+00:00,cnsm-db-redis-01,vfs.dev.write.time.rate[sda],0.0017999919464460334
2026-05-15T16:43:05+00:00,cnsm-db-redis-01,vfs.dev.write.time.rate[sda],0.0036000252745174437
2026-05-15T16:44:05+00:00,cnsm-db-redis-01,vfs.dev.write.time.rate[sda],0.002233308307327103
2026-05-15T16:45:05+00:00,cnsm-db-redis-01,vfs.dev.write.time.rate[sda],0.003000051129571396
2026-05-15T16:46:05+00:00,cnsm-db-redis-01,vfs.dev.write.time.rate[sda],0.002683329369071968
2026-05-15T16:47:05+00:00,cnsm-db-redis-01,vfs.dev.write.time.rate[sda],0.003399999419676766
2026-05-15T16:48:05+00:00,cnsm-db-redis-01,vfs.dev.write.time.rate[sda],0.0025499839544809648
2026-05-15T16:49:05+00:00,cnsm-db-redis-01,vfs.dev.write.time.rate[sda],0.0030000133721596045
2026-05-15T16:50:05+00:00,cnsm-db-redis-01,vfs.dev.write.time.rate[sda],0.002433331578252377
2026-05-15T16:51:05+00:00,cnsm-db-redis-01,vfs.dev.write.time.rate[sda],0.0028999680010280845
2026-05-15T15:24:04+00:00,cnsm-db-redis-01,vm.memory.size[total],12243693568
2026-05-15T15:25:04+00:00,cnsm-db-redis-01,vm.memory.size[total],12243693568
2026-05-15T15:26:04+00:00,cnsm-db-redis-01,vm.memory.size[total],12243693568
2026-05-15T15:27:04+00:00,cnsm-db-redis-01,vm.memory.size[total],12243693568
2026-05-15T15:28:04+00:00,cnsm-db-redis-01,vm.memory.size[total],12243693568
2026-05-15T15:29:04+00:00,cnsm-db-redis-01,vm.memory.size[total],12243693568
2026-05-15T15:30:04+00:00,cnsm-db-redis-01,vm.memory.size[total],12243693568
2026-05-15T15:31:04+00:00,cnsm-db-redis-01,vm.memory.size[total],12243693568
2026-05-15T15:32:04+00:00,cnsm-db-redis-01,vm.memory.size[total],12243693568
2026-05-15T15:33:04+00:00,cnsm-db-redis-01,vm.memory.size[total],12243693568
2026-05-15T15:34:04+00:00,cnsm-db-redis-01,vm.memory.size[total],12243693568
2026-05-15T15:35:04+00:00,cnsm-db-redis-01,vm.memory.size[total],12243693568
2026-05-15T15:36:04+00:00,cnsm-db-redis-01,vm.memory.size[total],12243693568
2026-05-15T15:37:04+00:00,cnsm-db-redis-01,vm.memory.size[total],12243693568
2026-05-15T15:38:04+00:00,cnsm-db-redis-01,vm.memory.size[total],12243693568
2026-05-15T15:39:04+00:00,cnsm-db-redis-01,vm.memory.size[total],12243693568
2026-05-15T15:40:04+00:00,cnsm-db-redis-01,vm.memory.size[total],12243693568
2026-05-15T15:41:04+00:00,cnsm-db-redis-01,vm.memory.size[total],12243693568
2026-05-15T15:42:04+00:00,cnsm-db-redis-01,vm.memory.size[total],12243693568
2026-05-15T15:43:04+00:00,cnsm-db-redis-01,vm.memory.size[total],12243693568
2026-05-15T15:44:04+00:00,cnsm-db-redis-01,vm.memory.size[total],12243693568
2026-05-15T15:45:04+00:00,cnsm-db-redis-01,vm.memory.size[total],12243693568
2026-05-15T15:46:04+00:00,cnsm-db-redis-01,vm.memory.size[total],12243693568
2026-05-15T15:47:04+00:00,cnsm-db-redis-01,vm.memory.size[total],12243693568
2026-05-15T15:48:04+00:00,cnsm-db-redis-01,vm.memory.size[total],12243693568
2026-05-15T15:49:04+00:00,cnsm-db-redis-01,vm.memory.size[total],12243693568
2026-05-15T15:50:04+00:00,cnsm-db-redis-01,vm.memory.size[total],12243693568
2026-05-15T15:51:04+00:00,cnsm-db-redis-01,vm.memory.size[total],12243693568
2026-05-15T15:52:04+00:00,cnsm-db-redis-01,vm.memory.size[total],12243693568
2026-05-15T15:53:04+00:00,cnsm-db-redis-01,vm.memory.size[total],12243693568
2026-05-15T15:54:04+00:00,cnsm-db-redis-01,vm.memory.size[total],12243693568
2026-05-15T15:55:04+00:00,cnsm-db-redis-01,vm.memory.size[total],12243693568
2026-05-15T15:56:04+00:00,cnsm-db-redis-01,vm.memory.size[total],12243693568
2026-05-15T15:57:04+00:00,cnsm-db-redis-01,vm.memory.size[total],12243693568
2026-05-15T15:58:04+00:00,cnsm-db-redis-01,vm.memory.size[total],12243693568
2026-05-15T15:59:04+00:00,cnsm-db-redis-01,vm.memory.size[total],12243693568
2026-05-15T16:00:04+00:00,cnsm-db-redis-01,vm.memory.size[total],12243693568
2026-05-15T16:01:04+00:00,cnsm-db-redis-01,vm.memory.size[total],12243693568
2026-05-15T16:02:04+00:00,cnsm-db-redis-01,vm.memory.size[total],12243693568
2026-05-15T16:03:04+00:00,cnsm-db-redis-01,vm.memory.size[total],12243693568
2026-05-15T16:04:04+00:00,cnsm-db-redis-01,vm.memory.size[total],12243693568
2026-05-15T16:05:04+00:00,cnsm-db-redis-01,vm.memory.size[total],12243693568
2026-05-15T16:06:04+00:00,cnsm-db-redis-01,vm.memory.size[total],12243693568
2026-05-15T16:07:04+00:00,cnsm-db-redis-01,vm.memory.size[total],12243693568
2026-05-15T16:08:04+00:00,cnsm-db-redis-01,vm.memory.size[total],12243693568
2026-05-15T16:09:04+00:00,cnsm-db-redis-01,vm.memory.size[total],12243693568
2026-05-15T16:10:04+00:00,cnsm-db-redis-01,vm.memory.size[total],12243693568
2026-05-15T16:11:04+00:00,cnsm-db-redis-01,vm.memory.size[total],12243693568
2026-05-15T16:12:04+00:00,cnsm-db-redis-01,vm.memory.size[total],12243693568
2026-05-15T16:13:04+00:00,cnsm-db-redis-01,vm.memory.size[total],12243693568
2026-05-15T16:14:04+00:00,cnsm-db-redis-01,vm.memory.size[total],12243693568
2026-05-15T16:15:04+00:00,cnsm-db-redis-01,vm.memory.size[total],12243693568
2026-05-15T16:16:04+00:00,cnsm-db-redis-01,vm.memory.size[total],12243693568
2026-05-15T16:17:04+00:00,cnsm-db-redis-01,vm.memory.size[total],12243693568
2026-05-15T16:18:04+00:00,cnsm-db-redis-01,vm.memory.size[total],12243693568
2026-05-15T16:19:04+00:00,cnsm-db-redis-01,vm.memory.size[total],12243693568
2026-05-15T16:20:04+00:00,cnsm-db-redis-01,vm.memory.size[total],12243693568
2026-05-15T16:21:04+00:00,cnsm-db-redis-01,vm.memory.size[total],12243693568
2026-05-15T16:22:04+00:00,cnsm-db-redis-01,vm.memory.size[total],12243693568
2026-05-15T16:23:04+00:00,cnsm-db-redis-01,vm.memory.size[total],12243693568
2026-05-15T16:24:04+00:00,cnsm-db-redis-01,vm.memory.size[total],12243693568
2026-05-15T16:25:04+00:00,cnsm-db-redis-01,vm.memory.size[total],12243693568
2026-05-15T16:26:04+00:00,cnsm-db-redis-01,vm.memory.size[total],12243693568
2026-05-15T16:27:04+00:00,cnsm-db-redis-01,vm.memory.size[total],12243693568
2026-05-15T16:28:04+00:00,cnsm-db-redis-01,vm.memory.size[total],12243693568
2026-05-15T16:29:04+00:00,cnsm-db-redis-01,vm.memory.size[total],12243693568
2026-05-15T16:30:04+00:00,cnsm-db-redis-01,vm.memory.size[total],12243693568
2026-05-15T16:31:04+00:00,cnsm-db-redis-01,vm.memory.size[total],12243693568
2026-05-15T16:32:04+00:00,cnsm-db-redis-01,vm.memory.size[total],12243693568
2026-05-15T16:33:04+00:00,cnsm-db-redis-01,vm.memory.size[total],12243693568
2026-05-15T16:34:04+00:00,cnsm-db-redis-01,vm.memory.size[total],12243693568
2026-05-15T16:35:04+00:00,cnsm-db-redis-01,vm.memory.size[total],12243693568
2026-05-15T16:36:04+00:00,cnsm-db-redis-01,vm.memory.size[total],12243693568
2026-05-15T16:37:04+00:00,cnsm-db-redis-01,vm.memory.size[total],12243693568
2026-05-15T16:38:04+00:00,cnsm-db-redis-01,vm.memory.size[total],12243693568
2026-05-15T16:39:04+00:00,cnsm-db-redis-01,vm.memory.size[total],12243693568
2026-05-15T16:40:04+00:00,cnsm-db-redis-01,vm.memory.size[total],12243693568
2026-05-15T16:41:04+00:00,cnsm-db-redis-01,vm.memory.size[total],12243693568
2026-05-15T16:42:04+00:00,cnsm-db-redis-01,vm.memory.size[total],12243693568
2026-05-15T16:43:04+00:00,cnsm-db-redis-01,vm.memory.size[total],12243693568
2026-05-15T16:44:04+00:00,cnsm-db-redis-01,vm.memory.size[total],12243693568
2026-05-15T16:45:04+00:00,cnsm-db-redis-01,vm.memory.size[total],12243693568
2026-05-15T16:46:04+00:00,cnsm-db-redis-01,vm.memory.size[total],12243693568
2026-05-15T16:47:04+00:00,cnsm-db-redis-01,vm.memory.size[total],12243693568
2026-05-15T16:48:04+00:00,cnsm-db-redis-01,vm.memory.size[total],12243693568
2026-05-15T16:49:04+00:00,cnsm-db-redis-01,vm.memory.size[total],12243693568
2026-05-15T16:50:04+00:00,cnsm-db-redis-01,vm.memory.size[total],12243693568
2026-05-15T16:51:04+00:00,cnsm-db-redis-01,vm.memory.size[total],12243693568
