timestamp_utc,host,item_key,value
2026-05-16T13:26:04+00:00,cnsm-io-01,vm.memory.size[available],23895482368
2026-05-16T13:27:04+00:00,cnsm-io-01,vm.memory.size[available],23893610496
2026-05-16T13:28:04+00:00,cnsm-io-01,vm.memory.size[available],23902437376
2026-05-16T13:29:04+00:00,cnsm-io-01,vm.memory.size[available],23902519296
2026-05-16T13:30:04+00:00,cnsm-io-01,vm.memory.size[available],23911600128
2026-05-16T13:31:04+00:00,cnsm-io-01,vm.memory.size[available],23902052352
2026-05-16T13:32:04+00:00,cnsm-io-01,vm.memory.size[available],23890898944
2026-05-16T13:33:04+00:00,cnsm-io-01,vm.memory.size[available],23899164672
2026-05-16T13:34:04+00:00,cnsm-io-01,vm.memory.size[available],23892418560
2026-05-16T13:35:04+00:00,cnsm-io-01,vm.memory.size[available],23898918912
2026-05-16T13:36:04+00:00,cnsm-io-01,vm.memory.size[available],23902281728
2026-05-16T13:37:04+00:00,cnsm-io-01,vm.memory.size[available],23892484096
2026-05-16T13:38:04+00:00,cnsm-io-01,vm.memory.size[available],23892615168
2026-05-16T13:39:04+00:00,cnsm-io-01,vm.memory.size[available],23898963968
2026-05-16T13:40:04+00:00,cnsm-io-01,vm.memory.size[available],23908913152
2026-05-16T13:41:04+00:00,cnsm-io-01,vm.memory.size[available],23900667904
2026-05-16T13:42:04+00:00,cnsm-io-01,vm.memory.size[available],23916486656
2026-05-16T13:43:04+00:00,cnsm-io-01,vm.memory.size[available],23918198784
2026-05-16T13:44:04+00:00,cnsm-io-01,vm.memory.size[available],23907516416
2026-05-16T13:45:04+00:00,cnsm-io-01,vm.memory.size[available],23913218048
2026-05-16T13:46:04+00:00,cnsm-io-01,vm.memory.size[available],23909748736
2026-05-16T13:47:04+00:00,cnsm-io-01,vm.memory.size[available],23910047744
2026-05-16T13:48:04+00:00,cnsm-io-01,vm.memory.size[available],23900667904
2026-05-16T13:49:04+00:00,cnsm-io-01,vm.memory.size[available],23898558464
2026-05-16T13:50:04+00:00,cnsm-io-01,vm.memory.size[available],23895785472
2026-05-16T13:51:04+00:00,cnsm-io-01,vm.memory.size[available],23892865024
2026-05-16T13:52:04+00:00,cnsm-io-01,vm.memory.size[available],23897378816
2026-05-16T13:53:04+00:00,cnsm-io-01,vm.memory.size[available],23896649728
2026-05-16T13:54:04+00:00,cnsm-io-01,vm.memory.size[available],23894298624
2026-05-16T13:55:04+00:00,cnsm-io-01,vm.memory.size[available],23906000896
2026-05-16T13:56:04+00:00,cnsm-io-01,vm.memory.size[available],23873986560
2026-05-16T13:57:04+00:00,cnsm-io-01,vm.memory.size[available],23875248128
2026-05-16T13:58:04+00:00,cnsm-io-01,vm.memory.size[available],23871512576
2026-05-16T13:59:04+00:00,cnsm-io-01,vm.memory.size[available],23873814528
2026-05-16T14:00:04+00:00,cnsm-io-01,vm.memory.size[available],23862632448
2026-05-16T14:01:04+00:00,cnsm-io-01,vm.memory.size[available],23869345792
2026-05-16T14:02:04+00:00,cnsm-io-01,vm.memory.size[available],23863058432
2026-05-16T14:03:04+00:00,cnsm-io-01,vm.memory.size[available],23864713216
2026-05-16T14:04:04+00:00,cnsm-io-01,vm.memory.size[available],23872684032
2026-05-16T14:05:04+00:00,cnsm-io-01,vm.memory.size[available],23860293632
2026-05-16T14:06:04+00:00,cnsm-io-01,vm.memory.size[available],23890419712
2026-05-16T14:07:04+00:00,cnsm-io-01,vm.memory.size[available],23904706560
2026-05-16T14:08:04+00:00,cnsm-io-01,vm.memory.size[available],23906365440
2026-05-16T14:09:04+00:00,cnsm-io-01,vm.memory.size[available],23906484224
2026-05-16T14:10:04+00:00,cnsm-io-01,vm.memory.size[available],23901638656
2026-05-16T14:11:04+00:00,cnsm-io-01,vm.memory.size[available],23887118336
2026-05-16T14:12:04+00:00,cnsm-io-01,vm.memory.size[available],23910785024
2026-05-16T14:13:04+00:00,cnsm-io-01,vm.memory.size[available],23914717184
2026-05-16T14:14:04+00:00,cnsm-io-01,vm.memory.size[available],23892611072
2026-05-16T14:15:04+00:00,cnsm-io-01,vm.memory.size[available],23910469632
2026-05-16T14:16:04+00:00,cnsm-io-01,vm.memory.size[available],23902642176
2026-05-16T14:17:04+00:00,cnsm-io-01,vm.memory.size[available],23905796096
2026-05-16T14:18:04+00:00,cnsm-io-01,vm.memory.size[available],23906643968
2026-05-16T14:19:04+00:00,cnsm-io-01,vm.memory.size[available],23901749248
2026-05-16T14:20:04+00:00,cnsm-io-01,vm.memory.size[available],23893037056
2026-05-16T14:21:04+00:00,cnsm-io-01,vm.memory.size[available],23899484160
2026-05-16T14:22:04+00:00,cnsm-io-01,vm.memory.size[available],23895769088
2026-05-16T14:23:04+00:00,cnsm-io-01,vm.memory.size[available],23890288640
2026-05-16T14:24:04+00:00,cnsm-io-01,vm.memory.size[available],23891935232
2026-05-16T14:25:04+00:00,cnsm-io-01,vm.memory.size[available],23896842240
2026-05-16T14:26:04+00:00,cnsm-io-01,vm.memory.size[available],23903617024
2026-05-16T14:27:04+00:00,cnsm-io-01,vm.memory.size[available],23894573056
2026-05-16T14:28:04+00:00,cnsm-io-01,vm.memory.size[available],23889170432
2026-05-16T14:29:04+00:00,cnsm-io-01,vm.memory.size[available],23897448448
2026-05-16T14:30:04+00:00,cnsm-io-01,vm.memory.size[available],23898419200
2026-05-16T14:31:04+00:00,cnsm-io-01,vm.memory.size[available],23907028992
2026-05-16T14:32:04+00:00,cnsm-io-01,vm.memory.size[available],23896997888
2026-05-16T14:33:04+00:00,cnsm-io-01,vm.memory.size[available],23913304064
2026-05-16T14:34:04+00:00,cnsm-io-01,vm.memory.size[available],23904460800
2026-05-16T14:35:04+00:00,cnsm-io-01,vm.memory.size[available],23894953984
2026-05-16T13:26:05+00:00,cnsm-io-01,vm.memory.size[pavailable],97.122109
2026-05-16T13:27:05+00:00,cnsm-io-01,vm.memory.size[pavailable],97.119295
2026-05-16T13:28:05+00:00,cnsm-io-01,vm.memory.size[pavailable],97.150377
2026-05-16T13:29:05+00:00,cnsm-io-01,vm.memory.size[pavailable],97.15071
2026-05-16T13:30:05+00:00,cnsm-io-01,vm.memory.size[pavailable],97.187619
2026-05-16T13:31:05+00:00,cnsm-io-01,vm.memory.size[pavailable],97.148812
2026-05-16T13:32:05+00:00,cnsm-io-01,vm.memory.size[pavailable],97.10348
2026-05-16T13:33:05+00:00,cnsm-io-01,vm.memory.size[pavailable],97.137076
2026-05-16T13:34:05+00:00,cnsm-io-01,vm.memory.size[pavailable],97.119345
2026-05-16T13:35:05+00:00,cnsm-io-01,vm.memory.size[pavailable],97.136077
2026-05-16T13:36:05+00:00,cnsm-io-01,vm.memory.size[pavailable],97.149745
2026-05-16T13:37:05+00:00,cnsm-io-01,vm.memory.size[pavailable],97.156737
2026-05-16T13:38:05+00:00,cnsm-io-01,vm.memory.size[pavailable],97.110455
2026-05-16T13:39:05+00:00,cnsm-io-01,vm.memory.size[pavailable],97.13626
2026-05-16T13:40:05+00:00,cnsm-io-01,vm.memory.size[pavailable],97.176698
2026-05-16T13:41:05+00:00,cnsm-io-01,vm.memory.size[pavailable],97.147364
2026-05-16T13:42:05+00:00,cnsm-io-01,vm.memory.size[pavailable],97.20748
2026-05-16T13:43:05+00:00,cnsm-io-01,vm.memory.size[pavailable],97.214439
2026-05-16T13:44:05+00:00,cnsm-io-01,vm.memory.size[pavailable],97.171021
2026-05-16T13:45:05+00:00,cnsm-io-01,vm.memory.size[pavailable],97.194195
2026-05-16T13:46:05+00:00,cnsm-io-01,vm.memory.size[pavailable],97.182192
2026-05-16T13:47:05+00:00,cnsm-io-01,vm.memory.size[pavailable],97.181309
2026-05-16T13:48:05+00:00,cnsm-io-01,vm.memory.size[pavailable],97.143185
2026-05-16T13:49:05+00:00,cnsm-io-01,vm.memory.size[pavailable],97.134612
2026-05-16T13:50:05+00:00,cnsm-io-01,vm.memory.size[pavailable],97.123341
2026-05-16T13:51:05+00:00,cnsm-io-01,vm.memory.size[pavailable],97.111471
2026-05-16T13:52:05+00:00,cnsm-io-01,vm.memory.size[pavailable],97.129817
2026-05-16T13:53:05+00:00,cnsm-io-01,vm.memory.size[pavailable],97.126854
2026-05-16T13:54:05+00:00,cnsm-io-01,vm.memory.size[pavailable],97.117298
2026-05-16T13:55:05+00:00,cnsm-io-01,vm.memory.size[pavailable],97.164861
2026-05-16T13:56:05+00:00,cnsm-io-01,vm.memory.size[pavailable],97.03474
2026-05-16T13:57:05+00:00,cnsm-io-01,vm.memory.size[pavailable],97.039868
2026-05-16T13:58:05+00:00,cnsm-io-01,vm.memory.size[pavailable],97.024685
2026-05-16T13:59:05+00:00,cnsm-io-01,vm.memory.size[pavailable],97.034041
2026-05-16T14:00:05+00:00,cnsm-io-01,vm.memory.size[pavailable],96.992221
2026-05-16T14:01:05+00:00,cnsm-io-01,vm.memory.size[pavailable],97.015878
2026-05-16T14:02:05+00:00,cnsm-io-01,vm.memory.size[pavailable],96.991372
2026-05-16T14:03:05+00:00,cnsm-io-01,vm.memory.size[pavailable],96.997049
2026-05-16T14:04:05+00:00,cnsm-io-01,vm.memory.size[pavailable],97.029446
2026-05-16T14:05:05+00:00,cnsm-io-01,vm.memory.size[pavailable],96.978037
2026-05-16T14:06:05+00:00,cnsm-io-01,vm.memory.size[pavailable],97.101532
2026-05-16T14:07:05+00:00,cnsm-io-01,vm.memory.size[pavailable],97.161032
2026-05-16T14:08:05+00:00,cnsm-io-01,vm.memory.size[pavailable],97.166343
2026-05-16T14:09:05+00:00,cnsm-io-01,vm.memory.size[pavailable],97.168474
2026-05-16T14:10:05+00:00,cnsm-io-01,vm.memory.size[pavailable],97.147131
2026-05-16T14:11:05+00:00,cnsm-io-01,vm.memory.size[pavailable],97.088114
2026-05-16T14:12:05+00:00,cnsm-io-01,vm.memory.size[pavailable],97.184306
2026-05-16T14:13:05+00:00,cnsm-io-01,vm.memory.size[pavailable],97.13631
2026-05-16T14:14:05+00:00,cnsm-io-01,vm.memory.size[pavailable],97.110439
2026-05-16T14:15:05+00:00,cnsm-io-01,vm.memory.size[pavailable],97.183024
2026-05-16T14:16:05+00:00,cnsm-io-01,vm.memory.size[pavailable],97.15121
2026-05-16T14:17:05+00:00,cnsm-io-01,vm.memory.size[pavailable],97.16298
2026-05-16T14:18:05+00:00,cnsm-io-01,vm.memory.size[pavailable],97.167475
2026-05-16T14:19:05+00:00,cnsm-io-01,vm.memory.size[pavailable],97.14758
2026-05-16T14:20:05+00:00,cnsm-io-01,vm.memory.size[pavailable],97.11217
2026-05-16T14:21:05+00:00,cnsm-io-01,vm.memory.size[pavailable],97.138957
2026-05-16T14:22:05+00:00,cnsm-io-01,vm.memory.size[pavailable],97.123274
2026-05-16T14:23:05+00:00,cnsm-io-01,vm.memory.size[pavailable],97.100999
2026-05-16T14:24:05+00:00,cnsm-io-01,vm.memory.size[pavailable],97.110838
2026-05-16T14:25:05+00:00,cnsm-io-01,vm.memory.size[pavailable],97.127636
2026-05-16T14:26:05+00:00,cnsm-io-01,vm.memory.size[pavailable],97.155172
2026-05-16T14:27:05+00:00,cnsm-io-01,vm.memory.size[pavailable],97.118413
2026-05-16T14:28:05+00:00,cnsm-io-01,vm.memory.size[pavailable],97.096454
2026-05-16T14:29:05+00:00,cnsm-io-01,vm.memory.size[pavailable],97.1301
2026-05-16T14:30:05+00:00,cnsm-io-01,vm.memory.size[pavailable],97.135094
2026-05-16T14:31:05+00:00,cnsm-io-01,vm.memory.size[pavailable],97.16904
2026-05-16T14:32:05+00:00,cnsm-io-01,vm.memory.size[pavailable],97.131415
2026-05-16T14:33:05+00:00,cnsm-io-01,vm.memory.size[pavailable],97.194544
2026-05-16T14:34:05+00:00,cnsm-io-01,vm.memory.size[pavailable],97.158601
2026-05-16T14:35:05+00:00,cnsm-io-01,vm.memory.size[pavailable],97.119961
2026-05-16T13:26:01+00:00,cnsm-io-01,cnsm.fault.active,0
2026-05-16T13:26:16+00:00,cnsm-io-01,cnsm.fault.active,0
2026-05-16T13:26:31+00:00,cnsm-io-01,cnsm.fault.active,0
2026-05-16T13:26:46+00:00,cnsm-io-01,cnsm.fault.active,0
2026-05-16T13:27:01+00:00,cnsm-io-01,cnsm.fault.active,0
2026-05-16T13:27:16+00:00,cnsm-io-01,cnsm.fault.active,0
2026-05-16T13:27:31+00:00,cnsm-io-01,cnsm.fault.active,0
2026-05-16T13:27:46+00:00,cnsm-io-01,cnsm.fault.active,0
2026-05-16T13:28:01+00:00,cnsm-io-01,cnsm.fault.active,0
2026-05-16T13:28:16+00:00,cnsm-io-01,cnsm.fault.active,0
2026-05-16T13:28:31+00:00,cnsm-io-01,cnsm.fault.active,0
2026-05-16T13:28:46+00:00,cnsm-io-01,cnsm.fault.active,0
2026-05-16T13:29:01+00:00,cnsm-io-01,cnsm.fault.active,0
2026-05-16T13:29:16+00:00,cnsm-io-01,cnsm.fault.active,0
2026-05-16T13:29:31+00:00,cnsm-io-01,cnsm.fault.active,0
2026-05-16T13:29:46+00:00,cnsm-io-01,cnsm.fault.active,0
2026-05-16T13:30:01+00:00,cnsm-io-01,cnsm.fault.active,0
2026-05-16T13:30:16+00:00,cnsm-io-01,cnsm.fault.active,0
2026-05-16T13:30:31+00:00,cnsm-io-01,cnsm.fault.active,0
2026-05-16T13:31:09+00:00,cnsm-io-01,cnsm.fault.active,0
2026-05-16T13:31:16+00:00,cnsm-io-01,cnsm.fault.active,0
2026-05-16T13:31:31+00:00,cnsm-io-01,cnsm.fault.active,0
2026-05-16T13:31:46+00:00,cnsm-io-01,cnsm.fault.active,0
2026-05-16T13:32:01+00:00,cnsm-io-01,cnsm.fault.active,0
2026-05-16T13:32:16+00:00,cnsm-io-01,cnsm.fault.active,0
2026-05-16T13:32:31+00:00,cnsm-io-01,cnsm.fault.active,0
2026-05-16T13:32:46+00:00,cnsm-io-01,cnsm.fault.active,0
2026-05-16T13:33:01+00:00,cnsm-io-01,cnsm.fault.active,0
2026-05-16T13:33:16+00:00,cnsm-io-01,cnsm.fault.active,0
2026-05-16T13:33:31+00:00,cnsm-io-01,cnsm.fault.active,0
2026-05-16T13:33:46+00:00,cnsm-io-01,cnsm.fault.active,0
2026-05-16T13:34:01+00:00,cnsm-io-01,cnsm.fault.active,0
2026-05-16T13:34:16+00:00,cnsm-io-01,cnsm.fault.active,0
2026-05-16T13:34:31+00:00,cnsm-io-01,cnsm.fault.active,0
2026-05-16T13:34:46+00:00,cnsm-io-01,cnsm.fault.active,0
2026-05-16T13:35:01+00:00,cnsm-io-01,cnsm.fault.active,0
2026-05-16T13:35:16+00:00,cnsm-io-01,cnsm.fault.active,0
2026-05-16T13:35:31+00:00,cnsm-io-01,cnsm.fault.active,0
2026-05-16T13:35:46+00:00,cnsm-io-01,cnsm.fault.active,0
2026-05-16T13:36:01+00:00,cnsm-io-01,cnsm.fault.active,0
2026-05-16T13:36:16+00:00,cnsm-io-01,cnsm.fault.active,0
2026-05-16T13:36:31+00:00,cnsm-io-01,cnsm.fault.active,0
2026-05-16T13:36:46+00:00,cnsm-io-01,cnsm.fault.active,0
2026-05-16T13:37:01+00:00,cnsm-io-01,cnsm.fault.active,0
2026-05-16T13:37:16+00:00,cnsm-io-01,cnsm.fault.active,0
2026-05-16T13:37:31+00:00,cnsm-io-01,cnsm.fault.active,0
2026-05-16T13:37:46+00:00,cnsm-io-01,cnsm.fault.active,0
2026-05-16T13:38:01+00:00,cnsm-io-01,cnsm.fault.active,0
2026-05-16T13:38:16+00:00,cnsm-io-01,cnsm.fault.active,0
2026-05-16T13:38:31+00:00,cnsm-io-01,cnsm.fault.active,0
2026-05-16T13:38:46+00:00,cnsm-io-01,cnsm.fault.active,0
2026-05-16T13:39:01+00:00,cnsm-io-01,cnsm.fault.active,0
2026-05-16T13:39:16+00:00,cnsm-io-01,cnsm.fault.active,0
2026-05-16T13:39:31+00:00,cnsm-io-01,cnsm.fault.active,0
2026-05-16T13:39:46+00:00,cnsm-io-01,cnsm.fault.active,0
2026-05-16T13:40:01+00:00,cnsm-io-01,cnsm.fault.active,0
2026-05-16T13:40:16+00:00,cnsm-io-01,cnsm.fault.active,0
2026-05-16T13:40:31+00:00,cnsm-io-01,cnsm.fault.active,0
2026-05-16T13:40:46+00:00,cnsm-io-01,cnsm.fault.active,0
2026-05-16T13:41:01+00:00,cnsm-io-01,cnsm.fault.active,0
2026-05-16T13:41:16+00:00,cnsm-io-01,cnsm.fault.active,0
2026-05-16T13:41:31+00:00,cnsm-io-01,cnsm.fault.active,0
2026-05-16T13:41:46+00:00,cnsm-io-01,cnsm.fault.active,0
2026-05-16T13:42:01+00:00,cnsm-io-01,cnsm.fault.active,0
2026-05-16T13:42:16+00:00,cnsm-io-01,cnsm.fault.active,0
2026-05-16T13:42:31+00:00,cnsm-io-01,cnsm.fault.active,0
2026-05-16T13:42:46+00:00,cnsm-io-01,cnsm.fault.active,0
2026-05-16T13:43:01+00:00,cnsm-io-01,cnsm.fault.active,0
2026-05-16T13:43:16+00:00,cnsm-io-01,cnsm.fault.active,0
2026-05-16T13:43:31+00:00,cnsm-io-01,cnsm.fault.active,0
2026-05-16T13:43:46+00:00,cnsm-io-01,cnsm.fault.active,0
2026-05-16T13:44:01+00:00,cnsm-io-01,cnsm.fault.active,0
2026-05-16T13:44:16+00:00,cnsm-io-01,cnsm.fault.active,0
2026-05-16T13:44:31+00:00,cnsm-io-01,cnsm.fault.active,0
2026-05-16T13:44:46+00:00,cnsm-io-01,cnsm.fault.active,0
2026-05-16T13:45:01+00:00,cnsm-io-01,cnsm.fault.active,0
2026-05-16T13:45:16+00:00,cnsm-io-01,cnsm.fault.active,0
2026-05-16T13:45:31+00:00,cnsm-io-01,cnsm.fault.active,0
2026-05-16T13:45:46+00:00,cnsm-io-01,cnsm.fault.active,0
2026-05-16T13:46:01+00:00,cnsm-io-01,cnsm.fault.active,0
2026-05-16T13:46:16+00:00,cnsm-io-01,cnsm.fault.active,0
2026-05-16T13:46:31+00:00,cnsm-io-01,cnsm.fault.active,0
2026-05-16T13:46:46+00:00,cnsm-io-01,cnsm.fault.active,0
2026-05-16T13:47:01+00:00,cnsm-io-01,cnsm.fault.active,0
2026-05-16T13:47:16+00:00,cnsm-io-01,cnsm.fault.active,0
2026-05-16T13:47:31+00:00,cnsm-io-01,cnsm.fault.active,0
2026-05-16T13:47:46+00:00,cnsm-io-01,cnsm.fault.active,0
2026-05-16T13:48:01+00:00,cnsm-io-01,cnsm.fault.active,0
2026-05-16T13:48:16+00:00,cnsm-io-01,cnsm.fault.active,0
2026-05-16T13:48:31+00:00,cnsm-io-01,cnsm.fault.active,0
2026-05-16T13:48:46+00:00,cnsm-io-01,cnsm.fault.active,0
2026-05-16T13:49:01+00:00,cnsm-io-01,cnsm.fault.active,0
2026-05-16T13:49:16+00:00,cnsm-io-01,cnsm.fault.active,0
2026-05-16T13:49:31+00:00,cnsm-io-01,cnsm.fault.active,0
2026-05-16T13:49:46+00:00,cnsm-io-01,cnsm.fault.active,0
2026-05-16T13:50:01+00:00,cnsm-io-01,cnsm.fault.active,0
2026-05-16T13:50:16+00:00,cnsm-io-01,cnsm.fault.active,0
2026-05-16T13:50:31+00:00,cnsm-io-01,cnsm.fault.active,0
2026-05-16T13:50:46+00:00,cnsm-io-01,cnsm.fault.active,0
2026-05-16T13:51:01+00:00,cnsm-io-01,cnsm.fault.active,0
2026-05-16T13:51:16+00:00,cnsm-io-01,cnsm.fault.active,0
2026-05-16T13:51:31+00:00,cnsm-io-01,cnsm.fault.active,0
2026-05-16T13:51:46+00:00,cnsm-io-01,cnsm.fault.active,0
2026-05-16T13:52:01+00:00,cnsm-io-01,cnsm.fault.active,0
2026-05-16T13:52:16+00:00,cnsm-io-01,cnsm.fault.active,0
2026-05-16T13:52:31+00:00,cnsm-io-01,cnsm.fault.active,0
2026-05-16T13:52:46+00:00,cnsm-io-01,cnsm.fault.active,0
2026-05-16T13:53:01+00:00,cnsm-io-01,cnsm.fault.active,0
2026-05-16T13:53:16+00:00,cnsm-io-01,cnsm.fault.active,0
2026-05-16T13:53:31+00:00,cnsm-io-01,cnsm.fault.active,0
2026-05-16T13:53:46+00:00,cnsm-io-01,cnsm.fault.active,0
2026-05-16T13:54:01+00:00,cnsm-io-01,cnsm.fault.active,0
2026-05-16T13:54:16+00:00,cnsm-io-01,cnsm.fault.active,0
2026-05-16T13:54:31+00:00,cnsm-io-01,cnsm.fault.active,0
2026-05-16T13:54:46+00:00,cnsm-io-01,cnsm.fault.active,0
2026-05-16T13:55:01+00:00,cnsm-io-01,cnsm.fault.active,0
2026-05-16T13:55:16+00:00,cnsm-io-01,cnsm.fault.active,0
2026-05-16T13:55:31+00:00,cnsm-io-01,cnsm.fault.active,0
2026-05-16T13:55:46+00:00,cnsm-io-01,cnsm.fault.active,0
2026-05-16T13:56:01+00:00,cnsm-io-01,cnsm.fault.active,0
2026-05-16T13:56:16+00:00,cnsm-io-01,cnsm.fault.active,1
2026-05-16T13:56:31+00:00,cnsm-io-01,cnsm.fault.active,1
2026-05-16T13:56:46+00:00,cnsm-io-01,cnsm.fault.active,1
2026-05-16T13:57:01+00:00,cnsm-io-01,cnsm.fault.active,1
2026-05-16T13:57:16+00:00,cnsm-io-01,cnsm.fault.active,1
2026-05-16T13:57:31+00:00,cnsm-io-01,cnsm.fault.active,1
2026-05-16T13:57:46+00:00,cnsm-io-01,cnsm.fault.active,1
2026-05-16T13:58:01+00:00,cnsm-io-01,cnsm.fault.active,1
2026-05-16T13:58:16+00:00,cnsm-io-01,cnsm.fault.active,1
2026-05-16T13:58:31+00:00,cnsm-io-01,cnsm.fault.active,1
2026-05-16T13:58:46+00:00,cnsm-io-01,cnsm.fault.active,1
2026-05-16T13:59:01+00:00,cnsm-io-01,cnsm.fault.active,1
2026-05-16T13:59:16+00:00,cnsm-io-01,cnsm.fault.active,1
2026-05-16T13:59:31+00:00,cnsm-io-01,cnsm.fault.active,1
2026-05-16T13:59:46+00:00,cnsm-io-01,cnsm.fault.active,1
2026-05-16T14:00:01+00:00,cnsm-io-01,cnsm.fault.active,1
2026-05-16T14:00:16+00:00,cnsm-io-01,cnsm.fault.active,1
2026-05-16T14:00:31+00:00,cnsm-io-01,cnsm.fault.active,1
2026-05-16T14:00:46+00:00,cnsm-io-01,cnsm.fault.active,1
2026-05-16T14:01:01+00:00,cnsm-io-01,cnsm.fault.active,1
2026-05-16T14:01:16+00:00,cnsm-io-01,cnsm.fault.active,1
2026-05-16T14:01:31+00:00,cnsm-io-01,cnsm.fault.active,1
2026-05-16T14:01:46+00:00,cnsm-io-01,cnsm.fault.active,1
2026-05-16T14:02:01+00:00,cnsm-io-01,cnsm.fault.active,1
2026-05-16T14:02:16+00:00,cnsm-io-01,cnsm.fault.active,1
2026-05-16T14:02:31+00:00,cnsm-io-01,cnsm.fault.active,1
2026-05-16T14:02:46+00:00,cnsm-io-01,cnsm.fault.active,1
2026-05-16T14:03:01+00:00,cnsm-io-01,cnsm.fault.active,1
2026-05-16T14:03:16+00:00,cnsm-io-01,cnsm.fault.active,1
2026-05-16T14:03:31+00:00,cnsm-io-01,cnsm.fault.active,1
2026-05-16T14:03:46+00:00,cnsm-io-01,cnsm.fault.active,1
2026-05-16T14:04:01+00:00,cnsm-io-01,cnsm.fault.active,1
2026-05-16T14:04:16+00:00,cnsm-io-01,cnsm.fault.active,1
2026-05-16T14:04:31+00:00,cnsm-io-01,cnsm.fault.active,1
2026-05-16T14:04:46+00:00,cnsm-io-01,cnsm.fault.active,1
2026-05-16T14:05:01+00:00,cnsm-io-01,cnsm.fault.active,1
2026-05-16T14:05:16+00:00,cnsm-io-01,cnsm.fault.active,0
2026-05-16T14:05:31+00:00,cnsm-io-01,cnsm.fault.active,0
2026-05-16T14:05:46+00:00,cnsm-io-01,cnsm.fault.active,0
2026-05-16T14:06:01+00:00,cnsm-io-01,cnsm.fault.active,0
2026-05-16T14:06:16+00:00,cnsm-io-01,cnsm.fault.active,0
2026-05-16T14:06:31+00:00,cnsm-io-01,cnsm.fault.active,0
2026-05-16T14:06:46+00:00,cnsm-io-01,cnsm.fault.active,0
2026-05-16T14:07:01+00:00,cnsm-io-01,cnsm.fault.active,0
2026-05-16T14:07:16+00:00,cnsm-io-01,cnsm.fault.active,0
2026-05-16T14:07:31+00:00,cnsm-io-01,cnsm.fault.active,0
2026-05-16T14:07:46+00:00,cnsm-io-01,cnsm.fault.active,0
2026-05-16T14:08:01+00:00,cnsm-io-01,cnsm.fault.active,0
2026-05-16T14:08:16+00:00,cnsm-io-01,cnsm.fault.active,0
2026-05-16T14:08:31+00:00,cnsm-io-01,cnsm.fault.active,0
2026-05-16T14:08:46+00:00,cnsm-io-01,cnsm.fault.active,0
2026-05-16T14:09:01+00:00,cnsm-io-01,cnsm.fault.active,0
2026-05-16T14:09:16+00:00,cnsm-io-01,cnsm.fault.active,0
2026-05-16T14:09:31+00:00,cnsm-io-01,cnsm.fault.active,0
2026-05-16T14:09:46+00:00,cnsm-io-01,cnsm.fault.active,0
2026-05-16T14:10:01+00:00,cnsm-io-01,cnsm.fault.active,0
2026-05-16T14:10:16+00:00,cnsm-io-01,cnsm.fault.active,0
2026-05-16T14:10:31+00:00,cnsm-io-01,cnsm.fault.active,0
2026-05-16T14:10:46+00:00,cnsm-io-01,cnsm.fault.active,0
2026-05-16T14:11:01+00:00,cnsm-io-01,cnsm.fault.active,0
2026-05-16T14:11:16+00:00,cnsm-io-01,cnsm.fault.active,0
2026-05-16T14:11:31+00:00,cnsm-io-01,cnsm.fault.active,0
2026-05-16T14:11:46+00:00,cnsm-io-01,cnsm.fault.active,0
2026-05-16T14:12:01+00:00,cnsm-io-01,cnsm.fault.active,0
2026-05-16T14:12:16+00:00,cnsm-io-01,cnsm.fault.active,0
2026-05-16T14:12:31+00:00,cnsm-io-01,cnsm.fault.active,0
2026-05-16T14:12:46+00:00,cnsm-io-01,cnsm.fault.active,0
2026-05-16T14:13:01+00:00,cnsm-io-01,cnsm.fault.active,0
2026-05-16T14:13:16+00:00,cnsm-io-01,cnsm.fault.active,0
2026-05-16T14:13:31+00:00,cnsm-io-01,cnsm.fault.active,0
2026-05-16T14:13:46+00:00,cnsm-io-01,cnsm.fault.active,0
2026-05-16T14:14:01+00:00,cnsm-io-01,cnsm.fault.active,0
2026-05-16T14:14:16+00:00,cnsm-io-01,cnsm.fault.active,0
2026-05-16T14:14:31+00:00,cnsm-io-01,cnsm.fault.active,0
2026-05-16T14:14:46+00:00,cnsm-io-01,cnsm.fault.active,0
2026-05-16T14:15:01+00:00,cnsm-io-01,cnsm.fault.active,0
2026-05-16T14:15:16+00:00,cnsm-io-01,cnsm.fault.active,0
2026-05-16T14:15:31+00:00,cnsm-io-01,cnsm.fault.active,0
2026-05-16T14:15:46+00:00,cnsm-io-01,cnsm.fault.active,0
2026-05-16T14:16:01+00:00,cnsm-io-01,cnsm.fault.active,0
2026-05-16T14:16:16+00:00,cnsm-io-01,cnsm.fault.active,0
2026-05-16T14:16:31+00:00,cnsm-io-01,cnsm.fault.active,0
2026-05-16T14:16:46+00:00,cnsm-io-01,cnsm.fault.active,0
2026-05-16T14:17:01+00:00,cnsm-io-01,cnsm.fault.active,0
2026-05-16T14:17:16+00:00,cnsm-io-01,cnsm.fault.active,0
2026-05-16T14:17:31+00:00,cnsm-io-01,cnsm.fault.active,0
2026-05-16T14:17:46+00:00,cnsm-io-01,cnsm.fault.active,0
2026-05-16T14:18:01+00:00,cnsm-io-01,cnsm.fault.active,0
2026-05-16T14:18:16+00:00,cnsm-io-01,cnsm.fault.active,0
2026-05-16T14:18:31+00:00,cnsm-io-01,cnsm.fault.active,0
2026-05-16T14:18:46+00:00,cnsm-io-01,cnsm.fault.active,0
2026-05-16T14:19:20+00:00,cnsm-io-01,cnsm.fault.active,0
2026-05-16T14:19:31+00:00,cnsm-io-01,cnsm.fault.active,0
2026-05-16T14:19:46+00:00,cnsm-io-01,cnsm.fault.active,0
2026-05-16T14:20:01+00:00,cnsm-io-01,cnsm.fault.active,0
2026-05-16T14:20:16+00:00,cnsm-io-01,cnsm.fault.active,0
2026-05-16T14:20:31+00:00,cnsm-io-01,cnsm.fault.active,0
2026-05-16T14:20:46+00:00,cnsm-io-01,cnsm.fault.active,0
2026-05-16T14:21:01+00:00,cnsm-io-01,cnsm.fault.active,0
2026-05-16T14:21:16+00:00,cnsm-io-01,cnsm.fault.active,0
2026-05-16T14:21:31+00:00,cnsm-io-01,cnsm.fault.active,0
2026-05-16T14:21:46+00:00,cnsm-io-01,cnsm.fault.active,0
2026-05-16T14:22:01+00:00,cnsm-io-01,cnsm.fault.active,0
2026-05-16T14:22:16+00:00,cnsm-io-01,cnsm.fault.active,0
2026-05-16T14:22:31+00:00,cnsm-io-01,cnsm.fault.active,0
2026-05-16T14:22:46+00:00,cnsm-io-01,cnsm.fault.active,0
2026-05-16T14:23:01+00:00,cnsm-io-01,cnsm.fault.active,0
2026-05-16T14:23:16+00:00,cnsm-io-01,cnsm.fault.active,0
2026-05-16T14:23:31+00:00,cnsm-io-01,cnsm.fault.active,0
2026-05-16T14:23:46+00:00,cnsm-io-01,cnsm.fault.active,0
2026-05-16T14:24:01+00:00,cnsm-io-01,cnsm.fault.active,0
2026-05-16T14:24:16+00:00,cnsm-io-01,cnsm.fault.active,0
2026-05-16T14:24:31+00:00,cnsm-io-01,cnsm.fault.active,0
2026-05-16T14:24:46+00:00,cnsm-io-01,cnsm.fault.active,0
2026-05-16T14:25:01+00:00,cnsm-io-01,cnsm.fault.active,0
2026-05-16T14:25:16+00:00,cnsm-io-01,cnsm.fault.active,0
2026-05-16T14:25:31+00:00,cnsm-io-01,cnsm.fault.active,0
2026-05-16T14:25:46+00:00,cnsm-io-01,cnsm.fault.active,0
2026-05-16T14:26:01+00:00,cnsm-io-01,cnsm.fault.active,0
2026-05-16T14:26:16+00:00,cnsm-io-01,cnsm.fault.active,0
2026-05-16T14:26:31+00:00,cnsm-io-01,cnsm.fault.active,0
2026-05-16T14:26:46+00:00,cnsm-io-01,cnsm.fault.active,0
2026-05-16T14:27:01+00:00,cnsm-io-01,cnsm.fault.active,0
2026-05-16T14:27:16+00:00,cnsm-io-01,cnsm.fault.active,0
2026-05-16T14:27:31+00:00,cnsm-io-01,cnsm.fault.active,0
2026-05-16T14:27:46+00:00,cnsm-io-01,cnsm.fault.active,0
2026-05-16T14:28:01+00:00,cnsm-io-01,cnsm.fault.active,0
2026-05-16T14:28:16+00:00,cnsm-io-01,cnsm.fault.active,0
2026-05-16T14:28:31+00:00,cnsm-io-01,cnsm.fault.active,0
2026-05-16T14:28:46+00:00,cnsm-io-01,cnsm.fault.active,0
2026-05-16T14:29:01+00:00,cnsm-io-01,cnsm.fault.active,0
2026-05-16T14:29:16+00:00,cnsm-io-01,cnsm.fault.active,0
2026-05-16T14:29:31+00:00,cnsm-io-01,cnsm.fault.active,0
2026-05-16T14:29:46+00:00,cnsm-io-01,cnsm.fault.active,0
2026-05-16T14:30:01+00:00,cnsm-io-01,cnsm.fault.active,0
2026-05-16T14:30:16+00:00,cnsm-io-01,cnsm.fault.active,0
2026-05-16T14:30:31+00:00,cnsm-io-01,cnsm.fault.active,0
2026-05-16T14:30:46+00:00,cnsm-io-01,cnsm.fault.active,0
2026-05-16T14:31:01+00:00,cnsm-io-01,cnsm.fault.active,0
2026-05-16T14:31:16+00:00,cnsm-io-01,cnsm.fault.active,0
2026-05-16T14:31:31+00:00,cnsm-io-01,cnsm.fault.active,0
2026-05-16T14:31:46+00:00,cnsm-io-01,cnsm.fault.active,0
2026-05-16T14:32:01+00:00,cnsm-io-01,cnsm.fault.active,0
2026-05-16T14:32:16+00:00,cnsm-io-01,cnsm.fault.active,0
2026-05-16T14:32:31+00:00,cnsm-io-01,cnsm.fault.active,0
2026-05-16T14:32:46+00:00,cnsm-io-01,cnsm.fault.active,0
2026-05-16T14:33:01+00:00,cnsm-io-01,cnsm.fault.active,0
2026-05-16T14:33:16+00:00,cnsm-io-01,cnsm.fault.active,0
2026-05-16T14:33:31+00:00,cnsm-io-01,cnsm.fault.active,0
2026-05-16T14:33:46+00:00,cnsm-io-01,cnsm.fault.active,0
2026-05-16T14:34:01+00:00,cnsm-io-01,cnsm.fault.active,0
2026-05-16T14:34:16+00:00,cnsm-io-01,cnsm.fault.active,0
2026-05-16T14:34:31+00:00,cnsm-io-01,cnsm.fault.active,0
2026-05-16T14:34:46+00:00,cnsm-io-01,cnsm.fault.active,0
2026-05-16T14:35:01+00:00,cnsm-io-01,cnsm.fault.active,0
2026-05-16T13:26:47+00:00,cnsm-io-01,cnsm.fault.class,none
2026-05-16T13:27:47+00:00,cnsm-io-01,cnsm.fault.class,none
2026-05-16T13:28:47+00:00,cnsm-io-01,cnsm.fault.class,none
2026-05-16T13:29:47+00:00,cnsm-io-01,cnsm.fault.class,none
2026-05-16T13:31:05+00:00,cnsm-io-01,cnsm.fault.class,none
2026-05-16T13:31:47+00:00,cnsm-io-01,cnsm.fault.class,none
2026-05-16T13:32:47+00:00,cnsm-io-01,cnsm.fault.class,none
2026-05-16T13:33:47+00:00,cnsm-io-01,cnsm.fault.class,none
2026-05-16T13:34:47+00:00,cnsm-io-01,cnsm.fault.class,none
2026-05-16T13:35:47+00:00,cnsm-io-01,cnsm.fault.class,none
2026-05-16T13:36:47+00:00,cnsm-io-01,cnsm.fault.class,none
2026-05-16T13:37:47+00:00,cnsm-io-01,cnsm.fault.class,none
2026-05-16T13:38:47+00:00,cnsm-io-01,cnsm.fault.class,none
2026-05-16T13:39:47+00:00,cnsm-io-01,cnsm.fault.class,none
2026-05-16T13:40:47+00:00,cnsm-io-01,cnsm.fault.class,none
2026-05-16T13:41:47+00:00,cnsm-io-01,cnsm.fault.class,none
2026-05-16T13:42:47+00:00,cnsm-io-01,cnsm.fault.class,none
2026-05-16T13:43:47+00:00,cnsm-io-01,cnsm.fault.class,none
2026-05-16T13:44:47+00:00,cnsm-io-01,cnsm.fault.class,none
2026-05-16T13:45:47+00:00,cnsm-io-01,cnsm.fault.class,none
2026-05-16T13:46:47+00:00,cnsm-io-01,cnsm.fault.class,none
2026-05-16T13:47:47+00:00,cnsm-io-01,cnsm.fault.class,none
2026-05-16T13:48:47+00:00,cnsm-io-01,cnsm.fault.class,none
2026-05-16T13:49:47+00:00,cnsm-io-01,cnsm.fault.class,none
2026-05-16T13:50:47+00:00,cnsm-io-01,cnsm.fault.class,none
2026-05-16T13:51:47+00:00,cnsm-io-01,cnsm.fault.class,none
2026-05-16T13:52:47+00:00,cnsm-io-01,cnsm.fault.class,none
2026-05-16T13:53:47+00:00,cnsm-io-01,cnsm.fault.class,none
2026-05-16T13:54:47+00:00,cnsm-io-01,cnsm.fault.class,none
2026-05-16T13:55:47+00:00,cnsm-io-01,cnsm.fault.class,none
2026-05-16T13:56:47+00:00,cnsm-io-01,cnsm.fault.class,cpu_spike
2026-05-16T13:57:47+00:00,cnsm-io-01,cnsm.fault.class,cpu_spike
2026-05-16T13:58:47+00:00,cnsm-io-01,cnsm.fault.class,cpu_spike
2026-05-16T13:59:47+00:00,cnsm-io-01,cnsm.fault.class,cpu_spike
2026-05-16T14:00:47+00:00,cnsm-io-01,cnsm.fault.class,cpu_spike
2026-05-16T14:01:47+00:00,cnsm-io-01,cnsm.fault.class,cpu_spike
2026-05-16T14:02:47+00:00,cnsm-io-01,cnsm.fault.class,cpu_spike
2026-05-16T14:03:47+00:00,cnsm-io-01,cnsm.fault.class,cpu_spike
2026-05-16T14:04:47+00:00,cnsm-io-01,cnsm.fault.class,cpu_spike
2026-05-16T14:05:47+00:00,cnsm-io-01,cnsm.fault.class,none
2026-05-16T14:06:47+00:00,cnsm-io-01,cnsm.fault.class,none
2026-05-16T14:07:47+00:00,cnsm-io-01,cnsm.fault.class,none
2026-05-16T14:08:47+00:00,cnsm-io-01,cnsm.fault.class,none
2026-05-16T14:09:47+00:00,cnsm-io-01,cnsm.fault.class,none
2026-05-16T14:10:47+00:00,cnsm-io-01,cnsm.fault.class,none
2026-05-16T14:11:47+00:00,cnsm-io-01,cnsm.fault.class,none
2026-05-16T14:12:47+00:00,cnsm-io-01,cnsm.fault.class,none
2026-05-16T14:13:47+00:00,cnsm-io-01,cnsm.fault.class,none
2026-05-16T14:14:47+00:00,cnsm-io-01,cnsm.fault.class,none
2026-05-16T14:15:47+00:00,cnsm-io-01,cnsm.fault.class,none
2026-05-16T14:16:47+00:00,cnsm-io-01,cnsm.fault.class,none
2026-05-16T14:17:47+00:00,cnsm-io-01,cnsm.fault.class,none
2026-05-16T14:18:47+00:00,cnsm-io-01,cnsm.fault.class,none
2026-05-16T14:19:47+00:00,cnsm-io-01,cnsm.fault.class,none
2026-05-16T14:20:47+00:00,cnsm-io-01,cnsm.fault.class,none
2026-05-16T14:21:47+00:00,cnsm-io-01,cnsm.fault.class,none
2026-05-16T14:22:47+00:00,cnsm-io-01,cnsm.fault.class,none
2026-05-16T14:23:47+00:00,cnsm-io-01,cnsm.fault.class,none
2026-05-16T14:24:47+00:00,cnsm-io-01,cnsm.fault.class,none
2026-05-16T14:25:47+00:00,cnsm-io-01,cnsm.fault.class,none
2026-05-16T14:26:47+00:00,cnsm-io-01,cnsm.fault.class,none
2026-05-16T14:27:47+00:00,cnsm-io-01,cnsm.fault.class,none
2026-05-16T14:28:47+00:00,cnsm-io-01,cnsm.fault.class,none
2026-05-16T14:29:47+00:00,cnsm-io-01,cnsm.fault.class,none
2026-05-16T14:30:47+00:00,cnsm-io-01,cnsm.fault.class,none
2026-05-16T14:31:47+00:00,cnsm-io-01,cnsm.fault.class,none
2026-05-16T14:32:47+00:00,cnsm-io-01,cnsm.fault.class,none
2026-05-16T14:33:47+00:00,cnsm-io-01,cnsm.fault.class,none
2026-05-16T14:34:47+00:00,cnsm-io-01,cnsm.fault.class,none
2026-05-16T13:26:30+00:00,cnsm-io-01,cnsm.tcp.established,2
2026-05-16T13:27:30+00:00,cnsm-io-01,cnsm.tcp.established,2
2026-05-16T13:28:30+00:00,cnsm-io-01,cnsm.tcp.established,2
2026-05-16T13:29:30+00:00,cnsm-io-01,cnsm.tcp.established,1
2026-05-16T13:30:30+00:00,cnsm-io-01,cnsm.tcp.established,2
2026-05-16T13:31:30+00:00,cnsm-io-01,cnsm.tcp.established,2
2026-05-16T13:32:30+00:00,cnsm-io-01,cnsm.tcp.established,1
2026-05-16T13:33:30+00:00,cnsm-io-01,cnsm.tcp.established,2
2026-05-16T13:34:30+00:00,cnsm-io-01,cnsm.tcp.established,2
2026-05-16T13:35:30+00:00,cnsm-io-01,cnsm.tcp.established,1
2026-05-16T13:36:30+00:00,cnsm-io-01,cnsm.tcp.established,2
2026-05-16T13:37:30+00:00,cnsm-io-01,cnsm.tcp.established,3
2026-05-16T13:38:30+00:00,cnsm-io-01,cnsm.tcp.established,1
2026-05-16T13:39:30+00:00,cnsm-io-01,cnsm.tcp.established,2
2026-05-16T13:40:30+00:00,cnsm-io-01,cnsm.tcp.established,2
2026-05-16T13:41:30+00:00,cnsm-io-01,cnsm.tcp.established,2
2026-05-16T13:42:30+00:00,cnsm-io-01,cnsm.tcp.established,2
2026-05-16T13:43:30+00:00,cnsm-io-01,cnsm.tcp.established,2
2026-05-16T13:44:30+00:00,cnsm-io-01,cnsm.tcp.established,2
2026-05-16T13:45:30+00:00,cnsm-io-01,cnsm.tcp.established,3
2026-05-16T13:46:30+00:00,cnsm-io-01,cnsm.tcp.established,2
2026-05-16T13:47:30+00:00,cnsm-io-01,cnsm.tcp.established,2
2026-05-16T13:48:30+00:00,cnsm-io-01,cnsm.tcp.established,1
2026-05-16T13:49:30+00:00,cnsm-io-01,cnsm.tcp.established,2
2026-05-16T13:50:30+00:00,cnsm-io-01,cnsm.tcp.established,1
2026-05-16T13:51:30+00:00,cnsm-io-01,cnsm.tcp.established,2
2026-05-16T13:52:30+00:00,cnsm-io-01,cnsm.tcp.established,2
2026-05-16T13:53:30+00:00,cnsm-io-01,cnsm.tcp.established,2
2026-05-16T13:54:30+00:00,cnsm-io-01,cnsm.tcp.established,1
2026-05-16T13:55:30+00:00,cnsm-io-01,cnsm.tcp.established,2
2026-05-16T13:56:30+00:00,cnsm-io-01,cnsm.tcp.established,2
2026-05-16T13:57:30+00:00,cnsm-io-01,cnsm.tcp.established,2
2026-05-16T13:58:30+00:00,cnsm-io-01,cnsm.tcp.established,2
2026-05-16T13:59:30+00:00,cnsm-io-01,cnsm.tcp.established,2
2026-05-16T14:00:30+00:00,cnsm-io-01,cnsm.tcp.established,1
2026-05-16T14:01:30+00:00,cnsm-io-01,cnsm.tcp.established,2
2026-05-16T14:02:30+00:00,cnsm-io-01,cnsm.tcp.established,2
2026-05-16T14:03:30+00:00,cnsm-io-01,cnsm.tcp.established,1
2026-05-16T14:04:30+00:00,cnsm-io-01,cnsm.tcp.established,2
2026-05-16T14:05:30+00:00,cnsm-io-01,cnsm.tcp.established,1
2026-05-16T14:06:30+00:00,cnsm-io-01,cnsm.tcp.established,1
2026-05-16T14:07:30+00:00,cnsm-io-01,cnsm.tcp.established,3
2026-05-16T14:08:30+00:00,cnsm-io-01,cnsm.tcp.established,2
2026-05-16T14:09:30+00:00,cnsm-io-01,cnsm.tcp.established,1
2026-05-16T14:10:30+00:00,cnsm-io-01,cnsm.tcp.established,1
2026-05-16T14:11:30+00:00,cnsm-io-01,cnsm.tcp.established,2
2026-05-16T14:12:30+00:00,cnsm-io-01,cnsm.tcp.established,1
2026-05-16T14:13:30+00:00,cnsm-io-01,cnsm.tcp.established,1
2026-05-16T14:14:30+00:00,cnsm-io-01,cnsm.tcp.established,1
2026-05-16T14:15:30+00:00,cnsm-io-01,cnsm.tcp.established,1
2026-05-16T14:16:30+00:00,cnsm-io-01,cnsm.tcp.established,2
2026-05-16T14:17:30+00:00,cnsm-io-01,cnsm.tcp.established,1
2026-05-16T14:18:30+00:00,cnsm-io-01,cnsm.tcp.established,3
2026-05-16T14:19:30+00:00,cnsm-io-01,cnsm.tcp.established,1
2026-05-16T14:20:30+00:00,cnsm-io-01,cnsm.tcp.established,1
2026-05-16T14:21:30+00:00,cnsm-io-01,cnsm.tcp.established,2
2026-05-16T14:22:30+00:00,cnsm-io-01,cnsm.tcp.established,1
2026-05-16T14:23:30+00:00,cnsm-io-01,cnsm.tcp.established,1
2026-05-16T14:24:30+00:00,cnsm-io-01,cnsm.tcp.established,1
2026-05-16T14:25:30+00:00,cnsm-io-01,cnsm.tcp.established,2
2026-05-16T14:26:30+00:00,cnsm-io-01,cnsm.tcp.established,1
2026-05-16T14:27:30+00:00,cnsm-io-01,cnsm.tcp.established,2
2026-05-16T14:28:30+00:00,cnsm-io-01,cnsm.tcp.established,2
2026-05-16T14:29:30+00:00,cnsm-io-01,cnsm.tcp.established,3
2026-05-16T14:30:30+00:00,cnsm-io-01,cnsm.tcp.established,2
2026-05-16T14:31:30+00:00,cnsm-io-01,cnsm.tcp.established,2
2026-05-16T14:32:30+00:00,cnsm-io-01,cnsm.tcp.established,3
2026-05-16T14:33:30+00:00,cnsm-io-01,cnsm.tcp.established,1
2026-05-16T14:34:30+00:00,cnsm-io-01,cnsm.tcp.established,2
2026-05-16T13:26:30+00:00,cnsm-io-01,cnsm.tcp.listen,5
2026-05-16T13:27:30+00:00,cnsm-io-01,cnsm.tcp.listen,5
2026-05-16T13:28:30+00:00,cnsm-io-01,cnsm.tcp.listen,5
2026-05-16T13:29:30+00:00,cnsm-io-01,cnsm.tcp.listen,5
2026-05-16T13:30:30+00:00,cnsm-io-01,cnsm.tcp.listen,5
2026-05-16T13:31:30+00:00,cnsm-io-01,cnsm.tcp.listen,5
2026-05-16T13:32:30+00:00,cnsm-io-01,cnsm.tcp.listen,5
2026-05-16T13:33:30+00:00,cnsm-io-01,cnsm.tcp.listen,5
2026-05-16T13:34:30+00:00,cnsm-io-01,cnsm.tcp.listen,5
2026-05-16T13:35:30+00:00,cnsm-io-01,cnsm.tcp.listen,5
2026-05-16T13:36:30+00:00,cnsm-io-01,cnsm.tcp.listen,5
2026-05-16T13:37:30+00:00,cnsm-io-01,cnsm.tcp.listen,5
2026-05-16T13:38:30+00:00,cnsm-io-01,cnsm.tcp.listen,5
2026-05-16T13:39:30+00:00,cnsm-io-01,cnsm.tcp.listen,5
2026-05-16T13:40:30+00:00,cnsm-io-01,cnsm.tcp.listen,5
2026-05-16T13:41:30+00:00,cnsm-io-01,cnsm.tcp.listen,5
2026-05-16T13:42:30+00:00,cnsm-io-01,cnsm.tcp.listen,5
2026-05-16T13:43:30+00:00,cnsm-io-01,cnsm.tcp.listen,5
2026-05-16T13:44:30+00:00,cnsm-io-01,cnsm.tcp.listen,5
2026-05-16T13:45:30+00:00,cnsm-io-01,cnsm.tcp.listen,5
2026-05-16T13:46:30+00:00,cnsm-io-01,cnsm.tcp.listen,5
2026-05-16T13:47:30+00:00,cnsm-io-01,cnsm.tcp.listen,5
2026-05-16T13:48:30+00:00,cnsm-io-01,cnsm.tcp.listen,5
2026-05-16T13:49:30+00:00,cnsm-io-01,cnsm.tcp.listen,5
2026-05-16T13:50:30+00:00,cnsm-io-01,cnsm.tcp.listen,5
2026-05-16T13:51:30+00:00,cnsm-io-01,cnsm.tcp.listen,5
2026-05-16T13:52:30+00:00,cnsm-io-01,cnsm.tcp.listen,5
2026-05-16T13:53:30+00:00,cnsm-io-01,cnsm.tcp.listen,5
2026-05-16T13:54:30+00:00,cnsm-io-01,cnsm.tcp.listen,5
2026-05-16T13:55:30+00:00,cnsm-io-01,cnsm.tcp.listen,5
2026-05-16T13:56:30+00:00,cnsm-io-01,cnsm.tcp.listen,5
2026-05-16T13:57:30+00:00,cnsm-io-01,cnsm.tcp.listen,5
2026-05-16T13:58:30+00:00,cnsm-io-01,cnsm.tcp.listen,5
2026-05-16T13:59:30+00:00,cnsm-io-01,cnsm.tcp.listen,5
2026-05-16T14:00:30+00:00,cnsm-io-01,cnsm.tcp.listen,5
2026-05-16T14:01:30+00:00,cnsm-io-01,cnsm.tcp.listen,5
2026-05-16T14:02:30+00:00,cnsm-io-01,cnsm.tcp.listen,5
2026-05-16T14:03:30+00:00,cnsm-io-01,cnsm.tcp.listen,5
2026-05-16T14:04:30+00:00,cnsm-io-01,cnsm.tcp.listen,5
2026-05-16T14:05:30+00:00,cnsm-io-01,cnsm.tcp.listen,5
2026-05-16T14:06:30+00:00,cnsm-io-01,cnsm.tcp.listen,5
2026-05-16T14:07:30+00:00,cnsm-io-01,cnsm.tcp.listen,5
2026-05-16T14:08:30+00:00,cnsm-io-01,cnsm.tcp.listen,5
2026-05-16T14:09:30+00:00,cnsm-io-01,cnsm.tcp.listen,5
2026-05-16T14:10:30+00:00,cnsm-io-01,cnsm.tcp.listen,5
2026-05-16T14:11:30+00:00,cnsm-io-01,cnsm.tcp.listen,5
2026-05-16T14:12:30+00:00,cnsm-io-01,cnsm.tcp.listen,5
2026-05-16T14:13:30+00:00,cnsm-io-01,cnsm.tcp.listen,5
2026-05-16T14:14:30+00:00,cnsm-io-01,cnsm.tcp.listen,5
2026-05-16T14:15:30+00:00,cnsm-io-01,cnsm.tcp.listen,5
2026-05-16T14:16:30+00:00,cnsm-io-01,cnsm.tcp.listen,5
2026-05-16T14:17:30+00:00,cnsm-io-01,cnsm.tcp.listen,5
2026-05-16T14:18:30+00:00,cnsm-io-01,cnsm.tcp.listen,5
2026-05-16T14:19:30+00:00,cnsm-io-01,cnsm.tcp.listen,5
2026-05-16T14:20:30+00:00,cnsm-io-01,cnsm.tcp.listen,5
2026-05-16T14:21:30+00:00,cnsm-io-01,cnsm.tcp.listen,5
2026-05-16T14:22:30+00:00,cnsm-io-01,cnsm.tcp.listen,5
2026-05-16T14:23:30+00:00,cnsm-io-01,cnsm.tcp.listen,5
2026-05-16T14:24:30+00:00,cnsm-io-01,cnsm.tcp.listen,5
2026-05-16T14:25:30+00:00,cnsm-io-01,cnsm.tcp.listen,5
2026-05-16T14:26:30+00:00,cnsm-io-01,cnsm.tcp.listen,5
2026-05-16T14:27:30+00:00,cnsm-io-01,cnsm.tcp.listen,5
2026-05-16T14:28:30+00:00,cnsm-io-01,cnsm.tcp.listen,5
2026-05-16T14:29:30+00:00,cnsm-io-01,cnsm.tcp.listen,5
2026-05-16T14:30:30+00:00,cnsm-io-01,cnsm.tcp.listen,5
2026-05-16T14:31:30+00:00,cnsm-io-01,cnsm.tcp.listen,5
2026-05-16T14:32:30+00:00,cnsm-io-01,cnsm.tcp.listen,5
2026-05-16T14:33:30+00:00,cnsm-io-01,cnsm.tcp.listen,5
2026-05-16T14:34:30+00:00,cnsm-io-01,cnsm.tcp.listen,5
2026-05-16T13:26:32+00:00,cnsm-io-01,cnsm.tcp.timewait,30
2026-05-16T13:27:32+00:00,cnsm-io-01,cnsm.tcp.timewait,29
2026-05-16T13:28:32+00:00,cnsm-io-01,cnsm.tcp.timewait,32
2026-05-16T13:29:32+00:00,cnsm-io-01,cnsm.tcp.timewait,29
2026-05-16T13:30:32+00:00,cnsm-io-01,cnsm.tcp.timewait,32
2026-05-16T13:31:32+00:00,cnsm-io-01,cnsm.tcp.timewait,28
2026-05-16T13:32:32+00:00,cnsm-io-01,cnsm.tcp.timewait,29
2026-05-16T13:33:32+00:00,cnsm-io-01,cnsm.tcp.timewait,32
2026-05-16T13:34:32+00:00,cnsm-io-01,cnsm.tcp.timewait,32
2026-05-16T13:35:32+00:00,cnsm-io-01,cnsm.tcp.timewait,29
2026-05-16T13:36:32+00:00,cnsm-io-01,cnsm.tcp.timewait,32
2026-05-16T13:37:32+00:00,cnsm-io-01,cnsm.tcp.timewait,30
2026-05-16T13:38:32+00:00,cnsm-io-01,cnsm.tcp.timewait,26
2026-05-16T13:39:32+00:00,cnsm-io-01,cnsm.tcp.timewait,32
2026-05-16T13:40:32+00:00,cnsm-io-01,cnsm.tcp.timewait,30
2026-05-16T13:41:32+00:00,cnsm-io-01,cnsm.tcp.timewait,28
2026-05-16T13:42:32+00:00,cnsm-io-01,cnsm.tcp.timewait,32
2026-05-16T13:43:32+00:00,cnsm-io-01,cnsm.tcp.timewait,29
2026-05-16T13:44:32+00:00,cnsm-io-01,cnsm.tcp.timewait,28
2026-05-16T13:45:32+00:00,cnsm-io-01,cnsm.tcp.timewait,32
2026-05-16T13:46:32+00:00,cnsm-io-01,cnsm.tcp.timewait,29
2026-05-16T13:47:32+00:00,cnsm-io-01,cnsm.tcp.timewait,32
2026-05-16T13:48:32+00:00,cnsm-io-01,cnsm.tcp.timewait,32
2026-05-16T13:49:32+00:00,cnsm-io-01,cnsm.tcp.timewait,29
2026-05-16T13:50:32+00:00,cnsm-io-01,cnsm.tcp.timewait,32
2026-05-16T13:51:32+00:00,cnsm-io-01,cnsm.tcp.timewait,32
2026-05-16T13:52:32+00:00,cnsm-io-01,cnsm.tcp.timewait,29
2026-05-16T13:53:32+00:00,cnsm-io-01,cnsm.tcp.timewait,32
2026-05-16T13:54:32+00:00,cnsm-io-01,cnsm.tcp.timewait,32
2026-05-16T13:55:32+00:00,cnsm-io-01,cnsm.tcp.timewait,29
2026-05-16T13:56:32+00:00,cnsm-io-01,cnsm.tcp.timewait,30
2026-05-16T13:57:32+00:00,cnsm-io-01,cnsm.tcp.timewait,30
2026-05-16T13:58:32+00:00,cnsm-io-01,cnsm.tcp.timewait,29
2026-05-16T13:59:32+00:00,cnsm-io-01,cnsm.tcp.timewait,32
2026-05-16T14:00:32+00:00,cnsm-io-01,cnsm.tcp.timewait,30
2026-05-16T14:01:32+00:00,cnsm-io-01,cnsm.tcp.timewait,28
2026-05-16T14:02:32+00:00,cnsm-io-01,cnsm.tcp.timewait,32
2026-05-16T14:03:32+00:00,cnsm-io-01,cnsm.tcp.timewait,30
2026-05-16T14:04:32+00:00,cnsm-io-01,cnsm.tcp.timewait,32
2026-05-16T14:05:32+00:00,cnsm-io-01,cnsm.tcp.timewait,32
2026-05-16T14:06:32+00:00,cnsm-io-01,cnsm.tcp.timewait,29
2026-05-16T14:07:32+00:00,cnsm-io-01,cnsm.tcp.timewait,32
2026-05-16T14:08:32+00:00,cnsm-io-01,cnsm.tcp.timewait,32
2026-05-16T14:09:32+00:00,cnsm-io-01,cnsm.tcp.timewait,29
2026-05-16T14:10:32+00:00,cnsm-io-01,cnsm.tcp.timewait,32
2026-05-16T14:11:32+00:00,cnsm-io-01,cnsm.tcp.timewait,32
2026-05-16T14:12:32+00:00,cnsm-io-01,cnsm.tcp.timewait,29
2026-05-16T14:13:32+00:00,cnsm-io-01,cnsm.tcp.timewait,32
2026-05-16T14:14:31+00:00,cnsm-io-01,cnsm.tcp.timewait,30
2026-05-16T14:15:32+00:00,cnsm-io-01,cnsm.tcp.timewait,29
2026-05-16T14:16:32+00:00,cnsm-io-01,cnsm.tcp.timewait,32
2026-05-16T14:17:32+00:00,cnsm-io-01,cnsm.tcp.timewait,30
2026-05-16T14:18:32+00:00,cnsm-io-01,cnsm.tcp.timewait,28
2026-05-16T14:19:32+00:00,cnsm-io-01,cnsm.tcp.timewait,29
2026-05-16T14:20:32+00:00,cnsm-io-01,cnsm.tcp.timewait,30
2026-05-16T14:21:32+00:00,cnsm-io-01,cnsm.tcp.timewait,28
2026-05-16T14:22:32+00:00,cnsm-io-01,cnsm.tcp.timewait,32
2026-05-16T14:23:32+00:00,cnsm-io-01,cnsm.tcp.timewait,29
2026-05-16T14:24:32+00:00,cnsm-io-01,cnsm.tcp.timewait,32
2026-05-16T14:25:32+00:00,cnsm-io-01,cnsm.tcp.timewait,32
2026-05-16T14:26:32+00:00,cnsm-io-01,cnsm.tcp.timewait,29
2026-05-16T14:27:32+00:00,cnsm-io-01,cnsm.tcp.timewait,32
2026-05-16T14:28:32+00:00,cnsm-io-01,cnsm.tcp.timewait,32
2026-05-16T14:29:32+00:00,cnsm-io-01,cnsm.tcp.timewait,29
2026-05-16T14:30:32+00:00,cnsm-io-01,cnsm.tcp.timewait,32
2026-05-16T14:31:32+00:00,cnsm-io-01,cnsm.tcp.timewait,32
2026-05-16T14:32:32+00:00,cnsm-io-01,cnsm.tcp.timewait,29
2026-05-16T14:33:32+00:00,cnsm-io-01,cnsm.tcp.timewait,32
2026-05-16T14:34:32+00:00,cnsm-io-01,cnsm.tcp.timewait,30
2026-05-16T13:26:32+00:00,cnsm-io-01,cnsm.workload.heartbeat,1
2026-05-16T13:27:32+00:00,cnsm-io-01,cnsm.workload.heartbeat,1
2026-05-16T13:28:32+00:00,cnsm-io-01,cnsm.workload.heartbeat,1
2026-05-16T13:29:32+00:00,cnsm-io-01,cnsm.workload.heartbeat,1
2026-05-16T13:30:32+00:00,cnsm-io-01,cnsm.workload.heartbeat,1
2026-05-16T13:31:32+00:00,cnsm-io-01,cnsm.workload.heartbeat,1
2026-05-16T13:32:32+00:00,cnsm-io-01,cnsm.workload.heartbeat,1
2026-05-16T13:33:32+00:00,cnsm-io-01,cnsm.workload.heartbeat,1
2026-05-16T13:34:32+00:00,cnsm-io-01,cnsm.workload.heartbeat,1
2026-05-16T13:35:32+00:00,cnsm-io-01,cnsm.workload.heartbeat,1
2026-05-16T13:36:32+00:00,cnsm-io-01,cnsm.workload.heartbeat,1
2026-05-16T13:37:32+00:00,cnsm-io-01,cnsm.workload.heartbeat,1
2026-05-16T13:38:32+00:00,cnsm-io-01,cnsm.workload.heartbeat,1
2026-05-16T13:39:32+00:00,cnsm-io-01,cnsm.workload.heartbeat,1
2026-05-16T13:40:32+00:00,cnsm-io-01,cnsm.workload.heartbeat,1
2026-05-16T13:41:32+00:00,cnsm-io-01,cnsm.workload.heartbeat,1
2026-05-16T13:42:32+00:00,cnsm-io-01,cnsm.workload.heartbeat,1
2026-05-16T13:43:32+00:00,cnsm-io-01,cnsm.workload.heartbeat,1
2026-05-16T13:44:32+00:00,cnsm-io-01,cnsm.workload.heartbeat,1
2026-05-16T13:45:32+00:00,cnsm-io-01,cnsm.workload.heartbeat,1
2026-05-16T13:46:32+00:00,cnsm-io-01,cnsm.workload.heartbeat,1
2026-05-16T13:47:32+00:00,cnsm-io-01,cnsm.workload.heartbeat,1
2026-05-16T13:48:32+00:00,cnsm-io-01,cnsm.workload.heartbeat,1
2026-05-16T13:49:32+00:00,cnsm-io-01,cnsm.workload.heartbeat,1
2026-05-16T13:50:32+00:00,cnsm-io-01,cnsm.workload.heartbeat,1
2026-05-16T13:51:32+00:00,cnsm-io-01,cnsm.workload.heartbeat,1
2026-05-16T13:52:32+00:00,cnsm-io-01,cnsm.workload.heartbeat,1
2026-05-16T13:53:32+00:00,cnsm-io-01,cnsm.workload.heartbeat,1
2026-05-16T13:54:32+00:00,cnsm-io-01,cnsm.workload.heartbeat,1
2026-05-16T13:55:32+00:00,cnsm-io-01,cnsm.workload.heartbeat,1
2026-05-16T13:56:32+00:00,cnsm-io-01,cnsm.workload.heartbeat,1
2026-05-16T13:57:32+00:00,cnsm-io-01,cnsm.workload.heartbeat,1
2026-05-16T13:58:32+00:00,cnsm-io-01,cnsm.workload.heartbeat,1
2026-05-16T13:59:32+00:00,cnsm-io-01,cnsm.workload.heartbeat,1
2026-05-16T14:00:32+00:00,cnsm-io-01,cnsm.workload.heartbeat,1
2026-05-16T14:01:32+00:00,cnsm-io-01,cnsm.workload.heartbeat,1
2026-05-16T14:02:32+00:00,cnsm-io-01,cnsm.workload.heartbeat,1
2026-05-16T14:03:32+00:00,cnsm-io-01,cnsm.workload.heartbeat,1
2026-05-16T14:04:32+00:00,cnsm-io-01,cnsm.workload.heartbeat,1
2026-05-16T14:05:32+00:00,cnsm-io-01,cnsm.workload.heartbeat,1
2026-05-16T14:06:32+00:00,cnsm-io-01,cnsm.workload.heartbeat,1
2026-05-16T14:07:32+00:00,cnsm-io-01,cnsm.workload.heartbeat,1
2026-05-16T14:08:32+00:00,cnsm-io-01,cnsm.workload.heartbeat,1
2026-05-16T14:09:32+00:00,cnsm-io-01,cnsm.workload.heartbeat,1
2026-05-16T14:10:32+00:00,cnsm-io-01,cnsm.workload.heartbeat,1
2026-05-16T14:11:32+00:00,cnsm-io-01,cnsm.workload.heartbeat,1
2026-05-16T14:12:32+00:00,cnsm-io-01,cnsm.workload.heartbeat,1
2026-05-16T14:13:32+00:00,cnsm-io-01,cnsm.workload.heartbeat,1
2026-05-16T14:14:32+00:00,cnsm-io-01,cnsm.workload.heartbeat,1
2026-05-16T14:15:32+00:00,cnsm-io-01,cnsm.workload.heartbeat,1
2026-05-16T14:16:32+00:00,cnsm-io-01,cnsm.workload.heartbeat,1
2026-05-16T14:17:32+00:00,cnsm-io-01,cnsm.workload.heartbeat,1
2026-05-16T14:18:32+00:00,cnsm-io-01,cnsm.workload.heartbeat,1
2026-05-16T14:19:32+00:00,cnsm-io-01,cnsm.workload.heartbeat,1
2026-05-16T14:20:32+00:00,cnsm-io-01,cnsm.workload.heartbeat,1
2026-05-16T14:21:32+00:00,cnsm-io-01,cnsm.workload.heartbeat,1
2026-05-16T14:22:32+00:00,cnsm-io-01,cnsm.workload.heartbeat,1
2026-05-16T14:23:32+00:00,cnsm-io-01,cnsm.workload.heartbeat,1
2026-05-16T14:24:32+00:00,cnsm-io-01,cnsm.workload.heartbeat,1
2026-05-16T14:25:32+00:00,cnsm-io-01,cnsm.workload.heartbeat,1
2026-05-16T14:26:32+00:00,cnsm-io-01,cnsm.workload.heartbeat,1
2026-05-16T14:27:32+00:00,cnsm-io-01,cnsm.workload.heartbeat,1
2026-05-16T14:28:32+00:00,cnsm-io-01,cnsm.workload.heartbeat,1
2026-05-16T14:29:32+00:00,cnsm-io-01,cnsm.workload.heartbeat,1
2026-05-16T14:30:32+00:00,cnsm-io-01,cnsm.workload.heartbeat,1
2026-05-16T14:31:32+00:00,cnsm-io-01,cnsm.workload.heartbeat,1
2026-05-16T14:32:32+00:00,cnsm-io-01,cnsm.workload.heartbeat,1
2026-05-16T14:33:32+00:00,cnsm-io-01,cnsm.workload.heartbeat,1
2026-05-16T14:34:32+00:00,cnsm-io-01,cnsm.workload.heartbeat,1
2026-05-16T13:26:22+00:00,cnsm-io-01,system.cpu.switches,27129.953638937346
2026-05-16T13:27:22+00:00,cnsm-io-01,system.cpu.switches,25731.741714186628
2026-05-16T13:28:22+00:00,cnsm-io-01,system.cpu.switches,27278.948189681236
2026-05-16T13:29:22+00:00,cnsm-io-01,system.cpu.switches,27105.766350198264
2026-05-16T13:30:22+00:00,cnsm-io-01,system.cpu.switches,28159.114503614273
2026-05-16T13:31:22+00:00,cnsm-io-01,system.cpu.switches,27863.168388163514
2026-05-16T13:32:22+00:00,cnsm-io-01,system.cpu.switches,26710.832315622574
2026-05-16T13:33:22+00:00,cnsm-io-01,system.cpu.switches,26468.818319359034
2026-05-16T13:34:22+00:00,cnsm-io-01,system.cpu.switches,26501.083260213534
2026-05-16T13:35:22+00:00,cnsm-io-01,system.cpu.switches,26510.434646920105
2026-05-16T13:36:22+00:00,cnsm-io-01,system.cpu.switches,26272.20761816584
2026-05-16T13:37:22+00:00,cnsm-io-01,system.cpu.switches,26790.875693525282
2026-05-16T13:38:22+00:00,cnsm-io-01,system.cpu.switches,25250.28462995896
2026-05-16T13:39:22+00:00,cnsm-io-01,system.cpu.switches,27639.822055825272
2026-05-16T13:40:22+00:00,cnsm-io-01,system.cpu.switches,28261.193741119198
2026-05-16T13:41:22+00:00,cnsm-io-01,system.cpu.switches,26153.319530929573
2026-05-16T13:42:22+00:00,cnsm-io-01,system.cpu.switches,27393.595379850212
2026-05-16T13:43:22+00:00,cnsm-io-01,system.cpu.switches,27397.794166694493
2026-05-16T13:44:22+00:00,cnsm-io-01,system.cpu.switches,26348.19754824019
2026-05-16T13:45:22+00:00,cnsm-io-01,system.cpu.switches,26026.61418625553
2026-05-16T13:46:22+00:00,cnsm-io-01,system.cpu.switches,26924.926794964435
2026-05-16T13:47:22+00:00,cnsm-io-01,system.cpu.switches,27675.64949272076
2026-05-16T13:48:22+00:00,cnsm-io-01,system.cpu.switches,27596.683652973054
2026-05-16T13:49:22+00:00,cnsm-io-01,system.cpu.switches,29140.952655789763
2026-05-16T13:50:22+00:00,cnsm-io-01,system.cpu.switches,26423.319240580295
2026-05-16T13:51:22+00:00,cnsm-io-01,system.cpu.switches,26500.874576127513
2026-05-16T13:52:22+00:00,cnsm-io-01,system.cpu.switches,27437.945428035662
2026-05-16T13:53:22+00:00,cnsm-io-01,system.cpu.switches,26410.361259233607
2026-05-16T13:54:22+00:00,cnsm-io-01,system.cpu.switches,26984.179685513685
2026-05-16T13:55:22+00:00,cnsm-io-01,system.cpu.switches,26221.13687186246
2026-05-16T13:56:22+00:00,cnsm-io-01,system.cpu.switches,27419.613812050684
2026-05-16T13:57:22+00:00,cnsm-io-01,system.cpu.switches,25890.380116321016
2026-05-16T13:58:22+00:00,cnsm-io-01,system.cpu.switches,29294.21977960901
2026-05-16T13:59:22+00:00,cnsm-io-01,system.cpu.switches,26212.7331581449
2026-05-16T14:00:22+00:00,cnsm-io-01,system.cpu.switches,26957.069921839695
2026-05-16T14:01:22+00:00,cnsm-io-01,system.cpu.switches,26436.618376601826
2026-05-16T14:02:22+00:00,cnsm-io-01,system.cpu.switches,26488.691641608773
2026-05-16T14:03:22+00:00,cnsm-io-01,system.cpu.switches,27851.96792691916
2026-05-16T14:04:22+00:00,cnsm-io-01,system.cpu.switches,27338.303803278595
2026-05-16T14:05:22+00:00,cnsm-io-01,system.cpu.switches,26919.072940556267
2026-05-16T14:06:22+00:00,cnsm-io-01,system.cpu.switches,27023.75485798822
2026-05-16T14:07:22+00:00,cnsm-io-01,system.cpu.switches,29910.20822730128
2026-05-16T14:08:22+00:00,cnsm-io-01,system.cpu.switches,27674.930539249814
2026-05-16T14:09:22+00:00,cnsm-io-01,system.cpu.switches,26854.793766154547
2026-05-16T14:10:22+00:00,cnsm-io-01,system.cpu.switches,26421.578078949035
2026-05-16T14:11:22+00:00,cnsm-io-01,system.cpu.switches,26500.470802349002
2026-05-16T14:12:22+00:00,cnsm-io-01,system.cpu.switches,26880.190595888413
2026-05-16T14:13:22+00:00,cnsm-io-01,system.cpu.switches,26319.263615663946
2026-05-16T14:14:22+00:00,cnsm-io-01,system.cpu.switches,26312.883263723157
2026-05-16T14:15:22+00:00,cnsm-io-01,system.cpu.switches,26203.633578236208
2026-05-16T14:16:22+00:00,cnsm-io-01,system.cpu.switches,27380.502933260777
2026-05-16T14:17:22+00:00,cnsm-io-01,system.cpu.switches,25778.16869329967
2026-05-16T14:18:22+00:00,cnsm-io-01,system.cpu.switches,26522.3942629525
2026-05-16T14:19:22+00:00,cnsm-io-01,system.cpu.switches,26029.226365897786
2026-05-16T14:20:22+00:00,cnsm-io-01,system.cpu.switches,25900.04619588534
2026-05-16T14:21:22+00:00,cnsm-io-01,system.cpu.switches,26377.960874301116
2026-05-16T14:22:22+00:00,cnsm-io-01,system.cpu.switches,27505.027608572127
2026-05-16T14:23:22+00:00,cnsm-io-01,system.cpu.switches,26853.29650951617
2026-05-16T14:24:22+00:00,cnsm-io-01,system.cpu.switches,26480.12714787419
2026-05-16T14:25:22+00:00,cnsm-io-01,system.cpu.switches,28857.46175700547
2026-05-16T14:26:22+00:00,cnsm-io-01,system.cpu.switches,27302.068767025357
2026-05-16T14:27:22+00:00,cnsm-io-01,system.cpu.switches,26729.42359428852
2026-05-16T14:28:22+00:00,cnsm-io-01,system.cpu.switches,27014.432353270982
2026-05-16T14:29:22+00:00,cnsm-io-01,system.cpu.switches,28001.951799298447
2026-05-16T14:30:22+00:00,cnsm-io-01,system.cpu.switches,26412.50971883312
2026-05-16T14:31:22+00:00,cnsm-io-01,system.cpu.switches,26631.721213791792
2026-05-16T14:32:22+00:00,cnsm-io-01,system.cpu.switches,25697.940097403465
2026-05-16T14:33:22+00:00,cnsm-io-01,system.cpu.switches,24894.451019810913
2026-05-16T14:34:22+00:00,cnsm-io-01,system.cpu.switches,27281.97565770472
2026-05-16T13:26:24+00:00,cnsm-io-01,"system.cpu.util[,guest_nice]",0
2026-05-16T13:27:24+00:00,cnsm-io-01,"system.cpu.util[,guest_nice]",0
2026-05-16T13:28:24+00:00,cnsm-io-01,"system.cpu.util[,guest_nice]",0
2026-05-16T13:29:24+00:00,cnsm-io-01,"system.cpu.util[,guest_nice]",0
2026-05-16T13:30:24+00:00,cnsm-io-01,"system.cpu.util[,guest_nice]",0
2026-05-16T13:31:24+00:00,cnsm-io-01,"system.cpu.util[,guest_nice]",0
2026-05-16T13:32:24+00:00,cnsm-io-01,"system.cpu.util[,guest_nice]",0
2026-05-16T13:33:24+00:00,cnsm-io-01,"system.cpu.util[,guest_nice]",0
2026-05-16T13:34:24+00:00,cnsm-io-01,"system.cpu.util[,guest_nice]",0
2026-05-16T13:35:24+00:00,cnsm-io-01,"system.cpu.util[,guest_nice]",0
2026-05-16T13:36:24+00:00,cnsm-io-01,"system.cpu.util[,guest_nice]",0
2026-05-16T13:37:24+00:00,cnsm-io-01,"system.cpu.util[,guest_nice]",0
2026-05-16T13:38:24+00:00,cnsm-io-01,"system.cpu.util[,guest_nice]",0
2026-05-16T13:39:24+00:00,cnsm-io-01,"system.cpu.util[,guest_nice]",0
2026-05-16T13:40:24+00:00,cnsm-io-01,"system.cpu.util[,guest_nice]",0
2026-05-16T13:41:24+00:00,cnsm-io-01,"system.cpu.util[,guest_nice]",0
2026-05-16T13:42:24+00:00,cnsm-io-01,"system.cpu.util[,guest_nice]",0
2026-05-16T13:43:24+00:00,cnsm-io-01,"system.cpu.util[,guest_nice]",0
2026-05-16T13:44:24+00:00,cnsm-io-01,"system.cpu.util[,guest_nice]",0
2026-05-16T13:45:24+00:00,cnsm-io-01,"system.cpu.util[,guest_nice]",0
2026-05-16T13:46:24+00:00,cnsm-io-01,"system.cpu.util[,guest_nice]",0
2026-05-16T13:47:24+00:00,cnsm-io-01,"system.cpu.util[,guest_nice]",0
2026-05-16T13:48:24+00:00,cnsm-io-01,"system.cpu.util[,guest_nice]",0
2026-05-16T13:49:24+00:00,cnsm-io-01,"system.cpu.util[,guest_nice]",0
2026-05-16T13:50:24+00:00,cnsm-io-01,"system.cpu.util[,guest_nice]",0
2026-05-16T13:51:24+00:00,cnsm-io-01,"system.cpu.util[,guest_nice]",0
2026-05-16T13:52:24+00:00,cnsm-io-01,"system.cpu.util[,guest_nice]",0
2026-05-16T13:53:24+00:00,cnsm-io-01,"system.cpu.util[,guest_nice]",0
2026-05-16T13:54:24+00:00,cnsm-io-01,"system.cpu.util[,guest_nice]",0
2026-05-16T13:55:24+00:00,cnsm-io-01,"system.cpu.util[,guest_nice]",0
2026-05-16T13:56:24+00:00,cnsm-io-01,"system.cpu.util[,guest_nice]",0
2026-05-16T13:57:24+00:00,cnsm-io-01,"system.cpu.util[,guest_nice]",0
2026-05-16T13:58:24+00:00,cnsm-io-01,"system.cpu.util[,guest_nice]",0
2026-05-16T13:59:24+00:00,cnsm-io-01,"system.cpu.util[,guest_nice]",0
2026-05-16T14:00:24+00:00,cnsm-io-01,"system.cpu.util[,guest_nice]",0
2026-05-16T14:01:24+00:00,cnsm-io-01,"system.cpu.util[,guest_nice]",0
2026-05-16T14:02:24+00:00,cnsm-io-01,"system.cpu.util[,guest_nice]",0
2026-05-16T14:03:24+00:00,cnsm-io-01,"system.cpu.util[,guest_nice]",0
2026-05-16T14:04:24+00:00,cnsm-io-01,"system.cpu.util[,guest_nice]",0
2026-05-16T14:05:24+00:00,cnsm-io-01,"system.cpu.util[,guest_nice]",0
2026-05-16T14:06:24+00:00,cnsm-io-01,"system.cpu.util[,guest_nice]",0
2026-05-16T14:07:24+00:00,cnsm-io-01,"system.cpu.util[,guest_nice]",0
2026-05-16T14:08:24+00:00,cnsm-io-01,"system.cpu.util[,guest_nice]",0
2026-05-16T14:09:24+00:00,cnsm-io-01,"system.cpu.util[,guest_nice]",0
2026-05-16T14:10:24+00:00,cnsm-io-01,"system.cpu.util[,guest_nice]",0
2026-05-16T14:11:24+00:00,cnsm-io-01,"system.cpu.util[,guest_nice]",0
2026-05-16T14:12:24+00:00,cnsm-io-01,"system.cpu.util[,guest_nice]",0
2026-05-16T14:13:24+00:00,cnsm-io-01,"system.cpu.util[,guest_nice]",0
2026-05-16T14:14:24+00:00,cnsm-io-01,"system.cpu.util[,guest_nice]",0
2026-05-16T14:15:24+00:00,cnsm-io-01,"system.cpu.util[,guest_nice]",0
2026-05-16T14:16:24+00:00,cnsm-io-01,"system.cpu.util[,guest_nice]",0
2026-05-16T14:17:24+00:00,cnsm-io-01,"system.cpu.util[,guest_nice]",0
2026-05-16T14:18:24+00:00,cnsm-io-01,"system.cpu.util[,guest_nice]",0
2026-05-16T14:19:24+00:00,cnsm-io-01,"system.cpu.util[,guest_nice]",0
2026-05-16T14:20:24+00:00,cnsm-io-01,"system.cpu.util[,guest_nice]",0
2026-05-16T14:21:24+00:00,cnsm-io-01,"system.cpu.util[,guest_nice]",0
2026-05-16T14:22:24+00:00,cnsm-io-01,"system.cpu.util[,guest_nice]",0
2026-05-16T14:23:24+00:00,cnsm-io-01,"system.cpu.util[,guest_nice]",0
2026-05-16T14:24:24+00:00,cnsm-io-01,"system.cpu.util[,guest_nice]",0
2026-05-16T14:25:24+00:00,cnsm-io-01,"system.cpu.util[,guest_nice]",0
2026-05-16T14:26:24+00:00,cnsm-io-01,"system.cpu.util[,guest_nice]",0
2026-05-16T14:27:24+00:00,cnsm-io-01,"system.cpu.util[,guest_nice]",0
2026-05-16T14:28:24+00:00,cnsm-io-01,"system.cpu.util[,guest_nice]",0
2026-05-16T14:29:24+00:00,cnsm-io-01,"system.cpu.util[,guest_nice]",0
2026-05-16T14:30:24+00:00,cnsm-io-01,"system.cpu.util[,guest_nice]",0
2026-05-16T14:31:24+00:00,cnsm-io-01,"system.cpu.util[,guest_nice]",0
2026-05-16T14:32:24+00:00,cnsm-io-01,"system.cpu.util[,guest_nice]",0
2026-05-16T14:33:24+00:00,cnsm-io-01,"system.cpu.util[,guest_nice]",0
2026-05-16T14:34:24+00:00,cnsm-io-01,"system.cpu.util[,guest_nice]",0
2026-05-16T13:26:23+00:00,cnsm-io-01,"system.cpu.util[,guest]",0
2026-05-16T13:27:23+00:00,cnsm-io-01,"system.cpu.util[,guest]",0
2026-05-16T13:28:23+00:00,cnsm-io-01,"system.cpu.util[,guest]",0
2026-05-16T13:29:23+00:00,cnsm-io-01,"system.cpu.util[,guest]",0
2026-05-16T13:30:23+00:00,cnsm-io-01,"system.cpu.util[,guest]",0
2026-05-16T13:31:23+00:00,cnsm-io-01,"system.cpu.util[,guest]",0
2026-05-16T13:32:23+00:00,cnsm-io-01,"system.cpu.util[,guest]",0
2026-05-16T13:33:23+00:00,cnsm-io-01,"system.cpu.util[,guest]",0
2026-05-16T13:34:23+00:00,cnsm-io-01,"system.cpu.util[,guest]",0
2026-05-16T13:35:23+00:00,cnsm-io-01,"system.cpu.util[,guest]",0
2026-05-16T13:36:23+00:00,cnsm-io-01,"system.cpu.util[,guest]",0
2026-05-16T13:37:23+00:00,cnsm-io-01,"system.cpu.util[,guest]",0
2026-05-16T13:38:23+00:00,cnsm-io-01,"system.cpu.util[,guest]",0
2026-05-16T13:39:23+00:00,cnsm-io-01,"system.cpu.util[,guest]",0
2026-05-16T13:40:23+00:00,cnsm-io-01,"system.cpu.util[,guest]",0
2026-05-16T13:41:23+00:00,cnsm-io-01,"system.cpu.util[,guest]",0
2026-05-16T13:42:23+00:00,cnsm-io-01,"system.cpu.util[,guest]",0
2026-05-16T13:43:23+00:00,cnsm-io-01,"system.cpu.util[,guest]",0
2026-05-16T13:44:23+00:00,cnsm-io-01,"system.cpu.util[,guest]",0
2026-05-16T13:45:23+00:00,cnsm-io-01,"system.cpu.util[,guest]",0
2026-05-16T13:46:23+00:00,cnsm-io-01,"system.cpu.util[,guest]",0
2026-05-16T13:47:23+00:00,cnsm-io-01,"system.cpu.util[,guest]",0
2026-05-16T13:48:23+00:00,cnsm-io-01,"system.cpu.util[,guest]",0
2026-05-16T13:49:23+00:00,cnsm-io-01,"system.cpu.util[,guest]",0
2026-05-16T13:50:23+00:00,cnsm-io-01,"system.cpu.util[,guest]",0
2026-05-16T13:51:23+00:00,cnsm-io-01,"system.cpu.util[,guest]",0
2026-05-16T13:52:23+00:00,cnsm-io-01,"system.cpu.util[,guest]",0
2026-05-16T13:53:23+00:00,cnsm-io-01,"system.cpu.util[,guest]",0
2026-05-16T13:54:23+00:00,cnsm-io-01,"system.cpu.util[,guest]",0
2026-05-16T13:55:23+00:00,cnsm-io-01,"system.cpu.util[,guest]",0
2026-05-16T13:56:23+00:00,cnsm-io-01,"system.cpu.util[,guest]",0
2026-05-16T13:57:23+00:00,cnsm-io-01,"system.cpu.util[,guest]",0
2026-05-16T13:58:23+00:00,cnsm-io-01,"system.cpu.util[,guest]",0
2026-05-16T13:59:23+00:00,cnsm-io-01,"system.cpu.util[,guest]",0
2026-05-16T14:00:23+00:00,cnsm-io-01,"system.cpu.util[,guest]",0
2026-05-16T14:01:23+00:00,cnsm-io-01,"system.cpu.util[,guest]",0
2026-05-16T14:02:23+00:00,cnsm-io-01,"system.cpu.util[,guest]",0
2026-05-16T14:03:23+00:00,cnsm-io-01,"system.cpu.util[,guest]",0
2026-05-16T14:04:23+00:00,cnsm-io-01,"system.cpu.util[,guest]",0
2026-05-16T14:05:23+00:00,cnsm-io-01,"system.cpu.util[,guest]",0
2026-05-16T14:06:23+00:00,cnsm-io-01,"system.cpu.util[,guest]",0
2026-05-16T14:07:23+00:00,cnsm-io-01,"system.cpu.util[,guest]",0
2026-05-16T14:08:23+00:00,cnsm-io-01,"system.cpu.util[,guest]",0
2026-05-16T14:09:23+00:00,cnsm-io-01,"system.cpu.util[,guest]",0
2026-05-16T14:10:23+00:00,cnsm-io-01,"system.cpu.util[,guest]",0
2026-05-16T14:11:23+00:00,cnsm-io-01,"system.cpu.util[,guest]",0
2026-05-16T14:12:23+00:00,cnsm-io-01,"system.cpu.util[,guest]",0
2026-05-16T14:13:23+00:00,cnsm-io-01,"system.cpu.util[,guest]",0
2026-05-16T14:14:23+00:00,cnsm-io-01,"system.cpu.util[,guest]",0
2026-05-16T14:15:23+00:00,cnsm-io-01,"system.cpu.util[,guest]",0
2026-05-16T14:16:23+00:00,cnsm-io-01,"system.cpu.util[,guest]",0
2026-05-16T14:17:23+00:00,cnsm-io-01,"system.cpu.util[,guest]",0
2026-05-16T14:18:23+00:00,cnsm-io-01,"system.cpu.util[,guest]",0
2026-05-16T14:19:23+00:00,cnsm-io-01,"system.cpu.util[,guest]",0
2026-05-16T14:20:23+00:00,cnsm-io-01,"system.cpu.util[,guest]",0
2026-05-16T14:21:23+00:00,cnsm-io-01,"system.cpu.util[,guest]",0
2026-05-16T14:22:23+00:00,cnsm-io-01,"system.cpu.util[,guest]",0
2026-05-16T14:23:23+00:00,cnsm-io-01,"system.cpu.util[,guest]",0
2026-05-16T14:24:23+00:00,cnsm-io-01,"system.cpu.util[,guest]",0
2026-05-16T14:25:23+00:00,cnsm-io-01,"system.cpu.util[,guest]",0
2026-05-16T14:26:23+00:00,cnsm-io-01,"system.cpu.util[,guest]",0
2026-05-16T14:27:23+00:00,cnsm-io-01,"system.cpu.util[,guest]",0
2026-05-16T14:28:23+00:00,cnsm-io-01,"system.cpu.util[,guest]",0
2026-05-16T14:29:23+00:00,cnsm-io-01,"system.cpu.util[,guest]",0
2026-05-16T14:30:23+00:00,cnsm-io-01,"system.cpu.util[,guest]",0
2026-05-16T14:31:23+00:00,cnsm-io-01,"system.cpu.util[,guest]",0
2026-05-16T14:32:23+00:00,cnsm-io-01,"system.cpu.util[,guest]",0
2026-05-16T14:33:23+00:00,cnsm-io-01,"system.cpu.util[,guest]",0
2026-05-16T14:34:23+00:00,cnsm-io-01,"system.cpu.util[,guest]",0
2026-05-16T13:26:25+00:00,cnsm-io-01,"system.cpu.util[,idle]",83.759961
2026-05-16T13:27:25+00:00,cnsm-io-01,"system.cpu.util[,idle]",85.455661
2026-05-16T13:28:25+00:00,cnsm-io-01,"system.cpu.util[,idle]",81.991454
2026-05-16T13:29:25+00:00,cnsm-io-01,"system.cpu.util[,idle]",83.591371
2026-05-16T13:30:25+00:00,cnsm-io-01,"system.cpu.util[,idle]",83.235002
2026-05-16T13:31:25+00:00,cnsm-io-01,"system.cpu.util[,idle]",83.738152
2026-05-16T13:32:25+00:00,cnsm-io-01,"system.cpu.util[,idle]",83.093913
2026-05-16T13:33:25+00:00,cnsm-io-01,"system.cpu.util[,idle]",84.101056
2026-05-16T13:34:25+00:00,cnsm-io-01,"system.cpu.util[,idle]",84.100817
2026-05-16T13:35:25+00:00,cnsm-io-01,"system.cpu.util[,idle]",84.594229
2026-05-16T13:36:25+00:00,cnsm-io-01,"system.cpu.util[,idle]",85.015129
2026-05-16T13:37:25+00:00,cnsm-io-01,"system.cpu.util[,idle]",83.655331
2026-05-16T13:38:25+00:00,cnsm-io-01,"system.cpu.util[,idle]",82.972418
2026-05-16T13:39:25+00:00,cnsm-io-01,"system.cpu.util[,idle]",84.231355
2026-05-16T13:40:25+00:00,cnsm-io-01,"system.cpu.util[,idle]",82.093822
2026-05-16T13:41:25+00:00,cnsm-io-01,"system.cpu.util[,idle]",85.585757
2026-05-16T13:42:25+00:00,cnsm-io-01,"system.cpu.util[,idle]",80.22169
2026-05-16T13:43:25+00:00,cnsm-io-01,"system.cpu.util[,idle]",80.972552
2026-05-16T13:44:25+00:00,cnsm-io-01,"system.cpu.util[,idle]",82.780474
2026-05-16T13:45:25+00:00,cnsm-io-01,"system.cpu.util[,idle]",84.240305
2026-05-16T13:46:25+00:00,cnsm-io-01,"system.cpu.util[,idle]",82.958056
2026-05-16T13:47:25+00:00,cnsm-io-01,"system.cpu.util[,idle]",82.047867
2026-05-16T13:48:25+00:00,cnsm-io-01,"system.cpu.util[,idle]",83.978847
2026-05-16T13:49:25+00:00,cnsm-io-01,"system.cpu.util[,idle]",82.543551
2026-05-16T13:50:25+00:00,cnsm-io-01,"system.cpu.util[,idle]",85.883746
2026-05-16T13:51:25+00:00,cnsm-io-01,"system.cpu.util[,idle]",84.476305
2026-05-16T13:52:25+00:00,cnsm-io-01,"system.cpu.util[,idle]",81.771076
2026-05-16T13:53:25+00:00,cnsm-io-01,"system.cpu.util[,idle]",84.443975
2026-05-16T13:54:25+00:00,cnsm-io-01,"system.cpu.util[,idle]",83.467912
2026-05-16T13:55:25+00:00,cnsm-io-01,"system.cpu.util[,idle]",83.401726
2026-05-16T13:56:25+00:00,cnsm-io-01,"system.cpu.util[,idle]",77.306854
2026-05-16T13:57:25+00:00,cnsm-io-01,"system.cpu.util[,idle]",76.102118
2026-05-16T13:58:25+00:00,cnsm-io-01,"system.cpu.util[,idle]",72.657821
2026-05-16T13:59:25+00:00,cnsm-io-01,"system.cpu.util[,idle]",76.197323
2026-05-16T14:00:25+00:00,cnsm-io-01,"system.cpu.util[,idle]",71.427967
2026-05-16T14:01:25+00:00,cnsm-io-01,"system.cpu.util[,idle]",70.127863
2026-05-16T14:02:25+00:00,cnsm-io-01,"system.cpu.util[,idle]",70.719377
2026-05-16T14:03:25+00:00,cnsm-io-01,"system.cpu.util[,idle]",69.43298
2026-05-16T14:04:25+00:00,cnsm-io-01,"system.cpu.util[,idle]",70.179932
2026-05-16T14:05:25+00:00,cnsm-io-01,"system.cpu.util[,idle]",73.568012
2026-05-16T14:06:25+00:00,cnsm-io-01,"system.cpu.util[,idle]",84.735216
2026-05-16T14:07:25+00:00,cnsm-io-01,"system.cpu.util[,idle]",82.747739
2026-05-16T14:08:25+00:00,cnsm-io-01,"system.cpu.util[,idle]",81.104313
2026-05-16T14:09:25+00:00,cnsm-io-01,"system.cpu.util[,idle]",85.02486
2026-05-16T14:10:25+00:00,cnsm-io-01,"system.cpu.util[,idle]",83.879909
2026-05-16T14:11:25+00:00,cnsm-io-01,"system.cpu.util[,idle]",83.556337
2026-05-16T14:12:25+00:00,cnsm-io-01,"system.cpu.util[,idle]",83.371404
2026-05-16T14:13:25+00:00,cnsm-io-01,"system.cpu.util[,idle]",83.752009
2026-05-16T14:14:25+00:00,cnsm-io-01,"system.cpu.util[,idle]",82.736184
2026-05-16T14:15:25+00:00,cnsm-io-01,"system.cpu.util[,idle]",81.328345
2026-05-16T14:16:25+00:00,cnsm-io-01,"system.cpu.util[,idle]",84.61815
2026-05-16T14:17:25+00:00,cnsm-io-01,"system.cpu.util[,idle]",82.359539
2026-05-16T14:18:25+00:00,cnsm-io-01,"system.cpu.util[,idle]",85.509975
2026-05-16T14:19:25+00:00,cnsm-io-01,"system.cpu.util[,idle]",84.622222
2026-05-16T14:20:25+00:00,cnsm-io-01,"system.cpu.util[,idle]",85.147949
2026-05-16T14:21:25+00:00,cnsm-io-01,"system.cpu.util[,idle]",84.706555
2026-05-16T14:22:25+00:00,cnsm-io-01,"system.cpu.util[,idle]",81.192855
2026-05-16T14:23:25+00:00,cnsm-io-01,"system.cpu.util[,idle]",83.431014
2026-05-16T14:24:25+00:00,cnsm-io-01,"system.cpu.util[,idle]",80.671184
2026-05-16T14:25:25+00:00,cnsm-io-01,"system.cpu.util[,idle]",82.526325
2026-05-16T14:26:25+00:00,cnsm-io-01,"system.cpu.util[,idle]",84.652669
2026-05-16T14:27:25+00:00,cnsm-io-01,"system.cpu.util[,idle]",85.148913
2026-05-16T14:28:25+00:00,cnsm-io-01,"system.cpu.util[,idle]",82.886354
2026-05-16T14:29:25+00:00,cnsm-io-01,"system.cpu.util[,idle]",80.850884
2026-05-16T14:30:25+00:00,cnsm-io-01,"system.cpu.util[,idle]",84.236036
2026-05-16T14:31:25+00:00,cnsm-io-01,"system.cpu.util[,idle]",83.450495
2026-05-16T14:32:25+00:00,cnsm-io-01,"system.cpu.util[,idle]",83.532674
2026-05-16T14:33:25+00:00,cnsm-io-01,"system.cpu.util[,idle]",84.756562
2026-05-16T14:34:25+00:00,cnsm-io-01,"system.cpu.util[,idle]",84.218314
2026-05-16T13:26:26+00:00,cnsm-io-01,"system.cpu.util[,interrupt]",0
2026-05-16T13:27:26+00:00,cnsm-io-01,"system.cpu.util[,interrupt]",0
2026-05-16T13:28:26+00:00,cnsm-io-01,"system.cpu.util[,interrupt]",0
2026-05-16T13:29:26+00:00,cnsm-io-01,"system.cpu.util[,interrupt]",0
2026-05-16T13:30:26+00:00,cnsm-io-01,"system.cpu.util[,interrupt]",0
2026-05-16T13:31:26+00:00,cnsm-io-01,"system.cpu.util[,interrupt]",0
2026-05-16T13:32:26+00:00,cnsm-io-01,"system.cpu.util[,interrupt]",0
2026-05-16T13:33:26+00:00,cnsm-io-01,"system.cpu.util[,interrupt]",0
2026-05-16T13:34:26+00:00,cnsm-io-01,"system.cpu.util[,interrupt]",0
2026-05-16T13:35:26+00:00,cnsm-io-01,"system.cpu.util[,interrupt]",0
2026-05-16T13:36:26+00:00,cnsm-io-01,"system.cpu.util[,interrupt]",0
2026-05-16T13:37:26+00:00,cnsm-io-01,"system.cpu.util[,interrupt]",0
2026-05-16T13:38:26+00:00,cnsm-io-01,"system.cpu.util[,interrupt]",0
2026-05-16T13:39:26+00:00,cnsm-io-01,"system.cpu.util[,interrupt]",0
2026-05-16T13:40:26+00:00,cnsm-io-01,"system.cpu.util[,interrupt]",0
2026-05-16T13:41:26+00:00,cnsm-io-01,"system.cpu.util[,interrupt]",0
2026-05-16T13:42:26+00:00,cnsm-io-01,"system.cpu.util[,interrupt]",0
2026-05-16T13:43:26+00:00,cnsm-io-01,"system.cpu.util[,interrupt]",0
2026-05-16T13:44:26+00:00,cnsm-io-01,"system.cpu.util[,interrupt]",0
2026-05-16T13:45:26+00:00,cnsm-io-01,"system.cpu.util[,interrupt]",0
2026-05-16T13:46:26+00:00,cnsm-io-01,"system.cpu.util[,interrupt]",0
2026-05-16T13:47:26+00:00,cnsm-io-01,"system.cpu.util[,interrupt]",0
2026-05-16T13:48:26+00:00,cnsm-io-01,"system.cpu.util[,interrupt]",0
2026-05-16T13:49:26+00:00,cnsm-io-01,"system.cpu.util[,interrupt]",0
2026-05-16T13:50:26+00:00,cnsm-io-01,"system.cpu.util[,interrupt]",0
2026-05-16T13:51:26+00:00,cnsm-io-01,"system.cpu.util[,interrupt]",0
2026-05-16T13:52:26+00:00,cnsm-io-01,"system.cpu.util[,interrupt]",0
2026-05-16T13:53:26+00:00,cnsm-io-01,"system.cpu.util[,interrupt]",0
2026-05-16T13:54:26+00:00,cnsm-io-01,"system.cpu.util[,interrupt]",0
2026-05-16T13:55:26+00:00,cnsm-io-01,"system.cpu.util[,interrupt]",0
2026-05-16T13:56:26+00:00,cnsm-io-01,"system.cpu.util[,interrupt]",0
2026-05-16T13:57:26+00:00,cnsm-io-01,"system.cpu.util[,interrupt]",0
2026-05-16T13:58:26+00:00,cnsm-io-01,"system.cpu.util[,interrupt]",0
2026-05-16T13:59:26+00:00,cnsm-io-01,"system.cpu.util[,interrupt]",0
2026-05-16T14:00:26+00:00,cnsm-io-01,"system.cpu.util[,interrupt]",0
2026-05-16T14:01:26+00:00,cnsm-io-01,"system.cpu.util[,interrupt]",0
2026-05-16T14:02:26+00:00,cnsm-io-01,"system.cpu.util[,interrupt]",0
2026-05-16T14:03:26+00:00,cnsm-io-01,"system.cpu.util[,interrupt]",0
2026-05-16T14:04:26+00:00,cnsm-io-01,"system.cpu.util[,interrupt]",0
2026-05-16T14:05:26+00:00,cnsm-io-01,"system.cpu.util[,interrupt]",0
2026-05-16T14:06:26+00:00,cnsm-io-01,"system.cpu.util[,interrupt]",0
2026-05-16T14:07:26+00:00,cnsm-io-01,"system.cpu.util[,interrupt]",0
2026-05-16T14:08:26+00:00,cnsm-io-01,"system.cpu.util[,interrupt]",0
2026-05-16T14:09:26+00:00,cnsm-io-01,"system.cpu.util[,interrupt]",0
2026-05-16T14:10:26+00:00,cnsm-io-01,"system.cpu.util[,interrupt]",0
2026-05-16T14:11:26+00:00,cnsm-io-01,"system.cpu.util[,interrupt]",0
2026-05-16T14:12:26+00:00,cnsm-io-01,"system.cpu.util[,interrupt]",0
2026-05-16T14:13:26+00:00,cnsm-io-01,"system.cpu.util[,interrupt]",0
2026-05-16T14:14:26+00:00,cnsm-io-01,"system.cpu.util[,interrupt]",0
2026-05-16T14:15:26+00:00,cnsm-io-01,"system.cpu.util[,interrupt]",0
2026-05-16T14:16:26+00:00,cnsm-io-01,"system.cpu.util[,interrupt]",0
2026-05-16T14:17:26+00:00,cnsm-io-01,"system.cpu.util[,interrupt]",0
2026-05-16T14:18:26+00:00,cnsm-io-01,"system.cpu.util[,interrupt]",0
2026-05-16T14:19:26+00:00,cnsm-io-01,"system.cpu.util[,interrupt]",0
2026-05-16T14:20:26+00:00,cnsm-io-01,"system.cpu.util[,interrupt]",0
2026-05-16T14:21:26+00:00,cnsm-io-01,"system.cpu.util[,interrupt]",0
2026-05-16T14:22:26+00:00,cnsm-io-01,"system.cpu.util[,interrupt]",0
2026-05-16T14:23:26+00:00,cnsm-io-01,"system.cpu.util[,interrupt]",0
2026-05-16T14:24:26+00:00,cnsm-io-01,"system.cpu.util[,interrupt]",0
2026-05-16T14:25:26+00:00,cnsm-io-01,"system.cpu.util[,interrupt]",0
2026-05-16T14:26:26+00:00,cnsm-io-01,"system.cpu.util[,interrupt]",0
2026-05-16T14:27:26+00:00,cnsm-io-01,"system.cpu.util[,interrupt]",0
2026-05-16T14:28:26+00:00,cnsm-io-01,"system.cpu.util[,interrupt]",0
2026-05-16T14:29:26+00:00,cnsm-io-01,"system.cpu.util[,interrupt]",0
2026-05-16T14:30:26+00:00,cnsm-io-01,"system.cpu.util[,interrupt]",0
2026-05-16T14:31:26+00:00,cnsm-io-01,"system.cpu.util[,interrupt]",0
2026-05-16T14:32:26+00:00,cnsm-io-01,"system.cpu.util[,interrupt]",0
2026-05-16T14:33:26+00:00,cnsm-io-01,"system.cpu.util[,interrupt]",0
2026-05-16T14:34:26+00:00,cnsm-io-01,"system.cpu.util[,interrupt]",0
2026-05-16T13:26:19+00:00,cnsm-io-01,"system.cpu.util[,iowait]",14.302925
2026-05-16T13:27:19+00:00,cnsm-io-01,"system.cpu.util[,iowait]",11.544399
2026-05-16T13:28:19+00:00,cnsm-io-01,"system.cpu.util[,iowait]",15.150297
2026-05-16T13:29:19+00:00,cnsm-io-01,"system.cpu.util[,iowait]",13.553299
2026-05-16T13:30:19+00:00,cnsm-io-01,"system.cpu.util[,iowait]",15.1442
2026-05-16T13:31:19+00:00,cnsm-io-01,"system.cpu.util[,iowait]",12.593782
2026-05-16T13:32:19+00:00,cnsm-io-01,"system.cpu.util[,iowait]",13.763273
2026-05-16T13:33:19+00:00,cnsm-io-01,"system.cpu.util[,iowait]",12.890327
2026-05-16T13:34:19+00:00,cnsm-io-01,"system.cpu.util[,iowait]",13.627318
2026-05-16T13:35:19+00:00,cnsm-io-01,"system.cpu.util[,iowait]",12.525911
2026-05-16T13:36:19+00:00,cnsm-io-01,"system.cpu.util[,iowait]",11.447249
2026-05-16T13:37:19+00:00,cnsm-io-01,"system.cpu.util[,iowait]",13.883304
2026-05-16T13:38:19+00:00,cnsm-io-01,"system.cpu.util[,iowait]",14.14599
2026-05-16T13:39:19+00:00,cnsm-io-01,"system.cpu.util[,iowait]",14.828156
2026-05-16T13:40:19+00:00,cnsm-io-01,"system.cpu.util[,iowait]",13.553083
2026-05-16T13:41:19+00:00,cnsm-io-01,"system.cpu.util[,iowait]",12.230597
2026-05-16T13:42:19+00:00,cnsm-io-01,"system.cpu.util[,iowait]",16.261231
2026-05-16T13:43:19+00:00,cnsm-io-01,"system.cpu.util[,iowait]",17.426858
2026-05-16T13:44:19+00:00,cnsm-io-01,"system.cpu.util[,iowait]",13.844556
2026-05-16T13:45:19+00:00,cnsm-io-01,"system.cpu.util[,iowait]",12.784885
2026-05-16T13:46:19+00:00,cnsm-io-01,"system.cpu.util[,iowait]",14.498094
2026-05-16T13:47:19+00:00,cnsm-io-01,"system.cpu.util[,iowait]",15.040057
2026-05-16T13:48:19+00:00,cnsm-io-01,"system.cpu.util[,iowait]",14.554309
2026-05-16T13:49:19+00:00,cnsm-io-01,"system.cpu.util[,iowait]",13.146305
2026-05-16T13:50:19+00:00,cnsm-io-01,"system.cpu.util[,iowait]",11.59359
2026-05-16T13:51:19+00:00,cnsm-io-01,"system.cpu.util[,iowait]",12.761772
2026-05-16T13:52:19+00:00,cnsm-io-01,"system.cpu.util[,iowait]",15.375344
2026-05-16T13:53:19+00:00,cnsm-io-01,"system.cpu.util[,iowait]",12.99871
2026-05-16T13:54:19+00:00,cnsm-io-01,"system.cpu.util[,iowait]",14.30444
2026-05-16T13:55:19+00:00,cnsm-io-01,"system.cpu.util[,iowait]",12.405363
2026-05-16T13:56:19+00:00,cnsm-io-01,"system.cpu.util[,iowait]",16.180607
2026-05-16T13:57:19+00:00,cnsm-io-01,"system.cpu.util[,iowait]",10.037851
2026-05-16T13:58:19+00:00,cnsm-io-01,"system.cpu.util[,iowait]",12.584897
2026-05-16T13:59:19+00:00,cnsm-io-01,"system.cpu.util[,iowait]",10.519975
2026-05-16T14:00:19+00:00,cnsm-io-01,"system.cpu.util[,iowait]",13.2431
2026-05-16T14:01:19+00:00,cnsm-io-01,"system.cpu.util[,iowait]",17.076268
2026-05-16T14:02:19+00:00,cnsm-io-01,"system.cpu.util[,iowait]",14.034012
2026-05-16T14:03:19+00:00,cnsm-io-01,"system.cpu.util[,iowait]",16.537916
2026-05-16T14:04:19+00:00,cnsm-io-01,"system.cpu.util[,iowait]",15.68366
2026-05-16T14:05:19+00:00,cnsm-io-01,"system.cpu.util[,iowait]",14.644422
2026-05-16T14:06:19+00:00,cnsm-io-01,"system.cpu.util[,iowait]",13.428759
2026-05-16T14:07:19+00:00,cnsm-io-01,"system.cpu.util[,iowait]",14.498771
2026-05-16T14:08:19+00:00,cnsm-io-01,"system.cpu.util[,iowait]",14.975242
2026-05-16T14:09:19+00:00,cnsm-io-01,"system.cpu.util[,iowait]",13.40697
2026-05-16T14:10:19+00:00,cnsm-io-01,"system.cpu.util[,iowait]",12.636433
2026-05-16T14:11:19+00:00,cnsm-io-01,"system.cpu.util[,iowait]",13.48788
2026-05-16T14:12:19+00:00,cnsm-io-01,"system.cpu.util[,iowait]",14.073573
2026-05-16T14:13:19+00:00,cnsm-io-01,"system.cpu.util[,iowait]",13.627712
2026-05-16T14:14:19+00:00,cnsm-io-01,"system.cpu.util[,iowait]",13.592582
2026-05-16T14:15:19+00:00,cnsm-io-01,"system.cpu.util[,iowait]",16.353411
2026-05-16T14:16:19+00:00,cnsm-io-01,"system.cpu.util[,iowait]",13.5524
2026-05-16T14:17:19+00:00,cnsm-io-01,"system.cpu.util[,iowait]",13.97704
2026-05-16T14:18:19+00:00,cnsm-io-01,"system.cpu.util[,iowait]",11.961419
2026-05-16T14:19:19+00:00,cnsm-io-01,"system.cpu.util[,iowait]",12.580973
2026-05-16T14:20:19+00:00,cnsm-io-01,"system.cpu.util[,iowait]",12.274872
2026-05-16T14:21:19+00:00,cnsm-io-01,"system.cpu.util[,iowait]",11.930411
2026-05-16T14:22:19+00:00,cnsm-io-01,"system.cpu.util[,iowait]",15.830688
2026-05-16T14:23:19+00:00,cnsm-io-01,"system.cpu.util[,iowait]",13.588555
2026-05-16T14:24:19+00:00,cnsm-io-01,"system.cpu.util[,iowait]",17.61182
2026-05-16T14:25:19+00:00,cnsm-io-01,"system.cpu.util[,iowait]",15.707117
2026-05-16T14:26:19+00:00,cnsm-io-01,"system.cpu.util[,iowait]",11.043243
2026-05-16T14:27:19+00:00,cnsm-io-01,"system.cpu.util[,iowait]",12.709964
2026-05-16T14:28:19+00:00,cnsm-io-01,"system.cpu.util[,iowait]",14.243078
2026-05-16T14:29:19+00:00,cnsm-io-01,"system.cpu.util[,iowait]",15.830018
2026-05-16T14:30:19+00:00,cnsm-io-01,"system.cpu.util[,iowait]",13.381444
2026-05-16T14:31:19+00:00,cnsm-io-01,"system.cpu.util[,iowait]",13.302558
2026-05-16T14:32:19+00:00,cnsm-io-01,"system.cpu.util[,iowait]",14.795443
2026-05-16T14:33:19+00:00,cnsm-io-01,"system.cpu.util[,iowait]",11.971548
2026-05-16T14:34:19+00:00,cnsm-io-01,"system.cpu.util[,iowait]",13.734868
2026-05-16T13:26:08+00:00,cnsm-io-01,"system.cpu.util[,nice]",0
2026-05-16T13:27:08+00:00,cnsm-io-01,"system.cpu.util[,nice]",0
2026-05-16T13:28:08+00:00,cnsm-io-01,"system.cpu.util[,nice]",0
2026-05-16T13:29:08+00:00,cnsm-io-01,"system.cpu.util[,nice]",0
2026-05-16T13:30:08+00:00,cnsm-io-01,"system.cpu.util[,nice]",0
2026-05-16T13:31:08+00:00,cnsm-io-01,"system.cpu.util[,nice]",0
2026-05-16T13:32:08+00:00,cnsm-io-01,"system.cpu.util[,nice]",0
2026-05-16T13:33:08+00:00,cnsm-io-01,"system.cpu.util[,nice]",0
2026-05-16T13:34:08+00:00,cnsm-io-01,"system.cpu.util[,nice]",0
2026-05-16T13:35:08+00:00,cnsm-io-01,"system.cpu.util[,nice]",0
2026-05-16T13:36:08+00:00,cnsm-io-01,"system.cpu.util[,nice]",0
2026-05-16T13:37:08+00:00,cnsm-io-01,"system.cpu.util[,nice]",0
2026-05-16T13:38:08+00:00,cnsm-io-01,"system.cpu.util[,nice]",0
2026-05-16T13:39:08+00:00,cnsm-io-01,"system.cpu.util[,nice]",0
2026-05-16T13:40:08+00:00,cnsm-io-01,"system.cpu.util[,nice]",0
2026-05-16T13:41:08+00:00,cnsm-io-01,"system.cpu.util[,nice]",0
2026-05-16T13:42:08+00:00,cnsm-io-01,"system.cpu.util[,nice]",0
2026-05-16T13:43:08+00:00,cnsm-io-01,"system.cpu.util[,nice]",0
2026-05-16T13:44:08+00:00,cnsm-io-01,"system.cpu.util[,nice]",0
2026-05-16T13:45:08+00:00,cnsm-io-01,"system.cpu.util[,nice]",0
2026-05-16T13:46:08+00:00,cnsm-io-01,"system.cpu.util[,nice]",0
2026-05-16T13:47:08+00:00,cnsm-io-01,"system.cpu.util[,nice]",0
2026-05-16T13:48:08+00:00,cnsm-io-01,"system.cpu.util[,nice]",0
2026-05-16T13:49:08+00:00,cnsm-io-01,"system.cpu.util[,nice]",0
2026-05-16T13:50:08+00:00,cnsm-io-01,"system.cpu.util[,nice]",0
2026-05-16T13:51:08+00:00,cnsm-io-01,"system.cpu.util[,nice]",0
2026-05-16T13:52:08+00:00,cnsm-io-01,"system.cpu.util[,nice]",0
2026-05-16T13:53:08+00:00,cnsm-io-01,"system.cpu.util[,nice]",0
2026-05-16T13:54:08+00:00,cnsm-io-01,"system.cpu.util[,nice]",0
2026-05-16T13:55:08+00:00,cnsm-io-01,"system.cpu.util[,nice]",0
2026-05-16T13:56:08+00:00,cnsm-io-01,"system.cpu.util[,nice]",0
2026-05-16T13:57:08+00:00,cnsm-io-01,"system.cpu.util[,nice]",0
2026-05-16T13:58:08+00:00,cnsm-io-01,"system.cpu.util[,nice]",0
2026-05-16T13:59:08+00:00,cnsm-io-01,"system.cpu.util[,nice]",0
2026-05-16T14:00:08+00:00,cnsm-io-01,"system.cpu.util[,nice]",0
2026-05-16T14:01:08+00:00,cnsm-io-01,"system.cpu.util[,nice]",0
2026-05-16T14:02:08+00:00,cnsm-io-01,"system.cpu.util[,nice]",0
2026-05-16T14:03:08+00:00,cnsm-io-01,"system.cpu.util[,nice]",0
2026-05-16T14:04:08+00:00,cnsm-io-01,"system.cpu.util[,nice]",0
2026-05-16T14:05:08+00:00,cnsm-io-01,"system.cpu.util[,nice]",0
2026-05-16T14:06:08+00:00,cnsm-io-01,"system.cpu.util[,nice]",0
2026-05-16T14:07:08+00:00,cnsm-io-01,"system.cpu.util[,nice]",0
2026-05-16T14:08:08+00:00,cnsm-io-01,"system.cpu.util[,nice]",0
2026-05-16T14:09:08+00:00,cnsm-io-01,"system.cpu.util[,nice]",0
2026-05-16T14:10:08+00:00,cnsm-io-01,"system.cpu.util[,nice]",0
2026-05-16T14:11:08+00:00,cnsm-io-01,"system.cpu.util[,nice]",0
2026-05-16T14:12:08+00:00,cnsm-io-01,"system.cpu.util[,nice]",0
2026-05-16T14:13:08+00:00,cnsm-io-01,"system.cpu.util[,nice]",0
2026-05-16T14:14:08+00:00,cnsm-io-01,"system.cpu.util[,nice]",0
2026-05-16T14:15:08+00:00,cnsm-io-01,"system.cpu.util[,nice]",0
2026-05-16T14:16:08+00:00,cnsm-io-01,"system.cpu.util[,nice]",0
2026-05-16T14:17:08+00:00,cnsm-io-01,"system.cpu.util[,nice]",0
2026-05-16T14:18:08+00:00,cnsm-io-01,"system.cpu.util[,nice]",0
2026-05-16T14:19:08+00:00,cnsm-io-01,"system.cpu.util[,nice]",0
2026-05-16T14:20:08+00:00,cnsm-io-01,"system.cpu.util[,nice]",0
2026-05-16T14:21:08+00:00,cnsm-io-01,"system.cpu.util[,nice]",0
2026-05-16T14:22:08+00:00,cnsm-io-01,"system.cpu.util[,nice]",0
2026-05-16T14:23:08+00:00,cnsm-io-01,"system.cpu.util[,nice]",0
2026-05-16T14:24:08+00:00,cnsm-io-01,"system.cpu.util[,nice]",0
2026-05-16T14:25:08+00:00,cnsm-io-01,"system.cpu.util[,nice]",0
2026-05-16T14:26:08+00:00,cnsm-io-01,"system.cpu.util[,nice]",0
2026-05-16T14:27:08+00:00,cnsm-io-01,"system.cpu.util[,nice]",0
2026-05-16T14:28:08+00:00,cnsm-io-01,"system.cpu.util[,nice]",0
2026-05-16T14:29:08+00:00,cnsm-io-01,"system.cpu.util[,nice]",0
2026-05-16T14:30:08+00:00,cnsm-io-01,"system.cpu.util[,nice]",0
2026-05-16T14:31:08+00:00,cnsm-io-01,"system.cpu.util[,nice]",0
2026-05-16T14:32:08+00:00,cnsm-io-01,"system.cpu.util[,nice]",0
2026-05-16T14:33:08+00:00,cnsm-io-01,"system.cpu.util[,nice]",0
2026-05-16T14:34:08+00:00,cnsm-io-01,"system.cpu.util[,nice]",0
2026-05-16T14:35:08+00:00,cnsm-io-01,"system.cpu.util[,nice]",0
2026-05-16T13:26:58+00:00,cnsm-io-01,"system.cpu.util[,softirq]",0.00847
2026-05-16T13:27:58+00:00,cnsm-io-01,"system.cpu.util[,softirq]",0.029618
2026-05-16T13:28:58+00:00,cnsm-io-01,"system.cpu.util[,softirq]",0.014804
2026-05-16T13:29:58+00:00,cnsm-io-01,"system.cpu.util[,softirq]",0.02749
2026-05-16T13:30:58+00:00,cnsm-io-01,"system.cpu.util[,softirq]",0.021142
2026-05-16T13:31:58+00:00,cnsm-io-01,"system.cpu.util[,softirq]",0.014797
2026-05-16T13:32:58+00:00,cnsm-io-01,"system.cpu.util[,softirq]",0.014809
2026-05-16T13:33:58+00:00,cnsm-io-01,"system.cpu.util[,softirq]",0.01693
2026-05-16T13:34:58+00:00,cnsm-io-01,"system.cpu.util[,softirq]",0.012694
2026-05-16T13:35:58+00:00,cnsm-io-01,"system.cpu.util[,softirq]",0.014831
2026-05-16T13:36:58+00:00,cnsm-io-01,"system.cpu.util[,softirq]",0.008466
2026-05-16T13:37:58+00:00,cnsm-io-01,"system.cpu.util[,softirq]",0.012703
2026-05-16T13:38:58+00:00,cnsm-io-01,"system.cpu.util[,softirq]",0.012694
2026-05-16T13:39:58+00:00,cnsm-io-01,"system.cpu.util[,softirq]",0.014805
2026-05-16T13:40:58+00:00,cnsm-io-01,"system.cpu.util[,softirq]",0.010589
2026-05-16T13:41:58+00:00,cnsm-io-01,"system.cpu.util[,softirq]",0.014824
2026-05-16T13:42:58+00:00,cnsm-io-01,"system.cpu.util[,softirq]",0.019074
2026-05-16T13:43:58+00:00,cnsm-io-01,"system.cpu.util[,softirq]",0.010594
2026-05-16T13:44:58+00:00,cnsm-io-01,"system.cpu.util[,softirq]",0.0106
2026-05-16T13:45:58+00:00,cnsm-io-01,"system.cpu.util[,softirq]",0.016961
2026-05-16T13:46:58+00:00,cnsm-io-01,"system.cpu.util[,softirq]",0.019027
2026-05-16T13:47:58+00:00,cnsm-io-01,"system.cpu.util[,softirq]",0.014803
2026-05-16T13:48:58+00:00,cnsm-io-01,"system.cpu.util[,softirq]",0.014809
2026-05-16T13:49:58+00:00,cnsm-io-01,"system.cpu.util[,softirq]",0.02327
2026-05-16T13:50:58+00:00,cnsm-io-01,"system.cpu.util[,softirq]",0.023265
2026-05-16T13:51:58+00:00,cnsm-io-01,"system.cpu.util[,softirq]",0.014803
2026-05-16T13:52:58+00:00,cnsm-io-01,"system.cpu.util[,softirq]",0.014809
2026-05-16T13:53:58+00:00,cnsm-io-01,"system.cpu.util[,softirq]",0.014802
2026-05-16T13:54:58+00:00,cnsm-io-01,"system.cpu.util[,softirq]",0.014815
2026-05-16T13:55:58+00:00,cnsm-io-01,"system.cpu.util[,softirq]",0.025376
2026-05-16T13:56:58+00:00,cnsm-io-01,"system.cpu.util[,softirq]",0.008456
2026-05-16T13:57:58+00:00,cnsm-io-01,"system.cpu.util[,softirq]",0.006344
2026-05-16T13:58:58+00:00,cnsm-io-01,"system.cpu.util[,softirq]",0.014793
2026-05-16T13:59:58+00:00,cnsm-io-01,"system.cpu.util[,softirq]",0.004229
2026-05-16T14:00:58+00:00,cnsm-io-01,"system.cpu.util[,softirq]",0.012693
2026-05-16T14:01:58+00:00,cnsm-io-01,"system.cpu.util[,softirq]",0.010582
2026-05-16T14:02:58+00:00,cnsm-io-01,"system.cpu.util[,softirq]",0.012697
2026-05-16T14:03:58+00:00,cnsm-io-01,"system.cpu.util[,softirq]",0.012717
2026-05-16T14:04:58+00:00,cnsm-io-01,"system.cpu.util[,softirq]",0.008469
2026-05-16T14:05:58+00:00,cnsm-io-01,"system.cpu.util[,softirq]",0.021171
2026-05-16T14:06:58+00:00,cnsm-io-01,"system.cpu.util[,softirq]",0.010575
2026-05-16T14:07:58+00:00,cnsm-io-01,"system.cpu.util[,softirq]",0.01482
2026-05-16T14:08:58+00:00,cnsm-io-01,"system.cpu.util[,softirq]",0.019043
2026-05-16T14:09:58+00:00,cnsm-io-01,"system.cpu.util[,softirq]",0.019029
2026-05-16T14:10:58+00:00,cnsm-io-01,"system.cpu.util[,softirq]",0.016942
2026-05-16T14:11:58+00:00,cnsm-io-01,"system.cpu.util[,softirq]",0.031712
2026-05-16T14:12:58+00:00,cnsm-io-01,"system.cpu.util[,softirq]",0.016947
2026-05-16T14:13:58+00:00,cnsm-io-01,"system.cpu.util[,softirq]",0.016909
2026-05-16T14:14:58+00:00,cnsm-io-01,"system.cpu.util[,softirq]",0.019023
2026-05-16T14:15:58+00:00,cnsm-io-01,"system.cpu.util[,softirq]",0.010564
2026-05-16T14:16:58+00:00,cnsm-io-01,"system.cpu.util[,softirq]",0.019031
2026-05-16T14:17:58+00:00,cnsm-io-01,"system.cpu.util[,softirq]",0.014799
2026-05-16T14:18:58+00:00,cnsm-io-01,"system.cpu.util[,softirq]",0.010589
2026-05-16T14:19:58+00:00,cnsm-io-01,"system.cpu.util[,softirq]",0.012693
2026-05-16T14:20:58+00:00,cnsm-io-01,"system.cpu.util[,softirq]",0.02116
2026-05-16T14:21:58+00:00,cnsm-io-01,"system.cpu.util[,softirq]",0.025443
2026-05-16T14:22:58+00:00,cnsm-io-01,"system.cpu.util[,softirq]",0.010582
2026-05-16T14:23:58+00:00,cnsm-io-01,"system.cpu.util[,softirq]",0.014819
2026-05-16T14:24:58+00:00,cnsm-io-01,"system.cpu.util[,softirq]",0.014801
2026-05-16T14:25:58+00:00,cnsm-io-01,"system.cpu.util[,softirq]",0.012689
2026-05-16T14:26:58+00:00,cnsm-io-01,"system.cpu.util[,softirq]",0.02114
2026-05-16T14:27:58+00:00,cnsm-io-01,"system.cpu.util[,softirq]",0.010582
2026-05-16T14:28:58+00:00,cnsm-io-01,"system.cpu.util[,softirq]",0.012693
2026-05-16T14:29:58+00:00,cnsm-io-01,"system.cpu.util[,softirq]",0.012705
2026-05-16T14:30:58+00:00,cnsm-io-01,"system.cpu.util[,softirq]",0.014831
2026-05-16T14:31:58+00:00,cnsm-io-01,"system.cpu.util[,softirq]",0.014832
2026-05-16T14:32:58+00:00,cnsm-io-01,"system.cpu.util[,softirq]",0.016936
2026-05-16T14:33:58+00:00,cnsm-io-01,"system.cpu.util[,softirq]",0.014795
2026-05-16T14:34:58+00:00,cnsm-io-01,"system.cpu.util[,softirq]",0.021144
2026-05-16T13:26:07+00:00,cnsm-io-01,"system.cpu.util[,steal]",0.002114
2026-05-16T13:27:07+00:00,cnsm-io-01,"system.cpu.util[,steal]",0.00423
2026-05-16T13:28:07+00:00,cnsm-io-01,"system.cpu.util[,steal]",0
2026-05-16T13:29:07+00:00,cnsm-io-01,"system.cpu.util[,steal]",0.002116
2026-05-16T13:30:07+00:00,cnsm-io-01,"system.cpu.util[,steal]",0.002115
2026-05-16T13:31:07+00:00,cnsm-io-01,"system.cpu.util[,steal]",0.002114
2026-05-16T13:32:07+00:00,cnsm-io-01,"system.cpu.util[,steal]",0.002114
2026-05-16T13:33:07+00:00,cnsm-io-01,"system.cpu.util[,steal]",0.002116
2026-05-16T13:34:07+00:00,cnsm-io-01,"system.cpu.util[,steal]",0.002117
2026-05-16T13:35:07+00:00,cnsm-io-01,"system.cpu.util[,steal]",0.002115
2026-05-16T13:36:07+00:00,cnsm-io-01,"system.cpu.util[,steal]",0.002116
2026-05-16T13:37:07+00:00,cnsm-io-01,"system.cpu.util[,steal]",0.002117
2026-05-16T13:38:07+00:00,cnsm-io-01,"system.cpu.util[,steal]",0.002119
2026-05-16T13:39:07+00:00,cnsm-io-01,"system.cpu.util[,steal]",0.002116
2026-05-16T13:40:07+00:00,cnsm-io-01,"system.cpu.util[,steal]",0.002115
2026-05-16T13:41:07+00:00,cnsm-io-01,"system.cpu.util[,steal]",0.004235
2026-05-16T13:42:07+00:00,cnsm-io-01,"system.cpu.util[,steal]",0.002118
2026-05-16T13:43:07+00:00,cnsm-io-01,"system.cpu.util[,steal]",0.002119
2026-05-16T13:44:07+00:00,cnsm-io-01,"system.cpu.util[,steal]",0.002119
2026-05-16T13:45:07+00:00,cnsm-io-01,"system.cpu.util[,steal]",0.004236
2026-05-16T13:46:07+00:00,cnsm-io-01,"system.cpu.util[,steal]",0.002119
2026-05-16T13:47:07+00:00,cnsm-io-01,"system.cpu.util[,steal]",0.002116
2026-05-16T13:48:07+00:00,cnsm-io-01,"system.cpu.util[,steal]",0.00423
2026-05-16T13:49:07+00:00,cnsm-io-01,"system.cpu.util[,steal]",0.002116
2026-05-16T13:50:07+00:00,cnsm-io-01,"system.cpu.util[,steal]",0.002115
2026-05-16T13:51:07+00:00,cnsm-io-01,"system.cpu.util[,steal]",0.002115
2026-05-16T13:52:07+00:00,cnsm-io-01,"system.cpu.util[,steal]",0.002115
2026-05-16T13:53:07+00:00,cnsm-io-01,"system.cpu.util[,steal]",0.002115
2026-05-16T13:54:07+00:00,cnsm-io-01,"system.cpu.util[,steal]",0.002114
2026-05-16T13:55:07+00:00,cnsm-io-01,"system.cpu.util[,steal]",0.002114
2026-05-16T13:56:07+00:00,cnsm-io-01,"system.cpu.util[,steal]",0.004235
2026-05-16T13:57:07+00:00,cnsm-io-01,"system.cpu.util[,steal]",0.002114
2026-05-16T13:58:07+00:00,cnsm-io-01,"system.cpu.util[,steal]",0.004228
2026-05-16T13:59:07+00:00,cnsm-io-01,"system.cpu.util[,steal]",0.004228
2026-05-16T14:00:07+00:00,cnsm-io-01,"system.cpu.util[,steal]",0.004228
2026-05-16T14:01:07+00:00,cnsm-io-01,"system.cpu.util[,steal]",0.002117
2026-05-16T14:02:07+00:00,cnsm-io-01,"system.cpu.util[,steal]",0.00423
2026-05-16T14:03:07+00:00,cnsm-io-01,"system.cpu.util[,steal]",0.002116
2026-05-16T14:04:07+00:00,cnsm-io-01,"system.cpu.util[,steal]",0.004233
2026-05-16T14:05:07+00:00,cnsm-io-01,"system.cpu.util[,steal]",0.00212
2026-05-16T14:06:07+00:00,cnsm-io-01,"system.cpu.util[,steal]",0.004235
2026-05-16T14:07:07+00:00,cnsm-io-01,"system.cpu.util[,steal]",0
2026-05-16T14:08:07+00:00,cnsm-io-01,"system.cpu.util[,steal]",0.004234
2026-05-16T14:09:07+00:00,cnsm-io-01,"system.cpu.util[,steal]",0
2026-05-16T14:10:07+00:00,cnsm-io-01,"system.cpu.util[,steal]",0.00423
2026-05-16T14:11:07+00:00,cnsm-io-01,"system.cpu.util[,steal]",0.002117
2026-05-16T14:12:07+00:00,cnsm-io-01,"system.cpu.util[,steal]",0.002115
2026-05-16T14:13:07+00:00,cnsm-io-01,"system.cpu.util[,steal]",0.002115
2026-05-16T14:14:07+00:00,cnsm-io-01,"system.cpu.util[,steal]",0.002116
2026-05-16T14:15:07+00:00,cnsm-io-01,"system.cpu.util[,steal]",0.004228
2026-05-16T14:16:07+00:00,cnsm-io-01,"system.cpu.util[,steal]",0.002113
2026-05-16T14:17:07+00:00,cnsm-io-01,"system.cpu.util[,steal]",0.002114
2026-05-16T14:18:07+00:00,cnsm-io-01,"system.cpu.util[,steal]",0.002114
2026-05-16T14:19:07+00:00,cnsm-io-01,"system.cpu.util[,steal]",0.002117
2026-05-16T14:20:07+00:00,cnsm-io-01,"system.cpu.util[,steal]",0.002116
2026-05-16T14:21:07+00:00,cnsm-io-01,"system.cpu.util[,steal]",0.002116
2026-05-16T14:22:07+00:00,cnsm-io-01,"system.cpu.util[,steal]",0.002117
2026-05-16T14:23:07+00:00,cnsm-io-01,"system.cpu.util[,steal]",0.002119
2026-05-16T14:24:07+00:00,cnsm-io-01,"system.cpu.util[,steal]",0.002117
2026-05-16T14:25:07+00:00,cnsm-io-01,"system.cpu.util[,steal]",0.002115
2026-05-16T14:26:07+00:00,cnsm-io-01,"system.cpu.util[,steal]",0.002114
2026-05-16T14:27:07+00:00,cnsm-io-01,"system.cpu.util[,steal]",0.002115
2026-05-16T14:28:07+00:00,cnsm-io-01,"system.cpu.util[,steal]",0.002116
2026-05-16T14:29:07+00:00,cnsm-io-01,"system.cpu.util[,steal]",0.002116
2026-05-16T14:30:07+00:00,cnsm-io-01,"system.cpu.util[,steal]",0.002117
2026-05-16T14:31:07+00:00,cnsm-io-01,"system.cpu.util[,steal]",0.002116
2026-05-16T14:32:07+00:00,cnsm-io-01,"system.cpu.util[,steal]",0.004239
2026-05-16T14:33:07+00:00,cnsm-io-01,"system.cpu.util[,steal]",0.002119
2026-05-16T14:34:07+00:00,cnsm-io-01,"system.cpu.util[,steal]",0.002113
2026-05-16T14:35:07+00:00,cnsm-io-01,"system.cpu.util[,steal]",0.002114
2026-05-16T13:26:50+00:00,cnsm-io-01,"system.cpu.util[,system]",2.185815
2026-05-16T13:27:50+00:00,cnsm-io-01,"system.cpu.util[,system]",2.24239
2026-05-16T13:28:50+00:00,cnsm-io-01,"system.cpu.util[,system]",2.058693
2026-05-16T13:29:50+00:00,cnsm-io-01,"system.cpu.util[,system]",2.143219
2026-05-16T13:30:50+00:00,cnsm-io-01,"system.cpu.util[,system]",2.070424
2026-05-16T13:31:50+00:00,cnsm-io-01,"system.cpu.util[,system]",2.070875
2026-05-16T13:32:50+00:00,cnsm-io-01,"system.cpu.util[,system]",2.177317
2026-05-16T13:33:50+00:00,cnsm-io-01,"system.cpu.util[,system]",2.232568
2026-05-16T13:34:50+00:00,cnsm-io-01,"system.cpu.util[,system]",2.252071
2026-05-16T13:35:50+00:00,cnsm-io-01,"system.cpu.util[,system]",2.086419
2026-05-16T13:36:50+00:00,cnsm-io-01,"system.cpu.util[,system]",2.040384
2026-05-16T13:37:50+00:00,cnsm-io-01,"system.cpu.util[,system]",2.046171
2026-05-16T13:38:50+00:00,cnsm-io-01,"system.cpu.util[,system]",2.15188
2026-05-16T13:39:50+00:00,cnsm-io-01,"system.cpu.util[,system]",2.104885
2026-05-16T13:40:50+00:00,cnsm-io-01,"system.cpu.util[,system]",2.048078
2026-05-16T13:41:50+00:00,cnsm-io-01,"system.cpu.util[,system]",2.017614
2026-05-16T13:42:50+00:00,cnsm-io-01,"system.cpu.util[,system]",2.072297
2026-05-16T13:43:50+00:00,cnsm-io-01,"system.cpu.util[,system]",2.191159
2026-05-16T13:44:50+00:00,cnsm-io-01,"system.cpu.util[,system]",2.146732
2026-05-16T13:45:50+00:00,cnsm-io-01,"system.cpu.util[,system]",2.113363
2026-05-16T13:46:50+00:00,cnsm-io-01,"system.cpu.util[,system]",2.061703
2026-05-16T13:47:50+00:00,cnsm-io-01,"system.cpu.util[,system]",2.06373
2026-05-16T13:48:50+00:00,cnsm-io-01,"system.cpu.util[,system]",2.068966
2026-05-16T13:49:50+00:00,cnsm-io-01,"system.cpu.util[,system]",2.102814
2026-05-16T13:50:50+00:00,cnsm-io-01,"system.cpu.util[,system]",2.14044
2026-05-16T13:51:50+00:00,cnsm-io-01,"system.cpu.util[,system]",2.146104
2026-05-16T13:52:50+00:00,cnsm-io-01,"system.cpu.util[,system]",2.256514
2026-05-16T13:53:50+00:00,cnsm-io-01,"system.cpu.util[,system]",2.263496
2026-05-16T13:54:50+00:00,cnsm-io-01,"system.cpu.util[,system]",2.262491
2026-05-16T13:55:50+00:00,cnsm-io-01,"system.cpu.util[,system]",2.191155
2026-05-16T13:56:50+00:00,cnsm-io-01,"system.cpu.util[,system]",2.109624
2026-05-16T13:57:50+00:00,cnsm-io-01,"system.cpu.util[,system]",2.099765
2026-05-16T13:58:50+00:00,cnsm-io-01,"system.cpu.util[,system]",1.986433
2026-05-16T13:59:50+00:00,cnsm-io-01,"system.cpu.util[,system]",1.963976
2026-05-16T14:00:50+00:00,cnsm-io-01,"system.cpu.util[,system]",2.0542
2026-05-16T14:01:50+00:00,cnsm-io-01,"system.cpu.util[,system]",2.02544
2026-05-16T14:02:50+00:00,cnsm-io-01,"system.cpu.util[,system]",2.122746
2026-05-16T14:03:50+00:00,cnsm-io-01,"system.cpu.util[,system]",2.092767
2026-05-16T14:04:50+00:00,cnsm-io-01,"system.cpu.util[,system]",2.050326
2026-05-16T14:05:50+00:00,cnsm-io-01,"system.cpu.util[,system]",2.036281
2026-05-16T14:06:50+00:00,cnsm-io-01,"system.cpu.util[,system]",2.02221
2026-05-16T14:07:50+00:00,cnsm-io-01,"system.cpu.util[,system]",2.074864
2026-05-16T14:08:50+00:00,cnsm-io-01,"system.cpu.util[,system]",1.994585
2026-05-16T14:09:50+00:00,cnsm-io-01,"system.cpu.util[,system]",1.984345
2026-05-16T14:10:50+00:00,cnsm-io-01,"system.cpu.util[,system]",2.134598
2026-05-16T14:11:50+00:00,cnsm-io-01,"system.cpu.util[,system]",2.355905
2026-05-16T14:12:50+00:00,cnsm-io-01,"system.cpu.util[,system]",2.20708
2026-05-16T14:13:50+00:00,cnsm-io-01,"system.cpu.util[,system]",2.250729
2026-05-16T14:14:50+00:00,cnsm-io-01,"system.cpu.util[,system]",2.282671
2026-05-16T14:15:50+00:00,cnsm-io-01,"system.cpu.util[,system]",2.243915
2026-05-16T14:16:50+00:00,cnsm-io-01,"system.cpu.util[,system]",2.067566
2026-05-16T14:17:50+00:00,cnsm-io-01,"system.cpu.util[,system]",2.114612
2026-05-16T14:18:50+00:00,cnsm-io-01,"system.cpu.util[,system]",2.100227
2026-05-16T14:19:50+00:00,cnsm-io-01,"system.cpu.util[,system]",2.15479
2026-05-16T14:20:50+00:00,cnsm-io-01,"system.cpu.util[,system]",2.34269
2026-05-16T14:21:50+00:00,cnsm-io-01,"system.cpu.util[,system]",2.020288
2026-05-16T14:22:50+00:00,cnsm-io-01,"system.cpu.util[,system]",2.075444
2026-05-16T14:23:50+00:00,cnsm-io-01,"system.cpu.util[,system]",2.00072
2026-05-16T14:24:50+00:00,cnsm-io-01,"system.cpu.util[,system]",2.068703
2026-05-16T14:25:50+00:00,cnsm-io-01,"system.cpu.util[,system]",2.05087
2026-05-16T14:26:50+00:00,cnsm-io-01,"system.cpu.util[,system]",2.081968
2026-05-16T14:27:50+00:00,cnsm-io-01,"system.cpu.util[,system]",2.126444
2026-05-16T14:28:50+00:00,cnsm-io-01,"system.cpu.util[,system]",1.980785
2026-05-16T14:29:50+00:00,cnsm-io-01,"system.cpu.util[,system]",2.226274
2026-05-16T14:30:50+00:00,cnsm-io-01,"system.cpu.util[,system]",2.158776
2026-05-16T14:31:50+00:00,cnsm-io-01,"system.cpu.util[,system]",2.124595
2026-05-16T14:32:50+00:00,cnsm-io-01,"system.cpu.util[,system]",2.275662
2026-05-16T14:33:50+00:00,cnsm-io-01,"system.cpu.util[,system]",2.203845
2026-05-16T14:34:50+00:00,cnsm-io-01,"system.cpu.util[,system]",2.337871
2026-05-16T13:26:51+00:00,cnsm-io-01,"system.cpu.util[,user]",0.674447
2026-05-16T13:27:51+00:00,cnsm-io-01,"system.cpu.util[,user]",0.636741
2026-05-16T13:28:51+00:00,cnsm-io-01,"system.cpu.util[,user]",0.596611
2026-05-16T13:29:51+00:00,cnsm-io-01,"system.cpu.util[,user]",0.646839
2026-05-16T13:30:51+00:00,cnsm-io-01,"system.cpu.util[,user]",0.596371
2026-05-16T13:31:51+00:00,cnsm-io-01,"system.cpu.util[,user]",0.625515
2026-05-16T13:32:51+00:00,cnsm-io-01,"system.cpu.util[,user]",0.598802
2026-05-16T13:33:51+00:00,cnsm-io-01,"system.cpu.util[,user]",0.662378
2026-05-16T13:34:51+00:00,cnsm-io-01,"system.cpu.util[,user]",0.639641
2026-05-16T13:35:51+00:00,cnsm-io-01,"system.cpu.util[,user]",0.643441
2026-05-16T13:36:51+00:00,cnsm-io-01,"system.cpu.util[,user]",0.592668
2026-05-16T13:37:51+00:00,cnsm-io-01,"system.cpu.util[,user]",0.596724
2026-05-16T13:38:51+00:00,cnsm-io-01,"system.cpu.util[,user]",0.586119
2026-05-16T13:39:51+00:00,cnsm-io-01,"system.cpu.util[,user]",0.617702
2026-05-16T13:40:51+00:00,cnsm-io-01,"system.cpu.util[,user]",0.618395
2026-05-16T13:41:51+00:00,cnsm-io-01,"system.cpu.util[,user]",0.660583
2026-05-16T13:42:51+00:00,cnsm-io-01,"system.cpu.util[,user]",0.559417
2026-05-16T13:43:51+00:00,cnsm-io-01,"system.cpu.util[,user]",0.597964
2026-05-16T13:44:51+00:00,cnsm-io-01,"system.cpu.util[,user]",0.616852
2026-05-16T13:45:51+00:00,cnsm-io-01,"system.cpu.util[,user]",0.610428
2026-05-16T13:46:51+00:00,cnsm-io-01,"system.cpu.util[,user]",0.583645
2026-05-16T13:47:51+00:00,cnsm-io-01,"system.cpu.util[,user]",0.630101
2026-05-16T13:48:51+00:00,cnsm-io-01,"system.cpu.util[,user]",0.624074
2026-05-16T13:49:51+00:00,cnsm-io-01,"system.cpu.util[,user]",0.679035
2026-05-16T13:50:51+00:00,cnsm-io-01,"system.cpu.util[,user]",0.659968
2026-05-16T13:51:51+00:00,cnsm-io-01,"system.cpu.util[,user]",0.636431
2026-05-16T13:52:51+00:00,cnsm-io-01,"system.cpu.util[,user]",0.666638
2026-05-16T13:53:51+00:00,cnsm-io-01,"system.cpu.util[,user]",0.708815
2026-05-16T13:54:51+00:00,cnsm-io-01,"system.cpu.util[,user]",0.668147
2026-05-16T13:55:51+00:00,cnsm-io-01,"system.cpu.util[,user]",0.579551
2026-05-16T13:56:51+00:00,cnsm-io-01,"system.cpu.util[,user]",9.968294
2026-05-16T13:57:51+00:00,cnsm-io-01,"system.cpu.util[,user]",12.038741
2026-05-16T13:58:51+00:00,cnsm-io-01,"system.cpu.util[,user]",12.071589
2026-05-16T13:59:51+00:00,cnsm-io-01,"system.cpu.util[,user]",12.016069
2026-05-16T14:00:51+00:00,cnsm-io-01,"system.cpu.util[,user]",12.04832
2026-05-16T14:01:51+00:00,cnsm-io-01,"system.cpu.util[,user]",12.00914
2026-05-16T14:02:51+00:00,cnsm-io-01,"system.cpu.util[,user]",11.996186
2026-05-16T14:03:51+00:00,cnsm-io-01,"system.cpu.util[,user]",12.071191
2026-05-16T14:04:51+00:00,cnsm-io-01,"system.cpu.util[,user]",11.972383
2026-05-16T14:05:51+00:00,cnsm-io-01,"system.cpu.util[,user]",5.32989
2026-05-16T14:06:51+00:00,cnsm-io-01,"system.cpu.util[,user]",0.64306
2026-05-16T14:07:51+00:00,cnsm-io-01,"system.cpu.util[,user]",0.592806
2026-05-16T14:08:51+00:00,cnsm-io-01,"system.cpu.util[,user]",0.607112
2026-05-16T14:09:51+00:00,cnsm-io-01,"system.cpu.util[,user]",0.592267
2026-05-16T14:10:51+00:00,cnsm-io-01,"system.cpu.util[,user]",0.601389
2026-05-16T14:11:51+00:00,cnsm-io-01,"system.cpu.util[,user]",0.707043
2026-05-16T14:12:51+00:00,cnsm-io-01,"system.cpu.util[,user]",0.622077
2026-05-16T14:13:51+00:00,cnsm-io-01,"system.cpu.util[,user]",0.665751
2026-05-16T14:14:51+00:00,cnsm-io-01,"system.cpu.util[,user]",0.610813
2026-05-16T14:15:51+00:00,cnsm-io-01,"system.cpu.util[,user]",0.574737
2026-05-16T14:16:51+00:00,cnsm-io-01,"system.cpu.util[,user]",0.587663
2026-05-16T14:17:51+00:00,cnsm-io-01,"system.cpu.util[,user]",0.564637
2026-05-16T14:18:51+00:00,cnsm-io-01,"system.cpu.util[,user]",0.603443
2026-05-16T14:19:51+00:00,cnsm-io-01,"system.cpu.util[,user]",0.619699
2026-05-16T14:20:51+00:00,cnsm-io-01,"system.cpu.util[,user]",0.678167
2026-05-16T14:21:51+00:00,cnsm-io-01,"system.cpu.util[,user]",0.550661
2026-05-16T14:22:51+00:00,cnsm-io-01,"system.cpu.util[,user]",0.626269
2026-05-16T14:23:51+00:00,cnsm-io-01,"system.cpu.util[,user]",0.546217
2026-05-16T14:24:51+00:00,cnsm-io-01,"system.cpu.util[,user]",0.630314
2026-05-16T14:25:51+00:00,cnsm-io-01,"system.cpu.util[,user]",0.615274
2026-05-16T14:26:51+00:00,cnsm-io-01,"system.cpu.util[,user]",0.655225
2026-05-16T14:27:51+00:00,cnsm-io-01,"system.cpu.util[,user]",0.65596
2026-05-16T14:28:51+00:00,cnsm-io-01,"system.cpu.util[,user]",0.545928
2026-05-16T14:29:51+00:00,cnsm-io-01,"system.cpu.util[,user]",0.587163
2026-05-16T14:30:51+00:00,cnsm-io-01,"system.cpu.util[,user]",0.704986
2026-05-16T14:31:51+00:00,cnsm-io-01,"system.cpu.util[,user]",0.60375
2026-05-16T14:32:51+00:00,cnsm-io-01,"system.cpu.util[,user]",0.683757
2026-05-16T14:33:51+00:00,cnsm-io-01,"system.cpu.util[,user]",0.680934
2026-05-16T14:34:51+00:00,cnsm-io-01,"system.cpu.util[,user]",0.699655
2026-05-16T13:26:25+00:00,cnsm-io-01,system.cpu.util,16.240038999999996
2026-05-16T13:27:25+00:00,cnsm-io-01,system.cpu.util,14.544338999999994
2026-05-16T13:28:25+00:00,cnsm-io-01,system.cpu.util,18.008545999999996
2026-05-16T13:29:25+00:00,cnsm-io-01,system.cpu.util,16.408629000000005
2026-05-16T13:30:25+00:00,cnsm-io-01,system.cpu.util,16.764998000000006
2026-05-16T13:31:25+00:00,cnsm-io-01,system.cpu.util,16.261848
2026-05-16T13:32:25+00:00,cnsm-io-01,system.cpu.util,16.906087
2026-05-16T13:33:25+00:00,cnsm-io-01,system.cpu.util,15.898944
2026-05-16T13:34:25+00:00,cnsm-io-01,system.cpu.util,15.899182999999994
2026-05-16T13:35:25+00:00,cnsm-io-01,system.cpu.util,15.405771000000001
2026-05-16T13:36:25+00:00,cnsm-io-01,system.cpu.util,14.984870999999998
2026-05-16T13:37:25+00:00,cnsm-io-01,system.cpu.util,16.344668999999996
2026-05-16T13:38:25+00:00,cnsm-io-01,system.cpu.util,17.027581999999995
2026-05-16T13:39:25+00:00,cnsm-io-01,system.cpu.util,15.768645000000006
2026-05-16T13:40:25+00:00,cnsm-io-01,system.cpu.util,17.906177999999997
2026-05-16T13:41:25+00:00,cnsm-io-01,system.cpu.util,14.414242999999999
2026-05-16T13:42:25+00:00,cnsm-io-01,system.cpu.util,19.778310000000005
2026-05-16T13:43:25+00:00,cnsm-io-01,system.cpu.util,19.027448000000007
2026-05-16T13:44:25+00:00,cnsm-io-01,system.cpu.util,17.219526000000002
2026-05-16T13:45:25+00:00,cnsm-io-01,system.cpu.util,15.759694999999994
2026-05-16T13:46:25+00:00,cnsm-io-01,system.cpu.util,17.041944
2026-05-16T13:47:25+00:00,cnsm-io-01,system.cpu.util,17.952133000000003
2026-05-16T13:48:25+00:00,cnsm-io-01,system.cpu.util,16.021152999999998
2026-05-16T13:49:25+00:00,cnsm-io-01,system.cpu.util,17.456449000000006
2026-05-16T13:50:25+00:00,cnsm-io-01,system.cpu.util,14.116253999999998
2026-05-16T13:51:25+00:00,cnsm-io-01,system.cpu.util,15.523695000000004
2026-05-16T13:52:25+00:00,cnsm-io-01,system.cpu.util,18.228924000000006
2026-05-16T13:53:25+00:00,cnsm-io-01,system.cpu.util,15.556025000000005
2026-05-16T13:54:25+00:00,cnsm-io-01,system.cpu.util,16.532088
2026-05-16T13:55:25+00:00,cnsm-io-01,system.cpu.util,16.598274000000004
2026-05-16T13:56:25+00:00,cnsm-io-01,system.cpu.util,22.693146
2026-05-16T13:57:25+00:00,cnsm-io-01,system.cpu.util,23.897881999999996
2026-05-16T13:58:25+00:00,cnsm-io-01,system.cpu.util,27.342179
2026-05-16T13:59:25+00:00,cnsm-io-01,system.cpu.util,23.802677000000003
2026-05-16T14:00:25+00:00,cnsm-io-01,system.cpu.util,28.572033000000005
2026-05-16T14:01:25+00:00,cnsm-io-01,system.cpu.util,29.872136999999995
2026-05-16T14:02:25+00:00,cnsm-io-01,system.cpu.util,29.280623000000006
2026-05-16T14:03:25+00:00,cnsm-io-01,system.cpu.util,30.56702
2026-05-16T14:04:25+00:00,cnsm-io-01,system.cpu.util,29.820068000000006
2026-05-16T14:05:25+00:00,cnsm-io-01,system.cpu.util,26.431988000000004
2026-05-16T14:06:25+00:00,cnsm-io-01,system.cpu.util,15.264784000000006
2026-05-16T14:07:25+00:00,cnsm-io-01,system.cpu.util,17.252261000000004
2026-05-16T14:08:25+00:00,cnsm-io-01,system.cpu.util,18.895686999999995
2026-05-16T14:09:25+00:00,cnsm-io-01,system.cpu.util,14.975139999999996
2026-05-16T14:10:25+00:00,cnsm-io-01,system.cpu.util,16.120091000000002
2026-05-16T14:11:25+00:00,cnsm-io-01,system.cpu.util,16.443663
2026-05-16T14:12:25+00:00,cnsm-io-01,system.cpu.util,16.628596
2026-05-16T14:13:25+00:00,cnsm-io-01,system.cpu.util,16.247991
2026-05-16T14:14:25+00:00,cnsm-io-01,system.cpu.util,17.263816000000006
2026-05-16T14:15:25+00:00,cnsm-io-01,system.cpu.util,18.671655
2026-05-16T14:16:25+00:00,cnsm-io-01,system.cpu.util,15.38185
2026-05-16T14:17:25+00:00,cnsm-io-01,system.cpu.util,17.640461000000002
2026-05-16T14:18:25+00:00,cnsm-io-01,system.cpu.util,14.490025000000003
2026-05-16T14:19:25+00:00,cnsm-io-01,system.cpu.util,15.377778000000006
2026-05-16T14:20:25+00:00,cnsm-io-01,system.cpu.util,14.852051000000003
2026-05-16T14:21:25+00:00,cnsm-io-01,system.cpu.util,15.293445000000006
2026-05-16T14:22:25+00:00,cnsm-io-01,system.cpu.util,18.807145000000006
2026-05-16T14:23:25+00:00,cnsm-io-01,system.cpu.util,16.568985999999995
2026-05-16T14:24:25+00:00,cnsm-io-01,system.cpu.util,19.328816000000003
2026-05-16T14:25:25+00:00,cnsm-io-01,system.cpu.util,17.473675
2026-05-16T14:26:25+00:00,cnsm-io-01,system.cpu.util,15.347330999999997
2026-05-16T14:27:25+00:00,cnsm-io-01,system.cpu.util,14.851087000000007
2026-05-16T14:28:25+00:00,cnsm-io-01,system.cpu.util,17.113646000000003
2026-05-16T14:29:25+00:00,cnsm-io-01,system.cpu.util,19.149116000000006
2026-05-16T14:30:25+00:00,cnsm-io-01,system.cpu.util,15.763964000000001
2026-05-16T14:31:25+00:00,cnsm-io-01,system.cpu.util,16.549504999999996
2026-05-16T14:32:25+00:00,cnsm-io-01,system.cpu.util,16.467326
2026-05-16T14:33:25+00:00,cnsm-io-01,system.cpu.util,15.243437999999998
2026-05-16T14:34:25+00:00,cnsm-io-01,system.cpu.util,15.781685999999993
2026-05-16T13:26:17+00:00,cnsm-io-01,system.cpu.intr,13840.62851821612
2026-05-16T13:27:17+00:00,cnsm-io-01,system.cpu.intr,13153.377649385946
2026-05-16T13:28:17+00:00,cnsm-io-01,system.cpu.intr,14023.030458795836
2026-05-16T13:29:17+00:00,cnsm-io-01,system.cpu.intr,14064.985900983722
2026-05-16T13:30:17+00:00,cnsm-io-01,system.cpu.intr,14566.9048233193
2026-05-16T13:31:17+00:00,cnsm-io-01,system.cpu.intr,13556.847665614927
2026-05-16T13:32:17+00:00,cnsm-io-01,system.cpu.intr,13691.411188500324
2026-05-16T13:33:17+00:00,cnsm-io-01,system.cpu.intr,13484.359850335413
2026-05-16T13:34:17+00:00,cnsm-io-01,system.cpu.intr,13610.745459739674
2026-05-16T13:35:17+00:00,cnsm-io-01,system.cpu.intr,13383.992735614876
2026-05-16T13:36:17+00:00,cnsm-io-01,system.cpu.intr,13144.535043223508
2026-05-16T13:37:17+00:00,cnsm-io-01,system.cpu.intr,13688.926050026035
2026-05-16T13:38:17+00:00,cnsm-io-01,system.cpu.intr,12875.291945954035
2026-05-16T13:39:17+00:00,cnsm-io-01,system.cpu.intr,14813.461250208982
2026-05-16T13:40:17+00:00,cnsm-io-01,system.cpu.intr,13649.15656051203
2026-05-16T13:41:17+00:00,cnsm-io-01,system.cpu.intr,13170.823856301648
2026-05-16T13:42:17+00:00,cnsm-io-01,system.cpu.intr,13966.256883201675
2026-05-16T13:43:17+00:00,cnsm-io-01,system.cpu.intr,14317.04233852135
2026-05-16T13:44:17+00:00,cnsm-io-01,system.cpu.intr,13493.573320441097
2026-05-16T13:45:17+00:00,cnsm-io-01,system.cpu.intr,13153.972370886786
2026-05-16T13:46:17+00:00,cnsm-io-01,system.cpu.intr,13816.924847209444
2026-05-16T13:47:17+00:00,cnsm-io-01,system.cpu.intr,14019.038668815465
2026-05-16T13:48:17+00:00,cnsm-io-01,system.cpu.intr,15224.222777564893
2026-05-16T13:49:17+00:00,cnsm-io-01,system.cpu.intr,13626.12104734129
2026-05-16T13:50:17+00:00,cnsm-io-01,system.cpu.intr,13501.28630741141
2026-05-16T13:51:17+00:00,cnsm-io-01,system.cpu.intr,13392.77281088549
2026-05-16T13:52:17+00:00,cnsm-io-01,system.cpu.intr,14062.690831960343
2026-05-16T13:53:17+00:00,cnsm-io-01,system.cpu.intr,13447.178210037424
2026-05-16T13:54:17+00:00,cnsm-io-01,system.cpu.intr,13883.796768949429
2026-05-16T13:55:17+00:00,cnsm-io-01,system.cpu.intr,13302.992818846986
2026-05-16T13:56:17+00:00,cnsm-io-01,system.cpu.intr,14339.091203410484
2026-05-16T13:57:17+00:00,cnsm-io-01,system.cpu.intr,15170.014856651625
2026-05-16T13:58:17+00:00,cnsm-io-01,system.cpu.intr,14470.758305206362
2026-05-16T13:59:17+00:00,cnsm-io-01,system.cpu.intr,14246.816630913503
2026-05-16T14:00:17+00:00,cnsm-io-01,system.cpu.intr,14499.866124427266
2026-05-16T14:01:17+00:00,cnsm-io-01,system.cpu.intr,14934.068956831663
2026-05-16T14:02:17+00:00,cnsm-io-01,system.cpu.intr,14164.88003881136
2026-05-16T14:03:17+00:00,cnsm-io-01,system.cpu.intr,15314.348314982259
2026-05-16T14:04:17+00:00,cnsm-io-01,system.cpu.intr,15037.467617285243
2026-05-16T14:05:17+00:00,cnsm-io-01,system.cpu.intr,14788.307212495763
2026-05-16T14:06:17+00:00,cnsm-io-01,system.cpu.intr,14587.596861180535
2026-05-16T14:07:17+00:00,cnsm-io-01,system.cpu.intr,14301.417193197176
2026-05-16T14:08:17+00:00,cnsm-io-01,system.cpu.intr,14123.032126296896
2026-05-16T14:09:17+00:00,cnsm-io-01,system.cpu.intr,13623.498147337403
2026-05-16T14:10:17+00:00,cnsm-io-01,system.cpu.intr,13418.2805890676
2026-05-16T14:11:17+00:00,cnsm-io-01,system.cpu.intr,13556.019746633076
2026-05-16T14:12:17+00:00,cnsm-io-01,system.cpu.intr,13659.359648516343
2026-05-16T14:13:17+00:00,cnsm-io-01,system.cpu.intr,13435.091524273004
2026-05-16T14:14:17+00:00,cnsm-io-01,system.cpu.intr,13570.358386294045
2026-05-16T14:15:17+00:00,cnsm-io-01,system.cpu.intr,14077.318500761117
2026-05-16T14:16:17+00:00,cnsm-io-01,system.cpu.intr,13409.780582666466
2026-05-16T14:17:17+00:00,cnsm-io-01,system.cpu.intr,12976.3797465788
2026-05-16T14:18:17+00:00,cnsm-io-01,system.cpu.intr,13419.438595871003
2026-05-16T14:19:17+00:00,cnsm-io-01,system.cpu.intr,13152.785316554146
2026-05-16T14:20:17+00:00,cnsm-io-01,system.cpu.intr,13332.728051007263
2026-05-16T14:21:17+00:00,cnsm-io-01,system.cpu.intr,13150.904601063157
2026-05-16T14:22:17+00:00,cnsm-io-01,system.cpu.intr,14263.988198484929
2026-05-16T14:23:17+00:00,cnsm-io-01,system.cpu.intr,13490.04155207534
2026-05-16T14:24:17+00:00,cnsm-io-01,system.cpu.intr,14075.26193673832
2026-05-16T14:25:17+00:00,cnsm-io-01,system.cpu.intr,14806.4847601604
2026-05-16T14:26:17+00:00,cnsm-io-01,system.cpu.intr,13341.282207329115
2026-05-16T14:27:17+00:00,cnsm-io-01,system.cpu.intr,13555.07500413503
2026-05-16T14:28:17+00:00,cnsm-io-01,system.cpu.intr,13806.441881689407
2026-05-16T14:29:17+00:00,cnsm-io-01,system.cpu.intr,14228.148670969787
2026-05-16T14:30:17+00:00,cnsm-io-01,system.cpu.intr,13577.6448999363
2026-05-16T14:31:17+00:00,cnsm-io-01,system.cpu.intr,13496.795775057712
2026-05-16T14:32:17+00:00,cnsm-io-01,system.cpu.intr,13390.253230092136
2026-05-16T14:33:17+00:00,cnsm-io-01,system.cpu.intr,12719.853292753605
2026-05-16T14:34:17+00:00,cnsm-io-01,system.cpu.intr,14547.651426568698
2026-05-16T13:26:20+00:00,cnsm-io-01,"system.cpu.load[all,avg15]",1.90625
2026-05-16T13:27:20+00:00,cnsm-io-01,"system.cpu.load[all,avg15]",1.904297
2026-05-16T13:28:20+00:00,cnsm-io-01,"system.cpu.load[all,avg15]",1.902344
2026-05-16T13:29:20+00:00,cnsm-io-01,"system.cpu.load[all,avg15]",1.900879
2026-05-16T13:30:20+00:00,cnsm-io-01,"system.cpu.load[all,avg15]",1.911133
2026-05-16T13:31:20+00:00,cnsm-io-01,"system.cpu.load[all,avg15]",1.910156
2026-05-16T13:32:20+00:00,cnsm-io-01,"system.cpu.load[all,avg15]",1.913574
2026-05-16T13:33:20+00:00,cnsm-io-01,"system.cpu.load[all,avg15]",1.910645
2026-05-16T13:34:20+00:00,cnsm-io-01,"system.cpu.load[all,avg15]",1.908691
2026-05-16T13:35:20+00:00,cnsm-io-01,"system.cpu.load[all,avg15]",1.90625
2026-05-16T13:36:20+00:00,cnsm-io-01,"system.cpu.load[all,avg15]",1.909668
2026-05-16T13:37:20+00:00,cnsm-io-01,"system.cpu.load[all,avg15]",1.899902
2026-05-16T13:38:20+00:00,cnsm-io-01,"system.cpu.load[all,avg15]",1.899902
2026-05-16T13:39:20+00:00,cnsm-io-01,"system.cpu.load[all,avg15]",1.899414
2026-05-16T13:40:20+00:00,cnsm-io-01,"system.cpu.load[all,avg15]",1.910156
2026-05-16T13:41:20+00:00,cnsm-io-01,"system.cpu.load[all,avg15]",1.909668
2026-05-16T13:42:20+00:00,cnsm-io-01,"system.cpu.load[all,avg15]",1.908691
2026-05-16T13:43:20+00:00,cnsm-io-01,"system.cpu.load[all,avg15]",1.907227
2026-05-16T13:44:20+00:00,cnsm-io-01,"system.cpu.load[all,avg15]",1.905762
2026-05-16T13:45:20+00:00,cnsm-io-01,"system.cpu.load[all,avg15]",1.904297
2026-05-16T13:46:20+00:00,cnsm-io-01,"system.cpu.load[all,avg15]",1.902832
2026-05-16T13:47:20+00:00,cnsm-io-01,"system.cpu.load[all,avg15]",1.901367
2026-05-16T13:48:20+00:00,cnsm-io-01,"system.cpu.load[all,avg15]",1.899902
2026-05-16T13:49:20+00:00,cnsm-io-01,"system.cpu.load[all,avg15]",1.910645
2026-05-16T13:50:20+00:00,cnsm-io-01,"system.cpu.load[all,avg15]",1.912598
2026-05-16T13:51:20+00:00,cnsm-io-01,"system.cpu.load[all,avg15]",1.910645
2026-05-16T13:52:20+00:00,cnsm-io-01,"system.cpu.load[all,avg15]",1.908691
2026-05-16T13:53:20+00:00,cnsm-io-01,"system.cpu.load[all,avg15]",1.906738
2026-05-16T13:54:20+00:00,cnsm-io-01,"system.cpu.load[all,avg15]",1.899414
2026-05-16T13:55:20+00:00,cnsm-io-01,"system.cpu.load[all,avg15]",1.899902
2026-05-16T13:56:20+00:00,cnsm-io-01,"system.cpu.load[all,avg15]",1.920898
2026-05-16T13:57:20+00:00,cnsm-io-01,"system.cpu.load[all,avg15]",1.969238
2026-05-16T13:58:20+00:00,cnsm-io-01,"system.cpu.load[all,avg15]",2.030762
2026-05-16T13:59:20+00:00,cnsm-io-01,"system.cpu.load[all,avg15]",2.078125
2026-05-16T14:00:20+00:00,cnsm-io-01,"system.cpu.load[all,avg15]",2.106445
2026-05-16T14:01:20+00:00,cnsm-io-01,"system.cpu.load[all,avg15]",2.153809
2026-05-16T14:02:20+00:00,cnsm-io-01,"system.cpu.load[all,avg15]",2.183594
2026-05-16T14:03:20+00:00,cnsm-io-01,"system.cpu.load[all,avg15]",2.225098
2026-05-16T14:04:20+00:00,cnsm-io-01,"system.cpu.load[all,avg15]",2.254883
2026-05-16T14:05:20+00:00,cnsm-io-01,"system.cpu.load[all,avg15]",2.281738
2026-05-16T14:06:20+00:00,cnsm-io-01,"system.cpu.load[all,avg15]",2.250977
2026-05-16T14:07:20+00:00,cnsm-io-01,"system.cpu.load[all,avg15]",2.233398
2026-05-16T14:08:20+00:00,cnsm-io-01,"system.cpu.load[all,avg15]",2.205078
2026-05-16T14:09:20+00:00,cnsm-io-01,"system.cpu.load[all,avg15]",2.183594
2026-05-16T14:10:20+00:00,cnsm-io-01,"system.cpu.load[all,avg15]",2.160156
2026-05-16T14:11:20+00:00,cnsm-io-01,"system.cpu.load[all,avg15]",2.137695
2026-05-16T14:12:20+00:00,cnsm-io-01,"system.cpu.load[all,avg15]",2.115234
2026-05-16T14:13:20+00:00,cnsm-io-01,"system.cpu.load[all,avg15]",2.093262
2026-05-16T14:14:20+00:00,cnsm-io-01,"system.cpu.load[all,avg15]",2.075195
2026-05-16T14:15:20+00:00,cnsm-io-01,"system.cpu.load[all,avg15]",2.058594
2026-05-16T14:16:20+00:00,cnsm-io-01,"system.cpu.load[all,avg15]",2.052734
2026-05-16T14:17:20+00:00,cnsm-io-01,"system.cpu.load[all,avg15]",2.036133
2026-05-16T14:18:20+00:00,cnsm-io-01,"system.cpu.load[all,avg15]",2.019531
2026-05-16T14:19:20+00:00,cnsm-io-01,"system.cpu.load[all,avg15]",2.00293
2026-05-16T14:20:20+00:00,cnsm-io-01,"system.cpu.load[all,avg15]",1.993164
2026-05-16T14:21:20+00:00,cnsm-io-01,"system.cpu.load[all,avg15]",1.987793
2026-05-16T14:22:20+00:00,cnsm-io-01,"system.cpu.load[all,avg15]",1.982422
2026-05-16T14:23:20+00:00,cnsm-io-01,"system.cpu.load[all,avg15]",1.977051
2026-05-16T14:24:20+00:00,cnsm-io-01,"system.cpu.load[all,avg15]",1.97168
2026-05-16T14:25:20+00:00,cnsm-io-01,"system.cpu.load[all,avg15]",1.977539
2026-05-16T14:26:20+00:00,cnsm-io-01,"system.cpu.load[all,avg15]",1.972168
2026-05-16T14:27:20+00:00,cnsm-io-01,"system.cpu.load[all,avg15]",1.972168
2026-05-16T14:28:20+00:00,cnsm-io-01,"system.cpu.load[all,avg15]",1.966797
2026-05-16T14:29:20+00:00,cnsm-io-01,"system.cpu.load[all,avg15]",1.961426
2026-05-16T14:30:20+00:00,cnsm-io-01,"system.cpu.load[all,avg15]",1.944824
2026-05-16T14:31:20+00:00,cnsm-io-01,"system.cpu.load[all,avg15]",1.939453
2026-05-16T14:32:20+00:00,cnsm-io-01,"system.cpu.load[all,avg15]",1.934082
2026-05-16T14:33:20+00:00,cnsm-io-01,"system.cpu.load[all,avg15]",1.928711
2026-05-16T14:34:20+00:00,cnsm-io-01,"system.cpu.load[all,avg15]",1.92334
2026-05-16T13:26:10+00:00,cnsm-io-01,"system.cpu.load[all,avg1]",1.820801
2026-05-16T13:27:10+00:00,cnsm-io-01,"system.cpu.load[all,avg1]",1.799316
2026-05-16T13:28:10+00:00,cnsm-io-01,"system.cpu.load[all,avg1]",1.767578
2026-05-16T13:29:10+00:00,cnsm-io-01,"system.cpu.load[all,avg1]",1.916504
2026-05-16T13:30:10+00:00,cnsm-io-01,"system.cpu.load[all,avg1]",1.906738
2026-05-16T13:31:10+00:00,cnsm-io-01,"system.cpu.load[all,avg1]",1.89209
2026-05-16T13:32:10+00:00,cnsm-io-01,"system.cpu.load[all,avg1]",1.953125
2026-05-16T13:33:10+00:00,cnsm-io-01,"system.cpu.load[all,avg1]",1.887207
2026-05-16T13:34:10+00:00,cnsm-io-01,"system.cpu.load[all,avg1]",1.854492
2026-05-16T13:35:10+00:00,cnsm-io-01,"system.cpu.load[all,avg1]",1.82373
2026-05-16T13:36:10+00:00,cnsm-io-01,"system.cpu.load[all,avg1]",1.849609
2026-05-16T13:37:10+00:00,cnsm-io-01,"system.cpu.load[all,avg1]",1.718262
2026-05-16T13:38:10+00:00,cnsm-io-01,"system.cpu.load[all,avg1]",1.897949
2026-05-16T13:39:10+00:00,cnsm-io-01,"system.cpu.load[all,avg1]",1.900391
2026-05-16T13:40:10+00:00,cnsm-io-01,"system.cpu.load[all,avg1]",1.895996
2026-05-16T13:41:10+00:00,cnsm-io-01,"system.cpu.load[all,avg1]",1.881836
2026-05-16T13:42:10+00:00,cnsm-io-01,"system.cpu.load[all,avg1]",1.868164
2026-05-16T13:43:10+00:00,cnsm-io-01,"system.cpu.load[all,avg1]",1.848145
2026-05-16T13:44:10+00:00,cnsm-io-01,"system.cpu.load[all,avg1]",1.830566
2026-05-16T13:45:10+00:00,cnsm-io-01,"system.cpu.load[all,avg1]",1.803711
2026-05-16T13:46:10+00:00,cnsm-io-01,"system.cpu.load[all,avg1]",1.781738
2026-05-16T13:47:10+00:00,cnsm-io-01,"system.cpu.load[all,avg1]",1.921875
2026-05-16T13:48:10+00:00,cnsm-io-01,"system.cpu.load[all,avg1]",1.90918
2026-05-16T13:49:10+00:00,cnsm-io-01,"system.cpu.load[all,avg1]",1.898438
2026-05-16T13:50:10+00:00,cnsm-io-01,"system.cpu.load[all,avg1]",1.931152
2026-05-16T13:51:10+00:00,cnsm-io-01,"system.cpu.load[all,avg1]",1.887207
2026-05-16T13:52:10+00:00,cnsm-io-01,"system.cpu.load[all,avg1]",1.854492
2026-05-16T13:53:10+00:00,cnsm-io-01,"system.cpu.load[all,avg1]",1.833496
2026-05-16T13:54:10+00:00,cnsm-io-01,"system.cpu.load[all,avg1]",1.747559
2026-05-16T13:55:10+00:00,cnsm-io-01,"system.cpu.load[all,avg1]",1.76123
2026-05-16T13:56:10+00:00,cnsm-io-01,"system.cpu.load[all,avg1]",1.907227
2026-05-16T13:57:10+00:00,cnsm-io-01,"system.cpu.load[all,avg1]",2.555664
2026-05-16T13:58:10+00:00,cnsm-io-01,"system.cpu.load[all,avg1]",2.734863
2026-05-16T13:59:10+00:00,cnsm-io-01,"system.cpu.load[all,avg1]",2.730957
2026-05-16T14:00:10+00:00,cnsm-io-01,"system.cpu.load[all,avg1]",2.583496
2026-05-16T14:01:10+00:00,cnsm-io-01,"system.cpu.load[all,avg1]",2.751953
2026-05-16T14:02:10+00:00,cnsm-io-01,"system.cpu.load[all,avg1]",2.633301
2026-05-16T14:03:10+00:00,cnsm-io-01,"system.cpu.load[all,avg1]",2.742188
2026-05-16T14:04:10+00:00,cnsm-io-01,"system.cpu.load[all,avg1]",2.691406
2026-05-16T14:05:10+00:00,cnsm-io-01,"system.cpu.load[all,avg1]",2.63916
2026-05-16T14:06:10+00:00,cnsm-io-01,"system.cpu.load[all,avg1]",2.265137
2026-05-16T14:07:10+00:00,cnsm-io-01,"system.cpu.load[all,avg1]",2.025879
2026-05-16T14:08:10+00:00,cnsm-io-01,"system.cpu.load[all,avg1]",1.935059
2026-05-16T14:09:10+00:00,cnsm-io-01,"system.cpu.load[all,avg1]",1.888184
2026-05-16T14:10:10+00:00,cnsm-io-01,"system.cpu.load[all,avg1]",1.895996
2026-05-16T14:11:10+00:00,cnsm-io-01,"system.cpu.load[all,avg1]",1.848633
2026-05-16T14:12:10+00:00,cnsm-io-01,"system.cpu.load[all,avg1]",1.820801
2026-05-16T14:13:10+00:00,cnsm-io-01,"system.cpu.load[all,avg1]",1.770508
2026-05-16T14:14:10+00:00,cnsm-io-01,"system.cpu.load[all,avg1]",1.756836
2026-05-16T14:15:10+00:00,cnsm-io-01,"system.cpu.load[all,avg1]",1.912598
2026-05-16T14:16:10+00:00,cnsm-io-01,"system.cpu.load[all,avg1]",1.905762
2026-05-16T14:17:10+00:00,cnsm-io-01,"system.cpu.load[all,avg1]",1.891602
2026-05-16T14:18:10+00:00,cnsm-io-01,"system.cpu.load[all,avg1]",1.878906
2026-05-16T14:19:10+00:00,cnsm-io-01,"system.cpu.load[all,avg1]",1.860352
2026-05-16T14:20:10+00:00,cnsm-io-01,"system.cpu.load[all,avg1]",1.844238
2026-05-16T14:21:10+00:00,cnsm-io-01,"system.cpu.load[all,avg1]",1.819824
2026-05-16T14:22:10+00:00,cnsm-io-01,"system.cpu.load[all,avg1]",1.799316
2026-05-16T14:23:10+00:00,cnsm-io-01,"system.cpu.load[all,avg1]",1.767578
2026-05-16T14:24:10+00:00,cnsm-io-01,"system.cpu.load[all,avg1]",1.916504
2026-05-16T14:25:10+00:00,cnsm-io-01,"system.cpu.load[all,avg1]",1.906738
2026-05-16T14:26:10+00:00,cnsm-io-01,"system.cpu.load[all,avg1]",1.89209
2026-05-16T14:27:10+00:00,cnsm-io-01,"system.cpu.load[all,avg1]",1.91748
2026-05-16T14:28:10+00:00,cnsm-io-01,"system.cpu.load[all,avg1]",1.874023
2026-05-16T14:29:10+00:00,cnsm-io-01,"system.cpu.load[all,avg1]",1.849609
2026-05-16T14:30:10+00:00,cnsm-io-01,"system.cpu.load[all,avg1]",1.706543
2026-05-16T14:31:10+00:00,cnsm-io-01,"system.cpu.load[all,avg1]",1.758301
2026-05-16T14:32:10+00:00,cnsm-io-01,"system.cpu.load[all,avg1]",1.764648
2026-05-16T14:33:10+00:00,cnsm-io-01,"system.cpu.load[all,avg1]",1.915527
2026-05-16T14:34:10+00:00,cnsm-io-01,"system.cpu.load[all,avg1]",1.90625
2026-05-16T14:35:10+00:00,cnsm-io-01,"system.cpu.load[all,avg1]",1.897949
2026-05-16T13:26:18+00:00,cnsm-io-01,"system.cpu.load[all,avg5]",1.873535
2026-05-16T13:27:18+00:00,cnsm-io-01,"system.cpu.load[all,avg5]",1.866699
2026-05-16T13:28:18+00:00,cnsm-io-01,"system.cpu.load[all,avg5]",1.860352
2026-05-16T13:29:18+00:00,cnsm-io-01,"system.cpu.load[all,avg5]",1.85498
2026-05-16T13:30:18+00:00,cnsm-io-01,"system.cpu.load[all,avg5]",1.884277
2026-05-16T13:31:18+00:00,cnsm-io-01,"system.cpu.load[all,avg5]",1.878906
2026-05-16T13:32:18+00:00,cnsm-io-01,"system.cpu.load[all,avg5]",1.890137
2026-05-16T13:33:18+00:00,cnsm-io-01,"system.cpu.load[all,avg5]",1.883301
2026-05-16T13:34:18+00:00,cnsm-io-01,"system.cpu.load[all,avg5]",1.875977
2026-05-16T13:35:18+00:00,cnsm-io-01,"system.cpu.load[all,avg5]",1.869141
2026-05-16T13:36:18+00:00,cnsm-io-01,"system.cpu.load[all,avg5]",1.879395
2026-05-16T13:37:18+00:00,cnsm-io-01,"system.cpu.load[all,avg5]",1.854492
2026-05-16T13:38:18+00:00,cnsm-io-01,"system.cpu.load[all,avg5]",1.850098
2026-05-16T13:39:18+00:00,cnsm-io-01,"system.cpu.load[all,avg5]",1.879883
2026-05-16T13:40:18+00:00,cnsm-io-01,"system.cpu.load[all,avg5]",1.876465
2026-05-16T13:41:18+00:00,cnsm-io-01,"system.cpu.load[all,avg5]",1.872559
2026-05-16T13:42:18+00:00,cnsm-io-01,"system.cpu.load[all,avg5]",1.869141
2026-05-16T13:43:18+00:00,cnsm-io-01,"system.cpu.load[all,avg5]",1.865234
2026-05-16T13:44:18+00:00,cnsm-io-01,"system.cpu.load[all,avg5]",1.861816
2026-05-16T13:45:18+00:00,cnsm-io-01,"system.cpu.load[all,avg5]",1.85791
2026-05-16T13:46:18+00:00,cnsm-io-01,"system.cpu.load[all,avg5]",1.854492
2026-05-16T13:47:18+00:00,cnsm-io-01,"system.cpu.load[all,avg5]",1.850098
2026-05-16T13:48:18+00:00,cnsm-io-01,"system.cpu.load[all,avg5]",1.879883
2026-05-16T13:49:18+00:00,cnsm-io-01,"system.cpu.load[all,avg5]",1.876465
2026-05-16T13:50:18+00:00,cnsm-io-01,"system.cpu.load[all,avg5]",1.888184
2026-05-16T13:51:18+00:00,cnsm-io-01,"system.cpu.load[all,avg5]",1.881836
2026-05-16T13:52:18+00:00,cnsm-io-01,"system.cpu.load[all,avg5]",1.875
2026-05-16T13:53:18+00:00,cnsm-io-01,"system.cpu.load[all,avg5]",1.869141
2026-05-16T13:54:18+00:00,cnsm-io-01,"system.cpu.load[all,avg5]",1.848145
2026-05-16T13:55:18+00:00,cnsm-io-01,"system.cpu.load[all,avg5]",1.845703
2026-05-16T13:56:18+00:00,cnsm-io-01,"system.cpu.load[all,avg5]",1.89209
2026-05-16T13:57:18+00:00,cnsm-io-01,"system.cpu.load[all,avg5]",2.081543
2026-05-16T13:58:18+00:00,cnsm-io-01,"system.cpu.load[all,avg5]",2.209473
2026-05-16T13:59:18+00:00,cnsm-io-01,"system.cpu.load[all,avg5]",2.297363
2026-05-16T14:00:18+00:00,cnsm-io-01,"system.cpu.load[all,avg5]",2.336426
2026-05-16T14:01:18+00:00,cnsm-io-01,"system.cpu.load[all,avg5]",2.430176
2026-05-16T14:02:18+00:00,cnsm-io-01,"system.cpu.load[all,avg5]",2.459473
2026-05-16T14:03:18+00:00,cnsm-io-01,"system.cpu.load[all,avg5]",2.529297
2026-05-16T14:04:18+00:00,cnsm-io-01,"system.cpu.load[all,avg5]",2.568848
2026-05-16T14:05:18+00:00,cnsm-io-01,"system.cpu.load[all,avg5]",2.586914
2026-05-16T14:06:18+00:00,cnsm-io-01,"system.cpu.load[all,avg5]",2.477539
2026-05-16T14:07:18+00:00,cnsm-io-01,"system.cpu.load[all,avg5]",2.360352
2026-05-16T14:08:18+00:00,cnsm-io-01,"system.cpu.load[all,avg5]",2.263672
2026-05-16T14:09:18+00:00,cnsm-io-01,"system.cpu.load[all,avg5]",2.20166
2026-05-16T14:10:18+00:00,cnsm-io-01,"system.cpu.load[all,avg5]",2.133301
2026-05-16T14:11:18+00:00,cnsm-io-01,"system.cpu.load[all,avg5]",2.075684
2026-05-16T14:12:18+00:00,cnsm-io-01,"system.cpu.load[all,avg5]",2.027832
2026-05-16T14:13:18+00:00,cnsm-io-01,"system.cpu.load[all,avg5]",1.98877
2026-05-16T14:14:18+00:00,cnsm-io-01,"system.cpu.load[all,avg5]",1.961426
2026-05-16T14:15:18+00:00,cnsm-io-01,"system.cpu.load[all,avg5]",1.938477
2026-05-16T14:16:18+00:00,cnsm-io-01,"system.cpu.load[all,avg5]",1.951172
2026-05-16T14:17:18+00:00,cnsm-io-01,"system.cpu.load[all,avg5]",1.934082
2026-05-16T14:18:18+00:00,cnsm-io-01,"system.cpu.load[all,avg5]",1.919922
2026-05-16T14:19:18+00:00,cnsm-io-01,"system.cpu.load[all,avg5]",1.907227
2026-05-16T14:20:18+00:00,cnsm-io-01,"system.cpu.load[all,avg5]",1.895508
2026-05-16T14:21:18+00:00,cnsm-io-01,"system.cpu.load[all,avg5]",1.886719
2026-05-16T14:22:18+00:00,cnsm-io-01,"system.cpu.load[all,avg5]",1.87793
2026-05-16T14:23:18+00:00,cnsm-io-01,"system.cpu.load[all,avg5]",1.869141
2026-05-16T14:24:18+00:00,cnsm-io-01,"system.cpu.load[all,avg5]",1.861816
2026-05-16T14:25:18+00:00,cnsm-io-01,"system.cpu.load[all,avg5]",1.889648
2026-05-16T14:26:18+00:00,cnsm-io-01,"system.cpu.load[all,avg5]",1.884277
2026-05-16T14:27:18+00:00,cnsm-io-01,"system.cpu.load[all,avg5]",1.892578
2026-05-16T14:28:18+00:00,cnsm-io-01,"system.cpu.load[all,avg5]",1.885254
2026-05-16T14:29:18+00:00,cnsm-io-01,"system.cpu.load[all,avg5]",1.87793
2026-05-16T14:30:18+00:00,cnsm-io-01,"system.cpu.load[all,avg5]",1.839355
2026-05-16T14:31:18+00:00,cnsm-io-01,"system.cpu.load[all,avg5]",1.838867
2026-05-16T14:32:18+00:00,cnsm-io-01,"system.cpu.load[all,avg5]",1.837891
2026-05-16T14:33:18+00:00,cnsm-io-01,"system.cpu.load[all,avg5]",1.836426
2026-05-16T14:34:18+00:00,cnsm-io-01,"system.cpu.load[all,avg5]",1.868652
2026-05-16T13:26:05+00:00,cnsm-io-01,vm.memory.utilization,2.8778910000000053
2026-05-16T13:27:05+00:00,cnsm-io-01,vm.memory.utilization,2.880705000000006
2026-05-16T13:28:05+00:00,cnsm-io-01,vm.memory.utilization,2.849622999999994
2026-05-16T13:29:05+00:00,cnsm-io-01,vm.memory.utilization,2.8492899999999963
2026-05-16T13:30:05+00:00,cnsm-io-01,vm.memory.utilization,2.812381000000002
2026-05-16T13:31:05+00:00,cnsm-io-01,vm.memory.utilization,2.8511879999999934
2026-05-16T13:32:05+00:00,cnsm-io-01,vm.memory.utilization,2.8965199999999953
2026-05-16T13:33:05+00:00,cnsm-io-01,vm.memory.utilization,2.8629240000000067
2026-05-16T13:34:05+00:00,cnsm-io-01,vm.memory.utilization,2.8806550000000044
2026-05-16T13:35:05+00:00,cnsm-io-01,vm.memory.utilization,2.8639229999999998
2026-05-16T13:36:05+00:00,cnsm-io-01,vm.memory.utilization,2.850255000000004
2026-05-16T13:37:05+00:00,cnsm-io-01,vm.memory.utilization,2.843262999999993
2026-05-16T13:38:05+00:00,cnsm-io-01,vm.memory.utilization,2.8895449999999983
2026-05-16T13:39:05+00:00,cnsm-io-01,vm.memory.utilization,2.863740000000007
2026-05-16T13:40:05+00:00,cnsm-io-01,vm.memory.utilization,2.823301999999998
2026-05-16T13:41:05+00:00,cnsm-io-01,vm.memory.utilization,2.852636000000004
2026-05-16T13:42:05+00:00,cnsm-io-01,vm.memory.utilization,2.792519999999996
2026-05-16T13:43:05+00:00,cnsm-io-01,vm.memory.utilization,2.7855610000000013
2026-05-16T13:44:05+00:00,cnsm-io-01,vm.memory.utilization,2.828979000000004
2026-05-16T13:45:05+00:00,cnsm-io-01,vm.memory.utilization,2.8058050000000065
2026-05-16T13:46:05+00:00,cnsm-io-01,vm.memory.utilization,2.8178079999999994
2026-05-16T13:47:05+00:00,cnsm-io-01,vm.memory.utilization,2.818691000000001
2026-05-16T13:48:05+00:00,cnsm-io-01,vm.memory.utilization,2.8568149999999974
2026-05-16T13:49:05+00:00,cnsm-io-01,vm.memory.utilization,2.865387999999996
2026-05-16T13:50:05+00:00,cnsm-io-01,vm.memory.utilization,2.8766590000000036
2026-05-16T13:51:05+00:00,cnsm-io-01,vm.memory.utilization,2.8885290000000055
2026-05-16T13:52:05+00:00,cnsm-io-01,vm.memory.utilization,2.8701829999999973
2026-05-16T13:53:05+00:00,cnsm-io-01,vm.memory.utilization,2.8731460000000055
2026-05-16T13:54:05+00:00,cnsm-io-01,vm.memory.utilization,2.8827019999999948
2026-05-16T13:55:05+00:00,cnsm-io-01,vm.memory.utilization,2.835138999999998
2026-05-16T13:56:05+00:00,cnsm-io-01,vm.memory.utilization,2.9652600000000007
2026-05-16T13:57:05+00:00,cnsm-io-01,vm.memory.utilization,2.9601320000000015
2026-05-16T13:58:05+00:00,cnsm-io-01,vm.memory.utilization,2.975314999999995
2026-05-16T13:59:05+00:00,cnsm-io-01,vm.memory.utilization,2.965958999999998
2026-05-16T14:00:05+00:00,cnsm-io-01,vm.memory.utilization,3.0077789999999993
2026-05-16T14:01:05+00:00,cnsm-io-01,vm.memory.utilization,2.9841219999999993
2026-05-16T14:02:05+00:00,cnsm-io-01,vm.memory.utilization,3.0086280000000016
2026-05-16T14:03:05+00:00,cnsm-io-01,vm.memory.utilization,3.002950999999996
2026-05-16T14:04:05+00:00,cnsm-io-01,vm.memory.utilization,2.970554000000007
2026-05-16T14:05:05+00:00,cnsm-io-01,vm.memory.utilization,3.0219629999999995
2026-05-16T14:06:05+00:00,cnsm-io-01,vm.memory.utilization,2.898467999999994
2026-05-16T14:07:05+00:00,cnsm-io-01,vm.memory.utilization,2.838967999999994
2026-05-16T14:08:05+00:00,cnsm-io-01,vm.memory.utilization,2.8336570000000023
2026-05-16T14:09:05+00:00,cnsm-io-01,vm.memory.utilization,2.8315259999999967
2026-05-16T14:10:05+00:00,cnsm-io-01,vm.memory.utilization,2.8528689999999983
2026-05-16T14:11:05+00:00,cnsm-io-01,vm.memory.utilization,2.9118859999999955
2026-05-16T14:12:05+00:00,cnsm-io-01,vm.memory.utilization,2.8156939999999935
2026-05-16T14:13:05+00:00,cnsm-io-01,vm.memory.utilization,2.8636900000000054
2026-05-16T14:14:05+00:00,cnsm-io-01,vm.memory.utilization,2.8895610000000005
2026-05-16T14:15:05+00:00,cnsm-io-01,vm.memory.utilization,2.816975999999997
2026-05-16T14:16:05+00:00,cnsm-io-01,vm.memory.utilization,2.848789999999994
2026-05-16T14:17:05+00:00,cnsm-io-01,vm.memory.utilization,2.8370199999999954
2026-05-16T14:18:05+00:00,cnsm-io-01,vm.memory.utilization,2.832525000000004
2026-05-16T14:19:05+00:00,cnsm-io-01,vm.memory.utilization,2.852419999999995
2026-05-16T14:20:05+00:00,cnsm-io-01,vm.memory.utilization,2.887829999999994
2026-05-16T14:21:05+00:00,cnsm-io-01,vm.memory.utilization,2.861042999999995
2026-05-16T14:22:05+00:00,cnsm-io-01,vm.memory.utilization,2.876726000000005
2026-05-16T14:23:05+00:00,cnsm-io-01,vm.memory.utilization,2.8990009999999984
2026-05-16T14:24:05+00:00,cnsm-io-01,vm.memory.utilization,2.889161999999999
2026-05-16T14:25:05+00:00,cnsm-io-01,vm.memory.utilization,2.8723640000000046
2026-05-16T14:26:05+00:00,cnsm-io-01,vm.memory.utilization,2.844828000000007
2026-05-16T14:27:05+00:00,cnsm-io-01,vm.memory.utilization,2.881586999999996
2026-05-16T14:28:05+00:00,cnsm-io-01,vm.memory.utilization,2.9035460000000057
2026-05-16T14:29:05+00:00,cnsm-io-01,vm.memory.utilization,2.8699000000000012
2026-05-16T14:30:05+00:00,cnsm-io-01,vm.memory.utilization,2.864906000000005
2026-05-16T14:31:05+00:00,cnsm-io-01,vm.memory.utilization,2.8309600000000046
2026-05-16T14:32:05+00:00,cnsm-io-01,vm.memory.utilization,2.868584999999996
2026-05-16T14:33:05+00:00,cnsm-io-01,vm.memory.utilization,2.8054560000000066
2026-05-16T14:34:05+00:00,cnsm-io-01,vm.memory.utilization,2.8413989999999956
2026-05-16T14:35:05+00:00,cnsm-io-01,vm.memory.utilization,2.8800389999999965
2026-05-16T13:26:14+00:00,cnsm-io-01,proc.num,178
2026-05-16T13:27:14+00:00,cnsm-io-01,proc.num,177
2026-05-16T13:28:14+00:00,cnsm-io-01,proc.num,178
2026-05-16T13:29:14+00:00,cnsm-io-01,proc.num,176
2026-05-16T13:30:14+00:00,cnsm-io-01,proc.num,183
2026-05-16T13:31:14+00:00,cnsm-io-01,proc.num,183
2026-05-16T13:32:14+00:00,cnsm-io-01,proc.num,183
2026-05-16T13:33:14+00:00,cnsm-io-01,proc.num,183
2026-05-16T13:34:14+00:00,cnsm-io-01,proc.num,185
2026-05-16T13:35:14+00:00,cnsm-io-01,proc.num,184
2026-05-16T13:36:14+00:00,cnsm-io-01,proc.num,181
2026-05-16T13:37:14+00:00,cnsm-io-01,proc.num,181
2026-05-16T13:38:14+00:00,cnsm-io-01,proc.num,179
2026-05-16T13:39:14+00:00,cnsm-io-01,proc.num,184
2026-05-16T13:40:14+00:00,cnsm-io-01,proc.num,184
2026-05-16T13:41:14+00:00,cnsm-io-01,proc.num,184
2026-05-16T13:42:14+00:00,cnsm-io-01,proc.num,184
2026-05-16T13:43:14+00:00,cnsm-io-01,proc.num,185
2026-05-16T13:44:14+00:00,cnsm-io-01,proc.num,184
2026-05-16T13:45:14+00:00,cnsm-io-01,proc.num,184
2026-05-16T13:46:14+00:00,cnsm-io-01,proc.num,182
2026-05-16T13:47:14+00:00,cnsm-io-01,proc.num,179
2026-05-16T13:48:14+00:00,cnsm-io-01,proc.num,182
2026-05-16T13:49:14+00:00,cnsm-io-01,proc.num,181
2026-05-16T13:50:14+00:00,cnsm-io-01,proc.num,182
2026-05-16T13:51:14+00:00,cnsm-io-01,proc.num,182
2026-05-16T13:52:14+00:00,cnsm-io-01,proc.num,181
2026-05-16T13:53:14+00:00,cnsm-io-01,proc.num,182
2026-05-16T13:54:14+00:00,cnsm-io-01,proc.num,182
2026-05-16T13:55:14+00:00,cnsm-io-01,proc.num,182
2026-05-16T13:56:14+00:00,cnsm-io-01,proc.num,183
2026-05-16T13:57:14+00:00,cnsm-io-01,proc.num,188
2026-05-16T13:58:14+00:00,cnsm-io-01,proc.num,185
2026-05-16T13:59:14+00:00,cnsm-io-01,proc.num,187
2026-05-16T14:00:14+00:00,cnsm-io-01,proc.num,189
2026-05-16T14:01:14+00:00,cnsm-io-01,proc.num,189
2026-05-16T14:02:14+00:00,cnsm-io-01,proc.num,189
2026-05-16T14:03:14+00:00,cnsm-io-01,proc.num,188
2026-05-16T14:04:14+00:00,cnsm-io-01,proc.num,188
2026-05-16T14:05:14+00:00,cnsm-io-01,proc.num,188
2026-05-16T14:06:14+00:00,cnsm-io-01,proc.num,181
2026-05-16T14:07:14+00:00,cnsm-io-01,proc.num,181
2026-05-16T14:08:14+00:00,cnsm-io-01,proc.num,181
2026-05-16T14:09:14+00:00,cnsm-io-01,proc.num,180
2026-05-16T14:10:14+00:00,cnsm-io-01,proc.num,182
2026-05-16T14:11:14+00:00,cnsm-io-01,proc.num,184
2026-05-16T14:12:14+00:00,cnsm-io-01,proc.num,183
2026-05-16T14:13:14+00:00,cnsm-io-01,proc.num,183
2026-05-16T14:14:14+00:00,cnsm-io-01,proc.num,183
2026-05-16T14:15:14+00:00,cnsm-io-01,proc.num,182
2026-05-16T14:16:14+00:00,cnsm-io-01,proc.num,182
2026-05-16T14:17:14+00:00,cnsm-io-01,proc.num,180
2026-05-16T14:18:14+00:00,cnsm-io-01,proc.num,180
2026-05-16T14:19:14+00:00,cnsm-io-01,proc.num,180
2026-05-16T14:20:14+00:00,cnsm-io-01,proc.num,181
2026-05-16T14:21:14+00:00,cnsm-io-01,proc.num,181
2026-05-16T14:22:14+00:00,cnsm-io-01,proc.num,183
2026-05-16T14:23:14+00:00,cnsm-io-01,proc.num,181
2026-05-16T14:24:14+00:00,cnsm-io-01,proc.num,178
2026-05-16T14:25:14+00:00,cnsm-io-01,proc.num,182
2026-05-16T14:26:14+00:00,cnsm-io-01,proc.num,180
2026-05-16T14:27:14+00:00,cnsm-io-01,proc.num,180
2026-05-16T14:28:14+00:00,cnsm-io-01,proc.num,179
2026-05-16T14:29:14+00:00,cnsm-io-01,proc.num,179
2026-05-16T14:30:14+00:00,cnsm-io-01,proc.num,182
2026-05-16T14:31:14+00:00,cnsm-io-01,proc.num,183
2026-05-16T14:32:14+00:00,cnsm-io-01,proc.num,185
2026-05-16T14:33:14+00:00,cnsm-io-01,proc.num,183
2026-05-16T14:34:14+00:00,cnsm-io-01,proc.num,183
2026-05-16T14:35:14+00:00,cnsm-io-01,proc.num,182
2026-05-16T13:26:15+00:00,cnsm-io-01,"proc.num[,,run]",1
2026-05-16T13:27:15+00:00,cnsm-io-01,"proc.num[,,run]",1
2026-05-16T13:28:15+00:00,cnsm-io-01,"proc.num[,,run]",1
2026-05-16T13:29:15+00:00,cnsm-io-01,"proc.num[,,run]",0
2026-05-16T13:30:15+00:00,cnsm-io-01,"proc.num[,,run]",1
2026-05-16T13:31:15+00:00,cnsm-io-01,"proc.num[,,run]",1
2026-05-16T13:32:15+00:00,cnsm-io-01,"proc.num[,,run]",1
2026-05-16T13:33:15+00:00,cnsm-io-01,"proc.num[,,run]",0
2026-05-16T13:34:15+00:00,cnsm-io-01,"proc.num[,,run]",1
2026-05-16T13:35:15+00:00,cnsm-io-01,"proc.num[,,run]",0
2026-05-16T13:36:15+00:00,cnsm-io-01,"proc.num[,,run]",0
2026-05-16T13:37:15+00:00,cnsm-io-01,"proc.num[,,run]",1
2026-05-16T13:38:15+00:00,cnsm-io-01,"proc.num[,,run]",1
2026-05-16T13:39:15+00:00,cnsm-io-01,"proc.num[,,run]",3
2026-05-16T13:40:15+00:00,cnsm-io-01,"proc.num[,,run]",0
2026-05-16T13:41:15+00:00,cnsm-io-01,"proc.num[,,run]",1
2026-05-16T13:42:15+00:00,cnsm-io-01,"proc.num[,,run]",0
2026-05-16T13:43:15+00:00,cnsm-io-01,"proc.num[,,run]",0
2026-05-16T13:44:15+00:00,cnsm-io-01,"proc.num[,,run]",1
2026-05-16T13:45:15+00:00,cnsm-io-01,"proc.num[,,run]",0
2026-05-16T13:46:15+00:00,cnsm-io-01,"proc.num[,,run]",0
2026-05-16T13:47:15+00:00,cnsm-io-01,"proc.num[,,run]",1
2026-05-16T13:48:15+00:00,cnsm-io-01,"proc.num[,,run]",1
2026-05-16T13:49:15+00:00,cnsm-io-01,"proc.num[,,run]",0
2026-05-16T13:50:15+00:00,cnsm-io-01,"proc.num[,,run]",0
2026-05-16T13:51:15+00:00,cnsm-io-01,"proc.num[,,run]",1
2026-05-16T13:52:15+00:00,cnsm-io-01,"proc.num[,,run]",0
2026-05-16T13:53:15+00:00,cnsm-io-01,"proc.num[,,run]",1
2026-05-16T13:54:15+00:00,cnsm-io-01,"proc.num[,,run]",0
2026-05-16T13:55:15+00:00,cnsm-io-01,"proc.num[,,run]",1
2026-05-16T13:56:15+00:00,cnsm-io-01,"proc.num[,,run]",3
2026-05-16T13:57:15+00:00,cnsm-io-01,"proc.num[,,run]",2
2026-05-16T13:58:15+00:00,cnsm-io-01,"proc.num[,,run]",2
2026-05-16T13:59:15+00:00,cnsm-io-01,"proc.num[,,run]",1
2026-05-16T14:00:15+00:00,cnsm-io-01,"proc.num[,,run]",2
2026-05-16T14:01:15+00:00,cnsm-io-01,"proc.num[,,run]",2
2026-05-16T14:02:15+00:00,cnsm-io-01,"proc.num[,,run]",4
2026-05-16T14:03:15+00:00,cnsm-io-01,"proc.num[,,run]",0
2026-05-16T14:04:15+00:00,cnsm-io-01,"proc.num[,,run]",2
2026-05-16T14:05:15+00:00,cnsm-io-01,"proc.num[,,run]",1
2026-05-16T14:06:15+00:00,cnsm-io-01,"proc.num[,,run]",1
2026-05-16T14:07:15+00:00,cnsm-io-01,"proc.num[,,run]",0
2026-05-16T14:08:15+00:00,cnsm-io-01,"proc.num[,,run]",2
2026-05-16T14:09:15+00:00,cnsm-io-01,"proc.num[,,run]",1
2026-05-16T14:10:15+00:00,cnsm-io-01,"proc.num[,,run]",2
2026-05-16T14:11:15+00:00,cnsm-io-01,"proc.num[,,run]",1
2026-05-16T14:12:15+00:00,cnsm-io-01,"proc.num[,,run]",2
2026-05-16T14:13:15+00:00,cnsm-io-01,"proc.num[,,run]",1
2026-05-16T14:14:15+00:00,cnsm-io-01,"proc.num[,,run]",1
2026-05-16T14:15:15+00:00,cnsm-io-01,"proc.num[,,run]",0
2026-05-16T14:16:15+00:00,cnsm-io-01,"proc.num[,,run]",1
2026-05-16T14:17:15+00:00,cnsm-io-01,"proc.num[,,run]",0
2026-05-16T14:18:15+00:00,cnsm-io-01,"proc.num[,,run]",1
2026-05-16T14:19:15+00:00,cnsm-io-01,"proc.num[,,run]",1
2026-05-16T14:20:15+00:00,cnsm-io-01,"proc.num[,,run]",1
2026-05-16T14:21:15+00:00,cnsm-io-01,"proc.num[,,run]",0
2026-05-16T14:22:15+00:00,cnsm-io-01,"proc.num[,,run]",1
2026-05-16T14:23:15+00:00,cnsm-io-01,"proc.num[,,run]",0
2026-05-16T14:24:15+00:00,cnsm-io-01,"proc.num[,,run]",0
2026-05-16T14:25:15+00:00,cnsm-io-01,"proc.num[,,run]",1
2026-05-16T14:26:15+00:00,cnsm-io-01,"proc.num[,,run]",0
2026-05-16T14:27:15+00:00,cnsm-io-01,"proc.num[,,run]",0
2026-05-16T14:28:15+00:00,cnsm-io-01,"proc.num[,,run]",0
2026-05-16T14:29:15+00:00,cnsm-io-01,"proc.num[,,run]",2
2026-05-16T14:30:15+00:00,cnsm-io-01,"proc.num[,,run]",0
2026-05-16T14:31:15+00:00,cnsm-io-01,"proc.num[,,run]",2
2026-05-16T14:32:15+00:00,cnsm-io-01,"proc.num[,,run]",0
2026-05-16T14:33:15+00:00,cnsm-io-01,"proc.num[,,run]",1
2026-05-16T14:34:15+00:00,cnsm-io-01,"proc.num[,,run]",0
2026-05-16T14:35:15+00:00,cnsm-io-01,"proc.num[,,run]",1
2026-05-16T13:26:41+00:00,cnsm-io-01,vfs.dev.queue_size[sda],1.613833275880869
2026-05-16T13:27:41+00:00,cnsm-io-01,vfs.dev.queue_size[sda],1.6007795366044284
2026-05-16T13:28:41+00:00,cnsm-io-01,vfs.dev.queue_size[sda],1.6274888152039095
2026-05-16T13:29:41+00:00,cnsm-io-01,vfs.dev.queue_size[sda],1.6106141308352486
2026-05-16T13:30:41+00:00,cnsm-io-01,vfs.dev.queue_size[sda],1.6286496848675927
2026-05-16T13:31:41+00:00,cnsm-io-01,vfs.dev.queue_size[sda],1.6102074423784787
2026-05-16T13:32:41+00:00,cnsm-io-01,vfs.dev.queue_size[sda],1.6218592845226913
2026-05-16T13:33:41+00:00,cnsm-io-01,vfs.dev.queue_size[sda],1.760726090234416
2026-05-16T13:34:41+00:00,cnsm-io-01,vfs.dev.queue_size[sda],1.6090548842592838
2026-05-16T13:35:41+00:00,cnsm-io-01,vfs.dev.queue_size[sda],1.6118454231380568
2026-05-16T13:36:41+00:00,cnsm-io-01,vfs.dev.queue_size[sda],1.6126393834338695
2026-05-16T13:37:41+00:00,cnsm-io-01,vfs.dev.queue_size[sda],1.62517057257742
2026-05-16T13:38:41+00:00,cnsm-io-01,vfs.dev.queue_size[sda],1.6191019201460488
2026-05-16T13:39:41+00:00,cnsm-io-01,vfs.dev.queue_size[sda],1.6166775974280725
2026-05-16T13:40:41+00:00,cnsm-io-01,vfs.dev.queue_size[sda],1.609372628081663
2026-05-16T13:41:41+00:00,cnsm-io-01,vfs.dev.queue_size[sda],1.6065727992496985
2026-05-16T13:42:41+00:00,cnsm-io-01,vfs.dev.queue_size[sda],1.793774532995815
2026-05-16T13:43:41+00:00,cnsm-io-01,vfs.dev.queue_size[sda],1.6283983576422205
2026-05-16T13:44:41+00:00,cnsm-io-01,vfs.dev.queue_size[sda],1.6117761239930455
2026-05-16T13:45:41+00:00,cnsm-io-01,vfs.dev.queue_size[sda],1.597973077503286
2026-05-16T13:46:41+00:00,cnsm-io-01,vfs.dev.queue_size[sda],1.6299499339991512
2026-05-16T13:47:41+00:00,cnsm-io-01,vfs.dev.queue_size[sda],1.6325082578342984
2026-05-16T13:48:41+00:00,cnsm-io-01,vfs.dev.queue_size[sda],1.6138468672952395
2026-05-16T13:49:41+00:00,cnsm-io-01,vfs.dev.queue_size[sda],1.605475745373318
2026-05-16T13:50:41+00:00,cnsm-io-01,vfs.dev.queue_size[sda],1.6006110241926843
2026-05-16T13:51:41+00:00,cnsm-io-01,vfs.dev.queue_size[sda],1.730007705973325
2026-05-16T13:52:41+00:00,cnsm-io-01,vfs.dev.queue_size[sda],1.655796611490033
2026-05-16T13:53:41+00:00,cnsm-io-01,vfs.dev.queue_size[sda],1.6181274644427648
2026-05-16T13:54:41+00:00,cnsm-io-01,vfs.dev.queue_size[sda],1.6117915665526978
2026-05-16T13:55:41+00:00,cnsm-io-01,vfs.dev.queue_size[sda],1.6098131351927618
2026-05-16T13:56:41+00:00,cnsm-io-01,vfs.dev.queue_size[sda],1.6291992958722408
2026-05-16T13:57:41+00:00,cnsm-io-01,vfs.dev.queue_size[sda],1.6021048212705296
2026-05-16T13:58:41+00:00,cnsm-io-01,vfs.dev.queue_size[sda],1.606252788347757
2026-05-16T13:59:41+00:00,cnsm-io-01,vfs.dev.queue_size[sda],1.6022624253041282
2026-05-16T14:00:41+00:00,cnsm-io-01,vfs.dev.queue_size[sda],1.7123809808588413
2026-05-16T14:01:41+00:00,cnsm-io-01,vfs.dev.queue_size[sda],1.7072062736216744
2026-05-16T14:02:41+00:00,cnsm-io-01,vfs.dev.queue_size[sda],1.6444822232492344
2026-05-16T14:03:41+00:00,cnsm-io-01,vfs.dev.queue_size[sda],1.6251211163499144
2026-05-16T14:04:41+00:00,cnsm-io-01,vfs.dev.queue_size[sda],1.639853973967459
2026-05-16T14:05:41+00:00,cnsm-io-01,vfs.dev.queue_size[sda],1.6175747969597765
2026-05-16T14:06:41+00:00,cnsm-io-01,vfs.dev.queue_size[sda],1.6121003027847505
2026-05-16T14:07:41+00:00,cnsm-io-01,vfs.dev.queue_size[sda],1.6186424693645731
2026-05-16T14:08:41+00:00,cnsm-io-01,vfs.dev.queue_size[sda],1.628212874523431
2026-05-16T14:09:41+00:00,cnsm-io-01,vfs.dev.queue_size[sda],1.6636439512635783
2026-05-16T14:10:41+00:00,cnsm-io-01,vfs.dev.queue_size[sda],1.7247680629901132
2026-05-16T14:11:41+00:00,cnsm-io-01,vfs.dev.queue_size[sda],1.603861309673275
2026-05-16T14:12:41+00:00,cnsm-io-01,vfs.dev.queue_size[sda],1.6166640150412934
2026-05-16T14:13:41+00:00,cnsm-io-01,vfs.dev.queue_size[sda],1.5980971548761016
2026-05-16T14:14:41+00:00,cnsm-io-01,vfs.dev.queue_size[sda],1.627192319530038
2026-05-16T14:15:41+00:00,cnsm-io-01,vfs.dev.queue_size[sda],1.6318808515916814
2026-05-16T14:16:41+00:00,cnsm-io-01,vfs.dev.queue_size[sda],1.6135636214418294
2026-05-16T14:17:41+00:00,cnsm-io-01,vfs.dev.queue_size[sda],1.614868691173716
2026-05-16T14:18:41+00:00,cnsm-io-01,vfs.dev.queue_size[sda],1.6200503237191068
2026-05-16T14:19:41+00:00,cnsm-io-01,vfs.dev.queue_size[sda],1.7532612471890419
2026-05-16T14:20:41+00:00,cnsm-io-01,vfs.dev.queue_size[sda],1.5942629764745548
2026-05-16T14:21:41+00:00,cnsm-io-01,vfs.dev.queue_size[sda],1.6269311319102373
2026-05-16T14:22:41+00:00,cnsm-io-01,vfs.dev.queue_size[sda],1.6227289433413512
2026-05-16T14:23:41+00:00,cnsm-io-01,vfs.dev.queue_size[sda],1.628739900587057
2026-05-16T14:24:41+00:00,cnsm-io-01,vfs.dev.queue_size[sda],1.6258963853342545
2026-05-16T14:25:41+00:00,cnsm-io-01,vfs.dev.queue_size[sda],1.6315378125485018
2026-05-16T14:26:41+00:00,cnsm-io-01,vfs.dev.queue_size[sda],1.6052479164149587
2026-05-16T14:27:41+00:00,cnsm-io-01,vfs.dev.queue_size[sda],1.6024691702309593
2026-05-16T14:28:41+00:00,cnsm-io-01,vfs.dev.queue_size[sda],1.7912253735755794
2026-05-16T14:29:41+00:00,cnsm-io-01,vfs.dev.queue_size[sda],1.6299790651890314
2026-05-16T14:30:41+00:00,cnsm-io-01,vfs.dev.queue_size[sda],1.6026002918068032
2026-05-16T14:31:41+00:00,cnsm-io-01,vfs.dev.queue_size[sda],1.6117416652271892
2026-05-16T14:32:41+00:00,cnsm-io-01,vfs.dev.queue_size[sda],1.598441149497429
2026-05-16T14:33:41+00:00,cnsm-io-01,vfs.dev.queue_size[sda],1.6010641481927617
2026-05-16T14:34:41+00:00,cnsm-io-01,vfs.dev.queue_size[sda],1.6134104369197146
2026-05-16T13:26:41+00:00,cnsm-io-01,vfs.dev.read.rate[sda],9828.266316780386
2026-05-16T13:27:41+00:00,cnsm-io-01,vfs.dev.read.rate[sda],9556.644000218426
2026-05-16T13:28:41+00:00,cnsm-io-01,vfs.dev.read.rate[sda],9775.449593313533
2026-05-16T13:29:41+00:00,cnsm-io-01,vfs.dev.read.rate[sda],9733.251342149091
2026-05-16T13:30:41+00:00,cnsm-io-01,vfs.dev.read.rate[sda],9628.313334290655
2026-05-16T13:31:41+00:00,cnsm-io-01,vfs.dev.read.rate[sda],9977.872896454264
2026-05-16T13:32:41+00:00,cnsm-io-01,vfs.dev.read.rate[sda],9663.488653101535
2026-05-16T13:33:41+00:00,cnsm-io-01,vfs.dev.read.rate[sda],10654.606170146597
2026-05-16T13:34:41+00:00,cnsm-io-01,vfs.dev.read.rate[sda],9633.279241658583
2026-05-16T13:35:41+00:00,cnsm-io-01,vfs.dev.read.rate[sda],9632.65598124613
2026-05-16T13:36:41+00:00,cnsm-io-01,vfs.dev.read.rate[sda],9780.65444381162
2026-05-16T13:37:41+00:00,cnsm-io-01,vfs.dev.read.rate[sda],9517.749110707397
2026-05-16T13:38:41+00:00,cnsm-io-01,vfs.dev.read.rate[sda],9192.928125257758
2026-05-16T13:39:41+00:00,cnsm-io-01,vfs.dev.read.rate[sda],9721.315728245969
2026-05-16T13:40:41+00:00,cnsm-io-01,vfs.dev.read.rate[sda],9626.019302817702
2026-05-16T13:41:41+00:00,cnsm-io-01,vfs.dev.read.rate[sda],9696.503087988785
2026-05-16T13:42:41+00:00,cnsm-io-01,vfs.dev.read.rate[sda],10542.846234070734
2026-05-16T13:43:41+00:00,cnsm-io-01,vfs.dev.read.rate[sda],9602.171927132475
2026-05-16T13:44:41+00:00,cnsm-io-01,vfs.dev.read.rate[sda],9560.657235976905
2026-05-16T13:45:41+00:00,cnsm-io-01,vfs.dev.read.rate[sda],9430.276096305204
2026-05-16T13:46:41+00:00,cnsm-io-01,vfs.dev.read.rate[sda],9863.067972212748
2026-05-16T13:47:41+00:00,cnsm-io-01,vfs.dev.read.rate[sda],9842.715968149078
2026-05-16T13:48:41+00:00,cnsm-io-01,vfs.dev.read.rate[sda],9884.666227627018
2026-05-16T13:49:41+00:00,cnsm-io-01,vfs.dev.read.rate[sda],9810.586965556158
2026-05-16T13:50:41+00:00,cnsm-io-01,vfs.dev.read.rate[sda],9735.615680007604
2026-05-16T13:51:41+00:00,cnsm-io-01,vfs.dev.read.rate[sda],10489.546723587971
2026-05-16T13:52:41+00:00,cnsm-io-01,vfs.dev.read.rate[sda],9884.130792218324
2026-05-16T13:53:41+00:00,cnsm-io-01,vfs.dev.read.rate[sda],9736.182201077027
2026-05-16T13:54:41+00:00,cnsm-io-01,vfs.dev.read.rate[sda],9709.149595468869
2026-05-16T13:55:41+00:00,cnsm-io-01,vfs.dev.read.rate[sda],9609.512252786146
2026-05-16T13:56:41+00:00,cnsm-io-01,vfs.dev.read.rate[sda],9766.229204169853
2026-05-16T13:57:41+00:00,cnsm-io-01,vfs.dev.read.rate[sda],9732.563869561931
2026-05-16T13:58:41+00:00,cnsm-io-01,vfs.dev.read.rate[sda],9822.583718017162
2026-05-16T13:59:41+00:00,cnsm-io-01,vfs.dev.read.rate[sda],9920.403881321725
2026-05-16T14:00:41+00:00,cnsm-io-01,vfs.dev.read.rate[sda],10199.8685964149
2026-05-16T14:01:41+00:00,cnsm-io-01,vfs.dev.read.rate[sda],9508.192116503444
2026-05-16T14:02:41+00:00,cnsm-io-01,vfs.dev.read.rate[sda],9750.642239775503
2026-05-16T14:03:41+00:00,cnsm-io-01,vfs.dev.read.rate[sda],9842.192677163033
2026-05-16T14:04:41+00:00,cnsm-io-01,vfs.dev.read.rate[sda],9562.856507641032
2026-05-16T14:05:41+00:00,cnsm-io-01,vfs.dev.read.rate[sda],9738.465274188491
2026-05-16T14:06:41+00:00,cnsm-io-01,vfs.dev.read.rate[sda],9876.120625675208
2026-05-16T14:07:41+00:00,cnsm-io-01,vfs.dev.read.rate[sda],9835.152972986854
2026-05-16T14:08:41+00:00,cnsm-io-01,vfs.dev.read.rate[sda],9870.578048141213
2026-05-16T14:09:41+00:00,cnsm-io-01,vfs.dev.read.rate[sda],10187.915022669647
2026-05-16T14:10:41+00:00,cnsm-io-01,vfs.dev.read.rate[sda],10231.845001646494
2026-05-16T14:11:41+00:00,cnsm-io-01,vfs.dev.read.rate[sda],9631.834675882632
2026-05-16T14:12:41+00:00,cnsm-io-01,vfs.dev.read.rate[sda],9619.184222774356
2026-05-16T14:13:41+00:00,cnsm-io-01,vfs.dev.read.rate[sda],9513.665614648819
2026-05-16T14:14:41+00:00,cnsm-io-01,vfs.dev.read.rate[sda],9608.536396635725
2026-05-16T14:15:41+00:00,cnsm-io-01,vfs.dev.read.rate[sda],8956.54490434992
2026-05-16T14:16:41+00:00,cnsm-io-01,vfs.dev.read.rate[sda],9301.682445244778
2026-05-16T14:17:41+00:00,cnsm-io-01,vfs.dev.read.rate[sda],9467.078535227456
2026-05-16T14:18:41+00:00,cnsm-io-01,vfs.dev.read.rate[sda],9910.587271278047
2026-05-16T14:19:41+00:00,cnsm-io-01,vfs.dev.read.rate[sda],10458.036094769133
2026-05-16T14:20:41+00:00,cnsm-io-01,vfs.dev.read.rate[sda],9557.544376142363
2026-05-16T14:21:41+00:00,cnsm-io-01,vfs.dev.read.rate[sda],9771.55334254251
2026-05-16T14:22:41+00:00,cnsm-io-01,vfs.dev.read.rate[sda],9696.406691013335
2026-05-16T14:23:41+00:00,cnsm-io-01,vfs.dev.read.rate[sda],9754.239143896246
2026-05-16T14:24:41+00:00,cnsm-io-01,vfs.dev.read.rate[sda],9250.279434932932
2026-05-16T14:25:41+00:00,cnsm-io-01,vfs.dev.read.rate[sda],9694.977579325398
2026-05-16T14:26:41+00:00,cnsm-io-01,vfs.dev.read.rate[sda],9908.403805723667
2026-05-16T14:27:41+00:00,cnsm-io-01,vfs.dev.read.rate[sda],9775.365272216088
2026-05-16T14:28:41+00:00,cnsm-io-01,vfs.dev.read.rate[sda],10809.68529779429
2026-05-16T14:29:41+00:00,cnsm-io-01,vfs.dev.read.rate[sda],9781.974428581287
2026-05-16T14:30:41+00:00,cnsm-io-01,vfs.dev.read.rate[sda],9578.585077434032
2026-05-16T14:31:41+00:00,cnsm-io-01,vfs.dev.read.rate[sda],9605.100329304752
2026-05-16T14:32:41+00:00,cnsm-io-01,vfs.dev.read.rate[sda],9170.711510223191
2026-05-16T14:33:41+00:00,cnsm-io-01,vfs.dev.read.rate[sda],9251.318781008891
2026-05-16T14:34:41+00:00,cnsm-io-01,vfs.dev.read.rate[sda],9686.11242461427
2026-05-16T13:26:39+00:00,cnsm-io-01,vfs.dev.read.await[sda],0.13251546007955822
2026-05-16T13:27:39+00:00,cnsm-io-01,vfs.dev.read.await[sda],0.12940905144345563
2026-05-16T13:28:39+00:00,cnsm-io-01,vfs.dev.read.await[sda],0.13167945587722357
2026-05-16T13:29:39+00:00,cnsm-io-01,vfs.dev.read.await[sda],0.13091172584288818
2026-05-16T13:30:39+00:00,cnsm-io-01,vfs.dev.read.await[sda],0.13025431681038913
2026-05-16T13:31:39+00:00,cnsm-io-01,vfs.dev.read.await[sda],0.13256002755788973
2026-05-16T13:32:39+00:00,cnsm-io-01,vfs.dev.read.await[sda],0.12765040539050782
2026-05-16T13:33:39+00:00,cnsm-io-01,vfs.dev.read.await[sda],0.13174234140384888
2026-05-16T13:34:39+00:00,cnsm-io-01,vfs.dev.read.await[sda],0.13027175927881254
2026-05-16T13:35:39+00:00,cnsm-io-01,vfs.dev.read.await[sda],0.13140425090182445
2026-05-16T13:36:39+00:00,cnsm-io-01,vfs.dev.read.await[sda],0.13154347784712117
2026-05-16T13:37:39+00:00,cnsm-io-01,vfs.dev.read.await[sda],0.1299777959923726
2026-05-16T13:38:39+00:00,cnsm-io-01,vfs.dev.read.await[sda],0.13385876407622657
2026-05-16T13:39:39+00:00,cnsm-io-01,vfs.dev.read.await[sda],0.13736361361815075
2026-05-16T13:40:39+00:00,cnsm-io-01,vfs.dev.read.await[sda],0.1307736487934508
2026-05-16T13:41:39+00:00,cnsm-io-01,vfs.dev.read.await[sda],0.13138088353691793
2026-05-16T13:42:39+00:00,cnsm-io-01,vfs.dev.read.await[sda],0.13047057893343694
2026-05-16T13:43:39+00:00,cnsm-io-01,vfs.dev.read.await[sda],0.1333042455514664
2026-05-16T13:44:39+00:00,cnsm-io-01,vfs.dev.read.await[sda],0.13295205033629853
2026-05-16T13:45:39+00:00,cnsm-io-01,vfs.dev.read.await[sda],0.13181740528064542
2026-05-16T13:46:39+00:00,cnsm-io-01,vfs.dev.read.await[sda],0.13302181566259952
2026-05-16T13:47:39+00:00,cnsm-io-01,vfs.dev.read.await[sda],0.13004163765774657
2026-05-16T13:48:39+00:00,cnsm-io-01,vfs.dev.read.await[sda],0.13038000833099095
2026-05-16T13:49:39+00:00,cnsm-io-01,vfs.dev.read.await[sda],0.12878135143110062
2026-05-16T13:50:39+00:00,cnsm-io-01,vfs.dev.read.await[sda],0.1289162439393991
2026-05-16T13:51:39+00:00,cnsm-io-01,vfs.dev.read.await[sda],0.12949999914403937
2026-05-16T13:52:39+00:00,cnsm-io-01,vfs.dev.read.await[sda],0.1301555523777746
2026-05-16T13:53:39+00:00,cnsm-io-01,vfs.dev.read.await[sda],0.13166605121564223
2026-05-16T13:54:39+00:00,cnsm-io-01,vfs.dev.read.await[sda],0.13062628925542022
2026-05-16T13:55:39+00:00,cnsm-io-01,vfs.dev.read.await[sda],0.13058539583140213
2026-05-16T13:56:39+00:00,cnsm-io-01,vfs.dev.read.await[sda],0.1316175603393852
2026-05-16T13:57:39+00:00,cnsm-io-01,vfs.dev.read.await[sda],0.13110345062971432
2026-05-16T13:58:39+00:00,cnsm-io-01,vfs.dev.read.await[sda],0.12994009720076857
2026-05-16T13:59:39+00:00,cnsm-io-01,vfs.dev.read.await[sda],0.1292516891375981
2026-05-16T14:00:39+00:00,cnsm-io-01,vfs.dev.read.await[sda],0.12780058867802807
2026-05-16T14:01:39+00:00,cnsm-io-01,vfs.dev.read.await[sda],0.1319194688776069
2026-05-16T14:02:39+00:00,cnsm-io-01,vfs.dev.read.await[sda],0.13977686044575327
2026-05-16T14:03:39+00:00,cnsm-io-01,vfs.dev.read.await[sda],0.13231561296542246
2026-05-16T14:04:39+00:00,cnsm-io-01,vfs.dev.read.await[sda],0.12999715512686777
2026-05-16T14:05:39+00:00,cnsm-io-01,vfs.dev.read.await[sda],0.13406940063091483
2026-05-16T14:06:39+00:00,cnsm-io-01,vfs.dev.read.await[sda],0.13058114599930515
2026-05-16T14:07:39+00:00,cnsm-io-01,vfs.dev.read.await[sda],0.12876648986349085
2026-05-16T14:08:39+00:00,cnsm-io-01,vfs.dev.read.await[sda],0.12950121840038772
2026-05-16T14:09:39+00:00,cnsm-io-01,vfs.dev.read.await[sda],0.12986846326596085
2026-05-16T14:10:39+00:00,cnsm-io-01,vfs.dev.read.await[sda],0.12904096546376317
2026-05-16T14:11:39+00:00,cnsm-io-01,vfs.dev.read.await[sda],0.1319568418446463
2026-05-16T14:12:39+00:00,cnsm-io-01,vfs.dev.read.await[sda],0.130922304897041
2026-05-16T14:13:39+00:00,cnsm-io-01,vfs.dev.read.await[sda],0.13186994067420713
2026-05-16T14:14:39+00:00,cnsm-io-01,vfs.dev.read.await[sda],0.13205154034144162
2026-05-16T14:15:39+00:00,cnsm-io-01,vfs.dev.read.await[sda],0.13260504172528098
2026-05-16T14:16:39+00:00,cnsm-io-01,vfs.dev.read.await[sda],0.14138284589290268
2026-05-16T14:17:39+00:00,cnsm-io-01,vfs.dev.read.await[sda],0.1345793421274247
2026-05-16T14:18:39+00:00,cnsm-io-01,vfs.dev.read.await[sda],0.13274967254904727
2026-05-16T14:19:39+00:00,cnsm-io-01,vfs.dev.read.await[sda],0.1291191650592218
2026-05-16T14:20:39+00:00,cnsm-io-01,vfs.dev.read.await[sda],0.1317286638130237
2026-05-16T14:21:39+00:00,cnsm-io-01,vfs.dev.read.await[sda],0.13119722657217298
2026-05-16T14:22:39+00:00,cnsm-io-01,vfs.dev.read.await[sda],0.1309858434248678
2026-05-16T14:23:39+00:00,cnsm-io-01,vfs.dev.read.await[sda],0.13143971948159097
2026-05-16T14:24:39+00:00,cnsm-io-01,vfs.dev.read.await[sda],0.13124224685004252
2026-05-16T14:25:39+00:00,cnsm-io-01,vfs.dev.read.await[sda],0.1369865481840229
2026-05-16T14:26:39+00:00,cnsm-io-01,vfs.dev.read.await[sda],0.1318301607521364
2026-05-16T14:27:39+00:00,cnsm-io-01,vfs.dev.read.await[sda],0.12791818403545807
2026-05-16T14:28:39+00:00,cnsm-io-01,vfs.dev.read.await[sda],0.12936621195149026
2026-05-16T14:29:39+00:00,cnsm-io-01,vfs.dev.read.await[sda],0.13043183303935957
2026-05-16T14:30:39+00:00,cnsm-io-01,vfs.dev.read.await[sda],0.13088252332563197
2026-05-16T14:31:39+00:00,cnsm-io-01,vfs.dev.read.await[sda],0.13144254108558157
2026-05-16T14:32:39+00:00,cnsm-io-01,vfs.dev.read.await[sda],0.13188064042033007
2026-05-16T14:33:39+00:00,cnsm-io-01,vfs.dev.read.await[sda],0.13628053213143354
2026-05-16T14:34:39+00:00,cnsm-io-01,vfs.dev.read.await[sda],0.1354417381278374
2026-05-16T13:26:41+00:00,cnsm-io-01,vfs.dev.read.time.rate[sda],1.271866621388215
2026-05-16T13:27:41+00:00,cnsm-io-01,vfs.dev.read.time.rate[sda],1.2584136819610958
2026-05-16T13:28:41+00:00,cnsm-io-01,vfs.dev.read.time.rate[sda],1.279720977150834
2026-05-16T13:29:41+00:00,cnsm-io-01,vfs.dev.read.time.rate[sda],1.2677980039154328
2026-05-16T13:30:41+00:00,cnsm-io-01,vfs.dev.read.time.rate[sda],1.2763294809295664
2026-05-16T13:31:41+00:00,cnsm-io-01,vfs.dev.read.time.rate[sda],1.2736795201673474
2026-05-16T13:32:41+00:00,cnsm-io-01,vfs.dev.read.time.rate[sda],1.2730906212891222
2026-05-16T13:33:41+00:00,cnsm-io-01,vfs.dev.read.time.rate[sda],1.3879942902078883
2026-05-16T13:34:41+00:00,cnsm-io-01,vfs.dev.read.time.rate[sda],1.2658538424782415
2026-05-16T13:35:41+00:00,cnsm-io-01,vfs.dev.read.time.rate[sda],1.2671130686779895
2026-05-16T13:36:41+00:00,cnsm-io-01,vfs.dev.read.time.rate[sda],1.2712679079696394
2026-05-16T13:37:41+00:00,cnsm-io-01,vfs.dev.read.time.rate[sda],1.2740341327468967
2026-05-16T13:38:41+00:00,cnsm-io-01,vfs.dev.read.time.rate[sda],1.2627738270173376
2026-05-16T13:39:41+00:00,cnsm-io-01,vfs.dev.read.time.rate[sda],1.2712919288558875
2026-05-16T13:40:41+00:00,cnsm-io-01,vfs.dev.read.time.rate[sda],1.2646749209476165
2026-05-16T13:41:41+00:00,cnsm-io-01,vfs.dev.read.time.rate[sda],1.2651083715197557
2026-05-16T13:42:41+00:00,cnsm-io-01,vfs.dev.read.time.rate[sda],1.4054061631979178
2026-05-16T13:43:41+00:00,cnsm-io-01,vfs.dev.read.time.rate[sda],1.2766284453939094
2026-05-16T13:44:41+00:00,cnsm-io-01,vfs.dev.read.time.rate[sda],1.260261029624103
2026-05-16T13:45:41+00:00,cnsm-io-01,vfs.dev.read.time.rate[sda],1.2544324485301295
2026-05-16T13:46:41+00:00,cnsm-io-01,vfs.dev.read.time.rate[sda],1.2826095114362155
2026-05-16T13:47:41+00:00,cnsm-io-01,vfs.dev.read.time.rate[sda],1.2832933899268544
2026-05-16T13:48:41+00:00,cnsm-io-01,vfs.dev.read.time.rate[sda],1.2729606752391667
2026-05-16T13:49:41+00:00,cnsm-io-01,vfs.dev.read.time.rate[sda],1.2647440224403268
2026-05-16T13:50:41+00:00,cnsm-io-01,vfs.dev.read.time.rate[sda],1.2607622222276809
2026-05-16T13:51:41+00:00,cnsm-io-01,vfs.dev.read.time.rate[sda],1.365272748001068
2026-05-16T13:52:41+00:00,cnsm-io-01,vfs.dev.read.time.rate[sda],1.3014044711103243
2026-05-16T13:53:41+00:00,cnsm-io-01,vfs.dev.read.time.rate[sda],1.2718013524413616
2026-05-16T13:54:41+00:00,cnsm-io-01,vfs.dev.read.time.rate[sda],1.2678731431106003
2026-05-16T13:55:41+00:00,cnsm-io-01,vfs.dev.read.time.rate[sda],1.264780558763142
2026-05-16T13:56:41+00:00,cnsm-io-01,vfs.dev.read.time.rate[sda],1.2803863483073565
2026-05-16T13:57:41+00:00,cnsm-io-01,vfs.dev.read.time.rate[sda],1.2646502952235656
2026-05-16T13:58:41+00:00,cnsm-io-01,vfs.dev.read.time.rate[sda],1.2695855372491869
2026-05-16T13:59:41+00:00,cnsm-io-01,vfs.dev.read.time.rate[sda],1.267833455956711
2026-05-16T14:00:41+00:00,cnsm-io-01,vfs.dev.read.time.rate[sda],1.3455612478604353
2026-05-16T14:01:41+00:00,cnsm-io-01,vfs.dev.read.time.rate[sda],1.3290252425599132
2026-05-16T14:02:41+00:00,cnsm-io-01,vfs.dev.read.time.rate[sda],1.2901622047624355
2026-05-16T14:03:41+00:00,cnsm-io-01,vfs.dev.read.time.rate[sda],1.279457048241685
2026-05-16T14:04:41+00:00,cnsm-io-01,vfs.dev.read.time.rate[sda],1.2820864402988765
2026-05-16T14:05:41+00:00,cnsm-io-01,vfs.dev.read.time.rate[sda],1.2716599557779706
2026-05-16T14:06:41+00:00,cnsm-io-01,vfs.dev.read.time.rate[sda],1.2717133864366197
2026-05-16T14:07:41+00:00,cnsm-io-01,vfs.dev.read.time.rate[sda],1.2736642931559932
2026-05-16T14:08:41+00:00,cnsm-io-01,vfs.dev.read.time.rate[sda],1.2818768026588268
2026-05-16T14:09:41+00:00,cnsm-io-01,vfs.dev.read.time.rate[sda],1.3146583905880682
2026-05-16T14:10:41+00:00,cnsm-io-01,vfs.dev.read.time.rate[sda],1.350161952661201
2026-05-16T14:11:41+00:00,cnsm-io-01,vfs.dev.read.time.rate[sda],1.261021996153798
2026-05-16T14:12:41+00:00,cnsm-io-01,vfs.dev.read.time.rate[sda],1.2684812527915237
2026-05-16T14:13:41+00:00,cnsm-io-01,vfs.dev.read.time.rate[sda],1.2562941987077845
2026-05-16T14:14:41+00:00,cnsm-io-01,vfs.dev.read.time.rate[sda],1.2741403697947613
2026-05-16T14:15:41+00:00,cnsm-io-01,vfs.dev.read.time.rate[sda],1.2663018079445674
2026-05-16T14:16:41+00:00,cnsm-io-01,vfs.dev.read.time.rate[sda],1.2518143041592575
2026-05-16T14:17:41+00:00,cnsm-io-01,vfs.dev.read.time.rate[sda],1.2567515755475587
2026-05-16T14:18:41+00:00,cnsm-io-01,vfs.dev.read.time.rate[sda],1.2796467537139726
2026-05-16T14:19:41+00:00,cnsm-io-01,vfs.dev.read.time.rate[sda],1.3776231208723106
2026-05-16T14:20:41+00:00,cnsm-io-01,vfs.dev.read.time.rate[sda],1.253923314990347
2026-05-16T14:21:41+00:00,cnsm-io-01,vfs.dev.read.time.rate[sda],1.2799351561440169
2026-05-16T14:22:41+00:00,cnsm-io-01,vfs.dev.read.time.rate[sda],1.2744929754462144
2026-05-16T14:23:41+00:00,cnsm-io-01,vfs.dev.read.time.rate[sda],1.2801682615575787
2026-05-16T14:24:41+00:00,cnsm-io-01,vfs.dev.read.time.rate[sda],1.267163849529116
2026-05-16T14:25:41+00:00,cnsm-io-01,vfs.dev.read.time.rate[sda],1.2780904527708254
2026-05-16T14:26:41+00:00,cnsm-io-01,vfs.dev.read.time.rate[sda],1.267465021518193
2026-05-16T14:27:41+00:00,cnsm-io-01,vfs.dev.read.time.rate[sda],1.2646019757087434
2026-05-16T14:28:41+00:00,cnsm-io-01,vfs.dev.read.time.rate[sda],1.409927067969925
2026-05-16T14:29:41+00:00,cnsm-io-01,vfs.dev.read.time.rate[sda],1.2802894963195257
2026-05-16T14:30:41+00:00,cnsm-io-01,vfs.dev.read.time.rate[sda],1.2590335625823612
2026-05-16T14:31:41+00:00,cnsm-io-01,vfs.dev.read.time.rate[sda],1.266726782730234
2026-05-16T14:32:41+00:00,cnsm-io-01,vfs.dev.read.time.rate[sda],1.249789444637079
2026-05-16T14:33:41+00:00,cnsm-io-01,vfs.dev.read.time.rate[sda],1.2530146956745505
2026-05-16T14:34:41+00:00,cnsm-io-01,vfs.dev.read.time.rate[sda],1.2678391472584234
2026-05-16T13:26:41+00:00,cnsm-io-01,vfs.dev.util[sda],71.96333077143876
2026-05-16T13:27:41+00:00,cnsm-io-01,vfs.dev.util[sda],70.98649830088999
2026-05-16T13:28:41+00:00,cnsm-io-01,vfs.dev.util[sda],73.39024720036966
2026-05-16T13:29:41+00:00,cnsm-io-01,vfs.dev.util[sda],72.18655301254829
2026-05-16T13:30:41+00:00,cnsm-io-01,vfs.dev.util[sda],73.44073734010685
2026-05-16T13:31:41+00:00,cnsm-io-01,vfs.dev.util[sda],71.94384319576022
2026-05-16T13:32:41+00:00,cnsm-io-01,vfs.dev.util[sda],72.86875047899682
2026-05-16T13:33:41+00:00,cnsm-io-01,vfs.dev.util[sda],78.50967703474159
2026-05-16T13:34:41+00:00,cnsm-io-01,vfs.dev.util[sda],72.1735524149488
2026-05-16T13:35:41+00:00,cnsm-io-01,vfs.dev.util[sda],72.5981271897412
2026-05-16T13:36:41+00:00,cnsm-io-01,vfs.dev.util[sda],72.32268545463987
2026-05-16T13:37:41+00:00,cnsm-io-01,vfs.dev.util[sda],73.60715744247425
2026-05-16T13:38:41+00:00,cnsm-io-01,vfs.dev.util[sda],73.59069318448935
2026-05-16T13:39:41+00:00,cnsm-io-01,vfs.dev.util[sda],72.99549354078071
2026-05-16T13:40:41+00:00,cnsm-io-01,vfs.dev.util[sda],72.4945177797584
2026-05-16T13:41:41+00:00,cnsm-io-01,vfs.dev.util[sda],72.72118984352102
2026-05-16T13:42:41+00:00,cnsm-io-01,vfs.dev.util[sda],81.45202386229953
2026-05-16T13:43:41+00:00,cnsm-io-01,vfs.dev.util[sda],73.85234806043256
2026-05-16T13:44:41+00:00,cnsm-io-01,vfs.dev.util[sda],73.15467278524487
2026-05-16T13:45:41+00:00,cnsm-io-01,vfs.dev.util[sda],72.50135565706235
2026-05-16T13:46:41+00:00,cnsm-io-01,vfs.dev.util[sda],73.28816248050583
2026-05-16T13:47:41+00:00,cnsm-io-01,vfs.dev.util[sda],73.4062885606618
2026-05-16T13:48:41+00:00,cnsm-io-01,vfs.dev.util[sda],72.63560913311353
2026-05-16T13:49:41+00:00,cnsm-io-01,vfs.dev.util[sda],72.12132579964454
2026-05-16T13:50:41+00:00,cnsm-io-01,vfs.dev.util[sda],71.65474740268446
2026-05-16T13:51:41+00:00,cnsm-io-01,vfs.dev.util[sda],77.59534563294807
2026-05-16T13:52:41+00:00,cnsm-io-01,vfs.dev.util[sda],74.27335278415029
2026-05-16T13:53:41+00:00,cnsm-io-01,vfs.dev.util[sda],72.12363369092213
2026-05-16T13:54:41+00:00,cnsm-io-01,vfs.dev.util[sda],71.75203318442325
2026-05-16T13:55:41+00:00,cnsm-io-01,vfs.dev.util[sda],71.90817558717008
2026-05-16T13:56:41+00:00,cnsm-io-01,vfs.dev.util[sda],78.91582525298519
2026-05-16T13:57:41+00:00,cnsm-io-01,vfs.dev.util[sda],82.19443575113388
2026-05-16T13:58:41+00:00,cnsm-io-01,vfs.dev.util[sda],82.0368090770981
2026-05-16T13:59:41+00:00,cnsm-io-01,vfs.dev.util[sda],82.19059415612416
2026-05-16T14:00:41+00:00,cnsm-io-01,vfs.dev.util[sda],87.00906066237354
2026-05-16T14:01:41+00:00,cnsm-io-01,vfs.dev.util[sda],87.36946811652048
2026-05-16T14:02:41+00:00,cnsm-io-01,vfs.dev.util[sda],83.2274539872844
2026-05-16T14:03:41+00:00,cnsm-io-01,vfs.dev.util[sda],82.74271130810585
2026-05-16T14:04:41+00:00,cnsm-io-01,vfs.dev.util[sda],83.11186807719737
2026-05-16T14:05:41+00:00,cnsm-io-01,vfs.dev.util[sda],78.11792108423234
2026-05-16T14:06:41+00:00,cnsm-io-01,vfs.dev.util[sda],72.43242911214523
2026-05-16T14:07:41+00:00,cnsm-io-01,vfs.dev.util[sda],73.04390805687927
2026-05-16T14:08:41+00:00,cnsm-io-01,vfs.dev.util[sda],73.85225062749022
2026-05-16T14:09:41+00:00,cnsm-io-01,vfs.dev.util[sda],75.55048218836082
2026-05-16T14:10:41+00:00,cnsm-io-01,vfs.dev.util[sda],77.80780738895575
2026-05-16T14:11:41+00:00,cnsm-io-01,vfs.dev.util[sda],71.96792201152657
2026-05-16T14:12:41+00:00,cnsm-io-01,vfs.dev.util[sda],72.83988052924195
2026-05-16T14:13:41+00:00,cnsm-io-01,vfs.dev.util[sda],70.61727741784475
2026-05-16T14:14:41+00:00,cnsm-io-01,vfs.dev.util[sda],72.35373290802922
2026-05-16T14:15:41+00:00,cnsm-io-01,vfs.dev.util[sda],73.69580192381169
2026-05-16T14:16:41+00:00,cnsm-io-01,vfs.dev.util[sda],72.72652941231193
2026-05-16T14:17:41+00:00,cnsm-io-01,vfs.dev.util[sda],73.42342538183429
2026-05-16T14:18:41+00:00,cnsm-io-01,vfs.dev.util[sda],73.04743275648754
2026-05-16T14:19:41+00:00,cnsm-io-01,vfs.dev.util[sda],79.4274893473658
2026-05-16T14:20:41+00:00,cnsm-io-01,vfs.dev.util[sda],71.88800332584158
2026-05-16T14:21:41+00:00,cnsm-io-01,vfs.dev.util[sda],73.88914308174648
2026-05-16T14:22:41+00:00,cnsm-io-01,vfs.dev.util[sda],73.11721983133745
2026-05-16T14:23:41+00:00,cnsm-io-01,vfs.dev.util[sda],73.98105533728835
2026-05-16T14:24:41+00:00,cnsm-io-01,vfs.dev.util[sda],73.60316969999319
2026-05-16T14:25:41+00:00,cnsm-io-01,vfs.dev.util[sda],73.63944991944572
2026-05-16T14:26:41+00:00,cnsm-io-01,vfs.dev.util[sda],71.81324012094454
2026-05-16T14:27:41+00:00,cnsm-io-01,vfs.dev.util[sda],71.70011201828001
2026-05-16T14:28:41+00:00,cnsm-io-01,vfs.dev.util[sda],81.2013058283639
2026-05-16T14:29:41+00:00,cnsm-io-01,vfs.dev.util[sda],74.02298661742226
2026-05-16T14:30:41+00:00,cnsm-io-01,vfs.dev.util[sda],71.77501306903363
2026-05-16T14:31:41+00:00,cnsm-io-01,vfs.dev.util[sda],72.31129272448379
2026-05-16T14:32:41+00:00,cnsm-io-01,vfs.dev.util[sda],71.68035050735661
2026-05-16T14:33:41+00:00,cnsm-io-01,vfs.dev.util[sda],71.33988778235651
2026-05-16T14:34:41+00:00,cnsm-io-01,vfs.dev.util[sda],71.66916888982159
2026-05-16T13:26:41+00:00,cnsm-io-01,vfs.dev.write.rate[sda],4332.483179096932
2026-05-16T13:27:41+00:00,cnsm-io-01,vfs.dev.write.rate[sda],4215.673334599318
2026-05-16T13:28:41+00:00,cnsm-io-01,vfs.dev.write.rate[sda],4310.331185155198
2026-05-16T13:29:41+00:00,cnsm-io-01,vfs.dev.write.rate[sda],4298.926564888404
2026-05-16T13:30:41+00:00,cnsm-io-01,vfs.dev.write.rate[sda],4247.609312380989
2026-05-16T13:31:41+00:00,cnsm-io-01,vfs.dev.write.rate[sda],4407.029138203279
2026-05-16T13:32:41+00:00,cnsm-io-01,vfs.dev.write.rate[sda],4253.89101856209
2026-05-16T13:33:41+00:00,cnsm-io-01,vfs.dev.write.rate[sda],4679.947414766986
2026-05-16T13:34:41+00:00,cnsm-io-01,vfs.dev.write.rate[sda],4251.146237616886
2026-05-16T13:35:41+00:00,cnsm-io-01,vfs.dev.write.rate[sda],4247.704605238645
2026-05-16T13:36:41+00:00,cnsm-io-01,vfs.dev.write.rate[sda],4312.49408214372
2026-05-16T13:37:41+00:00,cnsm-io-01,vfs.dev.write.rate[sda],4195.504644878066
2026-05-16T13:38:41+00:00,cnsm-io-01,vfs.dev.write.rate[sda],4057.8967922575785
2026-05-16T13:39:41+00:00,cnsm-io-01,vfs.dev.write.rate[sda],4288.462328699254
2026-05-16T13:40:41+00:00,cnsm-io-01,vfs.dev.write.rate[sda],4248.971736618986
2026-05-16T13:41:41+00:00,cnsm-io-01,vfs.dev.write.rate[sda],4277.955283350934
2026-05-16T13:42:41+00:00,cnsm-io-01,vfs.dev.write.rate[sda],4623.486942275129
2026-05-16T13:43:41+00:00,cnsm-io-01,vfs.dev.write.rate[sda],4236.089083993527
2026-05-16T13:44:41+00:00,cnsm-io-01,vfs.dev.write.rate[sda],4216.997804386904
2026-05-16T13:45:41+00:00,cnsm-io-01,vfs.dev.write.rate[sda],4159.669866759969
2026-05-16T13:46:41+00:00,cnsm-io-01,vfs.dev.write.rate[sda],4347.838739533602
2026-05-16T13:47:41+00:00,cnsm-io-01,vfs.dev.write.rate[sda],4345.460950443373
2026-05-16T13:48:41+00:00,cnsm-io-01,vfs.dev.write.rate[sda],4363.3199247887205
2026-05-16T13:49:41+00:00,cnsm-io-01,vfs.dev.write.rate[sda],4333.746184082077
2026-05-16T13:50:41+00:00,cnsm-io-01,vfs.dev.write.rate[sda],4299.734842574733
2026-05-16T13:51:41+00:00,cnsm-io-01,vfs.dev.write.rate[sda],4599.253819789623
2026-05-16T13:52:41+00:00,cnsm-io-01,vfs.dev.write.rate[sda],4357.803353726672
2026-05-16T13:53:41+00:00,cnsm-io-01,vfs.dev.write.rate[sda],4295.617154151864
2026-05-16T13:54:41+00:00,cnsm-io-01,vfs.dev.write.rate[sda],4282.371874855147
2026-05-16T13:55:41+00:00,cnsm-io-01,vfs.dev.write.rate[sda],4238.090702829791
2026-05-16T13:56:41+00:00,cnsm-io-01,vfs.dev.write.rate[sda],4306.970745026754
2026-05-16T13:57:41+00:00,cnsm-io-01,vfs.dev.write.rate[sda],4300.707682453328
2026-05-16T13:58:41+00:00,cnsm-io-01,vfs.dev.write.rate[sda],4334.207523895314
2026-05-16T13:59:41+00:00,cnsm-io-01,vfs.dev.write.rate[sda],4382.876140890379
2026-05-16T14:00:41+00:00,cnsm-io-01,vfs.dev.write.rate[sda],4473.120725193204
2026-05-16T14:01:41+00:00,cnsm-io-01,vfs.dev.write.rate[sda],4195.074461435447
2026-05-16T14:02:41+00:00,cnsm-io-01,vfs.dev.write.rate[sda],4297.873990648235
2026-05-16T14:03:41+00:00,cnsm-io-01,vfs.dev.write.rate[sda],4342.4673551397855
2026-05-16T14:04:41+00:00,cnsm-io-01,vfs.dev.write.rate[sda],4219.960226510948
2026-05-16T14:05:41+00:00,cnsm-io-01,vfs.dev.write.rate[sda],4293.460675596425
2026-05-16T14:06:41+00:00,cnsm-io-01,vfs.dev.write.rate[sda],4361.762579888111
2026-05-16T14:07:41+00:00,cnsm-io-01,vfs.dev.write.rate[sda],4343.868396265495
2026-05-16T14:08:41+00:00,cnsm-io-01,vfs.dev.write.rate[sda],4359.417803903822
2026-05-16T14:09:41+00:00,cnsm-io-01,vfs.dev.write.rate[sda],4469.295191198342
2026-05-16T14:10:41+00:00,cnsm-io-01,vfs.dev.write.rate[sda],4510.572892807643
2026-05-16T14:11:41+00:00,cnsm-io-01,vfs.dev.write.rate[sda],4249.824130178115
2026-05-16T14:12:41+00:00,cnsm-io-01,vfs.dev.write.rate[sda],4242.993040713531
2026-05-16T14:13:41+00:00,cnsm-io-01,vfs.dev.write.rate[sda],4195.136282684925
2026-05-16T14:14:41+00:00,cnsm-io-01,vfs.dev.write.rate[sda],4237.623402345866
2026-05-16T14:15:41+00:00,cnsm-io-01,vfs.dev.write.rate[sda],3955.6702510297246
2026-05-16T14:16:41+00:00,cnsm-io-01,vfs.dev.write.rate[sda],4103.892254860944
2026-05-16T14:17:41+00:00,cnsm-io-01,vfs.dev.write.rate[sda],4178.88857226664
2026-05-16T14:18:41+00:00,cnsm-io-01,vfs.dev.write.rate[sda],4347.128924137734
2026-05-16T14:19:41+00:00,cnsm-io-01,vfs.dev.write.rate[sda],4610.687592418639
2026-05-16T14:20:41+00:00,cnsm-io-01,vfs.dev.write.rate[sda],4215.745052684403
2026-05-16T14:21:41+00:00,cnsm-io-01,vfs.dev.write.rate[sda],4311.150002084523
2026-05-16T14:22:41+00:00,cnsm-io-01,vfs.dev.write.rate[sda],4277.849030519615
2026-05-16T14:23:41+00:00,cnsm-io-01,vfs.dev.write.rate[sda],4298.894656922318
2026-05-16T14:24:41+00:00,cnsm-io-01,vfs.dev.write.rate[sda],4083.9075873913835
2026-05-16T14:25:41+00:00,cnsm-io-01,vfs.dev.write.rate[sda],4278.418040573772
2026-05-16T14:26:41+00:00,cnsm-io-01,vfs.dev.write.rate[sda],4378.277650401914
2026-05-16T14:27:41+00:00,cnsm-io-01,vfs.dev.write.rate[sda],4304.140057763081
2026-05-16T14:28:41+00:00,cnsm-io-01,vfs.dev.write.rate[sda],4749.128896058468
2026-05-16T14:29:41+00:00,cnsm-io-01,vfs.dev.write.rate[sda],4319.110350125423
2026-05-16T14:30:41+00:00,cnsm-io-01,vfs.dev.write.rate[sda],4226.817436299675
2026-05-16T14:31:41+00:00,cnsm-io-01,vfs.dev.write.rate[sda],4234.178103865342
2026-05-16T14:32:41+00:00,cnsm-io-01,vfs.dev.write.rate[sda],4044.336442932628
2026-05-16T14:33:41+00:00,cnsm-io-01,vfs.dev.write.rate[sda],4085.0769075073576
2026-05-16T14:34:41+00:00,cnsm-io-01,vfs.dev.write.rate[sda],4273.251070861525
2026-05-16T13:26:40+00:00,cnsm-io-01,vfs.dev.write.await[sda],0.08302395034256604
2026-05-16T13:27:40+00:00,cnsm-io-01,vfs.dev.write.await[sda],0.07892702030013579
2026-05-16T13:28:40+00:00,cnsm-io-01,vfs.dev.write.await[sda],0.0812126147994987
2026-05-16T13:29:40+00:00,cnsm-io-01,vfs.dev.write.await[sda],0.08067852709971036
2026-05-16T13:30:40+00:00,cnsm-io-01,vfs.dev.write.await[sda],0.07974458780472675
2026-05-16T13:31:40+00:00,cnsm-io-01,vfs.dev.write.await[sda],0.08293768196693008
2026-05-16T13:32:40+00:00,cnsm-io-01,vfs.dev.write.await[sda],0.07635784680780255
2026-05-16T13:33:40+00:00,cnsm-io-01,vfs.dev.write.await[sda],0.0819881519558676
2026-05-16T13:34:40+00:00,cnsm-io-01,vfs.dev.write.await[sda],0.07963731935412646
2026-05-16T13:35:40+00:00,cnsm-io-01,vfs.dev.write.await[sda],0.080731412799724
2026-05-16T13:36:40+00:00,cnsm-io-01,vfs.dev.write.await[sda],0.08115340398567074
2026-05-16T13:37:40+00:00,cnsm-io-01,vfs.dev.write.await[sda],0.07915871163225713
2026-05-16T13:38:40+00:00,cnsm-io-01,vfs.dev.write.await[sda],0.0836895209342973
2026-05-16T13:39:40+00:00,cnsm-io-01,vfs.dev.write.await[sda],0.08780692170570019
2026-05-16T13:40:40+00:00,cnsm-io-01,vfs.dev.write.await[sda],0.08053446091424218
2026-05-16T13:41:40+00:00,cnsm-io-01,vfs.dev.write.await[sda],0.08112497058131325
2026-05-16T13:42:40+00:00,cnsm-io-01,vfs.dev.write.await[sda],0.07981564522224258
2026-05-16T13:43:40+00:00,cnsm-io-01,vfs.dev.write.await[sda],0.08399901949475141
2026-05-16T13:44:40+00:00,cnsm-io-01,vfs.dev.write.await[sda],0.08303332900540206
2026-05-16T13:45:40+00:00,cnsm-io-01,vfs.dev.write.await[sda],0.08335276518549845
2026-05-16T13:46:40+00:00,cnsm-io-01,vfs.dev.write.await[sda],0.08258843609643131
2026-05-16T13:47:40+00:00,cnsm-io-01,vfs.dev.write.await[sda],0.07988806470779906
2026-05-16T13:48:40+00:00,cnsm-io-01,vfs.dev.write.await[sda],0.08036313566960329
2026-05-16T13:49:40+00:00,cnsm-io-01,vfs.dev.write.await[sda],0.07812159803206302
2026-05-16T13:50:40+00:00,cnsm-io-01,vfs.dev.write.await[sda],0.078619061170806
2026-05-16T13:51:40+00:00,cnsm-io-01,vfs.dev.write.await[sda],0.07903947903947904
2026-05-16T13:52:40+00:00,cnsm-io-01,vfs.dev.write.await[sda],0.0792994484588011
2026-05-16T13:53:40+00:00,cnsm-io-01,vfs.dev.write.await[sda],0.08131974880867697
2026-05-16T13:54:40+00:00,cnsm-io-01,vfs.dev.write.await[sda],0.08061925270632057
2026-05-16T13:55:40+00:00,cnsm-io-01,vfs.dev.write.await[sda],0.08030637383679522
2026-05-16T13:56:40+00:00,cnsm-io-01,vfs.dev.write.await[sda],0.08140833549625225
2026-05-16T13:57:40+00:00,cnsm-io-01,vfs.dev.write.await[sda],0.08098800020122204
2026-05-16T13:58:40+00:00,cnsm-io-01,vfs.dev.write.await[sda],0.07846488321532792
2026-05-16T13:59:40+00:00,cnsm-io-01,vfs.dev.write.await[sda],0.07767292695307094
2026-05-16T14:00:40+00:00,cnsm-io-01,vfs.dev.write.await[sda],0.07629973837916768
2026-05-16T14:01:40+00:00,cnsm-io-01,vfs.dev.write.await[sda],0.08200160217597853
2026-05-16T14:02:40+00:00,cnsm-io-01,vfs.dev.write.await[sda],0.0901488244221433
2026-05-16T14:03:40+00:00,cnsm-io-01,vfs.dev.write.await[sda],0.08243688680342809
2026-05-16T14:04:40+00:00,cnsm-io-01,vfs.dev.write.await[sda],0.07960084436768376
2026-05-16T14:05:40+00:00,cnsm-io-01,vfs.dev.write.await[sda],0.0847758859702129
2026-05-16T14:06:40+00:00,cnsm-io-01,vfs.dev.write.await[sda],0.08056783730382093
2026-05-16T14:07:40+00:00,cnsm-io-01,vfs.dev.write.await[sda],0.0780388455615717
2026-05-16T14:08:40+00:00,cnsm-io-01,vfs.dev.write.await[sda],0.07940959806012984
2026-05-16T14:09:40+00:00,cnsm-io-01,vfs.dev.write.await[sda],0.07944166414974597
2026-05-16T14:10:40+00:00,cnsm-io-01,vfs.dev.write.await[sda],0.07808887364071662
2026-05-16T14:11:40+00:00,cnsm-io-01,vfs.dev.write.await[sda],0.08304328226956643
2026-05-16T14:12:40+00:00,cnsm-io-01,vfs.dev.write.await[sda],0.08067141204384572
2026-05-16T14:13:40+00:00,cnsm-io-01,vfs.dev.write.await[sda],0.08206064891193339
2026-05-16T14:14:40+00:00,cnsm-io-01,vfs.dev.write.await[sda],0.08147203483429079
2026-05-16T14:15:40+00:00,cnsm-io-01,vfs.dev.write.await[sda],0.0833097350701655
2026-05-16T14:16:40+00:00,cnsm-io-01,vfs.dev.write.await[sda],0.09241898855243257
2026-05-16T14:17:40+00:00,cnsm-io-01,vfs.dev.write.await[sda],0.08814379817571903
2026-05-16T14:18:40+00:00,cnsm-io-01,vfs.dev.write.await[sda],0.08569673716662746
2026-05-16T14:19:40+00:00,cnsm-io-01,vfs.dev.write.await[sda],0.07829770919198696
2026-05-16T14:20:40+00:00,cnsm-io-01,vfs.dev.write.await[sda],0.08147117296222665
2026-05-16T14:21:40+00:00,cnsm-io-01,vfs.dev.write.await[sda],0.08072665454257928
2026-05-16T14:22:40+00:00,cnsm-io-01,vfs.dev.write.await[sda],0.0804802993752706
2026-05-16T14:23:40+00:00,cnsm-io-01,vfs.dev.write.await[sda],0.08140055869621965
2026-05-16T14:24:40+00:00,cnsm-io-01,vfs.dev.write.await[sda],0.08108401504284109
2026-05-16T14:25:40+00:00,cnsm-io-01,vfs.dev.write.await[sda],0.08784051257983554
2026-05-16T14:26:40+00:00,cnsm-io-01,vfs.dev.write.await[sda],0.08261169348712735
2026-05-16T14:27:40+00:00,cnsm-io-01,vfs.dev.write.await[sda],0.07714210668564926
2026-05-16T14:28:40+00:00,cnsm-io-01,vfs.dev.write.await[sda],0.07849431554164991
2026-05-16T14:29:40+00:00,cnsm-io-01,vfs.dev.write.await[sda],0.08028805154606614
2026-05-16T14:30:40+00:00,cnsm-io-01,vfs.dev.write.await[sda],0.08095947395636369
2026-05-16T14:31:40+00:00,cnsm-io-01,vfs.dev.write.await[sda],0.08128260432397903
2026-05-16T14:32:40+00:00,cnsm-io-01,vfs.dev.write.await[sda],0.0814793821737282
2026-05-16T14:33:40+00:00,cnsm-io-01,vfs.dev.write.await[sda],0.08620739391491763
2026-05-16T14:34:40+00:00,cnsm-io-01,vfs.dev.write.await[sda],0.08519614042961181
2026-05-16T13:26:41+00:00,cnsm-io-01,vfs.dev.write.time.rate[sda],0.3419499878265804
2026-05-16T13:27:41+00:00,cnsm-io-01,vfs.dev.write.time.rate[sda],0.34236585464333263
2026-05-16T13:28:41+00:00,cnsm-io-01,vfs.dev.write.time.rate[sda],0.3477511713302704
2026-05-16T13:29:41+00:00,cnsm-io-01,vfs.dev.write.time.rate[sda],0.34281612691981567
2026-05-16T13:30:41+00:00,cnsm-io-01,vfs.dev.write.time.rate[sda],0.35228687027002503
2026-05-16T13:31:41+00:00,cnsm-io-01,vfs.dev.write.time.rate[sda],0.3365112558124481
2026-05-16T13:32:41+00:00,cnsm-io-01,vfs.dev.write.time.rate[sda],0.34876866323356903
2026-05-16T13:33:41+00:00,cnsm-io-01,vfs.dev.write.time.rate[sda],0.372698466830317
2026-05-16T13:34:41+00:00,cnsm-io-01,vfs.dev.write.time.rate[sda],0.3432010417810423
2026-05-16T13:35:41+00:00,cnsm-io-01,vfs.dev.write.time.rate[sda],0.34471568784072576
2026-05-16T13:36:41+00:00,cnsm-io-01,vfs.dev.write.time.rate[sda],0.34137147546423013
2026-05-16T13:37:41+00:00,cnsm-io-01,vfs.dev.write.time.rate[sda],0.3511197738074644
2026-05-16T13:38:41+00:00,cnsm-io-01,vfs.dev.write.time.rate[sda],0.35631142592757314
2026-05-16T13:39:41+00:00,cnsm-io-01,vfs.dev.write.time.rate[sda],0.34536900179283003
2026-05-16T13:40:41+00:00,cnsm-io-01,vfs.dev.write.time.rate[sda],0.34469770713404674
2026-05-16T13:41:41+00:00,cnsm-io-01,vfs.dev.write.time.rate[sda],0.3414477611725564
2026-05-16T13:42:41+00:00,cnsm-io-01,vfs.dev.write.time.rate[sda],0.3883683697978972
2026-05-16T13:43:41+00:00,cnsm-io-01,vfs.dev.write.time.rate[sda],0.35173657860742674
2026-05-16T13:44:41+00:00,cnsm-io-01,vfs.dev.write.time.rate[sda],0.3514984277768241
2026-05-16T13:45:41+00:00,cnsm-io-01,vfs.dev.write.time.rate[sda],0.3435406289731567
2026-05-16T13:46:41+00:00,cnsm-io-01,vfs.dev.write.time.rate[sda],0.3473404225629359
2026-05-16T13:47:41+00:00,cnsm-io-01,vfs.dev.write.time.rate[sda],0.34921486790744405
2026-05-16T13:48:41+00:00,cnsm-io-01,vfs.dev.write.time.rate[sda],0.3408695252496359
2026-05-16T13:49:41+00:00,cnsm-io-01,vfs.dev.write.time.rate[sda],0.34071505634509586
2026-05-16T13:50:41+00:00,cnsm-io-01,vfs.dev.write.time.rate[sda],0.33984880196500333
2026-05-16T13:51:41+00:00,cnsm-io-01,vfs.dev.write.time.rate[sda],0.3647182912313513
2026-05-16T13:52:41+00:00,cnsm-io-01,vfs.dev.write.time.rate[sda],0.354375474082663
2026-05-16T13:53:41+00:00,cnsm-io-01,vfs.dev.write.time.rate[sda],0.34630944488017473
2026-05-16T13:54:41+00:00,cnsm-io-01,vfs.dev.write.time.rate[sda],0.3439017566902951
2026-05-16T13:55:41+00:00,cnsm-io-01,vfs.dev.write.time.rate[sda],0.3450159097995151
2026-05-16T13:56:41+00:00,cnsm-io-01,vfs.dev.write.time.rate[sda],0.34881294756488423
2026-05-16T13:57:41+00:00,cnsm-io-01,vfs.dev.write.time.rate[sda],0.33745452604696397
2026-05-16T13:58:41+00:00,cnsm-io-01,vfs.dev.write.time.rate[sda],0.3366505844029712
2026-05-16T13:59:41+00:00,cnsm-io-01,vfs.dev.write.time.rate[sda],0.334412302898232
2026-05-16T14:00:41+00:00,cnsm-io-01,vfs.dev.write.time.rate[sda],0.3668030661924177
2026-05-16T14:01:41+00:00,cnsm-io-01,vfs.dev.write.time.rate[sda],0.3781810310617615
2026-05-16T14:02:41+00:00,cnsm-io-01,vfs.dev.write.time.rate[sda],0.3543033516624663
2026-05-16T14:03:41+00:00,cnsm-io-01,vfs.dev.write.time.rate[sda],0.34566406810822936
2026-05-16T14:04:41+00:00,cnsm-io-01,vfs.dev.write.time.rate[sda],0.35775086696152597
2026-05-16T14:05:41+00:00,cnsm-io-01,vfs.dev.write.time.rate[sda],0.3459148411818058
2026-05-16T14:06:41+00:00,cnsm-io-01,vfs.dev.write.time.rate[sda],0.34038691634813084
2026-05-16T14:07:41+00:00,cnsm-io-01,vfs.dev.write.time.rate[sda],0.3449448433735438
2026-05-16T14:08:41+00:00,cnsm-io-01,vfs.dev.write.time.rate[sda],0.3463194050661505
2026-05-16T14:09:41+00:00,cnsm-io-01,vfs.dev.write.time.rate[sda],0.3490022274485497
2026-05-16T14:10:41+00:00,cnsm-io-01,vfs.dev.write.time.rate[sda],0.3745727779348799
2026-05-16T14:11:41+00:00,cnsm-io-01,vfs.dev.write.time.rate[sda],0.34283931351947694
2026-05-16T14:12:41+00:00,cnsm-io-01,vfs.dev.write.time.rate[sda],0.34818276224976974
2026-05-16T14:13:41+00:00,cnsm-io-01,vfs.dev.write.time.rate[sda],0.34178628935750344
2026-05-16T14:14:41+00:00,cnsm-io-01,vfs.dev.write.time.rate[sda],0.3530352829765675
2026-05-16T14:15:41+00:00,cnsm-io-01,vfs.dev.write.time.rate[sda],0.36557904364711413
2026-05-16T14:16:41+00:00,cnsm-io-01,vfs.dev.write.time.rate[sda],0.36173265064735954
2026-05-16T14:17:41+00:00,cnsm-io-01,vfs.dev.write.time.rate[sda],0.3581171156261573
2026-05-16T14:18:41+00:00,cnsm-io-01,vfs.dev.write.time.rate[sda],0.3403702363222115
2026-05-16T14:19:41+00:00,cnsm-io-01,vfs.dev.write.time.rate[sda],0.3756381263167313
2026-05-16T14:20:41+00:00,cnsm-io-01,vfs.dev.write.time.rate[sda],0.3403229945076415
2026-05-16T14:21:41+00:00,cnsm-io-01,vfs.dev.write.time.rate[sda],0.34696264281946093
2026-05-16T14:22:41+00:00,cnsm-io-01,vfs.dev.write.time.rate[sda],0.3482193011023782
2026-05-16T14:23:41+00:00,cnsm-io-01,vfs.dev.write.time.rate[sda],0.3485716390294784
2026-05-16T14:24:41+00:00,cnsm-io-01,vfs.dev.write.time.rate[sda],0.35873253580513864
2026-05-16T14:25:41+00:00,cnsm-io-01,vfs.dev.write.time.rate[sda],0.35344735977767644
2026-05-16T14:26:41+00:00,cnsm-io-01,vfs.dev.write.time.rate[sda],0.3377495616066982
2026-05-16T14:27:41+00:00,cnsm-io-01,vfs.dev.write.time.rate[sda],0.3378505278295105
2026-05-16T14:28:41+00:00,cnsm-io-01,vfs.dev.write.time.rate[sda],0.3812983056056544
2026-05-16T14:29:41+00:00,cnsm-io-01,vfs.dev.write.time.rate[sda],0.34967290190564004
2026-05-16T14:30:41+00:00,cnsm-io-01,vfs.dev.write.time.rate[sda],0.3435667292244419
2026-05-16T14:31:41+00:00,cnsm-io-01,vfs.dev.write.time.rate[sda],0.344998215916476
2026-05-16T14:32:41+00:00,cnsm-io-01,vfs.dev.write.time.rate[sda],0.34865170486034985
2026-05-16T14:33:41+00:00,cnsm-io-01,vfs.dev.write.time.rate[sda],0.34803278587776115
2026-05-16T14:34:41+00:00,cnsm-io-01,vfs.dev.write.time.rate[sda],0.34557128966129125
2026-05-16T13:26:06+00:00,cnsm-io-01,vm.memory.size[total],24603545600
2026-05-16T13:27:06+00:00,cnsm-io-01,vm.memory.size[total],24603545600
2026-05-16T13:28:06+00:00,cnsm-io-01,vm.memory.size[total],24603545600
2026-05-16T13:29:06+00:00,cnsm-io-01,vm.memory.size[total],24603545600
2026-05-16T13:30:06+00:00,cnsm-io-01,vm.memory.size[total],24603545600
2026-05-16T13:31:06+00:00,cnsm-io-01,vm.memory.size[total],24603545600
2026-05-16T13:32:06+00:00,cnsm-io-01,vm.memory.size[total],24603545600
2026-05-16T13:33:06+00:00,cnsm-io-01,vm.memory.size[total],24603545600
2026-05-16T13:34:06+00:00,cnsm-io-01,vm.memory.size[total],24603545600
2026-05-16T13:35:06+00:00,cnsm-io-01,vm.memory.size[total],24603545600
2026-05-16T13:36:06+00:00,cnsm-io-01,vm.memory.size[total],24603545600
2026-05-16T13:37:06+00:00,cnsm-io-01,vm.memory.size[total],24603545600
2026-05-16T13:38:06+00:00,cnsm-io-01,vm.memory.size[total],24603545600
2026-05-16T13:39:06+00:00,cnsm-io-01,vm.memory.size[total],24603545600
2026-05-16T13:40:06+00:00,cnsm-io-01,vm.memory.size[total],24603545600
2026-05-16T13:41:06+00:00,cnsm-io-01,vm.memory.size[total],24603545600
2026-05-16T13:42:06+00:00,cnsm-io-01,vm.memory.size[total],24603545600
2026-05-16T13:43:06+00:00,cnsm-io-01,vm.memory.size[total],24603545600
2026-05-16T13:44:06+00:00,cnsm-io-01,vm.memory.size[total],24603545600
2026-05-16T13:45:06+00:00,cnsm-io-01,vm.memory.size[total],24603545600
2026-05-16T13:46:06+00:00,cnsm-io-01,vm.memory.size[total],24603545600
2026-05-16T13:47:06+00:00,cnsm-io-01,vm.memory.size[total],24603545600
2026-05-16T13:48:06+00:00,cnsm-io-01,vm.memory.size[total],24603545600
2026-05-16T13:49:06+00:00,cnsm-io-01,vm.memory.size[total],24603545600
2026-05-16T13:50:06+00:00,cnsm-io-01,vm.memory.size[total],24603545600
2026-05-16T13:51:06+00:00,cnsm-io-01,vm.memory.size[total],24603545600
2026-05-16T13:52:06+00:00,cnsm-io-01,vm.memory.size[total],24603545600
2026-05-16T13:53:06+00:00,cnsm-io-01,vm.memory.size[total],24603545600
2026-05-16T13:54:06+00:00,cnsm-io-01,vm.memory.size[total],24603545600
2026-05-16T13:55:06+00:00,cnsm-io-01,vm.memory.size[total],24603545600
2026-05-16T13:56:06+00:00,cnsm-io-01,vm.memory.size[total],24603545600
2026-05-16T13:57:06+00:00,cnsm-io-01,vm.memory.size[total],24603545600
2026-05-16T13:58:06+00:00,cnsm-io-01,vm.memory.size[total],24603545600
2026-05-16T13:59:06+00:00,cnsm-io-01,vm.memory.size[total],24603545600
2026-05-16T14:00:06+00:00,cnsm-io-01,vm.memory.size[total],24603545600
2026-05-16T14:01:06+00:00,cnsm-io-01,vm.memory.size[total],24603545600
2026-05-16T14:02:06+00:00,cnsm-io-01,vm.memory.size[total],24603545600
2026-05-16T14:03:06+00:00,cnsm-io-01,vm.memory.size[total],24603545600
2026-05-16T14:04:06+00:00,cnsm-io-01,vm.memory.size[total],24603545600
2026-05-16T14:05:06+00:00,cnsm-io-01,vm.memory.size[total],24603545600
2026-05-16T14:06:06+00:00,cnsm-io-01,vm.memory.size[total],24603545600
2026-05-16T14:07:06+00:00,cnsm-io-01,vm.memory.size[total],24603545600
2026-05-16T14:08:06+00:00,cnsm-io-01,vm.memory.size[total],24603545600
2026-05-16T14:09:06+00:00,cnsm-io-01,vm.memory.size[total],24603545600
2026-05-16T14:10:06+00:00,cnsm-io-01,vm.memory.size[total],24603545600
2026-05-16T14:11:06+00:00,cnsm-io-01,vm.memory.size[total],24603545600
2026-05-16T14:12:06+00:00,cnsm-io-01,vm.memory.size[total],24603545600
2026-05-16T14:13:06+00:00,cnsm-io-01,vm.memory.size[total],24603545600
2026-05-16T14:14:06+00:00,cnsm-io-01,vm.memory.size[total],24603545600
2026-05-16T14:15:06+00:00,cnsm-io-01,vm.memory.size[total],24603545600
2026-05-16T14:16:06+00:00,cnsm-io-01,vm.memory.size[total],24603545600
2026-05-16T14:17:06+00:00,cnsm-io-01,vm.memory.size[total],24603545600
2026-05-16T14:18:06+00:00,cnsm-io-01,vm.memory.size[total],24603545600
2026-05-16T14:19:06+00:00,cnsm-io-01,vm.memory.size[total],24603545600
2026-05-16T14:20:06+00:00,cnsm-io-01,vm.memory.size[total],24603545600
2026-05-16T14:21:06+00:00,cnsm-io-01,vm.memory.size[total],24603545600
2026-05-16T14:22:06+00:00,cnsm-io-01,vm.memory.size[total],24603545600
2026-05-16T14:23:06+00:00,cnsm-io-01,vm.memory.size[total],24603545600
2026-05-16T14:24:06+00:00,cnsm-io-01,vm.memory.size[total],24603545600
2026-05-16T14:25:06+00:00,cnsm-io-01,vm.memory.size[total],24603545600
2026-05-16T14:26:06+00:00,cnsm-io-01,vm.memory.size[total],24603545600
2026-05-16T14:27:06+00:00,cnsm-io-01,vm.memory.size[total],24603545600
2026-05-16T14:28:06+00:00,cnsm-io-01,vm.memory.size[total],24603545600
2026-05-16T14:29:06+00:00,cnsm-io-01,vm.memory.size[total],24603545600
2026-05-16T14:30:06+00:00,cnsm-io-01,vm.memory.size[total],24603545600
2026-05-16T14:31:06+00:00,cnsm-io-01,vm.memory.size[total],24603545600
2026-05-16T14:32:06+00:00,cnsm-io-01,vm.memory.size[total],24603545600
2026-05-16T14:33:06+00:00,cnsm-io-01,vm.memory.size[total],24603545600
2026-05-16T14:34:06+00:00,cnsm-io-01,vm.memory.size[total],24603545600
2026-05-16T14:35:06+00:00,cnsm-io-01,vm.memory.size[total],24603545600
