timestamp_utc,host,item_key,value
2026-05-15T05:44:55+00:00,cnsm-web-04,vm.memory.size[available],7610925056
2026-05-15T05:45:55+00:00,cnsm-web-04,vm.memory.size[available],7610634240
2026-05-15T05:46:55+00:00,cnsm-web-04,vm.memory.size[available],7608463360
2026-05-15T05:47:55+00:00,cnsm-web-04,vm.memory.size[available],7607521280
2026-05-15T05:48:55+00:00,cnsm-web-04,vm.memory.size[available],7607955456
2026-05-15T05:49:55+00:00,cnsm-web-04,vm.memory.size[available],7609901056
2026-05-15T05:50:55+00:00,cnsm-web-04,vm.memory.size[available],7611342848
2026-05-15T05:51:55+00:00,cnsm-web-04,vm.memory.size[available],7609671680
2026-05-15T05:52:55+00:00,cnsm-web-04,vm.memory.size[available],7609991168
2026-05-15T05:53:55+00:00,cnsm-web-04,vm.memory.size[available],7606976512
2026-05-15T05:54:55+00:00,cnsm-web-04,vm.memory.size[available],7606525952
2026-05-15T05:55:55+00:00,cnsm-web-04,vm.memory.size[available],7608320000
2026-05-15T05:56:55+00:00,cnsm-web-04,vm.memory.size[available],7608422400
2026-05-15T05:57:55+00:00,cnsm-web-04,vm.memory.size[available],7607160832
2026-05-15T05:58:55+00:00,cnsm-web-04,vm.memory.size[available],7604633600
2026-05-15T05:59:55+00:00,cnsm-web-04,vm.memory.size[available],7582695424
2026-05-15T06:00:55+00:00,cnsm-web-04,vm.memory.size[available],7608008704
2026-05-15T06:01:55+00:00,cnsm-web-04,vm.memory.size[available],7576117248
2026-05-15T06:02:55+00:00,cnsm-web-04,vm.memory.size[available],7602290688
2026-05-15T06:03:55+00:00,cnsm-web-04,vm.memory.size[available],7602143232
2026-05-15T06:04:55+00:00,cnsm-web-04,vm.memory.size[available],7577001984
2026-05-15T06:05:55+00:00,cnsm-web-04,vm.memory.size[available],7601582080
2026-05-15T06:06:55+00:00,cnsm-web-04,vm.memory.size[available],7599828992
2026-05-15T06:07:55+00:00,cnsm-web-04,vm.memory.size[available],7604379648
2026-05-15T06:08:55+00:00,cnsm-web-04,vm.memory.size[available],7576481792
2026-05-15T06:09:55+00:00,cnsm-web-04,vm.memory.size[available],7569465344
2026-05-15T06:10:55+00:00,cnsm-web-04,vm.memory.size[available],7581863936
2026-05-15T06:11:55+00:00,cnsm-web-04,vm.memory.size[available],7601504256
2026-05-15T06:12:55+00:00,cnsm-web-04,vm.memory.size[available],7599054848
2026-05-15T06:13:55+00:00,cnsm-web-04,vm.memory.size[available],7590268928
2026-05-15T06:14:55+00:00,cnsm-web-04,vm.memory.size[available],7559634944
2026-05-15T06:15:55+00:00,cnsm-web-04,vm.memory.size[available],7549661184
2026-05-15T06:16:55+00:00,cnsm-web-04,vm.memory.size[available],7551795200
2026-05-15T06:17:55+00:00,cnsm-web-04,vm.memory.size[available],7558901760
2026-05-15T06:18:55+00:00,cnsm-web-04,vm.memory.size[available],7567425536
2026-05-15T06:19:55+00:00,cnsm-web-04,vm.memory.size[available],7561891840
2026-05-15T06:20:55+00:00,cnsm-web-04,vm.memory.size[available],7572271104
2026-05-15T06:21:55+00:00,cnsm-web-04,vm.memory.size[available],7564292096
2026-05-15T06:22:55+00:00,cnsm-web-04,vm.memory.size[available],7570030592
2026-05-15T06:23:55+00:00,cnsm-web-04,vm.memory.size[available],7545671680
2026-05-15T06:24:55+00:00,cnsm-web-04,vm.memory.size[available],7576027136
2026-05-15T06:25:55+00:00,cnsm-web-04,vm.memory.size[available],7562059776
2026-05-15T06:26:55+00:00,cnsm-web-04,vm.memory.size[available],7576547328
2026-05-15T06:27:55+00:00,cnsm-web-04,vm.memory.size[available],7557885952
2026-05-15T06:28:55+00:00,cnsm-web-04,vm.memory.size[available],7577526272
2026-05-15T06:29:55+00:00,cnsm-web-04,vm.memory.size[available],7554383872
2026-05-15T06:30:55+00:00,cnsm-web-04,vm.memory.size[available],7575506944
2026-05-15T06:31:55+00:00,cnsm-web-04,vm.memory.size[available],7578386432
2026-05-15T06:32:55+00:00,cnsm-web-04,vm.memory.size[available],7573544960
2026-05-15T06:33:55+00:00,cnsm-web-04,vm.memory.size[available],7602749440
2026-05-15T06:34:55+00:00,cnsm-web-04,vm.memory.size[available],7607132160
2026-05-15T06:35:55+00:00,cnsm-web-04,vm.memory.size[available],7605604352
2026-05-15T06:36:55+00:00,cnsm-web-04,vm.memory.size[available],7607508992
2026-05-15T06:37:55+00:00,cnsm-web-04,vm.memory.size[available],7606054912
2026-05-15T06:38:55+00:00,cnsm-web-04,vm.memory.size[available],7603703808
2026-05-15T06:39:55+00:00,cnsm-web-04,vm.memory.size[available],7604285440
2026-05-15T06:40:55+00:00,cnsm-web-04,vm.memory.size[available],7606251520
2026-05-15T06:41:55+00:00,cnsm-web-04,vm.memory.size[available],7605776384
2026-05-15T06:42:55+00:00,cnsm-web-04,vm.memory.size[available],7603122176
2026-05-15T06:43:55+00:00,cnsm-web-04,vm.memory.size[available],7610691584
2026-05-15T06:44:55+00:00,cnsm-web-04,vm.memory.size[available],7599218688
2026-05-15T06:45:55+00:00,cnsm-web-04,vm.memory.size[available],7610576896
2026-05-15T06:46:55+00:00,cnsm-web-04,vm.memory.size[available],7568777216
2026-05-15T06:47:55+00:00,cnsm-web-04,vm.memory.size[available],7608107008
2026-05-15T06:48:55+00:00,cnsm-web-04,vm.memory.size[available],7605633024
2026-05-15T06:49:55+00:00,cnsm-web-04,vm.memory.size[available],7609565184
2026-05-15T06:50:55+00:00,cnsm-web-04,vm.memory.size[available],7606853632
2026-05-15T06:51:55+00:00,cnsm-web-04,vm.memory.size[available],7605534720
2026-05-15T06:52:55+00:00,cnsm-web-04,vm.memory.size[available],7583756288
2026-05-15T06:53:55+00:00,cnsm-web-04,vm.memory.size[available],7604129792
2026-05-15T06:54:55+00:00,cnsm-web-04,vm.memory.size[available],7607185408
2026-05-15T06:55:55+00:00,cnsm-web-04,vm.memory.size[available],7606595584
2026-05-15T06:56:55+00:00,cnsm-web-04,vm.memory.size[available],7606366208
2026-05-15T06:57:55+00:00,cnsm-web-04,vm.memory.size[available],7599173632
2026-05-15T06:58:55+00:00,cnsm-web-04,vm.memory.size[available],7608545280
2026-05-15T06:59:55+00:00,cnsm-web-04,vm.memory.size[available],7573696512
2026-05-15T07:00:55+00:00,cnsm-web-04,vm.memory.size[available],7606284288
2026-05-15T07:01:55+00:00,cnsm-web-04,vm.memory.size[available],7601659904
2026-05-15T07:02:55+00:00,cnsm-web-04,vm.memory.size[available],7601037312
2026-05-15T05:44:56+00:00,cnsm-web-04,vm.memory.size[pavailable],93.632604
2026-05-15T05:45:56+00:00,cnsm-web-04,vm.memory.size[pavailable],93.637896
2026-05-15T05:46:56+00:00,cnsm-web-04,vm.memory.size[pavailable],93.611035
2026-05-15T05:47:56+00:00,cnsm-web-04,vm.memory.size[pavailable],93.637341
2026-05-15T05:48:56+00:00,cnsm-web-04,vm.memory.size[pavailable],93.604786
2026-05-15T05:49:56+00:00,cnsm-web-04,vm.memory.size[pavailable],93.602317
2026-05-15T05:50:56+00:00,cnsm-web-04,vm.memory.size[pavailable],93.646463
2026-05-15T05:51:56+00:00,cnsm-web-04,vm.memory.size[pavailable],93.623634
2026-05-15T05:52:56+00:00,cnsm-web-04,vm.memory.size[pavailable],93.629832
2026-05-15T05:53:56+00:00,cnsm-web-04,vm.memory.size[pavailable],93.593044
2026-05-15T05:54:56+00:00,cnsm-web-04,vm.memory.size[pavailable],93.587198
2026-05-15T05:55:56+00:00,cnsm-web-04,vm.memory.size[pavailable],93.610128
2026-05-15T05:56:56+00:00,cnsm-web-04,vm.memory.size[pavailable],93.610531
2026-05-15T05:57:56+00:00,cnsm-web-04,vm.memory.size[pavailable],93.615419
2026-05-15T05:58:56+00:00,cnsm-web-04,vm.memory.size[pavailable],93.563915
2026-05-15T05:59:56+00:00,cnsm-web-04,vm.memory.size[pavailable],93.40638
2026-05-15T06:00:56+00:00,cnsm-web-04,vm.memory.size[pavailable],93.310175
2026-05-15T06:01:56+00:00,cnsm-web-04,vm.memory.size[pavailable],93.334768
2026-05-15T06:02:56+00:00,cnsm-web-04,vm.memory.size[pavailable],93.531914
2026-05-15T06:03:56+00:00,cnsm-web-04,vm.memory.size[pavailable],93.532066
2026-05-15T06:04:56+00:00,cnsm-web-04,vm.memory.size[pavailable],93.256202
2026-05-15T06:05:56+00:00,cnsm-web-04,vm.memory.size[pavailable],93.503895
2026-05-15T06:06:56+00:00,cnsm-web-04,vm.memory.size[pavailable],93.498452
2026-05-15T06:07:56+00:00,cnsm-web-04,vm.memory.size[pavailable],93.562353
2026-05-15T06:08:56+00:00,cnsm-web-04,vm.memory.size[pavailable],93.386877
2026-05-15T06:09:56+00:00,cnsm-web-04,vm.memory.size[pavailable],92.854501
2026-05-15T06:10:56+00:00,cnsm-web-04,vm.memory.size[pavailable],93.314509
2026-05-15T06:11:56+00:00,cnsm-web-04,vm.memory.size[pavailable],93.332752
2026-05-15T06:12:56+00:00,cnsm-web-04,vm.memory.size[pavailable],93.495378
2026-05-15T06:13:56+00:00,cnsm-web-04,vm.memory.size[pavailable],93.407236
2026-05-15T06:14:56+00:00,cnsm-web-04,vm.memory.size[pavailable],92.943045
2026-05-15T06:15:56+00:00,cnsm-web-04,vm.memory.size[pavailable],92.785963
2026-05-15T06:16:56+00:00,cnsm-web-04,vm.memory.size[pavailable],92.9182
2026-05-15T06:17:56+00:00,cnsm-web-04,vm.memory.size[pavailable],93.001302
2026-05-15T06:18:56+00:00,cnsm-web-04,vm.memory.size[pavailable],93.101387
2026-05-15T06:19:56+00:00,cnsm-web-04,vm.memory.size[pavailable],93.045801
2026-05-15T06:20:56+00:00,cnsm-web-04,vm.memory.size[pavailable],93.165742
2026-05-15T06:21:56+00:00,cnsm-web-04,vm.memory.size[pavailable],93.123612
2026-05-15T06:22:56+00:00,cnsm-web-04,vm.memory.size[pavailable],93.168917
2026-05-15T06:23:56+00:00,cnsm-web-04,vm.memory.size[pavailable],92.915529
2026-05-15T06:24:56+00:00,cnsm-web-04,vm.memory.size[pavailable],93.178391
2026-05-15T06:25:56+00:00,cnsm-web-04,vm.memory.size[pavailable],93.140141
2026-05-15T06:26:56+00:00,cnsm-web-04,vm.memory.size[pavailable],93.189075
2026-05-15T06:27:56+00:00,cnsm-web-04,vm.memory.size[pavailable],92.98311
2026-05-15T06:28:56+00:00,cnsm-web-04,vm.memory.size[pavailable],93.216843
2026-05-15T06:29:56+00:00,cnsm-web-04,vm.memory.size[pavailable],93.073116
2026-05-15T06:30:56+00:00,cnsm-web-04,vm.memory.size[pavailable],93.203337
2026-05-15T06:31:56+00:00,cnsm-web-04,vm.memory.size[pavailable],93.243905
2026-05-15T06:32:56+00:00,cnsm-web-04,vm.memory.size[pavailable],93.179601
2026-05-15T06:33:56+00:00,cnsm-web-04,vm.memory.size[pavailable],93.540734
2026-05-15T06:34:56+00:00,cnsm-web-04,vm.memory.size[pavailable],93.345956
2026-05-15T06:35:56+00:00,cnsm-web-04,vm.memory.size[pavailable],93.575859
2026-05-15T06:36:56+00:00,cnsm-web-04,vm.memory.size[pavailable],93.593497
2026-05-15T06:37:56+00:00,cnsm-web-04,vm.memory.size[pavailable],93.581403
2026-05-15T06:38:56+00:00,cnsm-web-04,vm.memory.size[pavailable],93.555751
2026-05-15T06:39:56+00:00,cnsm-web-04,vm.memory.size[pavailable],93.550107
2026-05-15T06:40:56+00:00,cnsm-web-04,vm.memory.size[pavailable],93.633864
2026-05-15T06:41:56+00:00,cnsm-web-04,vm.memory.size[pavailable],93.579236
2026-05-15T06:42:56+00:00,cnsm-web-04,vm.memory.size[pavailable],93.545319
2026-05-15T06:43:56+00:00,cnsm-web-04,vm.memory.size[pavailable],93.616629
2026-05-15T06:44:56+00:00,cnsm-web-04,vm.memory.size[pavailable],93.481922
2026-05-15T06:45:56+00:00,cnsm-web-04,vm.memory.size[pavailable],93.64102
2026-05-15T06:46:56+00:00,cnsm-web-04,vm.memory.size[pavailable],93.117262
2026-05-15T06:47:56+00:00,cnsm-web-04,vm.memory.size[pavailable],93.606651
2026-05-15T06:48:56+00:00,cnsm-web-04,vm.memory.size[pavailable],93.554643
2026-05-15T06:49:56+00:00,cnsm-web-04,vm.memory.size[pavailable],93.615067
2026-05-15T06:50:56+00:00,cnsm-web-04,vm.memory.size[pavailable],93.589113
2026-05-15T06:51:56+00:00,cnsm-web-04,vm.memory.size[pavailable],93.562353
2026-05-15T06:52:56+00:00,cnsm-web-04,vm.memory.size[pavailable],93.29299
2026-05-15T06:53:56+00:00,cnsm-web-04,vm.memory.size[pavailable],93.552072
2026-05-15T06:54:56+00:00,cnsm-web-04,vm.memory.size[pavailable],93.590373
2026-05-15T06:55:56+00:00,cnsm-web-04,vm.memory.size[pavailable],93.274798
2026-05-15T06:56:56+00:00,cnsm-web-04,vm.memory.size[pavailable],93.270967
2026-05-15T06:57:56+00:00,cnsm-web-04,vm.memory.size[pavailable],93.473053
2026-05-15T06:58:56+00:00,cnsm-web-04,vm.memory.size[pavailable],93.612043
2026-05-15T06:59:56+00:00,cnsm-web-04,vm.memory.size[pavailable],93.187614
2026-05-15T07:00:56+00:00,cnsm-web-04,vm.memory.size[pavailable],93.584225
2026-05-15T07:01:56+00:00,cnsm-web-04,vm.memory.size[pavailable],93.528034
2026-05-15T07:02:56+00:00,cnsm-web-04,vm.memory.size[pavailable],93.508077
2026-05-15T05:44:07+00:00,cnsm-web-04,cnsm.fault.active,0
2026-05-15T05:44:22+00:00,cnsm-web-04,cnsm.fault.active,0
2026-05-15T05:44:37+00:00,cnsm-web-04,cnsm.fault.active,0
2026-05-15T05:44:52+00:00,cnsm-web-04,cnsm.fault.active,0
2026-05-15T05:45:07+00:00,cnsm-web-04,cnsm.fault.active,0
2026-05-15T05:45:22+00:00,cnsm-web-04,cnsm.fault.active,0
2026-05-15T05:45:37+00:00,cnsm-web-04,cnsm.fault.active,0
2026-05-15T05:45:52+00:00,cnsm-web-04,cnsm.fault.active,0
2026-05-15T05:46:07+00:00,cnsm-web-04,cnsm.fault.active,0
2026-05-15T05:46:22+00:00,cnsm-web-04,cnsm.fault.active,0
2026-05-15T05:46:37+00:00,cnsm-web-04,cnsm.fault.active,0
2026-05-15T05:46:52+00:00,cnsm-web-04,cnsm.fault.active,0
2026-05-15T05:47:07+00:00,cnsm-web-04,cnsm.fault.active,0
2026-05-15T05:47:22+00:00,cnsm-web-04,cnsm.fault.active,0
2026-05-15T05:47:37+00:00,cnsm-web-04,cnsm.fault.active,0
2026-05-15T05:47:52+00:00,cnsm-web-04,cnsm.fault.active,0
2026-05-15T05:48:07+00:00,cnsm-web-04,cnsm.fault.active,0
2026-05-15T05:48:22+00:00,cnsm-web-04,cnsm.fault.active,0
2026-05-15T05:48:37+00:00,cnsm-web-04,cnsm.fault.active,0
2026-05-15T05:48:52+00:00,cnsm-web-04,cnsm.fault.active,0
2026-05-15T05:49:07+00:00,cnsm-web-04,cnsm.fault.active,0
2026-05-15T05:49:22+00:00,cnsm-web-04,cnsm.fault.active,0
2026-05-15T05:49:37+00:00,cnsm-web-04,cnsm.fault.active,0
2026-05-15T05:49:52+00:00,cnsm-web-04,cnsm.fault.active,0
2026-05-15T05:50:07+00:00,cnsm-web-04,cnsm.fault.active,0
2026-05-15T05:50:22+00:00,cnsm-web-04,cnsm.fault.active,0
2026-05-15T05:50:37+00:00,cnsm-web-04,cnsm.fault.active,0
2026-05-15T05:50:52+00:00,cnsm-web-04,cnsm.fault.active,0
2026-05-15T05:51:07+00:00,cnsm-web-04,cnsm.fault.active,0
2026-05-15T05:51:22+00:00,cnsm-web-04,cnsm.fault.active,0
2026-05-15T05:51:37+00:00,cnsm-web-04,cnsm.fault.active,0
2026-05-15T05:51:52+00:00,cnsm-web-04,cnsm.fault.active,0
2026-05-15T05:52:07+00:00,cnsm-web-04,cnsm.fault.active,0
2026-05-15T05:52:22+00:00,cnsm-web-04,cnsm.fault.active,0
2026-05-15T05:52:37+00:00,cnsm-web-04,cnsm.fault.active,0
2026-05-15T05:52:52+00:00,cnsm-web-04,cnsm.fault.active,0
2026-05-15T05:53:07+00:00,cnsm-web-04,cnsm.fault.active,0
2026-05-15T05:53:22+00:00,cnsm-web-04,cnsm.fault.active,0
2026-05-15T05:53:37+00:00,cnsm-web-04,cnsm.fault.active,0
2026-05-15T05:53:52+00:00,cnsm-web-04,cnsm.fault.active,0
2026-05-15T05:54:07+00:00,cnsm-web-04,cnsm.fault.active,0
2026-05-15T05:54:22+00:00,cnsm-web-04,cnsm.fault.active,0
2026-05-15T05:54:37+00:00,cnsm-web-04,cnsm.fault.active,0
2026-05-15T05:54:52+00:00,cnsm-web-04,cnsm.fault.active,0
2026-05-15T05:55:07+00:00,cnsm-web-04,cnsm.fault.active,0
2026-05-15T05:55:22+00:00,cnsm-web-04,cnsm.fault.active,0
2026-05-15T05:55:37+00:00,cnsm-web-04,cnsm.fault.active,0
2026-05-15T05:55:52+00:00,cnsm-web-04,cnsm.fault.active,0
2026-05-15T05:56:07+00:00,cnsm-web-04,cnsm.fault.active,0
2026-05-15T05:56:22+00:00,cnsm-web-04,cnsm.fault.active,0
2026-05-15T05:56:37+00:00,cnsm-web-04,cnsm.fault.active,0
2026-05-15T05:56:52+00:00,cnsm-web-04,cnsm.fault.active,0
2026-05-15T05:57:07+00:00,cnsm-web-04,cnsm.fault.active,0
2026-05-15T05:57:22+00:00,cnsm-web-04,cnsm.fault.active,0
2026-05-15T05:57:37+00:00,cnsm-web-04,cnsm.fault.active,0
2026-05-15T05:57:52+00:00,cnsm-web-04,cnsm.fault.active,0
2026-05-15T05:58:07+00:00,cnsm-web-04,cnsm.fault.active,0
2026-05-15T05:58:22+00:00,cnsm-web-04,cnsm.fault.active,0
2026-05-15T05:58:37+00:00,cnsm-web-04,cnsm.fault.active,0
2026-05-15T05:58:52+00:00,cnsm-web-04,cnsm.fault.active,0
2026-05-15T05:59:07+00:00,cnsm-web-04,cnsm.fault.active,0
2026-05-15T05:59:22+00:00,cnsm-web-04,cnsm.fault.active,0
2026-05-15T05:59:37+00:00,cnsm-web-04,cnsm.fault.active,0
2026-05-15T05:59:52+00:00,cnsm-web-04,cnsm.fault.active,0
2026-05-15T06:00:07+00:00,cnsm-web-04,cnsm.fault.active,0
2026-05-15T06:00:22+00:00,cnsm-web-04,cnsm.fault.active,0
2026-05-15T06:00:37+00:00,cnsm-web-04,cnsm.fault.active,0
2026-05-15T06:00:52+00:00,cnsm-web-04,cnsm.fault.active,0
2026-05-15T06:01:07+00:00,cnsm-web-04,cnsm.fault.active,0
2026-05-15T06:01:22+00:00,cnsm-web-04,cnsm.fault.active,0
2026-05-15T06:01:37+00:00,cnsm-web-04,cnsm.fault.active,0
2026-05-15T06:01:52+00:00,cnsm-web-04,cnsm.fault.active,0
2026-05-15T06:02:07+00:00,cnsm-web-04,cnsm.fault.active,0
2026-05-15T06:02:22+00:00,cnsm-web-04,cnsm.fault.active,0
2026-05-15T06:02:37+00:00,cnsm-web-04,cnsm.fault.active,0
2026-05-15T06:02:52+00:00,cnsm-web-04,cnsm.fault.active,0
2026-05-15T06:03:07+00:00,cnsm-web-04,cnsm.fault.active,0
2026-05-15T06:03:22+00:00,cnsm-web-04,cnsm.fault.active,0
2026-05-15T06:03:37+00:00,cnsm-web-04,cnsm.fault.active,0
2026-05-15T06:03:52+00:00,cnsm-web-04,cnsm.fault.active,0
2026-05-15T06:04:07+00:00,cnsm-web-04,cnsm.fault.active,0
2026-05-15T06:04:22+00:00,cnsm-web-04,cnsm.fault.active,0
2026-05-15T06:04:37+00:00,cnsm-web-04,cnsm.fault.active,0
2026-05-15T06:04:52+00:00,cnsm-web-04,cnsm.fault.active,0
2026-05-15T06:05:07+00:00,cnsm-web-04,cnsm.fault.active,0
2026-05-15T06:05:22+00:00,cnsm-web-04,cnsm.fault.active,0
2026-05-15T06:05:37+00:00,cnsm-web-04,cnsm.fault.active,0
2026-05-15T06:05:52+00:00,cnsm-web-04,cnsm.fault.active,0
2026-05-15T06:06:07+00:00,cnsm-web-04,cnsm.fault.active,0
2026-05-15T06:06:22+00:00,cnsm-web-04,cnsm.fault.active,0
2026-05-15T06:06:37+00:00,cnsm-web-04,cnsm.fault.active,0
2026-05-15T06:06:52+00:00,cnsm-web-04,cnsm.fault.active,0
2026-05-15T06:07:07+00:00,cnsm-web-04,cnsm.fault.active,0
2026-05-15T06:07:22+00:00,cnsm-web-04,cnsm.fault.active,0
2026-05-15T06:07:37+00:00,cnsm-web-04,cnsm.fault.active,0
2026-05-15T06:07:52+00:00,cnsm-web-04,cnsm.fault.active,0
2026-05-15T06:08:07+00:00,cnsm-web-04,cnsm.fault.active,0
2026-05-15T06:08:22+00:00,cnsm-web-04,cnsm.fault.active,0
2026-05-15T06:08:37+00:00,cnsm-web-04,cnsm.fault.active,0
2026-05-15T06:08:52+00:00,cnsm-web-04,cnsm.fault.active,0
2026-05-15T06:09:07+00:00,cnsm-web-04,cnsm.fault.active,0
2026-05-15T06:09:22+00:00,cnsm-web-04,cnsm.fault.active,0
2026-05-15T06:09:37+00:00,cnsm-web-04,cnsm.fault.active,0
2026-05-15T06:09:52+00:00,cnsm-web-04,cnsm.fault.active,0
2026-05-15T06:10:07+00:00,cnsm-web-04,cnsm.fault.active,0
2026-05-15T06:10:22+00:00,cnsm-web-04,cnsm.fault.active,0
2026-05-15T06:10:37+00:00,cnsm-web-04,cnsm.fault.active,0
2026-05-15T06:10:52+00:00,cnsm-web-04,cnsm.fault.active,0
2026-05-15T06:11:07+00:00,cnsm-web-04,cnsm.fault.active,0
2026-05-15T06:11:22+00:00,cnsm-web-04,cnsm.fault.active,0
2026-05-15T06:11:37+00:00,cnsm-web-04,cnsm.fault.active,0
2026-05-15T06:11:52+00:00,cnsm-web-04,cnsm.fault.active,0
2026-05-15T06:12:07+00:00,cnsm-web-04,cnsm.fault.active,0
2026-05-15T06:12:22+00:00,cnsm-web-04,cnsm.fault.active,0
2026-05-15T06:12:37+00:00,cnsm-web-04,cnsm.fault.active,0
2026-05-15T06:12:52+00:00,cnsm-web-04,cnsm.fault.active,0
2026-05-15T06:13:07+00:00,cnsm-web-04,cnsm.fault.active,0
2026-05-15T06:13:22+00:00,cnsm-web-04,cnsm.fault.active,0
2026-05-15T06:13:37+00:00,cnsm-web-04,cnsm.fault.active,0
2026-05-15T06:13:52+00:00,cnsm-web-04,cnsm.fault.active,0
2026-05-15T06:14:07+00:00,cnsm-web-04,cnsm.fault.active,1
2026-05-15T06:14:22+00:00,cnsm-web-04,cnsm.fault.active,1
2026-05-15T06:14:37+00:00,cnsm-web-04,cnsm.fault.active,1
2026-05-15T06:14:52+00:00,cnsm-web-04,cnsm.fault.active,1
2026-05-15T06:15:07+00:00,cnsm-web-04,cnsm.fault.active,1
2026-05-15T06:15:22+00:00,cnsm-web-04,cnsm.fault.active,1
2026-05-15T06:15:37+00:00,cnsm-web-04,cnsm.fault.active,1
2026-05-15T06:15:52+00:00,cnsm-web-04,cnsm.fault.active,1
2026-05-15T06:16:07+00:00,cnsm-web-04,cnsm.fault.active,1
2026-05-15T06:16:22+00:00,cnsm-web-04,cnsm.fault.active,1
2026-05-15T06:16:37+00:00,cnsm-web-04,cnsm.fault.active,1
2026-05-15T06:16:52+00:00,cnsm-web-04,cnsm.fault.active,1
2026-05-15T06:17:07+00:00,cnsm-web-04,cnsm.fault.active,1
2026-05-15T06:17:22+00:00,cnsm-web-04,cnsm.fault.active,1
2026-05-15T06:17:37+00:00,cnsm-web-04,cnsm.fault.active,1
2026-05-15T06:17:52+00:00,cnsm-web-04,cnsm.fault.active,1
2026-05-15T06:18:07+00:00,cnsm-web-04,cnsm.fault.active,1
2026-05-15T06:18:23+00:00,cnsm-web-04,cnsm.fault.active,1
2026-05-15T06:18:37+00:00,cnsm-web-04,cnsm.fault.active,1
2026-05-15T06:18:52+00:00,cnsm-web-04,cnsm.fault.active,1
2026-05-15T06:19:07+00:00,cnsm-web-04,cnsm.fault.active,1
2026-05-15T06:19:22+00:00,cnsm-web-04,cnsm.fault.active,1
2026-05-15T06:19:37+00:00,cnsm-web-04,cnsm.fault.active,1
2026-05-15T06:19:52+00:00,cnsm-web-04,cnsm.fault.active,1
2026-05-15T06:20:07+00:00,cnsm-web-04,cnsm.fault.active,1
2026-05-15T06:20:22+00:00,cnsm-web-04,cnsm.fault.active,1
2026-05-15T06:20:37+00:00,cnsm-web-04,cnsm.fault.active,1
2026-05-15T06:20:52+00:00,cnsm-web-04,cnsm.fault.active,1
2026-05-15T06:21:07+00:00,cnsm-web-04,cnsm.fault.active,1
2026-05-15T06:21:22+00:00,cnsm-web-04,cnsm.fault.active,1
2026-05-15T06:21:37+00:00,cnsm-web-04,cnsm.fault.active,1
2026-05-15T06:21:52+00:00,cnsm-web-04,cnsm.fault.active,1
2026-05-15T06:22:07+00:00,cnsm-web-04,cnsm.fault.active,1
2026-05-15T06:22:22+00:00,cnsm-web-04,cnsm.fault.active,1
2026-05-15T06:22:37+00:00,cnsm-web-04,cnsm.fault.active,1
2026-05-15T06:22:52+00:00,cnsm-web-04,cnsm.fault.active,1
2026-05-15T06:23:07+00:00,cnsm-web-04,cnsm.fault.active,1
2026-05-15T06:23:22+00:00,cnsm-web-04,cnsm.fault.active,1
2026-05-15T06:23:37+00:00,cnsm-web-04,cnsm.fault.active,1
2026-05-15T06:23:52+00:00,cnsm-web-04,cnsm.fault.active,1
2026-05-15T06:24:07+00:00,cnsm-web-04,cnsm.fault.active,1
2026-05-15T06:24:22+00:00,cnsm-web-04,cnsm.fault.active,1
2026-05-15T06:24:37+00:00,cnsm-web-04,cnsm.fault.active,1
2026-05-15T06:24:52+00:00,cnsm-web-04,cnsm.fault.active,1
2026-05-15T06:25:07+00:00,cnsm-web-04,cnsm.fault.active,1
2026-05-15T06:25:22+00:00,cnsm-web-04,cnsm.fault.active,1
2026-05-15T06:25:37+00:00,cnsm-web-04,cnsm.fault.active,1
2026-05-15T06:25:52+00:00,cnsm-web-04,cnsm.fault.active,1
2026-05-15T06:26:07+00:00,cnsm-web-04,cnsm.fault.active,1
2026-05-15T06:26:22+00:00,cnsm-web-04,cnsm.fault.active,1
2026-05-15T06:26:37+00:00,cnsm-web-04,cnsm.fault.active,1
2026-05-15T06:26:52+00:00,cnsm-web-04,cnsm.fault.active,1
2026-05-15T06:27:07+00:00,cnsm-web-04,cnsm.fault.active,1
2026-05-15T06:27:22+00:00,cnsm-web-04,cnsm.fault.active,1
2026-05-15T06:27:37+00:00,cnsm-web-04,cnsm.fault.active,1
2026-05-15T06:27:52+00:00,cnsm-web-04,cnsm.fault.active,1
2026-05-15T06:28:07+00:00,cnsm-web-04,cnsm.fault.active,1
2026-05-15T06:28:22+00:00,cnsm-web-04,cnsm.fault.active,1
2026-05-15T06:28:37+00:00,cnsm-web-04,cnsm.fault.active,1
2026-05-15T06:28:52+00:00,cnsm-web-04,cnsm.fault.active,1
2026-05-15T06:29:07+00:00,cnsm-web-04,cnsm.fault.active,1
2026-05-15T06:29:22+00:00,cnsm-web-04,cnsm.fault.active,1
2026-05-15T06:29:37+00:00,cnsm-web-04,cnsm.fault.active,1
2026-05-15T06:29:52+00:00,cnsm-web-04,cnsm.fault.active,1
2026-05-15T06:30:07+00:00,cnsm-web-04,cnsm.fault.active,1
2026-05-15T06:30:22+00:00,cnsm-web-04,cnsm.fault.active,1
2026-05-15T06:30:37+00:00,cnsm-web-04,cnsm.fault.active,1
2026-05-15T06:30:52+00:00,cnsm-web-04,cnsm.fault.active,1
2026-05-15T06:31:07+00:00,cnsm-web-04,cnsm.fault.active,1
2026-05-15T06:31:22+00:00,cnsm-web-04,cnsm.fault.active,1
2026-05-15T06:31:37+00:00,cnsm-web-04,cnsm.fault.active,1
2026-05-15T06:31:52+00:00,cnsm-web-04,cnsm.fault.active,1
2026-05-15T06:32:07+00:00,cnsm-web-04,cnsm.fault.active,1
2026-05-15T06:32:22+00:00,cnsm-web-04,cnsm.fault.active,1
2026-05-15T06:32:37+00:00,cnsm-web-04,cnsm.fault.active,1
2026-05-15T06:32:52+00:00,cnsm-web-04,cnsm.fault.active,1
2026-05-15T06:33:07+00:00,cnsm-web-04,cnsm.fault.active,0
2026-05-15T06:33:22+00:00,cnsm-web-04,cnsm.fault.active,0
2026-05-15T06:33:37+00:00,cnsm-web-04,cnsm.fault.active,0
2026-05-15T06:33:52+00:00,cnsm-web-04,cnsm.fault.active,0
2026-05-15T06:34:07+00:00,cnsm-web-04,cnsm.fault.active,0
2026-05-15T06:34:22+00:00,cnsm-web-04,cnsm.fault.active,0
2026-05-15T06:34:37+00:00,cnsm-web-04,cnsm.fault.active,0
2026-05-15T06:34:52+00:00,cnsm-web-04,cnsm.fault.active,0
2026-05-15T06:35:07+00:00,cnsm-web-04,cnsm.fault.active,0
2026-05-15T06:35:22+00:00,cnsm-web-04,cnsm.fault.active,0
2026-05-15T06:35:37+00:00,cnsm-web-04,cnsm.fault.active,0
2026-05-15T06:35:52+00:00,cnsm-web-04,cnsm.fault.active,0
2026-05-15T06:36:07+00:00,cnsm-web-04,cnsm.fault.active,0
2026-05-15T06:36:22+00:00,cnsm-web-04,cnsm.fault.active,0
2026-05-15T06:36:37+00:00,cnsm-web-04,cnsm.fault.active,0
2026-05-15T06:36:52+00:00,cnsm-web-04,cnsm.fault.active,0
2026-05-15T06:37:07+00:00,cnsm-web-04,cnsm.fault.active,0
2026-05-15T06:37:22+00:00,cnsm-web-04,cnsm.fault.active,0
2026-05-15T06:37:37+00:00,cnsm-web-04,cnsm.fault.active,0
2026-05-15T06:37:52+00:00,cnsm-web-04,cnsm.fault.active,0
2026-05-15T06:38:07+00:00,cnsm-web-04,cnsm.fault.active,0
2026-05-15T06:38:22+00:00,cnsm-web-04,cnsm.fault.active,0
2026-05-15T06:38:37+00:00,cnsm-web-04,cnsm.fault.active,0
2026-05-15T06:38:52+00:00,cnsm-web-04,cnsm.fault.active,0
2026-05-15T06:39:07+00:00,cnsm-web-04,cnsm.fault.active,0
2026-05-15T06:39:22+00:00,cnsm-web-04,cnsm.fault.active,0
2026-05-15T06:39:37+00:00,cnsm-web-04,cnsm.fault.active,0
2026-05-15T06:39:52+00:00,cnsm-web-04,cnsm.fault.active,0
2026-05-15T06:40:07+00:00,cnsm-web-04,cnsm.fault.active,0
2026-05-15T06:40:22+00:00,cnsm-web-04,cnsm.fault.active,0
2026-05-15T06:40:37+00:00,cnsm-web-04,cnsm.fault.active,0
2026-05-15T06:40:52+00:00,cnsm-web-04,cnsm.fault.active,0
2026-05-15T06:41:07+00:00,cnsm-web-04,cnsm.fault.active,0
2026-05-15T06:41:22+00:00,cnsm-web-04,cnsm.fault.active,0
2026-05-15T06:41:37+00:00,cnsm-web-04,cnsm.fault.active,0
2026-05-15T06:41:52+00:00,cnsm-web-04,cnsm.fault.active,0
2026-05-15T06:42:07+00:00,cnsm-web-04,cnsm.fault.active,0
2026-05-15T06:42:22+00:00,cnsm-web-04,cnsm.fault.active,0
2026-05-15T06:42:37+00:00,cnsm-web-04,cnsm.fault.active,0
2026-05-15T06:42:52+00:00,cnsm-web-04,cnsm.fault.active,0
2026-05-15T06:43:07+00:00,cnsm-web-04,cnsm.fault.active,0
2026-05-15T06:43:22+00:00,cnsm-web-04,cnsm.fault.active,0
2026-05-15T06:43:37+00:00,cnsm-web-04,cnsm.fault.active,0
2026-05-15T06:43:52+00:00,cnsm-web-04,cnsm.fault.active,0
2026-05-15T06:44:07+00:00,cnsm-web-04,cnsm.fault.active,0
2026-05-15T06:44:22+00:00,cnsm-web-04,cnsm.fault.active,0
2026-05-15T06:44:37+00:00,cnsm-web-04,cnsm.fault.active,0
2026-05-15T06:44:52+00:00,cnsm-web-04,cnsm.fault.active,0
2026-05-15T06:45:07+00:00,cnsm-web-04,cnsm.fault.active,0
2026-05-15T06:45:22+00:00,cnsm-web-04,cnsm.fault.active,0
2026-05-15T06:45:37+00:00,cnsm-web-04,cnsm.fault.active,0
2026-05-15T06:45:52+00:00,cnsm-web-04,cnsm.fault.active,0
2026-05-15T06:46:07+00:00,cnsm-web-04,cnsm.fault.active,0
2026-05-15T06:46:22+00:00,cnsm-web-04,cnsm.fault.active,0
2026-05-15T06:46:37+00:00,cnsm-web-04,cnsm.fault.active,0
2026-05-15T06:46:52+00:00,cnsm-web-04,cnsm.fault.active,0
2026-05-15T06:47:07+00:00,cnsm-web-04,cnsm.fault.active,0
2026-05-15T06:47:22+00:00,cnsm-web-04,cnsm.fault.active,0
2026-05-15T06:47:37+00:00,cnsm-web-04,cnsm.fault.active,0
2026-05-15T06:47:52+00:00,cnsm-web-04,cnsm.fault.active,0
2026-05-15T06:48:07+00:00,cnsm-web-04,cnsm.fault.active,0
2026-05-15T06:48:22+00:00,cnsm-web-04,cnsm.fault.active,0
2026-05-15T06:48:37+00:00,cnsm-web-04,cnsm.fault.active,0
2026-05-15T06:48:52+00:00,cnsm-web-04,cnsm.fault.active,0
2026-05-15T06:49:07+00:00,cnsm-web-04,cnsm.fault.active,0
2026-05-15T06:49:22+00:00,cnsm-web-04,cnsm.fault.active,0
2026-05-15T06:49:37+00:00,cnsm-web-04,cnsm.fault.active,0
2026-05-15T06:49:52+00:00,cnsm-web-04,cnsm.fault.active,0
2026-05-15T06:50:07+00:00,cnsm-web-04,cnsm.fault.active,0
2026-05-15T06:50:22+00:00,cnsm-web-04,cnsm.fault.active,0
2026-05-15T06:50:37+00:00,cnsm-web-04,cnsm.fault.active,0
2026-05-15T06:50:52+00:00,cnsm-web-04,cnsm.fault.active,0
2026-05-15T06:51:07+00:00,cnsm-web-04,cnsm.fault.active,0
2026-05-15T06:51:22+00:00,cnsm-web-04,cnsm.fault.active,0
2026-05-15T06:51:37+00:00,cnsm-web-04,cnsm.fault.active,0
2026-05-15T06:51:52+00:00,cnsm-web-04,cnsm.fault.active,0
2026-05-15T06:52:07+00:00,cnsm-web-04,cnsm.fault.active,0
2026-05-15T06:52:22+00:00,cnsm-web-04,cnsm.fault.active,0
2026-05-15T06:52:37+00:00,cnsm-web-04,cnsm.fault.active,0
2026-05-15T06:52:52+00:00,cnsm-web-04,cnsm.fault.active,0
2026-05-15T06:53:07+00:00,cnsm-web-04,cnsm.fault.active,0
2026-05-15T06:53:22+00:00,cnsm-web-04,cnsm.fault.active,0
2026-05-15T06:53:37+00:00,cnsm-web-04,cnsm.fault.active,0
2026-05-15T06:53:52+00:00,cnsm-web-04,cnsm.fault.active,0
2026-05-15T06:54:07+00:00,cnsm-web-04,cnsm.fault.active,0
2026-05-15T06:54:22+00:00,cnsm-web-04,cnsm.fault.active,0
2026-05-15T06:54:37+00:00,cnsm-web-04,cnsm.fault.active,0
2026-05-15T06:54:52+00:00,cnsm-web-04,cnsm.fault.active,0
2026-05-15T06:55:07+00:00,cnsm-web-04,cnsm.fault.active,0
2026-05-15T06:55:22+00:00,cnsm-web-04,cnsm.fault.active,0
2026-05-15T06:55:37+00:00,cnsm-web-04,cnsm.fault.active,0
2026-05-15T06:55:52+00:00,cnsm-web-04,cnsm.fault.active,0
2026-05-15T06:56:07+00:00,cnsm-web-04,cnsm.fault.active,0
2026-05-15T06:56:22+00:00,cnsm-web-04,cnsm.fault.active,0
2026-05-15T06:56:37+00:00,cnsm-web-04,cnsm.fault.active,0
2026-05-15T06:56:52+00:00,cnsm-web-04,cnsm.fault.active,0
2026-05-15T06:57:07+00:00,cnsm-web-04,cnsm.fault.active,0
2026-05-15T06:57:22+00:00,cnsm-web-04,cnsm.fault.active,0
2026-05-15T06:57:37+00:00,cnsm-web-04,cnsm.fault.active,0
2026-05-15T06:57:52+00:00,cnsm-web-04,cnsm.fault.active,0
2026-05-15T06:58:07+00:00,cnsm-web-04,cnsm.fault.active,0
2026-05-15T06:58:22+00:00,cnsm-web-04,cnsm.fault.active,0
2026-05-15T06:58:37+00:00,cnsm-web-04,cnsm.fault.active,0
2026-05-15T06:58:52+00:00,cnsm-web-04,cnsm.fault.active,0
2026-05-15T06:59:07+00:00,cnsm-web-04,cnsm.fault.active,0
2026-05-15T06:59:22+00:00,cnsm-web-04,cnsm.fault.active,0
2026-05-15T06:59:37+00:00,cnsm-web-04,cnsm.fault.active,0
2026-05-15T06:59:52+00:00,cnsm-web-04,cnsm.fault.active,0
2026-05-15T07:00:07+00:00,cnsm-web-04,cnsm.fault.active,0
2026-05-15T07:00:22+00:00,cnsm-web-04,cnsm.fault.active,0
2026-05-15T07:00:37+00:00,cnsm-web-04,cnsm.fault.active,0
2026-05-15T07:00:52+00:00,cnsm-web-04,cnsm.fault.active,0
2026-05-15T07:01:07+00:00,cnsm-web-04,cnsm.fault.active,0
2026-05-15T07:01:22+00:00,cnsm-web-04,cnsm.fault.active,0
2026-05-15T07:01:37+00:00,cnsm-web-04,cnsm.fault.active,0
2026-05-15T07:01:52+00:00,cnsm-web-04,cnsm.fault.active,0
2026-05-15T07:02:07+00:00,cnsm-web-04,cnsm.fault.active,0
2026-05-15T07:02:22+00:00,cnsm-web-04,cnsm.fault.active,0
2026-05-15T07:02:37+00:00,cnsm-web-04,cnsm.fault.active,0
2026-05-15T07:02:52+00:00,cnsm-web-04,cnsm.fault.active,0
2026-05-15T05:44:38+00:00,cnsm-web-04,cnsm.fault.class,none
2026-05-15T05:45:38+00:00,cnsm-web-04,cnsm.fault.class,none
2026-05-15T05:46:38+00:00,cnsm-web-04,cnsm.fault.class,none
2026-05-15T05:47:38+00:00,cnsm-web-04,cnsm.fault.class,none
2026-05-15T05:48:38+00:00,cnsm-web-04,cnsm.fault.class,none
2026-05-15T05:49:38+00:00,cnsm-web-04,cnsm.fault.class,none
2026-05-15T05:50:38+00:00,cnsm-web-04,cnsm.fault.class,none
2026-05-15T05:51:38+00:00,cnsm-web-04,cnsm.fault.class,none
2026-05-15T05:52:38+00:00,cnsm-web-04,cnsm.fault.class,none
2026-05-15T05:53:38+00:00,cnsm-web-04,cnsm.fault.class,none
2026-05-15T05:54:38+00:00,cnsm-web-04,cnsm.fault.class,none
2026-05-15T05:55:38+00:00,cnsm-web-04,cnsm.fault.class,none
2026-05-15T05:56:38+00:00,cnsm-web-04,cnsm.fault.class,none
2026-05-15T05:57:38+00:00,cnsm-web-04,cnsm.fault.class,none
2026-05-15T05:58:38+00:00,cnsm-web-04,cnsm.fault.class,none
2026-05-15T05:59:38+00:00,cnsm-web-04,cnsm.fault.class,none
2026-05-15T06:00:38+00:00,cnsm-web-04,cnsm.fault.class,none
2026-05-15T06:01:38+00:00,cnsm-web-04,cnsm.fault.class,none
2026-05-15T06:02:38+00:00,cnsm-web-04,cnsm.fault.class,none
2026-05-15T06:03:38+00:00,cnsm-web-04,cnsm.fault.class,none
2026-05-15T06:04:38+00:00,cnsm-web-04,cnsm.fault.class,none
2026-05-15T06:05:38+00:00,cnsm-web-04,cnsm.fault.class,none
2026-05-15T06:06:38+00:00,cnsm-web-04,cnsm.fault.class,none
2026-05-15T06:07:38+00:00,cnsm-web-04,cnsm.fault.class,none
2026-05-15T06:08:38+00:00,cnsm-web-04,cnsm.fault.class,none
2026-05-15T06:09:38+00:00,cnsm-web-04,cnsm.fault.class,none
2026-05-15T06:10:38+00:00,cnsm-web-04,cnsm.fault.class,none
2026-05-15T06:11:38+00:00,cnsm-web-04,cnsm.fault.class,none
2026-05-15T06:12:38+00:00,cnsm-web-04,cnsm.fault.class,none
2026-05-15T06:13:38+00:00,cnsm-web-04,cnsm.fault.class,none
2026-05-15T06:14:38+00:00,cnsm-web-04,cnsm.fault.class,cpu_spike
2026-05-15T06:15:38+00:00,cnsm-web-04,cnsm.fault.class,cpu_spike
2026-05-15T06:16:38+00:00,cnsm-web-04,cnsm.fault.class,cpu_spike
2026-05-15T06:17:38+00:00,cnsm-web-04,cnsm.fault.class,cpu_spike
2026-05-15T06:18:38+00:00,cnsm-web-04,cnsm.fault.class,cpu_spike
2026-05-15T06:19:38+00:00,cnsm-web-04,cnsm.fault.class,cpu_spike
2026-05-15T06:20:38+00:00,cnsm-web-04,cnsm.fault.class,cpu_spike
2026-05-15T06:21:38+00:00,cnsm-web-04,cnsm.fault.class,cpu_spike
2026-05-15T06:22:38+00:00,cnsm-web-04,cnsm.fault.class,cpu_spike
2026-05-15T06:23:38+00:00,cnsm-web-04,cnsm.fault.class,cpu_spike
2026-05-15T06:24:38+00:00,cnsm-web-04,cnsm.fault.class,cpu_spike
2026-05-15T06:25:38+00:00,cnsm-web-04,cnsm.fault.class,cpu_spike
2026-05-15T06:26:38+00:00,cnsm-web-04,cnsm.fault.class,cpu_spike
2026-05-15T06:27:38+00:00,cnsm-web-04,cnsm.fault.class,cpu_spike
2026-05-15T06:28:38+00:00,cnsm-web-04,cnsm.fault.class,cpu_spike
2026-05-15T06:29:38+00:00,cnsm-web-04,cnsm.fault.class,cpu_spike
2026-05-15T06:30:38+00:00,cnsm-web-04,cnsm.fault.class,cpu_spike
2026-05-15T06:31:38+00:00,cnsm-web-04,cnsm.fault.class,cpu_spike
2026-05-15T06:32:38+00:00,cnsm-web-04,cnsm.fault.class,cpu_spike
2026-05-15T06:33:38+00:00,cnsm-web-04,cnsm.fault.class,none
2026-05-15T06:34:38+00:00,cnsm-web-04,cnsm.fault.class,none
2026-05-15T06:35:38+00:00,cnsm-web-04,cnsm.fault.class,none
2026-05-15T06:36:38+00:00,cnsm-web-04,cnsm.fault.class,none
2026-05-15T06:37:38+00:00,cnsm-web-04,cnsm.fault.class,none
2026-05-15T06:38:38+00:00,cnsm-web-04,cnsm.fault.class,none
2026-05-15T06:39:38+00:00,cnsm-web-04,cnsm.fault.class,none
2026-05-15T06:40:38+00:00,cnsm-web-04,cnsm.fault.class,none
2026-05-15T06:41:38+00:00,cnsm-web-04,cnsm.fault.class,none
2026-05-15T06:42:38+00:00,cnsm-web-04,cnsm.fault.class,none
2026-05-15T06:43:38+00:00,cnsm-web-04,cnsm.fault.class,none
2026-05-15T06:44:38+00:00,cnsm-web-04,cnsm.fault.class,none
2026-05-15T06:45:38+00:00,cnsm-web-04,cnsm.fault.class,none
2026-05-15T06:46:38+00:00,cnsm-web-04,cnsm.fault.class,none
2026-05-15T06:47:38+00:00,cnsm-web-04,cnsm.fault.class,none
2026-05-15T06:48:38+00:00,cnsm-web-04,cnsm.fault.class,none
2026-05-15T06:49:38+00:00,cnsm-web-04,cnsm.fault.class,none
2026-05-15T06:50:38+00:00,cnsm-web-04,cnsm.fault.class,none
2026-05-15T06:51:38+00:00,cnsm-web-04,cnsm.fault.class,none
2026-05-15T06:52:38+00:00,cnsm-web-04,cnsm.fault.class,none
2026-05-15T06:53:38+00:00,cnsm-web-04,cnsm.fault.class,none
2026-05-15T06:54:38+00:00,cnsm-web-04,cnsm.fault.class,none
2026-05-15T06:55:38+00:00,cnsm-web-04,cnsm.fault.class,none
2026-05-15T06:56:38+00:00,cnsm-web-04,cnsm.fault.class,none
2026-05-15T06:57:38+00:00,cnsm-web-04,cnsm.fault.class,none
2026-05-15T06:58:38+00:00,cnsm-web-04,cnsm.fault.class,none
2026-05-15T06:59:38+00:00,cnsm-web-04,cnsm.fault.class,none
2026-05-15T07:00:38+00:00,cnsm-web-04,cnsm.fault.class,none
2026-05-15T07:01:38+00:00,cnsm-web-04,cnsm.fault.class,none
2026-05-15T07:02:38+00:00,cnsm-web-04,cnsm.fault.class,none
2026-05-15T05:44:21+00:00,cnsm-web-04,cnsm.tcp.established,1
2026-05-15T05:45:21+00:00,cnsm-web-04,cnsm.tcp.established,3
2026-05-15T05:46:21+00:00,cnsm-web-04,cnsm.tcp.established,1
2026-05-15T05:47:21+00:00,cnsm-web-04,cnsm.tcp.established,6
2026-05-15T05:48:21+00:00,cnsm-web-04,cnsm.tcp.established,1
2026-05-15T05:49:21+00:00,cnsm-web-04,cnsm.tcp.established,1
2026-05-15T05:50:21+00:00,cnsm-web-04,cnsm.tcp.established,1
2026-05-15T05:51:21+00:00,cnsm-web-04,cnsm.tcp.established,1
2026-05-15T05:52:20+00:00,cnsm-web-04,cnsm.tcp.established,1
2026-05-15T05:53:20+00:00,cnsm-web-04,cnsm.tcp.established,1
2026-05-15T05:54:21+00:00,cnsm-web-04,cnsm.tcp.established,9
2026-05-15T05:55:21+00:00,cnsm-web-04,cnsm.tcp.established,1
2026-05-15T05:56:20+00:00,cnsm-web-04,cnsm.tcp.established,1
2026-05-15T05:57:21+00:00,cnsm-web-04,cnsm.tcp.established,1
2026-05-15T05:58:20+00:00,cnsm-web-04,cnsm.tcp.established,1
2026-05-15T05:59:21+00:00,cnsm-web-04,cnsm.tcp.established,1
2026-05-15T06:00:21+00:00,cnsm-web-04,cnsm.tcp.established,2
2026-05-15T06:01:20+00:00,cnsm-web-04,cnsm.tcp.established,4
2026-05-15T06:02:21+00:00,cnsm-web-04,cnsm.tcp.established,9
2026-05-15T06:03:21+00:00,cnsm-web-04,cnsm.tcp.established,5
2026-05-15T06:04:21+00:00,cnsm-web-04,cnsm.tcp.established,31
2026-05-15T06:05:20+00:00,cnsm-web-04,cnsm.tcp.established,8
2026-05-15T06:06:21+00:00,cnsm-web-04,cnsm.tcp.established,6
2026-05-15T06:07:21+00:00,cnsm-web-04,cnsm.tcp.established,6
2026-05-15T06:08:21+00:00,cnsm-web-04,cnsm.tcp.established,6
2026-05-15T06:09:21+00:00,cnsm-web-04,cnsm.tcp.established,12
2026-05-15T06:10:20+00:00,cnsm-web-04,cnsm.tcp.established,6
2026-05-15T06:11:21+00:00,cnsm-web-04,cnsm.tcp.established,8
2026-05-15T06:12:21+00:00,cnsm-web-04,cnsm.tcp.established,6
2026-05-15T06:13:20+00:00,cnsm-web-04,cnsm.tcp.established,10
2026-05-15T06:14:21+00:00,cnsm-web-04,cnsm.tcp.established,5
2026-05-15T06:15:20+00:00,cnsm-web-04,cnsm.tcp.established,12
2026-05-15T06:16:20+00:00,cnsm-web-04,cnsm.tcp.established,5
2026-05-15T06:17:20+00:00,cnsm-web-04,cnsm.tcp.established,5
2026-05-15T06:18:21+00:00,cnsm-web-04,cnsm.tcp.established,9
2026-05-15T06:19:20+00:00,cnsm-web-04,cnsm.tcp.established,5
2026-05-15T06:20:21+00:00,cnsm-web-04,cnsm.tcp.established,14
2026-05-15T06:21:20+00:00,cnsm-web-04,cnsm.tcp.established,5
2026-05-15T06:22:21+00:00,cnsm-web-04,cnsm.tcp.established,12
2026-05-15T06:23:20+00:00,cnsm-web-04,cnsm.tcp.established,5
2026-05-15T06:24:21+00:00,cnsm-web-04,cnsm.tcp.established,4
2026-05-15T06:25:21+00:00,cnsm-web-04,cnsm.tcp.established,4
2026-05-15T06:26:21+00:00,cnsm-web-04,cnsm.tcp.established,4
2026-05-15T06:27:21+00:00,cnsm-web-04,cnsm.tcp.established,9
2026-05-15T06:28:21+00:00,cnsm-web-04,cnsm.tcp.established,4
2026-05-15T06:29:21+00:00,cnsm-web-04,cnsm.tcp.established,8
2026-05-15T06:30:20+00:00,cnsm-web-04,cnsm.tcp.established,3
2026-05-15T06:31:21+00:00,cnsm-web-04,cnsm.tcp.established,9
2026-05-15T06:32:21+00:00,cnsm-web-04,cnsm.tcp.established,3
2026-05-15T06:33:21+00:00,cnsm-web-04,cnsm.tcp.established,4
2026-05-15T06:34:21+00:00,cnsm-web-04,cnsm.tcp.established,4
2026-05-15T06:35:21+00:00,cnsm-web-04,cnsm.tcp.established,4
2026-05-15T06:36:21+00:00,cnsm-web-04,cnsm.tcp.established,5
2026-05-15T06:37:21+00:00,cnsm-web-04,cnsm.tcp.established,10
2026-05-15T06:38:21+00:00,cnsm-web-04,cnsm.tcp.established,4
2026-05-15T06:39:21+00:00,cnsm-web-04,cnsm.tcp.established,9
2026-05-15T06:40:21+00:00,cnsm-web-04,cnsm.tcp.established,4
2026-05-15T06:41:21+00:00,cnsm-web-04,cnsm.tcp.established,9
2026-05-15T06:42:21+00:00,cnsm-web-04,cnsm.tcp.established,3
2026-05-15T06:43:21+00:00,cnsm-web-04,cnsm.tcp.established,11
2026-05-15T06:44:21+00:00,cnsm-web-04,cnsm.tcp.established,3
2026-05-15T06:45:20+00:00,cnsm-web-04,cnsm.tcp.established,9
2026-05-15T06:46:21+00:00,cnsm-web-04,cnsm.tcp.established,3
2026-05-15T06:47:21+00:00,cnsm-web-04,cnsm.tcp.established,9
2026-05-15T06:48:21+00:00,cnsm-web-04,cnsm.tcp.established,3
2026-05-15T06:49:21+00:00,cnsm-web-04,cnsm.tcp.established,9
2026-05-15T06:50:20+00:00,cnsm-web-04,cnsm.tcp.established,3
2026-05-15T06:51:20+00:00,cnsm-web-04,cnsm.tcp.established,6
2026-05-15T06:52:21+00:00,cnsm-web-04,cnsm.tcp.established,3
2026-05-15T06:53:20+00:00,cnsm-web-04,cnsm.tcp.established,8
2026-05-15T06:54:20+00:00,cnsm-web-04,cnsm.tcp.established,3
2026-05-15T06:55:20+00:00,cnsm-web-04,cnsm.tcp.established,11
2026-05-15T06:56:21+00:00,cnsm-web-04,cnsm.tcp.established,3
2026-05-15T06:57:20+00:00,cnsm-web-04,cnsm.tcp.established,7
2026-05-15T06:58:20+00:00,cnsm-web-04,cnsm.tcp.established,3
2026-05-15T06:59:21+00:00,cnsm-web-04,cnsm.tcp.established,2
2026-05-15T07:00:20+00:00,cnsm-web-04,cnsm.tcp.established,5
2026-05-15T07:01:20+00:00,cnsm-web-04,cnsm.tcp.established,3
2026-05-15T07:02:21+00:00,cnsm-web-04,cnsm.tcp.established,11
2026-05-15T05:44:21+00:00,cnsm-web-04,cnsm.tcp.listen,7
2026-05-15T05:45:21+00:00,cnsm-web-04,cnsm.tcp.listen,7
2026-05-15T05:46:21+00:00,cnsm-web-04,cnsm.tcp.listen,7
2026-05-15T05:47:21+00:00,cnsm-web-04,cnsm.tcp.listen,7
2026-05-15T05:48:21+00:00,cnsm-web-04,cnsm.tcp.listen,7
2026-05-15T05:49:21+00:00,cnsm-web-04,cnsm.tcp.listen,7
2026-05-15T05:50:21+00:00,cnsm-web-04,cnsm.tcp.listen,7
2026-05-15T05:51:21+00:00,cnsm-web-04,cnsm.tcp.listen,7
2026-05-15T05:52:21+00:00,cnsm-web-04,cnsm.tcp.listen,7
2026-05-15T05:53:21+00:00,cnsm-web-04,cnsm.tcp.listen,7
2026-05-15T05:54:21+00:00,cnsm-web-04,cnsm.tcp.listen,7
2026-05-15T05:55:21+00:00,cnsm-web-04,cnsm.tcp.listen,7
2026-05-15T05:56:21+00:00,cnsm-web-04,cnsm.tcp.listen,7
2026-05-15T05:57:21+00:00,cnsm-web-04,cnsm.tcp.listen,7
2026-05-15T05:58:21+00:00,cnsm-web-04,cnsm.tcp.listen,7
2026-05-15T05:59:21+00:00,cnsm-web-04,cnsm.tcp.listen,7
2026-05-15T06:00:21+00:00,cnsm-web-04,cnsm.tcp.listen,7
2026-05-15T06:01:21+00:00,cnsm-web-04,cnsm.tcp.listen,7
2026-05-15T06:02:21+00:00,cnsm-web-04,cnsm.tcp.listen,7
2026-05-15T06:03:21+00:00,cnsm-web-04,cnsm.tcp.listen,7
2026-05-15T06:04:21+00:00,cnsm-web-04,cnsm.tcp.listen,7
2026-05-15T06:05:21+00:00,cnsm-web-04,cnsm.tcp.listen,7
2026-05-15T06:06:21+00:00,cnsm-web-04,cnsm.tcp.listen,7
2026-05-15T06:07:21+00:00,cnsm-web-04,cnsm.tcp.listen,7
2026-05-15T06:08:21+00:00,cnsm-web-04,cnsm.tcp.listen,7
2026-05-15T06:09:21+00:00,cnsm-web-04,cnsm.tcp.listen,7
2026-05-15T06:10:21+00:00,cnsm-web-04,cnsm.tcp.listen,7
2026-05-15T06:11:21+00:00,cnsm-web-04,cnsm.tcp.listen,7
2026-05-15T06:12:21+00:00,cnsm-web-04,cnsm.tcp.listen,7
2026-05-15T06:13:21+00:00,cnsm-web-04,cnsm.tcp.listen,7
2026-05-15T06:14:21+00:00,cnsm-web-04,cnsm.tcp.listen,7
2026-05-15T06:15:21+00:00,cnsm-web-04,cnsm.tcp.listen,7
2026-05-15T06:16:22+00:00,cnsm-web-04,cnsm.tcp.listen,7
2026-05-15T06:17:21+00:00,cnsm-web-04,cnsm.tcp.listen,7
2026-05-15T06:18:21+00:00,cnsm-web-04,cnsm.tcp.listen,7
2026-05-15T06:19:21+00:00,cnsm-web-04,cnsm.tcp.listen,7
2026-05-15T06:20:21+00:00,cnsm-web-04,cnsm.tcp.listen,7
2026-05-15T06:21:21+00:00,cnsm-web-04,cnsm.tcp.listen,7
2026-05-15T06:22:21+00:00,cnsm-web-04,cnsm.tcp.listen,7
2026-05-15T06:23:21+00:00,cnsm-web-04,cnsm.tcp.listen,7
2026-05-15T06:24:21+00:00,cnsm-web-04,cnsm.tcp.listen,7
2026-05-15T06:25:21+00:00,cnsm-web-04,cnsm.tcp.listen,7
2026-05-15T06:26:21+00:00,cnsm-web-04,cnsm.tcp.listen,7
2026-05-15T06:27:21+00:00,cnsm-web-04,cnsm.tcp.listen,7
2026-05-15T06:28:21+00:00,cnsm-web-04,cnsm.tcp.listen,7
2026-05-15T06:29:21+00:00,cnsm-web-04,cnsm.tcp.listen,7
2026-05-15T06:30:21+00:00,cnsm-web-04,cnsm.tcp.listen,7
2026-05-15T06:31:21+00:00,cnsm-web-04,cnsm.tcp.listen,7
2026-05-15T06:32:21+00:00,cnsm-web-04,cnsm.tcp.listen,7
2026-05-15T06:33:21+00:00,cnsm-web-04,cnsm.tcp.listen,7
2026-05-15T06:34:21+00:00,cnsm-web-04,cnsm.tcp.listen,7
2026-05-15T06:35:21+00:00,cnsm-web-04,cnsm.tcp.listen,7
2026-05-15T06:36:21+00:00,cnsm-web-04,cnsm.tcp.listen,7
2026-05-15T06:37:21+00:00,cnsm-web-04,cnsm.tcp.listen,7
2026-05-15T06:38:21+00:00,cnsm-web-04,cnsm.tcp.listen,7
2026-05-15T06:39:21+00:00,cnsm-web-04,cnsm.tcp.listen,7
2026-05-15T06:40:21+00:00,cnsm-web-04,cnsm.tcp.listen,7
2026-05-15T06:41:21+00:00,cnsm-web-04,cnsm.tcp.listen,7
2026-05-15T06:42:21+00:00,cnsm-web-04,cnsm.tcp.listen,7
2026-05-15T06:43:21+00:00,cnsm-web-04,cnsm.tcp.listen,7
2026-05-15T06:44:21+00:00,cnsm-web-04,cnsm.tcp.listen,7
2026-05-15T06:45:21+00:00,cnsm-web-04,cnsm.tcp.listen,7
2026-05-15T06:46:21+00:00,cnsm-web-04,cnsm.tcp.listen,7
2026-05-15T06:47:21+00:00,cnsm-web-04,cnsm.tcp.listen,7
2026-05-15T06:48:21+00:00,cnsm-web-04,cnsm.tcp.listen,7
2026-05-15T06:49:21+00:00,cnsm-web-04,cnsm.tcp.listen,7
2026-05-15T06:50:21+00:00,cnsm-web-04,cnsm.tcp.listen,7
2026-05-15T06:51:21+00:00,cnsm-web-04,cnsm.tcp.listen,7
2026-05-15T06:52:21+00:00,cnsm-web-04,cnsm.tcp.listen,7
2026-05-15T06:53:21+00:00,cnsm-web-04,cnsm.tcp.listen,7
2026-05-15T06:54:21+00:00,cnsm-web-04,cnsm.tcp.listen,7
2026-05-15T06:55:21+00:00,cnsm-web-04,cnsm.tcp.listen,7
2026-05-15T06:56:21+00:00,cnsm-web-04,cnsm.tcp.listen,7
2026-05-15T06:57:21+00:00,cnsm-web-04,cnsm.tcp.listen,7
2026-05-15T06:58:21+00:00,cnsm-web-04,cnsm.tcp.listen,7
2026-05-15T06:59:21+00:00,cnsm-web-04,cnsm.tcp.listen,7
2026-05-15T07:00:21+00:00,cnsm-web-04,cnsm.tcp.listen,7
2026-05-15T07:01:21+00:00,cnsm-web-04,cnsm.tcp.listen,7
2026-05-15T07:02:21+00:00,cnsm-web-04,cnsm.tcp.listen,7
2026-05-15T05:44:23+00:00,cnsm-web-04,cnsm.tcp.timewait,14118
2026-05-15T05:45:23+00:00,cnsm-web-04,cnsm.tcp.timewait,14123
2026-05-15T05:46:23+00:00,cnsm-web-04,cnsm.tcp.timewait,14100
2026-05-15T05:47:23+00:00,cnsm-web-04,cnsm.tcp.timewait,14120
2026-05-15T05:48:23+00:00,cnsm-web-04,cnsm.tcp.timewait,14109
2026-05-15T05:49:23+00:00,cnsm-web-04,cnsm.tcp.timewait,14068
2026-05-15T05:50:23+00:00,cnsm-web-04,cnsm.tcp.timewait,14108
2026-05-15T05:51:23+00:00,cnsm-web-04,cnsm.tcp.timewait,14062
2026-05-15T05:52:23+00:00,cnsm-web-04,cnsm.tcp.timewait,14115
2026-05-15T05:53:23+00:00,cnsm-web-04,cnsm.tcp.timewait,14091
2026-05-15T05:54:23+00:00,cnsm-web-04,cnsm.tcp.timewait,14119
2026-05-15T05:55:23+00:00,cnsm-web-04,cnsm.tcp.timewait,14102
2026-05-15T05:56:23+00:00,cnsm-web-04,cnsm.tcp.timewait,14128
2026-05-15T05:57:23+00:00,cnsm-web-04,cnsm.tcp.timewait,14089
2026-05-15T05:58:23+00:00,cnsm-web-04,cnsm.tcp.timewait,14107
2026-05-15T05:59:23+00:00,cnsm-web-04,cnsm.tcp.timewait,14100
2026-05-15T06:00:23+00:00,cnsm-web-04,cnsm.tcp.timewait,14103
2026-05-15T06:01:23+00:00,cnsm-web-04,cnsm.tcp.timewait,14084
2026-05-15T06:02:23+00:00,cnsm-web-04,cnsm.tcp.timewait,14096
2026-05-15T06:03:23+00:00,cnsm-web-04,cnsm.tcp.timewait,14103
2026-05-15T06:04:23+00:00,cnsm-web-04,cnsm.tcp.timewait,14121
2026-05-15T06:05:23+00:00,cnsm-web-04,cnsm.tcp.timewait,14127
2026-05-15T06:06:23+00:00,cnsm-web-04,cnsm.tcp.timewait,14116
2026-05-15T06:07:23+00:00,cnsm-web-04,cnsm.tcp.timewait,14118
2026-05-15T06:08:23+00:00,cnsm-web-04,cnsm.tcp.timewait,14118
2026-05-15T06:09:23+00:00,cnsm-web-04,cnsm.tcp.timewait,14107
2026-05-15T06:10:23+00:00,cnsm-web-04,cnsm.tcp.timewait,14095
2026-05-15T06:11:23+00:00,cnsm-web-04,cnsm.tcp.timewait,14103
2026-05-15T06:12:23+00:00,cnsm-web-04,cnsm.tcp.timewait,14101
2026-05-15T06:13:23+00:00,cnsm-web-04,cnsm.tcp.timewait,14120
2026-05-15T06:14:23+00:00,cnsm-web-04,cnsm.tcp.timewait,14094
2026-05-15T06:15:23+00:00,cnsm-web-04,cnsm.tcp.timewait,14129
2026-05-15T06:16:23+00:00,cnsm-web-04,cnsm.tcp.timewait,14107
2026-05-15T06:17:23+00:00,cnsm-web-04,cnsm.tcp.timewait,14119
2026-05-15T06:18:23+00:00,cnsm-web-04,cnsm.tcp.timewait,14131
2026-05-15T06:19:23+00:00,cnsm-web-04,cnsm.tcp.timewait,14124
2026-05-15T06:20:23+00:00,cnsm-web-04,cnsm.tcp.timewait,14113
2026-05-15T06:21:23+00:00,cnsm-web-04,cnsm.tcp.timewait,14120
2026-05-15T06:22:23+00:00,cnsm-web-04,cnsm.tcp.timewait,14121
2026-05-15T06:23:23+00:00,cnsm-web-04,cnsm.tcp.timewait,14098
2026-05-15T06:24:23+00:00,cnsm-web-04,cnsm.tcp.timewait,14113
2026-05-15T06:25:23+00:00,cnsm-web-04,cnsm.tcp.timewait,14094
2026-05-15T06:26:23+00:00,cnsm-web-04,cnsm.tcp.timewait,14095
2026-05-15T06:27:23+00:00,cnsm-web-04,cnsm.tcp.timewait,14110
2026-05-15T06:28:23+00:00,cnsm-web-04,cnsm.tcp.timewait,14124
2026-05-15T06:29:23+00:00,cnsm-web-04,cnsm.tcp.timewait,14121
2026-05-15T06:30:23+00:00,cnsm-web-04,cnsm.tcp.timewait,14115
2026-05-15T06:31:23+00:00,cnsm-web-04,cnsm.tcp.timewait,14119
2026-05-15T06:32:23+00:00,cnsm-web-04,cnsm.tcp.timewait,14086
2026-05-15T06:33:23+00:00,cnsm-web-04,cnsm.tcp.timewait,14115
2026-05-15T06:34:23+00:00,cnsm-web-04,cnsm.tcp.timewait,14091
2026-05-15T06:35:23+00:00,cnsm-web-04,cnsm.tcp.timewait,14103
2026-05-15T06:36:23+00:00,cnsm-web-04,cnsm.tcp.timewait,14066
2026-05-15T06:37:23+00:00,cnsm-web-04,cnsm.tcp.timewait,14091
2026-05-15T06:38:23+00:00,cnsm-web-04,cnsm.tcp.timewait,14098
2026-05-15T06:39:23+00:00,cnsm-web-04,cnsm.tcp.timewait,14118
2026-05-15T06:40:23+00:00,cnsm-web-04,cnsm.tcp.timewait,14059
2026-05-15T06:41:23+00:00,cnsm-web-04,cnsm.tcp.timewait,14087
2026-05-15T06:42:23+00:00,cnsm-web-04,cnsm.tcp.timewait,14101
2026-05-15T06:43:23+00:00,cnsm-web-04,cnsm.tcp.timewait,14123
2026-05-15T06:44:23+00:00,cnsm-web-04,cnsm.tcp.timewait,14106
2026-05-15T06:45:23+00:00,cnsm-web-04,cnsm.tcp.timewait,14116
2026-05-15T06:46:23+00:00,cnsm-web-04,cnsm.tcp.timewait,14070
2026-05-15T06:47:23+00:00,cnsm-web-04,cnsm.tcp.timewait,14115
2026-05-15T06:48:23+00:00,cnsm-web-04,cnsm.tcp.timewait,14080
2026-05-15T06:49:23+00:00,cnsm-web-04,cnsm.tcp.timewait,14115
2026-05-15T06:50:23+00:00,cnsm-web-04,cnsm.tcp.timewait,14121
2026-05-15T06:51:23+00:00,cnsm-web-04,cnsm.tcp.timewait,14109
2026-05-15T06:52:23+00:00,cnsm-web-04,cnsm.tcp.timewait,14102
2026-05-15T06:53:23+00:00,cnsm-web-04,cnsm.tcp.timewait,14123
2026-05-15T06:54:23+00:00,cnsm-web-04,cnsm.tcp.timewait,14113
2026-05-15T06:55:23+00:00,cnsm-web-04,cnsm.tcp.timewait,14128
2026-05-15T06:56:23+00:00,cnsm-web-04,cnsm.tcp.timewait,14110
2026-05-15T06:57:23+00:00,cnsm-web-04,cnsm.tcp.timewait,14100
2026-05-15T06:58:23+00:00,cnsm-web-04,cnsm.tcp.timewait,14109
2026-05-15T06:59:23+00:00,cnsm-web-04,cnsm.tcp.timewait,14115
2026-05-15T07:00:23+00:00,cnsm-web-04,cnsm.tcp.timewait,14112
2026-05-15T07:01:23+00:00,cnsm-web-04,cnsm.tcp.timewait,14104
2026-05-15T07:02:23+00:00,cnsm-web-04,cnsm.tcp.timewait,14124
2026-05-15T05:44:23+00:00,cnsm-web-04,cnsm.workload.heartbeat,1
2026-05-15T05:45:23+00:00,cnsm-web-04,cnsm.workload.heartbeat,1
2026-05-15T05:46:23+00:00,cnsm-web-04,cnsm.workload.heartbeat,1
2026-05-15T05:47:23+00:00,cnsm-web-04,cnsm.workload.heartbeat,1
2026-05-15T05:48:23+00:00,cnsm-web-04,cnsm.workload.heartbeat,1
2026-05-15T05:49:23+00:00,cnsm-web-04,cnsm.workload.heartbeat,1
2026-05-15T05:50:23+00:00,cnsm-web-04,cnsm.workload.heartbeat,1
2026-05-15T05:51:23+00:00,cnsm-web-04,cnsm.workload.heartbeat,1
2026-05-15T05:52:23+00:00,cnsm-web-04,cnsm.workload.heartbeat,1
2026-05-15T05:53:23+00:00,cnsm-web-04,cnsm.workload.heartbeat,1
2026-05-15T05:54:23+00:00,cnsm-web-04,cnsm.workload.heartbeat,1
2026-05-15T05:55:23+00:00,cnsm-web-04,cnsm.workload.heartbeat,1
2026-05-15T05:56:23+00:00,cnsm-web-04,cnsm.workload.heartbeat,1
2026-05-15T05:57:23+00:00,cnsm-web-04,cnsm.workload.heartbeat,1
2026-05-15T05:58:23+00:00,cnsm-web-04,cnsm.workload.heartbeat,1
2026-05-15T05:59:23+00:00,cnsm-web-04,cnsm.workload.heartbeat,1
2026-05-15T06:00:23+00:00,cnsm-web-04,cnsm.workload.heartbeat,1
2026-05-15T06:01:23+00:00,cnsm-web-04,cnsm.workload.heartbeat,1
2026-05-15T06:02:23+00:00,cnsm-web-04,cnsm.workload.heartbeat,1
2026-05-15T06:03:23+00:00,cnsm-web-04,cnsm.workload.heartbeat,1
2026-05-15T06:04:23+00:00,cnsm-web-04,cnsm.workload.heartbeat,1
2026-05-15T06:05:23+00:00,cnsm-web-04,cnsm.workload.heartbeat,1
2026-05-15T06:06:23+00:00,cnsm-web-04,cnsm.workload.heartbeat,1
2026-05-15T06:07:23+00:00,cnsm-web-04,cnsm.workload.heartbeat,1
2026-05-15T06:08:23+00:00,cnsm-web-04,cnsm.workload.heartbeat,1
2026-05-15T06:09:23+00:00,cnsm-web-04,cnsm.workload.heartbeat,1
2026-05-15T06:10:23+00:00,cnsm-web-04,cnsm.workload.heartbeat,1
2026-05-15T06:11:23+00:00,cnsm-web-04,cnsm.workload.heartbeat,1
2026-05-15T06:12:23+00:00,cnsm-web-04,cnsm.workload.heartbeat,1
2026-05-15T06:13:23+00:00,cnsm-web-04,cnsm.workload.heartbeat,1
2026-05-15T06:14:23+00:00,cnsm-web-04,cnsm.workload.heartbeat,1
2026-05-15T06:15:23+00:00,cnsm-web-04,cnsm.workload.heartbeat,1
2026-05-15T06:16:23+00:00,cnsm-web-04,cnsm.workload.heartbeat,1
2026-05-15T06:17:23+00:00,cnsm-web-04,cnsm.workload.heartbeat,1
2026-05-15T06:18:23+00:00,cnsm-web-04,cnsm.workload.heartbeat,1
2026-05-15T06:19:23+00:00,cnsm-web-04,cnsm.workload.heartbeat,1
2026-05-15T06:20:23+00:00,cnsm-web-04,cnsm.workload.heartbeat,1
2026-05-15T06:21:23+00:00,cnsm-web-04,cnsm.workload.heartbeat,1
2026-05-15T06:22:23+00:00,cnsm-web-04,cnsm.workload.heartbeat,1
2026-05-15T06:23:23+00:00,cnsm-web-04,cnsm.workload.heartbeat,1
2026-05-15T06:24:23+00:00,cnsm-web-04,cnsm.workload.heartbeat,1
2026-05-15T06:25:23+00:00,cnsm-web-04,cnsm.workload.heartbeat,1
2026-05-15T06:26:23+00:00,cnsm-web-04,cnsm.workload.heartbeat,1
2026-05-15T06:27:23+00:00,cnsm-web-04,cnsm.workload.heartbeat,1
2026-05-15T06:28:23+00:00,cnsm-web-04,cnsm.workload.heartbeat,1
2026-05-15T06:29:23+00:00,cnsm-web-04,cnsm.workload.heartbeat,1
2026-05-15T06:30:23+00:00,cnsm-web-04,cnsm.workload.heartbeat,1
2026-05-15T06:31:23+00:00,cnsm-web-04,cnsm.workload.heartbeat,1
2026-05-15T06:32:23+00:00,cnsm-web-04,cnsm.workload.heartbeat,1
2026-05-15T06:33:23+00:00,cnsm-web-04,cnsm.workload.heartbeat,1
2026-05-15T06:34:23+00:00,cnsm-web-04,cnsm.workload.heartbeat,1
2026-05-15T06:35:23+00:00,cnsm-web-04,cnsm.workload.heartbeat,1
2026-05-15T06:36:23+00:00,cnsm-web-04,cnsm.workload.heartbeat,1
2026-05-15T06:37:23+00:00,cnsm-web-04,cnsm.workload.heartbeat,1
2026-05-15T06:38:23+00:00,cnsm-web-04,cnsm.workload.heartbeat,1
2026-05-15T06:39:23+00:00,cnsm-web-04,cnsm.workload.heartbeat,1
2026-05-15T06:40:23+00:00,cnsm-web-04,cnsm.workload.heartbeat,1
2026-05-15T06:41:23+00:00,cnsm-web-04,cnsm.workload.heartbeat,1
2026-05-15T06:42:23+00:00,cnsm-web-04,cnsm.workload.heartbeat,1
2026-05-15T06:43:23+00:00,cnsm-web-04,cnsm.workload.heartbeat,1
2026-05-15T06:44:23+00:00,cnsm-web-04,cnsm.workload.heartbeat,1
2026-05-15T06:45:23+00:00,cnsm-web-04,cnsm.workload.heartbeat,1
2026-05-15T06:46:23+00:00,cnsm-web-04,cnsm.workload.heartbeat,1
2026-05-15T06:47:23+00:00,cnsm-web-04,cnsm.workload.heartbeat,1
2026-05-15T06:48:23+00:00,cnsm-web-04,cnsm.workload.heartbeat,1
2026-05-15T06:49:23+00:00,cnsm-web-04,cnsm.workload.heartbeat,1
2026-05-15T06:50:23+00:00,cnsm-web-04,cnsm.workload.heartbeat,1
2026-05-15T06:51:23+00:00,cnsm-web-04,cnsm.workload.heartbeat,1
2026-05-15T06:52:23+00:00,cnsm-web-04,cnsm.workload.heartbeat,1
2026-05-15T06:53:23+00:00,cnsm-web-04,cnsm.workload.heartbeat,1
2026-05-15T06:54:23+00:00,cnsm-web-04,cnsm.workload.heartbeat,1
2026-05-15T06:55:23+00:00,cnsm-web-04,cnsm.workload.heartbeat,1
2026-05-15T06:56:23+00:00,cnsm-web-04,cnsm.workload.heartbeat,1
2026-05-15T06:57:23+00:00,cnsm-web-04,cnsm.workload.heartbeat,1
2026-05-15T06:58:23+00:00,cnsm-web-04,cnsm.workload.heartbeat,1
2026-05-15T06:59:23+00:00,cnsm-web-04,cnsm.workload.heartbeat,1
2026-05-15T07:00:23+00:00,cnsm-web-04,cnsm.workload.heartbeat,1
2026-05-15T07:01:23+00:00,cnsm-web-04,cnsm.workload.heartbeat,1
2026-05-15T07:02:23+00:00,cnsm-web-04,cnsm.workload.heartbeat,1
2026-05-15T05:44:13+00:00,cnsm-web-04,system.cpu.switches,4313.825438111724
2026-05-15T05:45:13+00:00,cnsm-web-04,system.cpu.switches,4023.7085236298926
2026-05-15T05:46:13+00:00,cnsm-web-04,system.cpu.switches,4335.044075029688
2026-05-15T05:47:13+00:00,cnsm-web-04,system.cpu.switches,4131.754087044462
2026-05-15T05:48:13+00:00,cnsm-web-04,system.cpu.switches,4313.876646862496
2026-05-15T05:49:13+00:00,cnsm-web-04,system.cpu.switches,3974.1195334102945
2026-05-15T05:50:13+00:00,cnsm-web-04,system.cpu.switches,4462.014029238279
2026-05-15T05:51:13+00:00,cnsm-web-04,system.cpu.switches,4026.406203752465
2026-05-15T05:52:13+00:00,cnsm-web-04,system.cpu.switches,4553.32258482416
2026-05-15T05:53:13+00:00,cnsm-web-04,system.cpu.switches,4003.3943396029886
2026-05-15T05:54:13+00:00,cnsm-web-04,system.cpu.switches,4462.786643905041
2026-05-15T05:55:13+00:00,cnsm-web-04,system.cpu.switches,4261.397463673323
2026-05-15T05:56:13+00:00,cnsm-web-04,system.cpu.switches,4441.314273962615
2026-05-15T05:57:13+00:00,cnsm-web-04,system.cpu.switches,4035.525751202743
2026-05-15T05:58:13+00:00,cnsm-web-04,system.cpu.switches,4431.2860614725
2026-05-15T05:59:13+00:00,cnsm-web-04,system.cpu.switches,3887.413581449716
2026-05-15T06:00:13+00:00,cnsm-web-04,system.cpu.switches,4590.597279032298
2026-05-15T06:01:13+00:00,cnsm-web-04,system.cpu.switches,4126.402315393112
2026-05-15T06:02:13+00:00,cnsm-web-04,system.cpu.switches,4754.3277156164695
2026-05-15T06:03:13+00:00,cnsm-web-04,system.cpu.switches,4416.569041014183
2026-05-15T06:04:13+00:00,cnsm-web-04,system.cpu.switches,6708.651525100113
2026-05-15T06:05:13+00:00,cnsm-web-04,system.cpu.switches,6359.600354653713
2026-05-15T06:06:13+00:00,cnsm-web-04,system.cpu.switches,5088.244220386113
2026-05-15T06:07:13+00:00,cnsm-web-04,system.cpu.switches,4478.11917666061
2026-05-15T06:08:13+00:00,cnsm-web-04,system.cpu.switches,4952.44983743281
2026-05-15T06:09:13+00:00,cnsm-web-04,system.cpu.switches,4668.446744067944
2026-05-15T06:10:13+00:00,cnsm-web-04,system.cpu.switches,4837.546340815132
2026-05-15T06:11:13+00:00,cnsm-web-04,system.cpu.switches,4555.292316758487
2026-05-15T06:12:13+00:00,cnsm-web-04,system.cpu.switches,4800.999382276791
2026-05-15T06:13:13+00:00,cnsm-web-04,system.cpu.switches,4604.105108169933
2026-05-15T06:14:13+00:00,cnsm-web-04,system.cpu.switches,4463.432312299838
2026-05-15T06:15:13+00:00,cnsm-web-04,system.cpu.switches,4569.41491079283
2026-05-15T06:16:13+00:00,cnsm-web-04,system.cpu.switches,4081.369658063151
2026-05-15T06:17:13+00:00,cnsm-web-04,system.cpu.switches,4619.120023890398
2026-05-15T06:18:13+00:00,cnsm-web-04,system.cpu.switches,4201.235739993053
2026-05-15T06:19:13+00:00,cnsm-web-04,system.cpu.switches,4741.021056389202
2026-05-15T06:20:13+00:00,cnsm-web-04,system.cpu.switches,4333.160104128647
2026-05-15T06:21:13+00:00,cnsm-web-04,system.cpu.switches,4375.426454170983
2026-05-15T06:22:13+00:00,cnsm-web-04,system.cpu.switches,4480.984501187274
2026-05-15T06:23:13+00:00,cnsm-web-04,system.cpu.switches,4210.83284405637
2026-05-15T06:24:13+00:00,cnsm-web-04,system.cpu.switches,4562.500734106368
2026-05-15T06:25:13+00:00,cnsm-web-04,system.cpu.switches,3947.580496009852
2026-05-15T06:26:13+00:00,cnsm-web-04,system.cpu.switches,4499.1751485728055
2026-05-15T06:27:13+00:00,cnsm-web-04,system.cpu.switches,4143.521474364259
2026-05-15T06:28:13+00:00,cnsm-web-04,system.cpu.switches,4393.255417003962
2026-05-15T06:29:13+00:00,cnsm-web-04,system.cpu.switches,4380.693534221494
2026-05-15T06:30:13+00:00,cnsm-web-04,system.cpu.switches,4245.385940316239
2026-05-15T06:31:13+00:00,cnsm-web-04,system.cpu.switches,4484.62371954028
2026-05-15T06:32:13+00:00,cnsm-web-04,system.cpu.switches,4168.690682146295
2026-05-15T06:33:13+00:00,cnsm-web-04,system.cpu.switches,4716.772781669429
2026-05-15T06:34:13+00:00,cnsm-web-04,system.cpu.switches,4174.2084507376185
2026-05-15T06:35:13+00:00,cnsm-web-04,system.cpu.switches,4827.078565306029
2026-05-15T06:36:13+00:00,cnsm-web-04,system.cpu.switches,4194.978263578109
2026-05-15T06:37:13+00:00,cnsm-web-04,system.cpu.switches,4712.953922271186
2026-05-15T06:38:13+00:00,cnsm-web-04,system.cpu.switches,4563.874083998843
2026-05-15T06:39:13+00:00,cnsm-web-04,system.cpu.switches,4708.1816690259875
2026-05-15T06:40:13+00:00,cnsm-web-04,system.cpu.switches,4544.317134423494
2026-05-15T06:41:13+00:00,cnsm-web-04,system.cpu.switches,4400.063956991689
2026-05-15T06:42:13+00:00,cnsm-web-04,system.cpu.switches,4845.241662299354
2026-05-15T06:43:13+00:00,cnsm-web-04,system.cpu.switches,4731.975260959002
2026-05-15T06:44:13+00:00,cnsm-web-04,system.cpu.switches,4731.19091171926
2026-05-15T06:45:13+00:00,cnsm-web-04,system.cpu.switches,4642.13725291806
2026-05-15T06:46:13+00:00,cnsm-web-04,system.cpu.switches,4647.763051388972
2026-05-15T06:47:13+00:00,cnsm-web-04,system.cpu.switches,4627.359012783491
2026-05-15T06:48:13+00:00,cnsm-web-04,system.cpu.switches,4598.740431206123
2026-05-15T06:49:13+00:00,cnsm-web-04,system.cpu.switches,4825.123627736076
2026-05-15T06:50:13+00:00,cnsm-web-04,system.cpu.switches,4675.461792773238
2026-05-15T06:51:13+00:00,cnsm-web-04,system.cpu.switches,4755.166819486412
2026-05-15T06:52:13+00:00,cnsm-web-04,system.cpu.switches,4451.104982961197
2026-05-15T06:53:13+00:00,cnsm-web-04,system.cpu.switches,4721.950259737941
2026-05-15T06:54:13+00:00,cnsm-web-04,system.cpu.switches,4666.050194185455
2026-05-15T06:55:13+00:00,cnsm-web-04,system.cpu.switches,4709.305425669269
2026-05-15T06:56:13+00:00,cnsm-web-04,system.cpu.switches,4692.832934763104
2026-05-15T06:57:13+00:00,cnsm-web-04,system.cpu.switches,4551.829184621625
2026-05-15T06:58:13+00:00,cnsm-web-04,system.cpu.switches,4597.167545282138
2026-05-15T06:59:13+00:00,cnsm-web-04,system.cpu.switches,4610.949774000001
2026-05-15T07:00:13+00:00,cnsm-web-04,system.cpu.switches,5202.822750698916
2026-05-15T07:01:13+00:00,cnsm-web-04,system.cpu.switches,4731.925772224585
2026-05-15T07:02:13+00:00,cnsm-web-04,system.cpu.switches,5233.437858773063
2026-05-15T05:44:15+00:00,cnsm-web-04,"system.cpu.util[,guest_nice]",0
2026-05-15T05:45:15+00:00,cnsm-web-04,"system.cpu.util[,guest_nice]",0
2026-05-15T05:46:15+00:00,cnsm-web-04,"system.cpu.util[,guest_nice]",0
2026-05-15T05:47:15+00:00,cnsm-web-04,"system.cpu.util[,guest_nice]",0
2026-05-15T05:48:15+00:00,cnsm-web-04,"system.cpu.util[,guest_nice]",0
2026-05-15T05:49:15+00:00,cnsm-web-04,"system.cpu.util[,guest_nice]",0
2026-05-15T05:50:15+00:00,cnsm-web-04,"system.cpu.util[,guest_nice]",0
2026-05-15T05:51:15+00:00,cnsm-web-04,"system.cpu.util[,guest_nice]",0
2026-05-15T05:52:15+00:00,cnsm-web-04,"system.cpu.util[,guest_nice]",0
2026-05-15T05:53:15+00:00,cnsm-web-04,"system.cpu.util[,guest_nice]",0
2026-05-15T05:54:15+00:00,cnsm-web-04,"system.cpu.util[,guest_nice]",0
2026-05-15T05:55:15+00:00,cnsm-web-04,"system.cpu.util[,guest_nice]",0
2026-05-15T05:56:15+00:00,cnsm-web-04,"system.cpu.util[,guest_nice]",0
2026-05-15T05:57:15+00:00,cnsm-web-04,"system.cpu.util[,guest_nice]",0
2026-05-15T05:58:15+00:00,cnsm-web-04,"system.cpu.util[,guest_nice]",0
2026-05-15T05:59:15+00:00,cnsm-web-04,"system.cpu.util[,guest_nice]",0
2026-05-15T06:00:15+00:00,cnsm-web-04,"system.cpu.util[,guest_nice]",0
2026-05-15T06:01:15+00:00,cnsm-web-04,"system.cpu.util[,guest_nice]",0
2026-05-15T06:02:15+00:00,cnsm-web-04,"system.cpu.util[,guest_nice]",0
2026-05-15T06:03:15+00:00,cnsm-web-04,"system.cpu.util[,guest_nice]",0
2026-05-15T06:04:15+00:00,cnsm-web-04,"system.cpu.util[,guest_nice]",0
2026-05-15T06:05:15+00:00,cnsm-web-04,"system.cpu.util[,guest_nice]",0
2026-05-15T06:06:15+00:00,cnsm-web-04,"system.cpu.util[,guest_nice]",0
2026-05-15T06:07:15+00:00,cnsm-web-04,"system.cpu.util[,guest_nice]",0
2026-05-15T06:08:15+00:00,cnsm-web-04,"system.cpu.util[,guest_nice]",0
2026-05-15T06:09:15+00:00,cnsm-web-04,"system.cpu.util[,guest_nice]",0
2026-05-15T06:10:15+00:00,cnsm-web-04,"system.cpu.util[,guest_nice]",0
2026-05-15T06:11:15+00:00,cnsm-web-04,"system.cpu.util[,guest_nice]",0
2026-05-15T06:12:15+00:00,cnsm-web-04,"system.cpu.util[,guest_nice]",0
2026-05-15T06:13:15+00:00,cnsm-web-04,"system.cpu.util[,guest_nice]",0
2026-05-15T06:14:15+00:00,cnsm-web-04,"system.cpu.util[,guest_nice]",0
2026-05-15T06:15:15+00:00,cnsm-web-04,"system.cpu.util[,guest_nice]",0
2026-05-15T06:16:15+00:00,cnsm-web-04,"system.cpu.util[,guest_nice]",0
2026-05-15T06:17:15+00:00,cnsm-web-04,"system.cpu.util[,guest_nice]",0
2026-05-15T06:18:15+00:00,cnsm-web-04,"system.cpu.util[,guest_nice]",0
2026-05-15T06:19:15+00:00,cnsm-web-04,"system.cpu.util[,guest_nice]",0
2026-05-15T06:20:15+00:00,cnsm-web-04,"system.cpu.util[,guest_nice]",0
2026-05-15T06:21:15+00:00,cnsm-web-04,"system.cpu.util[,guest_nice]",0
2026-05-15T06:22:15+00:00,cnsm-web-04,"system.cpu.util[,guest_nice]",0
2026-05-15T06:23:15+00:00,cnsm-web-04,"system.cpu.util[,guest_nice]",0
2026-05-15T06:24:15+00:00,cnsm-web-04,"system.cpu.util[,guest_nice]",0
2026-05-15T06:25:15+00:00,cnsm-web-04,"system.cpu.util[,guest_nice]",0
2026-05-15T06:26:15+00:00,cnsm-web-04,"system.cpu.util[,guest_nice]",0
2026-05-15T06:27:15+00:00,cnsm-web-04,"system.cpu.util[,guest_nice]",0
2026-05-15T06:28:15+00:00,cnsm-web-04,"system.cpu.util[,guest_nice]",0
2026-05-15T06:29:15+00:00,cnsm-web-04,"system.cpu.util[,guest_nice]",0
2026-05-15T06:30:15+00:00,cnsm-web-04,"system.cpu.util[,guest_nice]",0
2026-05-15T06:31:15+00:00,cnsm-web-04,"system.cpu.util[,guest_nice]",0
2026-05-15T06:32:15+00:00,cnsm-web-04,"system.cpu.util[,guest_nice]",0
2026-05-15T06:33:15+00:00,cnsm-web-04,"system.cpu.util[,guest_nice]",0
2026-05-15T06:34:15+00:00,cnsm-web-04,"system.cpu.util[,guest_nice]",0
2026-05-15T06:35:15+00:00,cnsm-web-04,"system.cpu.util[,guest_nice]",0
2026-05-15T06:36:15+00:00,cnsm-web-04,"system.cpu.util[,guest_nice]",0
2026-05-15T06:37:15+00:00,cnsm-web-04,"system.cpu.util[,guest_nice]",0
2026-05-15T06:38:15+00:00,cnsm-web-04,"system.cpu.util[,guest_nice]",0
2026-05-15T06:39:15+00:00,cnsm-web-04,"system.cpu.util[,guest_nice]",0
2026-05-15T06:40:15+00:00,cnsm-web-04,"system.cpu.util[,guest_nice]",0
2026-05-15T06:41:15+00:00,cnsm-web-04,"system.cpu.util[,guest_nice]",0
2026-05-15T06:42:15+00:00,cnsm-web-04,"system.cpu.util[,guest_nice]",0
2026-05-15T06:43:15+00:00,cnsm-web-04,"system.cpu.util[,guest_nice]",0
2026-05-15T06:44:15+00:00,cnsm-web-04,"system.cpu.util[,guest_nice]",0
2026-05-15T06:45:15+00:00,cnsm-web-04,"system.cpu.util[,guest_nice]",0
2026-05-15T06:46:15+00:00,cnsm-web-04,"system.cpu.util[,guest_nice]",0
2026-05-15T06:47:15+00:00,cnsm-web-04,"system.cpu.util[,guest_nice]",0
2026-05-15T06:48:15+00:00,cnsm-web-04,"system.cpu.util[,guest_nice]",0
2026-05-15T06:49:15+00:00,cnsm-web-04,"system.cpu.util[,guest_nice]",0
2026-05-15T06:50:15+00:00,cnsm-web-04,"system.cpu.util[,guest_nice]",0
2026-05-15T06:51:15+00:00,cnsm-web-04,"system.cpu.util[,guest_nice]",0
2026-05-15T06:52:15+00:00,cnsm-web-04,"system.cpu.util[,guest_nice]",0
2026-05-15T06:53:15+00:00,cnsm-web-04,"system.cpu.util[,guest_nice]",0
2026-05-15T06:54:15+00:00,cnsm-web-04,"system.cpu.util[,guest_nice]",0
2026-05-15T06:55:15+00:00,cnsm-web-04,"system.cpu.util[,guest_nice]",0
2026-05-15T06:56:15+00:00,cnsm-web-04,"system.cpu.util[,guest_nice]",0
2026-05-15T06:57:15+00:00,cnsm-web-04,"system.cpu.util[,guest_nice]",0
2026-05-15T06:58:15+00:00,cnsm-web-04,"system.cpu.util[,guest_nice]",0
2026-05-15T06:59:15+00:00,cnsm-web-04,"system.cpu.util[,guest_nice]",0
2026-05-15T07:00:15+00:00,cnsm-web-04,"system.cpu.util[,guest_nice]",0
2026-05-15T07:01:15+00:00,cnsm-web-04,"system.cpu.util[,guest_nice]",0
2026-05-15T07:02:15+00:00,cnsm-web-04,"system.cpu.util[,guest_nice]",0
2026-05-15T05:44:14+00:00,cnsm-web-04,"system.cpu.util[,guest]",0
2026-05-15T05:45:14+00:00,cnsm-web-04,"system.cpu.util[,guest]",0
2026-05-15T05:46:14+00:00,cnsm-web-04,"system.cpu.util[,guest]",0
2026-05-15T05:47:14+00:00,cnsm-web-04,"system.cpu.util[,guest]",0
2026-05-15T05:48:14+00:00,cnsm-web-04,"system.cpu.util[,guest]",0
2026-05-15T05:49:14+00:00,cnsm-web-04,"system.cpu.util[,guest]",0
2026-05-15T05:50:14+00:00,cnsm-web-04,"system.cpu.util[,guest]",0
2026-05-15T05:51:14+00:00,cnsm-web-04,"system.cpu.util[,guest]",0
2026-05-15T05:52:14+00:00,cnsm-web-04,"system.cpu.util[,guest]",0
2026-05-15T05:53:14+00:00,cnsm-web-04,"system.cpu.util[,guest]",0
2026-05-15T05:54:14+00:00,cnsm-web-04,"system.cpu.util[,guest]",0
2026-05-15T05:55:14+00:00,cnsm-web-04,"system.cpu.util[,guest]",0
2026-05-15T05:56:14+00:00,cnsm-web-04,"system.cpu.util[,guest]",0
2026-05-15T05:57:14+00:00,cnsm-web-04,"system.cpu.util[,guest]",0
2026-05-15T05:58:14+00:00,cnsm-web-04,"system.cpu.util[,guest]",0
2026-05-15T05:59:14+00:00,cnsm-web-04,"system.cpu.util[,guest]",0
2026-05-15T06:00:14+00:00,cnsm-web-04,"system.cpu.util[,guest]",0
2026-05-15T06:01:14+00:00,cnsm-web-04,"system.cpu.util[,guest]",0
2026-05-15T06:02:14+00:00,cnsm-web-04,"system.cpu.util[,guest]",0
2026-05-15T06:03:14+00:00,cnsm-web-04,"system.cpu.util[,guest]",0
2026-05-15T06:04:14+00:00,cnsm-web-04,"system.cpu.util[,guest]",0
2026-05-15T06:05:14+00:00,cnsm-web-04,"system.cpu.util[,guest]",0
2026-05-15T06:06:14+00:00,cnsm-web-04,"system.cpu.util[,guest]",0
2026-05-15T06:07:14+00:00,cnsm-web-04,"system.cpu.util[,guest]",0
2026-05-15T06:08:14+00:00,cnsm-web-04,"system.cpu.util[,guest]",0
2026-05-15T06:09:14+00:00,cnsm-web-04,"system.cpu.util[,guest]",0
2026-05-15T06:10:14+00:00,cnsm-web-04,"system.cpu.util[,guest]",0
2026-05-15T06:11:14+00:00,cnsm-web-04,"system.cpu.util[,guest]",0
2026-05-15T06:12:14+00:00,cnsm-web-04,"system.cpu.util[,guest]",0
2026-05-15T06:13:14+00:00,cnsm-web-04,"system.cpu.util[,guest]",0
2026-05-15T06:14:14+00:00,cnsm-web-04,"system.cpu.util[,guest]",0
2026-05-15T06:15:14+00:00,cnsm-web-04,"system.cpu.util[,guest]",0
2026-05-15T06:16:14+00:00,cnsm-web-04,"system.cpu.util[,guest]",0
2026-05-15T06:17:14+00:00,cnsm-web-04,"system.cpu.util[,guest]",0
2026-05-15T06:18:14+00:00,cnsm-web-04,"system.cpu.util[,guest]",0
2026-05-15T06:19:14+00:00,cnsm-web-04,"system.cpu.util[,guest]",0
2026-05-15T06:20:14+00:00,cnsm-web-04,"system.cpu.util[,guest]",0
2026-05-15T06:21:14+00:00,cnsm-web-04,"system.cpu.util[,guest]",0
2026-05-15T06:22:14+00:00,cnsm-web-04,"system.cpu.util[,guest]",0
2026-05-15T06:23:14+00:00,cnsm-web-04,"system.cpu.util[,guest]",0
2026-05-15T06:24:14+00:00,cnsm-web-04,"system.cpu.util[,guest]",0
2026-05-15T06:25:14+00:00,cnsm-web-04,"system.cpu.util[,guest]",0
2026-05-15T06:26:14+00:00,cnsm-web-04,"system.cpu.util[,guest]",0
2026-05-15T06:27:14+00:00,cnsm-web-04,"system.cpu.util[,guest]",0
2026-05-15T06:28:14+00:00,cnsm-web-04,"system.cpu.util[,guest]",0
2026-05-15T06:29:14+00:00,cnsm-web-04,"system.cpu.util[,guest]",0
2026-05-15T06:30:14+00:00,cnsm-web-04,"system.cpu.util[,guest]",0
2026-05-15T06:31:14+00:00,cnsm-web-04,"system.cpu.util[,guest]",0
2026-05-15T06:32:14+00:00,cnsm-web-04,"system.cpu.util[,guest]",0
2026-05-15T06:33:14+00:00,cnsm-web-04,"system.cpu.util[,guest]",0
2026-05-15T06:34:14+00:00,cnsm-web-04,"system.cpu.util[,guest]",0
2026-05-15T06:35:14+00:00,cnsm-web-04,"system.cpu.util[,guest]",0
2026-05-15T06:36:14+00:00,cnsm-web-04,"system.cpu.util[,guest]",0
2026-05-15T06:37:14+00:00,cnsm-web-04,"system.cpu.util[,guest]",0
2026-05-15T06:38:14+00:00,cnsm-web-04,"system.cpu.util[,guest]",0
2026-05-15T06:39:14+00:00,cnsm-web-04,"system.cpu.util[,guest]",0
2026-05-15T06:40:14+00:00,cnsm-web-04,"system.cpu.util[,guest]",0
2026-05-15T06:41:14+00:00,cnsm-web-04,"system.cpu.util[,guest]",0
2026-05-15T06:42:14+00:00,cnsm-web-04,"system.cpu.util[,guest]",0
2026-05-15T06:43:14+00:00,cnsm-web-04,"system.cpu.util[,guest]",0
2026-05-15T06:44:14+00:00,cnsm-web-04,"system.cpu.util[,guest]",0
2026-05-15T06:45:14+00:00,cnsm-web-04,"system.cpu.util[,guest]",0
2026-05-15T06:46:14+00:00,cnsm-web-04,"system.cpu.util[,guest]",0
2026-05-15T06:47:14+00:00,cnsm-web-04,"system.cpu.util[,guest]",0
2026-05-15T06:48:14+00:00,cnsm-web-04,"system.cpu.util[,guest]",0
2026-05-15T06:49:14+00:00,cnsm-web-04,"system.cpu.util[,guest]",0
2026-05-15T06:50:14+00:00,cnsm-web-04,"system.cpu.util[,guest]",0
2026-05-15T06:51:14+00:00,cnsm-web-04,"system.cpu.util[,guest]",0
2026-05-15T06:52:14+00:00,cnsm-web-04,"system.cpu.util[,guest]",0
2026-05-15T06:53:14+00:00,cnsm-web-04,"system.cpu.util[,guest]",0
2026-05-15T06:54:14+00:00,cnsm-web-04,"system.cpu.util[,guest]",0
2026-05-15T06:55:14+00:00,cnsm-web-04,"system.cpu.util[,guest]",0
2026-05-15T06:56:14+00:00,cnsm-web-04,"system.cpu.util[,guest]",0
2026-05-15T06:57:14+00:00,cnsm-web-04,"system.cpu.util[,guest]",0
2026-05-15T06:58:14+00:00,cnsm-web-04,"system.cpu.util[,guest]",0
2026-05-15T06:59:14+00:00,cnsm-web-04,"system.cpu.util[,guest]",0
2026-05-15T07:00:14+00:00,cnsm-web-04,"system.cpu.util[,guest]",0
2026-05-15T07:01:14+00:00,cnsm-web-04,"system.cpu.util[,guest]",0
2026-05-15T07:02:14+00:00,cnsm-web-04,"system.cpu.util[,guest]",0
2026-05-15T05:44:16+00:00,cnsm-web-04,"system.cpu.util[,idle]",85.069517
2026-05-15T05:45:16+00:00,cnsm-web-04,"system.cpu.util[,idle]",83.221196
2026-05-15T05:46:16+00:00,cnsm-web-04,"system.cpu.util[,idle]",85.159512
2026-05-15T05:47:16+00:00,cnsm-web-04,"system.cpu.util[,idle]",83.400234
2026-05-15T05:48:16+00:00,cnsm-web-04,"system.cpu.util[,idle]",84.962595
2026-05-15T05:49:16+00:00,cnsm-web-04,"system.cpu.util[,idle]",84.165484
2026-05-15T05:50:16+00:00,cnsm-web-04,"system.cpu.util[,idle]",85.503737
2026-05-15T05:51:16+00:00,cnsm-web-04,"system.cpu.util[,idle]",84.996033
2026-05-15T05:52:16+00:00,cnsm-web-04,"system.cpu.util[,idle]",85.152857
2026-05-15T05:53:16+00:00,cnsm-web-04,"system.cpu.util[,idle]",84.891966
2026-05-15T05:54:16+00:00,cnsm-web-04,"system.cpu.util[,idle]",84.473684
2026-05-15T05:55:16+00:00,cnsm-web-04,"system.cpu.util[,idle]",84.698267
2026-05-15T05:56:16+00:00,cnsm-web-04,"system.cpu.util[,idle]",84.619243
2026-05-15T05:57:16+00:00,cnsm-web-04,"system.cpu.util[,idle]",83.717531
2026-05-15T05:58:16+00:00,cnsm-web-04,"system.cpu.util[,idle]",85.518624
2026-05-15T05:59:16+00:00,cnsm-web-04,"system.cpu.util[,idle]",83.509505
2026-05-15T06:00:16+00:00,cnsm-web-04,"system.cpu.util[,idle]",85.544836
2026-05-15T06:01:16+00:00,cnsm-web-04,"system.cpu.util[,idle]",83.797109
2026-05-15T06:02:16+00:00,cnsm-web-04,"system.cpu.util[,idle]",84.160816
2026-05-15T06:03:16+00:00,cnsm-web-04,"system.cpu.util[,idle]",83.382132
2026-05-15T06:04:16+00:00,cnsm-web-04,"system.cpu.util[,idle]",75.380168
2026-05-15T06:05:16+00:00,cnsm-web-04,"system.cpu.util[,idle]",78.901504
2026-05-15T06:06:16+00:00,cnsm-web-04,"system.cpu.util[,idle]",84.562916
2026-05-15T06:07:16+00:00,cnsm-web-04,"system.cpu.util[,idle]",82.389121
2026-05-15T06:08:16+00:00,cnsm-web-04,"system.cpu.util[,idle]",84.634697
2026-05-15T06:09:16+00:00,cnsm-web-04,"system.cpu.util[,idle]",83.123405
2026-05-15T06:10:16+00:00,cnsm-web-04,"system.cpu.util[,idle]",83.812032
2026-05-15T06:11:16+00:00,cnsm-web-04,"system.cpu.util[,idle]",82.930912
2026-05-15T06:12:16+00:00,cnsm-web-04,"system.cpu.util[,idle]",83.973394
2026-05-15T06:13:16+00:00,cnsm-web-04,"system.cpu.util[,idle]",82.743326
2026-05-15T06:14:16+00:00,cnsm-web-04,"system.cpu.util[,idle]",72.223152
2026-05-15T06:15:16+00:00,cnsm-web-04,"system.cpu.util[,idle]",37.129023
2026-05-15T06:16:16+00:00,cnsm-web-04,"system.cpu.util[,idle]",36.43495
2026-05-15T06:17:16+00:00,cnsm-web-04,"system.cpu.util[,idle]",37.865375
2026-05-15T06:18:16+00:00,cnsm-web-04,"system.cpu.util[,idle]",36.06311
2026-05-15T06:19:16+00:00,cnsm-web-04,"system.cpu.util[,idle]",33.231682
2026-05-15T06:20:16+00:00,cnsm-web-04,"system.cpu.util[,idle]",36.349969
2026-05-15T06:21:16+00:00,cnsm-web-04,"system.cpu.util[,idle]",37.7145
2026-05-15T06:22:16+00:00,cnsm-web-04,"system.cpu.util[,idle]",36.757953
2026-05-15T06:23:16+00:00,cnsm-web-04,"system.cpu.util[,idle]",36.775945
2026-05-15T06:24:16+00:00,cnsm-web-04,"system.cpu.util[,idle]",37.48434
2026-05-15T06:25:16+00:00,cnsm-web-04,"system.cpu.util[,idle]",36.938554
2026-05-15T06:26:16+00:00,cnsm-web-04,"system.cpu.util[,idle]",38.291034
2026-05-15T06:27:16+00:00,cnsm-web-04,"system.cpu.util[,idle]",36.625068
2026-05-15T06:28:16+00:00,cnsm-web-04,"system.cpu.util[,idle]",38.268565
2026-05-15T06:29:16+00:00,cnsm-web-04,"system.cpu.util[,idle]",36.753778
2026-05-15T06:30:16+00:00,cnsm-web-04,"system.cpu.util[,idle]",37.640825
2026-05-15T06:31:16+00:00,cnsm-web-04,"system.cpu.util[,idle]",37.277662
2026-05-15T06:32:16+00:00,cnsm-web-04,"system.cpu.util[,idle]",37.065476
2026-05-15T06:33:16+00:00,cnsm-web-04,"system.cpu.util[,idle]",52.232945
2026-05-15T06:34:16+00:00,cnsm-web-04,"system.cpu.util[,idle]",83.101184
2026-05-15T06:35:16+00:00,cnsm-web-04,"system.cpu.util[,idle]",84.848358
2026-05-15T06:36:16+00:00,cnsm-web-04,"system.cpu.util[,idle]",83.899829
2026-05-15T06:37:16+00:00,cnsm-web-04,"system.cpu.util[,idle]",83.434428
2026-05-15T06:38:16+00:00,cnsm-web-04,"system.cpu.util[,idle]",84.068873
2026-05-15T06:39:16+00:00,cnsm-web-04,"system.cpu.util[,idle]",84.486435
2026-05-15T06:40:16+00:00,cnsm-web-04,"system.cpu.util[,idle]",85.026962
2026-05-15T06:41:16+00:00,cnsm-web-04,"system.cpu.util[,idle]",83.719861
2026-05-15T06:42:16+00:00,cnsm-web-04,"system.cpu.util[,idle]",85.642654
2026-05-15T06:43:16+00:00,cnsm-web-04,"system.cpu.util[,idle]",83.651272
2026-05-15T06:44:16+00:00,cnsm-web-04,"system.cpu.util[,idle]",85.546549
2026-05-15T06:45:16+00:00,cnsm-web-04,"system.cpu.util[,idle]",83.742895
2026-05-15T06:46:16+00:00,cnsm-web-04,"system.cpu.util[,idle]",85.07213
2026-05-15T06:47:16+00:00,cnsm-web-04,"system.cpu.util[,idle]",83.910208
2026-05-15T06:48:16+00:00,cnsm-web-04,"system.cpu.util[,idle]",84.904083
2026-05-15T06:49:16+00:00,cnsm-web-04,"system.cpu.util[,idle]",84.040683
2026-05-15T06:50:16+00:00,cnsm-web-04,"system.cpu.util[,idle]",84.432365
2026-05-15T06:51:16+00:00,cnsm-web-04,"system.cpu.util[,idle]",84.571023
2026-05-15T06:52:16+00:00,cnsm-web-04,"system.cpu.util[,idle]",84.598345
2026-05-15T06:53:16+00:00,cnsm-web-04,"system.cpu.util[,idle]",83.355615
2026-05-15T06:54:16+00:00,cnsm-web-04,"system.cpu.util[,idle]",85.260828
2026-05-15T06:55:16+00:00,cnsm-web-04,"system.cpu.util[,idle]",83.940813
2026-05-15T06:56:16+00:00,cnsm-web-04,"system.cpu.util[,idle]",85.02026
2026-05-15T06:57:16+00:00,cnsm-web-04,"system.cpu.util[,idle]",83.749425
2026-05-15T06:58:16+00:00,cnsm-web-04,"system.cpu.util[,idle]",84.834163
2026-05-15T06:59:16+00:00,cnsm-web-04,"system.cpu.util[,idle]",83.81923
2026-05-15T07:00:16+00:00,cnsm-web-04,"system.cpu.util[,idle]",85.356173
2026-05-15T07:01:16+00:00,cnsm-web-04,"system.cpu.util[,idle]",84.452622
2026-05-15T07:02:16+00:00,cnsm-web-04,"system.cpu.util[,idle]",84.697762
2026-05-15T05:44:17+00:00,cnsm-web-04,"system.cpu.util[,interrupt]",0
2026-05-15T05:45:17+00:00,cnsm-web-04,"system.cpu.util[,interrupt]",0
2026-05-15T05:46:17+00:00,cnsm-web-04,"system.cpu.util[,interrupt]",0
2026-05-15T05:47:17+00:00,cnsm-web-04,"system.cpu.util[,interrupt]",0
2026-05-15T05:48:17+00:00,cnsm-web-04,"system.cpu.util[,interrupt]",0
2026-05-15T05:49:17+00:00,cnsm-web-04,"system.cpu.util[,interrupt]",0
2026-05-15T05:50:17+00:00,cnsm-web-04,"system.cpu.util[,interrupt]",0
2026-05-15T05:51:17+00:00,cnsm-web-04,"system.cpu.util[,interrupt]",0
2026-05-15T05:52:17+00:00,cnsm-web-04,"system.cpu.util[,interrupt]",0
2026-05-15T05:53:17+00:00,cnsm-web-04,"system.cpu.util[,interrupt]",0
2026-05-15T05:54:17+00:00,cnsm-web-04,"system.cpu.util[,interrupt]",0
2026-05-15T05:55:17+00:00,cnsm-web-04,"system.cpu.util[,interrupt]",0
2026-05-15T05:56:17+00:00,cnsm-web-04,"system.cpu.util[,interrupt]",0
2026-05-15T05:57:17+00:00,cnsm-web-04,"system.cpu.util[,interrupt]",0
2026-05-15T05:58:17+00:00,cnsm-web-04,"system.cpu.util[,interrupt]",0
2026-05-15T05:59:17+00:00,cnsm-web-04,"system.cpu.util[,interrupt]",0
2026-05-15T06:00:17+00:00,cnsm-web-04,"system.cpu.util[,interrupt]",0
2026-05-15T06:01:17+00:00,cnsm-web-04,"system.cpu.util[,interrupt]",0
2026-05-15T06:02:17+00:00,cnsm-web-04,"system.cpu.util[,interrupt]",0
2026-05-15T06:03:17+00:00,cnsm-web-04,"system.cpu.util[,interrupt]",0
2026-05-15T06:04:17+00:00,cnsm-web-04,"system.cpu.util[,interrupt]",0
2026-05-15T06:05:17+00:00,cnsm-web-04,"system.cpu.util[,interrupt]",0
2026-05-15T06:06:17+00:00,cnsm-web-04,"system.cpu.util[,interrupt]",0
2026-05-15T06:07:17+00:00,cnsm-web-04,"system.cpu.util[,interrupt]",0
2026-05-15T06:08:17+00:00,cnsm-web-04,"system.cpu.util[,interrupt]",0
2026-05-15T06:09:17+00:00,cnsm-web-04,"system.cpu.util[,interrupt]",0
2026-05-15T06:10:17+00:00,cnsm-web-04,"system.cpu.util[,interrupt]",0
2026-05-15T06:11:17+00:00,cnsm-web-04,"system.cpu.util[,interrupt]",0
2026-05-15T06:12:17+00:00,cnsm-web-04,"system.cpu.util[,interrupt]",0
2026-05-15T06:13:17+00:00,cnsm-web-04,"system.cpu.util[,interrupt]",0
2026-05-15T06:14:17+00:00,cnsm-web-04,"system.cpu.util[,interrupt]",0
2026-05-15T06:15:17+00:00,cnsm-web-04,"system.cpu.util[,interrupt]",0
2026-05-15T06:16:17+00:00,cnsm-web-04,"system.cpu.util[,interrupt]",0
2026-05-15T06:17:17+00:00,cnsm-web-04,"system.cpu.util[,interrupt]",0
2026-05-15T06:18:17+00:00,cnsm-web-04,"system.cpu.util[,interrupt]",0
2026-05-15T06:19:17+00:00,cnsm-web-04,"system.cpu.util[,interrupt]",0
2026-05-15T06:20:17+00:00,cnsm-web-04,"system.cpu.util[,interrupt]",0
2026-05-15T06:21:17+00:00,cnsm-web-04,"system.cpu.util[,interrupt]",0
2026-05-15T06:22:17+00:00,cnsm-web-04,"system.cpu.util[,interrupt]",0
2026-05-15T06:23:17+00:00,cnsm-web-04,"system.cpu.util[,interrupt]",0
2026-05-15T06:24:17+00:00,cnsm-web-04,"system.cpu.util[,interrupt]",0
2026-05-15T06:25:17+00:00,cnsm-web-04,"system.cpu.util[,interrupt]",0
2026-05-15T06:26:17+00:00,cnsm-web-04,"system.cpu.util[,interrupt]",0
2026-05-15T06:27:17+00:00,cnsm-web-04,"system.cpu.util[,interrupt]",0
2026-05-15T06:28:17+00:00,cnsm-web-04,"system.cpu.util[,interrupt]",0
2026-05-15T06:29:17+00:00,cnsm-web-04,"system.cpu.util[,interrupt]",0
2026-05-15T06:30:17+00:00,cnsm-web-04,"system.cpu.util[,interrupt]",0
2026-05-15T06:31:17+00:00,cnsm-web-04,"system.cpu.util[,interrupt]",0
2026-05-15T06:32:17+00:00,cnsm-web-04,"system.cpu.util[,interrupt]",0
2026-05-15T06:33:17+00:00,cnsm-web-04,"system.cpu.util[,interrupt]",0
2026-05-15T06:34:17+00:00,cnsm-web-04,"system.cpu.util[,interrupt]",0
2026-05-15T06:35:17+00:00,cnsm-web-04,"system.cpu.util[,interrupt]",0
2026-05-15T06:36:17+00:00,cnsm-web-04,"system.cpu.util[,interrupt]",0
2026-05-15T06:37:17+00:00,cnsm-web-04,"system.cpu.util[,interrupt]",0
2026-05-15T06:38:17+00:00,cnsm-web-04,"system.cpu.util[,interrupt]",0
2026-05-15T06:39:17+00:00,cnsm-web-04,"system.cpu.util[,interrupt]",0
2026-05-15T06:40:17+00:00,cnsm-web-04,"system.cpu.util[,interrupt]",0
2026-05-15T06:41:17+00:00,cnsm-web-04,"system.cpu.util[,interrupt]",0
2026-05-15T06:42:17+00:00,cnsm-web-04,"system.cpu.util[,interrupt]",0
2026-05-15T06:43:17+00:00,cnsm-web-04,"system.cpu.util[,interrupt]",0
2026-05-15T06:44:17+00:00,cnsm-web-04,"system.cpu.util[,interrupt]",0
2026-05-15T06:45:17+00:00,cnsm-web-04,"system.cpu.util[,interrupt]",0
2026-05-15T06:46:17+00:00,cnsm-web-04,"system.cpu.util[,interrupt]",0
2026-05-15T06:47:17+00:00,cnsm-web-04,"system.cpu.util[,interrupt]",0
2026-05-15T06:48:17+00:00,cnsm-web-04,"system.cpu.util[,interrupt]",0
2026-05-15T06:49:17+00:00,cnsm-web-04,"system.cpu.util[,interrupt]",0
2026-05-15T06:50:17+00:00,cnsm-web-04,"system.cpu.util[,interrupt]",0
2026-05-15T06:51:17+00:00,cnsm-web-04,"system.cpu.util[,interrupt]",0
2026-05-15T06:52:17+00:00,cnsm-web-04,"system.cpu.util[,interrupt]",0
2026-05-15T06:53:17+00:00,cnsm-web-04,"system.cpu.util[,interrupt]",0
2026-05-15T06:54:17+00:00,cnsm-web-04,"system.cpu.util[,interrupt]",0
2026-05-15T06:55:17+00:00,cnsm-web-04,"system.cpu.util[,interrupt]",0
2026-05-15T06:56:17+00:00,cnsm-web-04,"system.cpu.util[,interrupt]",0
2026-05-15T06:57:17+00:00,cnsm-web-04,"system.cpu.util[,interrupt]",0
2026-05-15T06:58:17+00:00,cnsm-web-04,"system.cpu.util[,interrupt]",0
2026-05-15T06:59:17+00:00,cnsm-web-04,"system.cpu.util[,interrupt]",0
2026-05-15T07:00:17+00:00,cnsm-web-04,"system.cpu.util[,interrupt]",0
2026-05-15T07:01:17+00:00,cnsm-web-04,"system.cpu.util[,interrupt]",0
2026-05-15T07:02:17+00:00,cnsm-web-04,"system.cpu.util[,interrupt]",0
2026-05-15T05:44:10+00:00,cnsm-web-04,"system.cpu.util[,iowait]",0.004174
2026-05-15T05:45:10+00:00,cnsm-web-04,"system.cpu.util[,iowait]",0.004179
2026-05-15T05:46:10+00:00,cnsm-web-04,"system.cpu.util[,iowait]",0.004177
2026-05-15T05:47:10+00:00,cnsm-web-04,"system.cpu.util[,iowait]",0
2026-05-15T05:48:10+00:00,cnsm-web-04,"system.cpu.util[,iowait]",0.004181
2026-05-15T05:49:10+00:00,cnsm-web-04,"system.cpu.util[,iowait]",0
2026-05-15T05:50:10+00:00,cnsm-web-04,"system.cpu.util[,iowait]",0.004176
2026-05-15T05:51:10+00:00,cnsm-web-04,"system.cpu.util[,iowait]",0.004176
2026-05-15T05:52:10+00:00,cnsm-web-04,"system.cpu.util[,iowait]",0
2026-05-15T05:53:10+00:00,cnsm-web-04,"system.cpu.util[,iowait]",0.004172
2026-05-15T05:54:10+00:00,cnsm-web-04,"system.cpu.util[,iowait]",0.004177
2026-05-15T05:55:10+00:00,cnsm-web-04,"system.cpu.util[,iowait]",0
2026-05-15T05:56:10+00:00,cnsm-web-04,"system.cpu.util[,iowait]",0.004178
2026-05-15T05:57:10+00:00,cnsm-web-04,"system.cpu.util[,iowait]",0
2026-05-15T05:58:10+00:00,cnsm-web-04,"system.cpu.util[,iowait]",0.004176
2026-05-15T05:59:10+00:00,cnsm-web-04,"system.cpu.util[,iowait]",0
2026-05-15T06:00:10+00:00,cnsm-web-04,"system.cpu.util[,iowait]",0.008354
2026-05-15T06:01:10+00:00,cnsm-web-04,"system.cpu.util[,iowait]",0.008354
2026-05-15T06:02:10+00:00,cnsm-web-04,"system.cpu.util[,iowait]",0.008359
2026-05-15T06:03:10+00:00,cnsm-web-04,"system.cpu.util[,iowait]",0.004183
2026-05-15T06:04:10+00:00,cnsm-web-04,"system.cpu.util[,iowait]",0.008374
2026-05-15T06:05:10+00:00,cnsm-web-04,"system.cpu.util[,iowait]",0.012575
2026-05-15T06:06:10+00:00,cnsm-web-04,"system.cpu.util[,iowait]",0.004185
2026-05-15T06:07:10+00:00,cnsm-web-04,"system.cpu.util[,iowait]",0.012548
2026-05-15T06:08:10+00:00,cnsm-web-04,"system.cpu.util[,iowait]",0.012558
2026-05-15T06:09:10+00:00,cnsm-web-04,"system.cpu.util[,iowait]",0.01255
2026-05-15T06:10:10+00:00,cnsm-web-04,"system.cpu.util[,iowait]",0.008364
2026-05-15T06:11:10+00:00,cnsm-web-04,"system.cpu.util[,iowait]",0.008365
2026-05-15T06:12:10+00:00,cnsm-web-04,"system.cpu.util[,iowait]",0.004186
2026-05-15T06:13:10+00:00,cnsm-web-04,"system.cpu.util[,iowait]",0.016738
2026-05-15T06:14:10+00:00,cnsm-web-04,"system.cpu.util[,iowait]",0.020911
2026-05-15T06:15:10+00:00,cnsm-web-04,"system.cpu.util[,iowait]",0.008348
2026-05-15T06:16:10+00:00,cnsm-web-04,"system.cpu.util[,iowait]",0.004172
2026-05-15T06:17:10+00:00,cnsm-web-04,"system.cpu.util[,iowait]",0.004176
2026-05-15T06:18:10+00:00,cnsm-web-04,"system.cpu.util[,iowait]",0.008349
2026-05-15T06:19:10+00:00,cnsm-web-04,"system.cpu.util[,iowait]",0.154534
2026-05-15T06:20:10+00:00,cnsm-web-04,"system.cpu.util[,iowait]",0.008351
2026-05-15T06:21:10+00:00,cnsm-web-04,"system.cpu.util[,iowait]",0.008352
2026-05-15T06:22:10+00:00,cnsm-web-04,"system.cpu.util[,iowait]",0.008351
2026-05-15T06:23:10+00:00,cnsm-web-04,"system.cpu.util[,iowait]",0.004176
2026-05-15T06:24:10+00:00,cnsm-web-04,"system.cpu.util[,iowait]",0.008352
2026-05-15T06:25:10+00:00,cnsm-web-04,"system.cpu.util[,iowait]",0.008349
2026-05-15T06:26:10+00:00,cnsm-web-04,"system.cpu.util[,iowait]",0.008349
2026-05-15T06:27:10+00:00,cnsm-web-04,"system.cpu.util[,iowait]",0.008348
2026-05-15T06:28:10+00:00,cnsm-web-04,"system.cpu.util[,iowait]",0.004174
2026-05-15T06:29:10+00:00,cnsm-web-04,"system.cpu.util[,iowait]",0.008351
2026-05-15T06:30:10+00:00,cnsm-web-04,"system.cpu.util[,iowait]",0
2026-05-15T06:31:10+00:00,cnsm-web-04,"system.cpu.util[,iowait]",0.004175
2026-05-15T06:32:10+00:00,cnsm-web-04,"system.cpu.util[,iowait]",0.01252
2026-05-15T06:33:10+00:00,cnsm-web-04,"system.cpu.util[,iowait]",0.004178
2026-05-15T06:34:10+00:00,cnsm-web-04,"system.cpu.util[,iowait]",0.008361
2026-05-15T06:35:10+00:00,cnsm-web-04,"system.cpu.util[,iowait]",0.004179
2026-05-15T06:36:10+00:00,cnsm-web-04,"system.cpu.util[,iowait]",0.008361
2026-05-15T06:37:10+00:00,cnsm-web-04,"system.cpu.util[,iowait]",0.008365
2026-05-15T06:38:10+00:00,cnsm-web-04,"system.cpu.util[,iowait]",0.008362
2026-05-15T06:39:10+00:00,cnsm-web-04,"system.cpu.util[,iowait]",0.00836
2026-05-15T06:40:10+00:00,cnsm-web-04,"system.cpu.util[,iowait]",0.008359
2026-05-15T06:41:10+00:00,cnsm-web-04,"system.cpu.util[,iowait]",0.004179
2026-05-15T06:42:10+00:00,cnsm-web-04,"system.cpu.util[,iowait]",0.008359
2026-05-15T06:43:10+00:00,cnsm-web-04,"system.cpu.util[,iowait]",0.008365
2026-05-15T06:44:10+00:00,cnsm-web-04,"system.cpu.util[,iowait]",0.008358
2026-05-15T06:45:10+00:00,cnsm-web-04,"system.cpu.util[,iowait]",0.004178
2026-05-15T06:46:10+00:00,cnsm-web-04,"system.cpu.util[,iowait]",0.004182
2026-05-15T06:47:10+00:00,cnsm-web-04,"system.cpu.util[,iowait]",0.008359
2026-05-15T06:48:10+00:00,cnsm-web-04,"system.cpu.util[,iowait]",0.008361
2026-05-15T06:49:10+00:00,cnsm-web-04,"system.cpu.util[,iowait]",0.004184
2026-05-15T06:50:10+00:00,cnsm-web-04,"system.cpu.util[,iowait]",0.004183
2026-05-15T06:51:10+00:00,cnsm-web-04,"system.cpu.util[,iowait]",0.008359
2026-05-15T06:52:10+00:00,cnsm-web-04,"system.cpu.util[,iowait]",0.00418
2026-05-15T06:53:10+00:00,cnsm-web-04,"system.cpu.util[,iowait]",0.004179
2026-05-15T06:54:10+00:00,cnsm-web-04,"system.cpu.util[,iowait]",0.008351
2026-05-15T06:55:10+00:00,cnsm-web-04,"system.cpu.util[,iowait]",0.008359
2026-05-15T06:56:10+00:00,cnsm-web-04,"system.cpu.util[,iowait]",0.008356
2026-05-15T06:57:10+00:00,cnsm-web-04,"system.cpu.util[,iowait]",0.008361
2026-05-15T06:58:10+00:00,cnsm-web-04,"system.cpu.util[,iowait]",0.008367
2026-05-15T06:59:10+00:00,cnsm-web-04,"system.cpu.util[,iowait]",0.004177
2026-05-15T07:00:10+00:00,cnsm-web-04,"system.cpu.util[,iowait]",0.008355
2026-05-15T07:01:10+00:00,cnsm-web-04,"system.cpu.util[,iowait]",0.004182
2026-05-15T07:02:10+00:00,cnsm-web-04,"system.cpu.util[,iowait]",0.004182
2026-05-15T05:44:59+00:00,cnsm-web-04,"system.cpu.util[,nice]",0
2026-05-15T05:45:59+00:00,cnsm-web-04,"system.cpu.util[,nice]",0
2026-05-15T05:46:59+00:00,cnsm-web-04,"system.cpu.util[,nice]",0
2026-05-15T05:47:59+00:00,cnsm-web-04,"system.cpu.util[,nice]",0
2026-05-15T05:48:59+00:00,cnsm-web-04,"system.cpu.util[,nice]",0
2026-05-15T05:49:59+00:00,cnsm-web-04,"system.cpu.util[,nice]",0
2026-05-15T05:50:59+00:00,cnsm-web-04,"system.cpu.util[,nice]",0
2026-05-15T05:51:59+00:00,cnsm-web-04,"system.cpu.util[,nice]",0
2026-05-15T05:52:59+00:00,cnsm-web-04,"system.cpu.util[,nice]",0
2026-05-15T05:53:59+00:00,cnsm-web-04,"system.cpu.util[,nice]",0
2026-05-15T05:54:59+00:00,cnsm-web-04,"system.cpu.util[,nice]",0
2026-05-15T05:55:59+00:00,cnsm-web-04,"system.cpu.util[,nice]",0
2026-05-15T05:56:59+00:00,cnsm-web-04,"system.cpu.util[,nice]",0
2026-05-15T05:57:59+00:00,cnsm-web-04,"system.cpu.util[,nice]",0
2026-05-15T05:58:59+00:00,cnsm-web-04,"system.cpu.util[,nice]",0
2026-05-15T05:59:59+00:00,cnsm-web-04,"system.cpu.util[,nice]",0
2026-05-15T06:00:59+00:00,cnsm-web-04,"system.cpu.util[,nice]",0
2026-05-15T06:01:59+00:00,cnsm-web-04,"system.cpu.util[,nice]",0
2026-05-15T06:02:59+00:00,cnsm-web-04,"system.cpu.util[,nice]",0
2026-05-15T06:03:59+00:00,cnsm-web-04,"system.cpu.util[,nice]",0
2026-05-15T06:04:59+00:00,cnsm-web-04,"system.cpu.util[,nice]",0
2026-05-15T06:05:59+00:00,cnsm-web-04,"system.cpu.util[,nice]",0
2026-05-15T06:06:59+00:00,cnsm-web-04,"system.cpu.util[,nice]",0
2026-05-15T06:07:59+00:00,cnsm-web-04,"system.cpu.util[,nice]",0
2026-05-15T06:08:59+00:00,cnsm-web-04,"system.cpu.util[,nice]",0
2026-05-15T06:09:59+00:00,cnsm-web-04,"system.cpu.util[,nice]",0
2026-05-15T06:10:59+00:00,cnsm-web-04,"system.cpu.util[,nice]",0
2026-05-15T06:11:59+00:00,cnsm-web-04,"system.cpu.util[,nice]",0
2026-05-15T06:12:59+00:00,cnsm-web-04,"system.cpu.util[,nice]",0
2026-05-15T06:13:59+00:00,cnsm-web-04,"system.cpu.util[,nice]",0
2026-05-15T06:14:59+00:00,cnsm-web-04,"system.cpu.util[,nice]",0
2026-05-15T06:15:59+00:00,cnsm-web-04,"system.cpu.util[,nice]",0
2026-05-15T06:16:59+00:00,cnsm-web-04,"system.cpu.util[,nice]",0
2026-05-15T06:17:59+00:00,cnsm-web-04,"system.cpu.util[,nice]",0
2026-05-15T06:18:59+00:00,cnsm-web-04,"system.cpu.util[,nice]",1.854017
2026-05-15T06:19:59+00:00,cnsm-web-04,"system.cpu.util[,nice]",0
2026-05-15T06:20:59+00:00,cnsm-web-04,"system.cpu.util[,nice]",0
2026-05-15T06:21:59+00:00,cnsm-web-04,"system.cpu.util[,nice]",0
2026-05-15T06:22:59+00:00,cnsm-web-04,"system.cpu.util[,nice]",0
2026-05-15T06:23:59+00:00,cnsm-web-04,"system.cpu.util[,nice]",0
2026-05-15T06:24:59+00:00,cnsm-web-04,"system.cpu.util[,nice]",0
2026-05-15T06:25:59+00:00,cnsm-web-04,"system.cpu.util[,nice]",0
2026-05-15T06:26:59+00:00,cnsm-web-04,"system.cpu.util[,nice]",0
2026-05-15T06:27:59+00:00,cnsm-web-04,"system.cpu.util[,nice]",0
2026-05-15T06:28:59+00:00,cnsm-web-04,"system.cpu.util[,nice]",0
2026-05-15T06:29:59+00:00,cnsm-web-04,"system.cpu.util[,nice]",0
2026-05-15T06:30:59+00:00,cnsm-web-04,"system.cpu.util[,nice]",0
2026-05-15T06:31:59+00:00,cnsm-web-04,"system.cpu.util[,nice]",0
2026-05-15T06:32:59+00:00,cnsm-web-04,"system.cpu.util[,nice]",0
2026-05-15T06:33:59+00:00,cnsm-web-04,"system.cpu.util[,nice]",0
2026-05-15T06:34:59+00:00,cnsm-web-04,"system.cpu.util[,nice]",0
2026-05-15T06:35:59+00:00,cnsm-web-04,"system.cpu.util[,nice]",0
2026-05-15T06:36:59+00:00,cnsm-web-04,"system.cpu.util[,nice]",0
2026-05-15T06:37:59+00:00,cnsm-web-04,"system.cpu.util[,nice]",0
2026-05-15T06:38:59+00:00,cnsm-web-04,"system.cpu.util[,nice]",0
2026-05-15T06:39:59+00:00,cnsm-web-04,"system.cpu.util[,nice]",0
2026-05-15T06:40:59+00:00,cnsm-web-04,"system.cpu.util[,nice]",0
2026-05-15T06:41:59+00:00,cnsm-web-04,"system.cpu.util[,nice]",0
2026-05-15T06:42:59+00:00,cnsm-web-04,"system.cpu.util[,nice]",0
2026-05-15T06:43:59+00:00,cnsm-web-04,"system.cpu.util[,nice]",0
2026-05-15T06:44:59+00:00,cnsm-web-04,"system.cpu.util[,nice]",0
2026-05-15T06:45:59+00:00,cnsm-web-04,"system.cpu.util[,nice]",0
2026-05-15T06:46:59+00:00,cnsm-web-04,"system.cpu.util[,nice]",0
2026-05-15T06:47:59+00:00,cnsm-web-04,"system.cpu.util[,nice]",0
2026-05-15T06:48:59+00:00,cnsm-web-04,"system.cpu.util[,nice]",0
2026-05-15T06:49:59+00:00,cnsm-web-04,"system.cpu.util[,nice]",0
2026-05-15T06:50:59+00:00,cnsm-web-04,"system.cpu.util[,nice]",0
2026-05-15T06:51:59+00:00,cnsm-web-04,"system.cpu.util[,nice]",0
2026-05-15T06:52:59+00:00,cnsm-web-04,"system.cpu.util[,nice]",0
2026-05-15T06:53:59+00:00,cnsm-web-04,"system.cpu.util[,nice]",0
2026-05-15T06:54:59+00:00,cnsm-web-04,"system.cpu.util[,nice]",0
2026-05-15T06:55:59+00:00,cnsm-web-04,"system.cpu.util[,nice]",0
2026-05-15T06:56:59+00:00,cnsm-web-04,"system.cpu.util[,nice]",0
2026-05-15T06:57:59+00:00,cnsm-web-04,"system.cpu.util[,nice]",0
2026-05-15T06:58:59+00:00,cnsm-web-04,"system.cpu.util[,nice]",0
2026-05-15T06:59:59+00:00,cnsm-web-04,"system.cpu.util[,nice]",0
2026-05-15T07:00:59+00:00,cnsm-web-04,"system.cpu.util[,nice]",0
2026-05-15T07:01:59+00:00,cnsm-web-04,"system.cpu.util[,nice]",0
2026-05-15T05:44:49+00:00,cnsm-web-04,"system.cpu.util[,softirq]",2.846395
2026-05-15T05:45:49+00:00,cnsm-web-04,"system.cpu.util[,softirq]",3.002715
2026-05-15T05:46:49+00:00,cnsm-web-04,"system.cpu.util[,softirq]",2.754096
2026-05-15T05:47:49+00:00,cnsm-web-04,"system.cpu.util[,softirq]",2.896673
2026-05-15T05:48:49+00:00,cnsm-web-04,"system.cpu.util[,softirq]",2.636197
2026-05-15T05:49:49+00:00,cnsm-web-04,"system.cpu.util[,softirq]",3.043333
2026-05-15T05:50:49+00:00,cnsm-web-04,"system.cpu.util[,softirq]",2.646408
2026-05-15T05:51:49+00:00,cnsm-web-04,"system.cpu.util[,softirq]",2.906418
2026-05-15T05:52:49+00:00,cnsm-web-04,"system.cpu.util[,softirq]",2.605537
2026-05-15T05:53:49+00:00,cnsm-web-04,"system.cpu.util[,softirq]",2.918215
2026-05-15T05:54:49+00:00,cnsm-web-04,"system.cpu.util[,softirq]",2.739612
2026-05-15T05:55:49+00:00,cnsm-web-04,"system.cpu.util[,softirq]",3.050054
2026-05-15T05:56:49+00:00,cnsm-web-04,"system.cpu.util[,softirq]",2.722907
2026-05-15T05:57:49+00:00,cnsm-web-04,"system.cpu.util[,softirq]",2.964509
2026-05-15T05:58:49+00:00,cnsm-web-04,"system.cpu.util[,softirq]",2.724386
2026-05-15T05:59:49+00:00,cnsm-web-04,"system.cpu.util[,softirq]",2.985511
2026-05-15T06:00:49+00:00,cnsm-web-04,"system.cpu.util[,softirq]",2.81596
2026-05-15T06:01:49+00:00,cnsm-web-04,"system.cpu.util[,softirq]",2.967607
2026-05-15T06:02:49+00:00,cnsm-web-04,"system.cpu.util[,softirq]",2.749801
2026-05-15T06:03:49+00:00,cnsm-web-04,"system.cpu.util[,softirq]",3.153134
2026-05-15T06:04:49+00:00,cnsm-web-04,"system.cpu.util[,softirq]",5.194751
2026-05-15T06:05:49+00:00,cnsm-web-04,"system.cpu.util[,softirq]",3.097401
2026-05-15T06:06:49+00:00,cnsm-web-04,"system.cpu.util[,softirq]",2.647096
2026-05-15T06:07:49+00:00,cnsm-web-04,"system.cpu.util[,softirq]",2.959521
2026-05-15T06:08:49+00:00,cnsm-web-04,"system.cpu.util[,softirq]",2.781961
2026-05-15T06:09:49+00:00,cnsm-web-04,"system.cpu.util[,softirq]",2.832162
2026-05-15T06:10:49+00:00,cnsm-web-04,"system.cpu.util[,softirq]",2.921996
2026-05-15T06:11:49+00:00,cnsm-web-04,"system.cpu.util[,softirq]",2.943023
2026-05-15T06:12:49+00:00,cnsm-web-04,"system.cpu.util[,softirq]",2.908802
2026-05-15T06:13:49+00:00,cnsm-web-04,"system.cpu.util[,softirq]",2.851647
2026-05-15T06:14:49+00:00,cnsm-web-04,"system.cpu.util[,softirq]",2.870034
2026-05-15T06:15:49+00:00,cnsm-web-04,"system.cpu.util[,softirq]",2.5168
2026-05-15T06:16:49+00:00,cnsm-web-04,"system.cpu.util[,softirq]",2.792853
2026-05-15T06:17:49+00:00,cnsm-web-04,"system.cpu.util[,softirq]",2.496139
2026-05-15T06:18:49+00:00,cnsm-web-04,"system.cpu.util[,softirq]",2.797612
2026-05-15T06:19:49+00:00,cnsm-web-04,"system.cpu.util[,softirq]",2.686106
2026-05-15T06:20:49+00:00,cnsm-web-04,"system.cpu.util[,softirq]",2.747505
2026-05-15T06:21:49+00:00,cnsm-web-04,"system.cpu.util[,softirq]",2.717369
2026-05-15T06:22:49+00:00,cnsm-web-04,"system.cpu.util[,softirq]",2.626744
2026-05-15T06:23:49+00:00,cnsm-web-04,"system.cpu.util[,softirq]",2.759916
2026-05-15T06:24:49+00:00,cnsm-web-04,"system.cpu.util[,softirq]",2.460112
2026-05-15T06:25:49+00:00,cnsm-web-04,"system.cpu.util[,softirq]",2.809317
2026-05-15T06:26:49+00:00,cnsm-web-04,"system.cpu.util[,softirq]",2.558004
2026-05-15T06:27:49+00:00,cnsm-web-04,"system.cpu.util[,softirq]",2.801085
2026-05-15T06:28:49+00:00,cnsm-web-04,"system.cpu.util[,softirq]",2.684984
2026-05-15T06:29:49+00:00,cnsm-web-04,"system.cpu.util[,softirq]",2.60797
2026-05-15T06:30:49+00:00,cnsm-web-04,"system.cpu.util[,softirq]",2.808496
2026-05-15T06:31:49+00:00,cnsm-web-04,"system.cpu.util[,softirq]",2.555004
2026-05-15T06:32:49+00:00,cnsm-web-04,"system.cpu.util[,softirq]",2.809434
2026-05-15T06:33:49+00:00,cnsm-web-04,"system.cpu.util[,softirq]",2.700895
2026-05-15T06:34:49+00:00,cnsm-web-04,"system.cpu.util[,softirq]",3.128006
2026-05-15T06:35:49+00:00,cnsm-web-04,"system.cpu.util[,softirq]",2.811899
2026-05-15T06:36:49+00:00,cnsm-web-04,"system.cpu.util[,softirq]",3.002928
2026-05-15T06:37:49+00:00,cnsm-web-04,"system.cpu.util[,softirq]",2.743278
2026-05-15T06:38:49+00:00,cnsm-web-04,"system.cpu.util[,softirq]",3.001798
2026-05-15T06:39:49+00:00,cnsm-web-04,"system.cpu.util[,softirq]",2.808308
2026-05-15T06:40:49+00:00,cnsm-web-04,"system.cpu.util[,softirq]",2.778706
2026-05-15T06:41:49+00:00,cnsm-web-04,"system.cpu.util[,softirq]",2.941422
2026-05-15T06:42:49+00:00,cnsm-web-04,"system.cpu.util[,softirq]",2.783466
2026-05-15T06:43:49+00:00,cnsm-web-04,"system.cpu.util[,softirq]",2.799163
2026-05-15T06:44:49+00:00,cnsm-web-04,"system.cpu.util[,softirq]",2.890922
2026-05-15T06:45:49+00:00,cnsm-web-04,"system.cpu.util[,softirq]",2.879833
2026-05-15T06:46:49+00:00,cnsm-web-04,"system.cpu.util[,softirq]",2.918182
2026-05-15T06:47:49+00:00,cnsm-web-04,"system.cpu.util[,softirq]",2.793109
2026-05-15T06:48:49+00:00,cnsm-web-04,"system.cpu.util[,softirq]",2.901823
2026-05-15T06:49:49+00:00,cnsm-web-04,"system.cpu.util[,softirq]",2.74093
2026-05-15T06:50:49+00:00,cnsm-web-04,"system.cpu.util[,softirq]",3.03879
2026-05-15T06:51:49+00:00,cnsm-web-04,"system.cpu.util[,softirq]",2.80866
2026-05-15T06:52:49+00:00,cnsm-web-04,"system.cpu.util[,softirq]",2.937735
2026-05-15T06:53:49+00:00,cnsm-web-04,"system.cpu.util[,softirq]",2.868236
2026-05-15T06:54:49+00:00,cnsm-web-04,"system.cpu.util[,softirq]",2.720662
2026-05-15T06:55:49+00:00,cnsm-web-04,"system.cpu.util[,softirq]",2.941914
2026-05-15T06:56:49+00:00,cnsm-web-04,"system.cpu.util[,softirq]",2.838036
2026-05-15T06:57:49+00:00,cnsm-web-04,"system.cpu.util[,softirq]",2.944867
2026-05-15T06:58:49+00:00,cnsm-web-04,"system.cpu.util[,softirq]",2.816195
2026-05-15T06:59:49+00:00,cnsm-web-04,"system.cpu.util[,softirq]",3.045494
2026-05-15T07:00:49+00:00,cnsm-web-04,"system.cpu.util[,softirq]",2.804246
2026-05-15T07:01:49+00:00,cnsm-web-04,"system.cpu.util[,softirq]",3.041205
2026-05-15T07:02:49+00:00,cnsm-web-04,"system.cpu.util[,softirq]",2.874236
2026-05-15T05:44:58+00:00,cnsm-web-04,"system.cpu.util[,steal]",0.020891
2026-05-15T05:45:58+00:00,cnsm-web-04,"system.cpu.util[,steal]",0.016712
2026-05-15T05:46:58+00:00,cnsm-web-04,"system.cpu.util[,steal]",0.025069
2026-05-15T05:47:58+00:00,cnsm-web-04,"system.cpu.util[,steal]",0.025084
2026-05-15T05:48:58+00:00,cnsm-web-04,"system.cpu.util[,steal]",0.016701
2026-05-15T05:49:58+00:00,cnsm-web-04,"system.cpu.util[,steal]",0.025056
2026-05-15T05:50:58+00:00,cnsm-web-04,"system.cpu.util[,steal]",0.037566
2026-05-15T05:51:58+00:00,cnsm-web-04,"system.cpu.util[,steal]",0.025065
2026-05-15T05:52:58+00:00,cnsm-web-04,"system.cpu.util[,steal]",0.020866
2026-05-15T05:53:58+00:00,cnsm-web-04,"system.cpu.util[,steal]",0.025055
2026-05-15T05:54:58+00:00,cnsm-web-04,"system.cpu.util[,steal]",0.025051
2026-05-15T05:55:58+00:00,cnsm-web-04,"system.cpu.util[,steal]",0.033434
2026-05-15T05:56:58+00:00,cnsm-web-04,"system.cpu.util[,steal]",0.025054
2026-05-15T05:57:58+00:00,cnsm-web-04,"system.cpu.util[,steal]",0.020882
2026-05-15T05:58:58+00:00,cnsm-web-04,"system.cpu.util[,steal]",0.020888
2026-05-15T05:59:58+00:00,cnsm-web-04,"system.cpu.util[,steal]",0.02506
2026-05-15T06:00:58+00:00,cnsm-web-04,"system.cpu.util[,steal]",0.025066
2026-05-15T06:01:58+00:00,cnsm-web-04,"system.cpu.util[,steal]",0.025079
2026-05-15T06:02:58+00:00,cnsm-web-04,"system.cpu.util[,steal]",0.020893
2026-05-15T06:03:58+00:00,cnsm-web-04,"system.cpu.util[,steal]",0.033505
2026-05-15T06:04:58+00:00,cnsm-web-04,"system.cpu.util[,steal]",0.037736
2026-05-15T06:05:58+00:00,cnsm-web-04,"system.cpu.util[,steal]",0.025116
2026-05-15T06:06:58+00:00,cnsm-web-04,"system.cpu.util[,steal]",0.025092
2026-05-15T06:07:58+00:00,cnsm-web-04,"system.cpu.util[,steal]",0.025115
2026-05-15T06:08:58+00:00,cnsm-web-04,"system.cpu.util[,steal]",0.033471
2026-05-15T06:09:58+00:00,cnsm-web-04,"system.cpu.util[,steal]",0.033459
2026-05-15T06:10:58+00:00,cnsm-web-04,"system.cpu.util[,steal]",0.025086
2026-05-15T06:11:58+00:00,cnsm-web-04,"system.cpu.util[,steal]",0.025114
2026-05-15T06:12:58+00:00,cnsm-web-04,"system.cpu.util[,steal]",0.037673
2026-05-15T06:13:58+00:00,cnsm-web-04,"system.cpu.util[,steal]",0.020908
2026-05-15T06:14:58+00:00,cnsm-web-04,"system.cpu.util[,steal]",0.025054
2026-05-15T06:15:58+00:00,cnsm-web-04,"system.cpu.util[,steal]",0.016692
2026-05-15T06:16:58+00:00,cnsm-web-04,"system.cpu.util[,steal]",0.020871
2026-05-15T06:17:58+00:00,cnsm-web-04,"system.cpu.util[,steal]",0.016701
2026-05-15T06:18:58+00:00,cnsm-web-04,"system.cpu.util[,steal]",0.020881
2026-05-15T06:19:58+00:00,cnsm-web-04,"system.cpu.util[,steal]",0.020882
2026-05-15T06:20:58+00:00,cnsm-web-04,"system.cpu.util[,steal]",0.020875
2026-05-15T06:21:58+00:00,cnsm-web-04,"system.cpu.util[,steal]",0.020879
2026-05-15T06:22:58+00:00,cnsm-web-04,"system.cpu.util[,steal]",0.020879
2026-05-15T06:23:58+00:00,cnsm-web-04,"system.cpu.util[,steal]",0.016706
2026-05-15T06:24:58+00:00,cnsm-web-04,"system.cpu.util[,steal]",0.020874
2026-05-15T06:25:58+00:00,cnsm-web-04,"system.cpu.util[,steal]",0.020869
2026-05-15T06:26:58+00:00,cnsm-web-04,"system.cpu.util[,steal]",0.016694
2026-05-15T06:27:58+00:00,cnsm-web-04,"system.cpu.util[,steal]",0.016697
2026-05-15T06:28:58+00:00,cnsm-web-04,"system.cpu.util[,steal]",0.025055
2026-05-15T06:29:58+00:00,cnsm-web-04,"system.cpu.util[,steal]",0.020865
2026-05-15T06:30:58+00:00,cnsm-web-04,"system.cpu.util[,steal]",0.020867
2026-05-15T06:31:58+00:00,cnsm-web-04,"system.cpu.util[,steal]",0.016694
2026-05-15T06:32:58+00:00,cnsm-web-04,"system.cpu.util[,steal]",0.020882
2026-05-15T06:33:58+00:00,cnsm-web-04,"system.cpu.util[,steal]",0.025082
2026-05-15T06:34:58+00:00,cnsm-web-04,"system.cpu.util[,steal]",0.029273
2026-05-15T06:35:58+00:00,cnsm-web-04,"system.cpu.util[,steal]",0.025068
2026-05-15T06:36:58+00:00,cnsm-web-04,"system.cpu.util[,steal]",0.03346
2026-05-15T06:37:58+00:00,cnsm-web-04,"system.cpu.util[,steal]",0.025093
2026-05-15T06:38:58+00:00,cnsm-web-04,"system.cpu.util[,steal]",0.029265
2026-05-15T06:39:58+00:00,cnsm-web-04,"system.cpu.util[,steal]",0.025076
2026-05-15T06:40:58+00:00,cnsm-web-04,"system.cpu.util[,steal]",0.066845
2026-05-15T06:41:58+00:00,cnsm-web-04,"system.cpu.util[,steal]",0.029256
2026-05-15T06:42:58+00:00,cnsm-web-04,"system.cpu.util[,steal]",0.033441
2026-05-15T06:43:58+00:00,cnsm-web-04,"system.cpu.util[,steal]",0.029272
2026-05-15T06:44:58+00:00,cnsm-web-04,"system.cpu.util[,steal]",0.02925
2026-05-15T06:45:58+00:00,cnsm-web-04,"system.cpu.util[,steal]",0.025082
2026-05-15T06:46:58+00:00,cnsm-web-04,"system.cpu.util[,steal]",0.037633
2026-05-15T06:47:58+00:00,cnsm-web-04,"system.cpu.util[,steal]",0.029252
2026-05-15T06:48:58+00:00,cnsm-web-04,"system.cpu.util[,steal]",0.033474
2026-05-15T06:49:58+00:00,cnsm-web-04,"system.cpu.util[,steal]",0.029274
2026-05-15T06:50:58+00:00,cnsm-web-04,"system.cpu.util[,steal]",0.033455
2026-05-15T06:51:58+00:00,cnsm-web-04,"system.cpu.util[,steal]",0.029248
2026-05-15T06:52:58+00:00,cnsm-web-04,"system.cpu.util[,steal]",0.029252
2026-05-15T06:53:58+00:00,cnsm-web-04,"system.cpu.util[,steal]",0.02505
2026-05-15T06:54:58+00:00,cnsm-web-04,"system.cpu.util[,steal]",0.029258
2026-05-15T06:55:58+00:00,cnsm-web-04,"system.cpu.util[,steal]",0.025071
2026-05-15T06:56:58+00:00,cnsm-web-04,"system.cpu.util[,steal]",0.025083
2026-05-15T06:57:58+00:00,cnsm-web-04,"system.cpu.util[,steal]",0.029275
2026-05-15T06:58:58+00:00,cnsm-web-04,"system.cpu.util[,steal]",0.025068
2026-05-15T06:59:58+00:00,cnsm-web-04,"system.cpu.util[,steal]",0.041776
2026-05-15T07:00:58+00:00,cnsm-web-04,"system.cpu.util[,steal]",0.062709
2026-05-15T07:01:58+00:00,cnsm-web-04,"system.cpu.util[,steal]",0.029284
2026-05-15T05:44:41+00:00,cnsm-web-04,"system.cpu.util[,system]",9.458103
2026-05-15T05:45:41+00:00,cnsm-web-04,"system.cpu.util[,system]",10.206724
2026-05-15T05:46:41+00:00,cnsm-web-04,"system.cpu.util[,system]",9.673241
2026-05-15T05:47:41+00:00,cnsm-web-04,"system.cpu.util[,system]",10.320478
2026-05-15T05:48:41+00:00,cnsm-web-04,"system.cpu.util[,system]",9.362983
2026-05-15T05:49:41+00:00,cnsm-web-04,"system.cpu.util[,system]",9.924461
2026-05-15T05:50:41+00:00,cnsm-web-04,"system.cpu.util[,system]",8.945567
2026-05-15T05:51:41+00:00,cnsm-web-04,"system.cpu.util[,system]",9.584064
2026-05-15T05:52:41+00:00,cnsm-web-04,"system.cpu.util[,system]",8.744676
2026-05-15T05:53:41+00:00,cnsm-web-04,"system.cpu.util[,system]",10.127745
2026-05-15T05:54:41+00:00,cnsm-web-04,"system.cpu.util[,system]",9.19833
2026-05-15T05:55:41+00:00,cnsm-web-04,"system.cpu.util[,system]",10.243984
2026-05-15T05:56:41+00:00,cnsm-web-04,"system.cpu.util[,system]",9.069262
2026-05-15T05:57:41+00:00,cnsm-web-04,"system.cpu.util[,system]",10.092279
2026-05-15T05:58:41+00:00,cnsm-web-04,"system.cpu.util[,system]",9.114453
2026-05-15T05:59:41+00:00,cnsm-web-04,"system.cpu.util[,system]",10.24431
2026-05-15T06:00:41+00:00,cnsm-web-04,"system.cpu.util[,system]",9.249666
2026-05-15T06:01:41+00:00,cnsm-web-04,"system.cpu.util[,system]",10.16425
2026-05-15T06:02:41+00:00,cnsm-web-04,"system.cpu.util[,system]",9.428679
2026-05-15T06:03:41+00:00,cnsm-web-04,"system.cpu.util[,system]",10.80685
2026-05-15T06:04:41+00:00,cnsm-web-04,"system.cpu.util[,system]",16.784067
2026-05-15T06:05:41+00:00,cnsm-web-04,"system.cpu.util[,system]",10.776313
2026-05-15T06:06:41+00:00,cnsm-web-04,"system.cpu.util[,system]",9.129707
2026-05-15T06:07:41+00:00,cnsm-web-04,"system.cpu.util[,system]",10.845188
2026-05-15T06:08:41+00:00,cnsm-web-04,"system.cpu.util[,system]",9.679983
2026-05-15T06:09:41+00:00,cnsm-web-04,"system.cpu.util[,system]",10.035557
2026-05-15T06:10:41+00:00,cnsm-web-04,"system.cpu.util[,system]",10.084877
2026-05-15T06:11:41+00:00,cnsm-web-04,"system.cpu.util[,system]",10.211341
2026-05-15T06:12:41+00:00,cnsm-web-04,"system.cpu.util[,system]",10.032647
2026-05-15T06:13:41+00:00,cnsm-web-04,"system.cpu.util[,system]",10.107095
2026-05-15T06:14:41+00:00,cnsm-web-04,"system.cpu.util[,system]",10.160428
2026-05-15T06:15:41+00:00,cnsm-web-04,"system.cpu.util[,system]",8.876184
2026-05-15T06:16:41+00:00,cnsm-web-04,"system.cpu.util[,system]",9.935295
2026-05-15T06:17:41+00:00,cnsm-web-04,"system.cpu.util[,system]",9.041576
2026-05-15T06:18:41+00:00,cnsm-web-04,"system.cpu.util[,system]",10.367432
2026-05-15T06:19:41+00:00,cnsm-web-04,"system.cpu.util[,system]",9.406458
2026-05-15T06:20:41+00:00,cnsm-web-04,"system.cpu.util[,system]",9.42955
2026-05-15T06:21:41+00:00,cnsm-web-04,"system.cpu.util[,system]",9.459798
2026-05-15T06:22:41+00:00,cnsm-web-04,"system.cpu.util[,system]",9.317185
2026-05-15T06:23:41+00:00,cnsm-web-04,"system.cpu.util[,system]",9.916079
2026-05-15T06:24:41+00:00,cnsm-web-04,"system.cpu.util[,system]",8.637541
2026-05-15T06:25:41+00:00,cnsm-web-04,"system.cpu.util[,system]",9.677823
2026-05-15T06:26:41+00:00,cnsm-web-04,"system.cpu.util[,system]",8.88184
2026-05-15T06:27:41+00:00,cnsm-web-04,"system.cpu.util[,system]",9.52699
2026-05-15T06:28:41+00:00,cnsm-web-04,"system.cpu.util[,system]",9.358557
2026-05-15T06:29:41+00:00,cnsm-web-04,"system.cpu.util[,system]",9.23616
2026-05-15T06:30:41+00:00,cnsm-web-04,"system.cpu.util[,system]",9.661937
2026-05-15T06:31:41+00:00,cnsm-web-04,"system.cpu.util[,system]",9.010062
2026-05-15T06:32:41+00:00,cnsm-web-04,"system.cpu.util[,system]",9.833466
2026-05-15T06:33:41+00:00,cnsm-web-04,"system.cpu.util[,system]",8.832874
2026-05-15T06:34:41+00:00,cnsm-web-04,"system.cpu.util[,system]",10.407259
2026-05-15T06:35:41+00:00,cnsm-web-04,"system.cpu.util[,system]",9.33818
2026-05-15T06:36:41+00:00,cnsm-web-04,"system.cpu.util[,system]",10.468861
2026-05-15T06:37:41+00:00,cnsm-web-04,"system.cpu.util[,system]",9.520224
2026-05-15T06:38:41+00:00,cnsm-web-04,"system.cpu.util[,system]",10.140021
2026-05-15T06:39:41+00:00,cnsm-web-04,"system.cpu.util[,system]",9.152457
2026-05-15T06:40:41+00:00,cnsm-web-04,"system.cpu.util[,system]",9.299507
2026-05-15T06:41:41+00:00,cnsm-web-04,"system.cpu.util[,system]",9.777295
2026-05-15T06:42:41+00:00,cnsm-web-04,"system.cpu.util[,system]",9.130417
2026-05-15T06:43:41+00:00,cnsm-web-04,"system.cpu.util[,system]",9.703741
2026-05-15T06:44:41+00:00,cnsm-web-04,"system.cpu.util[,system]",9.357898
2026-05-15T06:45:41+00:00,cnsm-web-04,"system.cpu.util[,system]",9.707358
2026-05-15T06:46:41+00:00,cnsm-web-04,"system.cpu.util[,system]",9.493353
2026-05-15T06:47:41+00:00,cnsm-web-04,"system.cpu.util[,system]",9.88253
2026-05-15T06:48:41+00:00,cnsm-web-04,"system.cpu.util[,system]",9.534757
2026-05-15T06:49:41+00:00,cnsm-web-04,"system.cpu.util[,system]",9.358389
2026-05-15T06:50:41+00:00,cnsm-web-04,"system.cpu.util[,system]",10.098646
2026-05-15T06:51:41+00:00,cnsm-web-04,"system.cpu.util[,system]",9.231862
2026-05-15T06:52:41+00:00,cnsm-web-04,"system.cpu.util[,system]",9.922675
2026-05-15T06:53:41+00:00,cnsm-web-04,"system.cpu.util[,system]",9.724832
2026-05-15T06:54:41+00:00,cnsm-web-04,"system.cpu.util[,system]",9.325646
2026-05-15T06:55:41+00:00,cnsm-web-04,"system.cpu.util[,system]",9.793922
2026-05-15T06:56:41+00:00,cnsm-web-04,"system.cpu.util[,system]",9.500522
2026-05-15T06:57:41+00:00,cnsm-web-04,"system.cpu.util[,system]",9.660826
2026-05-15T06:58:41+00:00,cnsm-web-04,"system.cpu.util[,system]",9.497347
2026-05-15T06:59:41+00:00,cnsm-web-04,"system.cpu.util[,system]",9.608957
2026-05-15T07:00:41+00:00,cnsm-web-04,"system.cpu.util[,system]",9.011494
2026-05-15T07:01:41+00:00,cnsm-web-04,"system.cpu.util[,system]",9.856563
2026-05-15T07:02:41+00:00,cnsm-web-04,"system.cpu.util[,system]",9.356432
2026-05-15T05:44:42+00:00,cnsm-web-04,"system.cpu.util[,user]",2.968476
2026-05-15T05:45:42+00:00,cnsm-web-04,"system.cpu.util[,user]",2.973729
2026-05-15T05:46:42+00:00,cnsm-web-04,"system.cpu.util[,user]",3.050309
2026-05-15T05:47:42+00:00,cnsm-web-04,"system.cpu.util[,user]",2.962437
2026-05-15T05:48:42+00:00,cnsm-web-04,"system.cpu.util[,user]",2.938472
2026-05-15T05:49:42+00:00,cnsm-web-04,"system.cpu.util[,user]",2.904599
2026-05-15T05:50:42+00:00,cnsm-web-04,"system.cpu.util[,user]",2.604775
2026-05-15T05:51:42+00:00,cnsm-web-04,"system.cpu.util[,user]",2.973481
2026-05-15T05:52:42+00:00,cnsm-web-04,"system.cpu.util[,user]",2.618063
2026-05-15T05:53:42+00:00,cnsm-web-04,"system.cpu.util[,user]",3.118868
2026-05-15T05:54:42+00:00,cnsm-web-04,"system.cpu.util[,user]",2.638831
2026-05-15T05:55:42+00:00,cnsm-web-04,"system.cpu.util[,user]",3.012199
2026-05-15T05:56:42+00:00,cnsm-web-04,"system.cpu.util[,user]",2.798663
2026-05-15T05:57:42+00:00,cnsm-web-04,"system.cpu.util[,user]",2.931351
2026-05-15T05:58:42+00:00,cnsm-web-04,"system.cpu.util[,user]",2.823962
2026-05-15T05:59:42+00:00,cnsm-web-04,"system.cpu.util[,user]",3.102685
2026-05-15T06:00:42+00:00,cnsm-web-04,"system.cpu.util[,user]",2.924587
2026-05-15T06:01:42+00:00,cnsm-web-04,"system.cpu.util[,user]",3.389476
2026-05-15T06:02:42+00:00,cnsm-web-04,"system.cpu.util[,user]",3.000669
2026-05-15T06:03:42+00:00,cnsm-web-04,"system.cpu.util[,user]",3.75178
2026-05-15T06:04:42+00:00,cnsm-web-04,"system.cpu.util[,user]",5.278605
2026-05-15T06:05:42+00:00,cnsm-web-04,"system.cpu.util[,user]",3.766636
2026-05-15T06:06:42+00:00,cnsm-web-04,"system.cpu.util[,user]",3.443515
2026-05-15T06:07:42+00:00,cnsm-web-04,"system.cpu.util[,user]",3.732061
2026-05-15T06:08:42+00:00,cnsm-web-04,"system.cpu.util[,user]",3.472803
2026-05-15T06:09:42+00:00,cnsm-web-04,"system.cpu.util[,user]",3.438036
2026-05-15T06:10:42+00:00,cnsm-web-04,"system.cpu.util[,user]",3.750627
2026-05-15T06:11:42+00:00,cnsm-web-04,"system.cpu.util[,user]",3.498493
2026-05-15T06:12:42+00:00,cnsm-web-04,"system.cpu.util[,user]",3.654249
2026-05-15T06:13:42+00:00,cnsm-web-04,"system.cpu.util[,user]",3.505396
2026-05-15T06:14:42+00:00,cnsm-web-04,"system.cpu.util[,user]",35.43886
2026-05-15T06:15:42+00:00,cnsm-web-04,"system.cpu.util[,user]",50.717803
2026-05-15T06:16:42+00:00,cnsm-web-04,"system.cpu.util[,user]",50.903778
2026-05-15T06:17:42+00:00,cnsm-web-04,"system.cpu.util[,user]",50.763964
2026-05-15T06:18:42+00:00,cnsm-web-04,"system.cpu.util[,user]",52.949526
2026-05-15T06:19:42+00:00,cnsm-web-04,"system.cpu.util[,user]",50.946234
2026-05-15T06:20:42+00:00,cnsm-web-04,"system.cpu.util[,user]",50.634656
2026-05-15T06:21:42+00:00,cnsm-web-04,"system.cpu.util[,user]",50.916378
2026-05-15T06:22:42+00:00,cnsm-web-04,"system.cpu.util[,user]",50.69952
2026-05-15T06:23:42+00:00,cnsm-web-04,"system.cpu.util[,user]",50.931029
2026-05-15T06:24:42+00:00,cnsm-web-04,"system.cpu.util[,user]",50.492858
2026-05-15T06:25:42+00:00,cnsm-web-04,"system.cpu.util[,user]",50.615584
2026-05-15T06:26:42+00:00,cnsm-web-04,"system.cpu.util[,user]",50.611512
2026-05-15T06:27:42+00:00,cnsm-web-04,"system.cpu.util[,user]",50.369443
2026-05-15T06:28:42+00:00,cnsm-web-04,"system.cpu.util[,user]",50.847741
2026-05-15T06:29:42+00:00,cnsm-web-04,"system.cpu.util[,user]",50.421325
2026-05-15T06:30:42+00:00,cnsm-web-04,"system.cpu.util[,user]",50.653199
2026-05-15T06:31:42+00:00,cnsm-web-04,"system.cpu.util[,user]",50.48641
2026-05-15T06:32:42+00:00,cnsm-web-04,"system.cpu.util[,user]",50.671953
2026-05-15T06:33:42+00:00,cnsm-web-04,"system.cpu.util[,user]",15.468227
2026-05-15T06:34:42+00:00,cnsm-web-04,"system.cpu.util[,user]",3.407476
2026-05-15T06:35:42+00:00,cnsm-web-04,"system.cpu.util[,user]",3.088174
2026-05-15T06:36:42+00:00,cnsm-web-04,"system.cpu.util[,user]",3.542155
2026-05-15T06:37:42+00:00,cnsm-web-04,"system.cpu.util[,user]",3.1999
2026-05-15T06:38:42+00:00,cnsm-web-04,"system.cpu.util[,user]",3.130617
2026-05-15T06:39:42+00:00,cnsm-web-04,"system.cpu.util[,user]",2.942037
2026-05-15T06:40:42+00:00,cnsm-web-04,"system.cpu.util[,user]",3.176992
2026-05-15T06:41:42+00:00,cnsm-web-04,"system.cpu.util[,user]",2.99954
2026-05-15T06:42:42+00:00,cnsm-web-04,"system.cpu.util[,user]",2.988256
2026-05-15T06:43:42+00:00,cnsm-web-04,"system.cpu.util[,user]",3.116894
2026-05-15T06:44:42+00:00,cnsm-web-04,"system.cpu.util[,user]",3.116644
2026-05-15T06:45:42+00:00,cnsm-web-04,"system.cpu.util[,user]",2.905397
2026-05-15T06:46:42+00:00,cnsm-web-04,"system.cpu.util[,user]",3.160007
2026-05-15T06:47:42+00:00,cnsm-web-04,"system.cpu.util[,user]",3.064638
2026-05-15T06:48:42+00:00,cnsm-web-04,"system.cpu.util[,user]",3.097826
2026-05-15T06:49:42+00:00,cnsm-web-04,"system.cpu.util[,user]",2.853915
2026-05-15T06:50:42+00:00,cnsm-web-04,"system.cpu.util[,user]",3.306303
2026-05-15T06:51:42+00:00,cnsm-web-04,"system.cpu.util[,user]",2.887951
2026-05-15T06:52:42+00:00,cnsm-web-04,"system.cpu.util[,user]",3.306165
2026-05-15T06:53:42+00:00,cnsm-web-04,"system.cpu.util[,user]",2.960458
2026-05-15T06:54:42+00:00,cnsm-web-04,"system.cpu.util[,user]",3.092482
2026-05-15T06:55:42+00:00,cnsm-web-04,"system.cpu.util[,user]",3.034102
2026-05-15T06:56:42+00:00,cnsm-web-04,"system.cpu.util[,user]",3.155695
2026-05-15T06:57:42+00:00,cnsm-web-04,"system.cpu.util[,user]",3.036259
2026-05-15T06:58:42+00:00,cnsm-web-04,"system.cpu.util[,user]",3.142105
2026-05-15T06:59:42+00:00,cnsm-web-04,"system.cpu.util[,user]",2.882808
2026-05-15T07:00:42+00:00,cnsm-web-04,"system.cpu.util[,user]",2.774992
2026-05-15T07:01:42+00:00,cnsm-web-04,"system.cpu.util[,user]",3.224457
2026-05-15T07:02:42+00:00,cnsm-web-04,"system.cpu.util[,user]",2.962715
2026-05-15T05:44:16+00:00,cnsm-web-04,system.cpu.util,14.930482999999995
2026-05-15T05:45:16+00:00,cnsm-web-04,system.cpu.util,16.778803999999994
2026-05-15T05:46:16+00:00,cnsm-web-04,system.cpu.util,14.840487999999993
2026-05-15T05:47:16+00:00,cnsm-web-04,system.cpu.util,16.599766000000002
2026-05-15T05:48:16+00:00,cnsm-web-04,system.cpu.util,15.037405000000007
2026-05-15T05:49:16+00:00,cnsm-web-04,system.cpu.util,15.834515999999994
2026-05-15T05:50:16+00:00,cnsm-web-04,system.cpu.util,14.496262999999999
2026-05-15T05:51:16+00:00,cnsm-web-04,system.cpu.util,15.003967000000003
2026-05-15T05:52:16+00:00,cnsm-web-04,system.cpu.util,14.847143000000003
2026-05-15T05:53:16+00:00,cnsm-web-04,system.cpu.util,15.108034000000004
2026-05-15T05:54:16+00:00,cnsm-web-04,system.cpu.util,15.526315999999994
2026-05-15T05:55:16+00:00,cnsm-web-04,system.cpu.util,15.301732999999999
2026-05-15T05:56:16+00:00,cnsm-web-04,system.cpu.util,15.380757000000003
2026-05-15T05:57:16+00:00,cnsm-web-04,system.cpu.util,16.282469000000006
2026-05-15T05:58:16+00:00,cnsm-web-04,system.cpu.util,14.481375999999997
2026-05-15T05:59:16+00:00,cnsm-web-04,system.cpu.util,16.490494999999996
2026-05-15T06:00:16+00:00,cnsm-web-04,system.cpu.util,14.455163999999996
2026-05-15T06:01:16+00:00,cnsm-web-04,system.cpu.util,16.202890999999994
2026-05-15T06:02:16+00:00,cnsm-web-04,system.cpu.util,15.839184000000003
2026-05-15T06:03:16+00:00,cnsm-web-04,system.cpu.util,16.617868
2026-05-15T06:04:16+00:00,cnsm-web-04,system.cpu.util,24.619832000000002
2026-05-15T06:05:16+00:00,cnsm-web-04,system.cpu.util,21.098495999999997
2026-05-15T06:06:16+00:00,cnsm-web-04,system.cpu.util,15.437083999999999
2026-05-15T06:07:16+00:00,cnsm-web-04,system.cpu.util,17.610878999999997
2026-05-15T06:08:16+00:00,cnsm-web-04,system.cpu.util,15.365302999999997
2026-05-15T06:09:16+00:00,cnsm-web-04,system.cpu.util,16.876594999999995
2026-05-15T06:10:16+00:00,cnsm-web-04,system.cpu.util,16.187967999999998
2026-05-15T06:11:16+00:00,cnsm-web-04,system.cpu.util,17.069087999999994
2026-05-15T06:12:16+00:00,cnsm-web-04,system.cpu.util,16.026606
2026-05-15T06:13:16+00:00,cnsm-web-04,system.cpu.util,17.256674000000004
2026-05-15T06:14:16+00:00,cnsm-web-04,system.cpu.util,27.776848
2026-05-15T06:15:16+00:00,cnsm-web-04,system.cpu.util,62.870977
2026-05-15T06:16:16+00:00,cnsm-web-04,system.cpu.util,63.56505
2026-05-15T06:17:16+00:00,cnsm-web-04,system.cpu.util,62.134625
2026-05-15T06:18:16+00:00,cnsm-web-04,system.cpu.util,63.93689
2026-05-15T06:19:16+00:00,cnsm-web-04,system.cpu.util,66.768318
2026-05-15T06:20:16+00:00,cnsm-web-04,system.cpu.util,63.650031
2026-05-15T06:21:16+00:00,cnsm-web-04,system.cpu.util,62.2855
2026-05-15T06:22:16+00:00,cnsm-web-04,system.cpu.util,63.242047
2026-05-15T06:23:16+00:00,cnsm-web-04,system.cpu.util,63.224055
2026-05-15T06:24:16+00:00,cnsm-web-04,system.cpu.util,62.51566
2026-05-15T06:25:16+00:00,cnsm-web-04,system.cpu.util,63.061446
2026-05-15T06:26:16+00:00,cnsm-web-04,system.cpu.util,61.708966
2026-05-15T06:27:16+00:00,cnsm-web-04,system.cpu.util,63.374932
2026-05-15T06:28:16+00:00,cnsm-web-04,system.cpu.util,61.731435
2026-05-15T06:29:16+00:00,cnsm-web-04,system.cpu.util,63.246222
2026-05-15T06:30:16+00:00,cnsm-web-04,system.cpu.util,62.359175
2026-05-15T06:31:16+00:00,cnsm-web-04,system.cpu.util,62.722338
2026-05-15T06:32:16+00:00,cnsm-web-04,system.cpu.util,62.934524
2026-05-15T06:33:16+00:00,cnsm-web-04,system.cpu.util,47.767055
2026-05-15T06:34:16+00:00,cnsm-web-04,system.cpu.util,16.898815999999997
2026-05-15T06:35:16+00:00,cnsm-web-04,system.cpu.util,15.151641999999995
2026-05-15T06:36:16+00:00,cnsm-web-04,system.cpu.util,16.100171000000003
2026-05-15T06:37:16+00:00,cnsm-web-04,system.cpu.util,16.565572000000003
2026-05-15T06:38:16+00:00,cnsm-web-04,system.cpu.util,15.931127000000004
2026-05-15T06:39:16+00:00,cnsm-web-04,system.cpu.util,15.513565
2026-05-15T06:40:16+00:00,cnsm-web-04,system.cpu.util,14.973038000000003
2026-05-15T06:41:16+00:00,cnsm-web-04,system.cpu.util,16.280139000000005
2026-05-15T06:42:16+00:00,cnsm-web-04,system.cpu.util,14.357346000000007
2026-05-15T06:43:16+00:00,cnsm-web-04,system.cpu.util,16.348727999999994
2026-05-15T06:44:16+00:00,cnsm-web-04,system.cpu.util,14.453451000000001
2026-05-15T06:45:16+00:00,cnsm-web-04,system.cpu.util,16.257104999999996
2026-05-15T06:46:16+00:00,cnsm-web-04,system.cpu.util,14.927869999999999
2026-05-15T06:47:16+00:00,cnsm-web-04,system.cpu.util,16.089792000000003
2026-05-15T06:48:16+00:00,cnsm-web-04,system.cpu.util,15.095917
2026-05-15T06:49:16+00:00,cnsm-web-04,system.cpu.util,15.959316999999999
2026-05-15T06:50:16+00:00,cnsm-web-04,system.cpu.util,15.567634999999996
2026-05-15T06:51:16+00:00,cnsm-web-04,system.cpu.util,15.428977000000003
2026-05-15T06:52:16+00:00,cnsm-web-04,system.cpu.util,15.401655000000005
2026-05-15T06:53:16+00:00,cnsm-web-04,system.cpu.util,16.644385
2026-05-15T06:54:16+00:00,cnsm-web-04,system.cpu.util,14.739171999999996
2026-05-15T06:55:16+00:00,cnsm-web-04,system.cpu.util,16.059186999999994
2026-05-15T06:56:16+00:00,cnsm-web-04,system.cpu.util,14.979740000000007
2026-05-15T06:57:16+00:00,cnsm-web-04,system.cpu.util,16.250574999999998
2026-05-15T06:58:16+00:00,cnsm-web-04,system.cpu.util,15.165836999999996
2026-05-15T06:59:16+00:00,cnsm-web-04,system.cpu.util,16.180769999999995
2026-05-15T07:00:16+00:00,cnsm-web-04,system.cpu.util,14.643827000000002
2026-05-15T07:01:16+00:00,cnsm-web-04,system.cpu.util,15.547377999999995
2026-05-15T07:02:16+00:00,cnsm-web-04,system.cpu.util,15.302238000000003
2026-05-15T05:44:08+00:00,cnsm-web-04,system.cpu.intr,3205.6360871884413
2026-05-15T05:45:08+00:00,cnsm-web-04,system.cpu.intr,3783.448504520434
2026-05-15T05:46:08+00:00,cnsm-web-04,system.cpu.intr,3331.8544705331424
2026-05-15T05:47:08+00:00,cnsm-web-04,system.cpu.intr,3757.6137311579755
2026-05-15T05:48:08+00:00,cnsm-web-04,system.cpu.intr,3339.9526519599253
2026-05-15T05:49:08+00:00,cnsm-web-04,system.cpu.intr,3403.554782164647
2026-05-15T05:50:08+00:00,cnsm-web-04,system.cpu.intr,3351.257606932706
2026-05-15T05:51:08+00:00,cnsm-web-04,system.cpu.intr,3378.7241448296545
2026-05-15T05:52:08+00:00,cnsm-web-04,system.cpu.intr,3548.5048335267397
2026-05-15T05:53:08+00:00,cnsm-web-04,system.cpu.intr,3548.1869089004176
2026-05-15T05:54:08+00:00,cnsm-web-04,system.cpu.intr,3503.2135220885584
2026-05-15T05:55:08+00:00,cnsm-web-04,system.cpu.intr,3633.9952002052264
2026-05-15T05:56:08+00:00,cnsm-web-04,system.cpu.intr,3619.988668656129
2026-05-15T05:57:08+00:00,cnsm-web-04,system.cpu.intr,3774.075699916855
2026-05-15T05:58:08+00:00,cnsm-web-04,system.cpu.intr,3248.8137997320687
2026-05-15T05:59:08+00:00,cnsm-web-04,system.cpu.intr,3604.2522064593745
2026-05-15T06:00:08+00:00,cnsm-web-04,system.cpu.intr,3408.120534023064
2026-05-15T06:01:08+00:00,cnsm-web-04,system.cpu.intr,3487.0766453527995
2026-05-15T06:02:08+00:00,cnsm-web-04,system.cpu.intr,3724.1373521393134
2026-05-15T06:03:08+00:00,cnsm-web-04,system.cpu.intr,3971.484676489451
2026-05-15T06:04:08+00:00,cnsm-web-04,system.cpu.intr,5166.313362443647
2026-05-15T06:05:08+00:00,cnsm-web-04,system.cpu.intr,5964.9289125256855
2026-05-15T06:06:08+00:00,cnsm-web-04,system.cpu.intr,3919.797212825132
2026-05-15T06:07:08+00:00,cnsm-web-04,system.cpu.intr,4243.421792172273
2026-05-15T06:08:08+00:00,cnsm-web-04,system.cpu.intr,3766.9461957641784
2026-05-15T06:09:08+00:00,cnsm-web-04,system.cpu.intr,4168.272863599298
2026-05-15T06:10:08+00:00,cnsm-web-04,system.cpu.intr,3989.0399718117233
2026-05-15T06:11:08+00:00,cnsm-web-04,system.cpu.intr,3967.814889174271
2026-05-15T06:12:08+00:00,cnsm-web-04,system.cpu.intr,3761.3751648802668
2026-05-15T06:13:08+00:00,cnsm-web-04,system.cpu.intr,4208.12211046515
2026-05-15T06:14:08+00:00,cnsm-web-04,system.cpu.intr,4101.226741570492
2026-05-15T06:15:08+00:00,cnsm-web-04,system.cpu.intr,5350.703467908065
2026-05-15T06:16:08+00:00,cnsm-web-04,system.cpu.intr,5473.599114554117
2026-05-15T06:17:08+00:00,cnsm-web-04,system.cpu.intr,5211.333539447815
2026-05-15T06:18:08+00:00,cnsm-web-04,system.cpu.intr,5553.67013518126
2026-05-15T06:19:08+00:00,cnsm-web-04,system.cpu.intr,5445.74379529515
2026-05-15T06:20:08+00:00,cnsm-web-04,system.cpu.intr,5550.656771153684
2026-05-15T06:21:08+00:00,cnsm-web-04,system.cpu.intr,5246.562327846189
2026-05-15T06:22:08+00:00,cnsm-web-04,system.cpu.intr,5489.52294214514
2026-05-15T06:23:08+00:00,cnsm-web-04,system.cpu.intr,5416.568275363804
2026-05-15T06:24:08+00:00,cnsm-web-04,system.cpu.intr,5332.609515912795
2026-05-15T06:25:08+00:00,cnsm-web-04,system.cpu.intr,5414.022949098897
2026-05-15T06:26:08+00:00,cnsm-web-04,system.cpu.intr,5140.986043391761
2026-05-15T06:27:08+00:00,cnsm-web-04,system.cpu.intr,5534.7682007088915
2026-05-15T06:28:08+00:00,cnsm-web-04,system.cpu.intr,5077.953278202008
2026-05-15T06:29:08+00:00,cnsm-web-04,system.cpu.intr,5494.167428835662
2026-05-15T06:30:08+00:00,cnsm-web-04,system.cpu.intr,5289.612457951157
2026-05-15T06:31:08+00:00,cnsm-web-04,system.cpu.intr,5383.939978969769
2026-05-15T06:32:08+00:00,cnsm-web-04,system.cpu.intr,5383.498107056943
2026-05-15T06:33:08+00:00,cnsm-web-04,system.cpu.intr,5053.101878911715
2026-05-15T06:34:08+00:00,cnsm-web-04,system.cpu.intr,3992.7112769635837
2026-05-15T06:35:08+00:00,cnsm-web-04,system.cpu.intr,3649.9351190287202
2026-05-15T06:36:08+00:00,cnsm-web-04,system.cpu.intr,3637.278617127427
2026-05-15T06:37:08+00:00,cnsm-web-04,system.cpu.intr,4001.303968289404
2026-05-15T06:38:08+00:00,cnsm-web-04,system.cpu.intr,3998.0407902138945
2026-05-15T06:39:08+00:00,cnsm-web-04,system.cpu.intr,3786.452999854677
2026-05-15T06:40:08+00:00,cnsm-web-04,system.cpu.intr,3705.1942155363436
2026-05-15T06:41:08+00:00,cnsm-web-04,system.cpu.intr,3904.1432907857275
2026-05-15T06:42:08+00:00,cnsm-web-04,system.cpu.intr,3658.3175782214353
2026-05-15T06:43:08+00:00,cnsm-web-04,system.cpu.intr,4318.795626705714
2026-05-15T06:44:08+00:00,cnsm-web-04,system.cpu.intr,3675.9968327065826
2026-05-15T06:45:08+00:00,cnsm-web-04,system.cpu.intr,4033.5739556772437
2026-05-15T06:46:08+00:00,cnsm-web-04,system.cpu.intr,3702.043736697304
2026-05-15T06:47:08+00:00,cnsm-web-04,system.cpu.intr,3977.0503236481454
2026-05-15T06:48:08+00:00,cnsm-web-04,system.cpu.intr,3555.6562543993514
2026-05-15T06:49:08+00:00,cnsm-web-04,system.cpu.intr,4183.371618054703
2026-05-15T06:50:08+00:00,cnsm-web-04,system.cpu.intr,4057.6711017543084
2026-05-15T06:51:08+00:00,cnsm-web-04,system.cpu.intr,3782.580962931416
2026-05-15T06:52:08+00:00,cnsm-web-04,system.cpu.intr,3614.106547703451
2026-05-15T06:53:08+00:00,cnsm-web-04,system.cpu.intr,4051.917093030648
2026-05-15T06:54:08+00:00,cnsm-web-04,system.cpu.intr,3426.2174648548894
2026-05-15T06:55:08+00:00,cnsm-web-04,system.cpu.intr,4177.858048950787
2026-05-15T06:56:08+00:00,cnsm-web-04,system.cpu.intr,3577.3793004512936
2026-05-15T06:57:08+00:00,cnsm-web-04,system.cpu.intr,4128.3265970599105
2026-05-15T06:58:08+00:00,cnsm-web-04,system.cpu.intr,3552.8774319444997
2026-05-15T06:59:08+00:00,cnsm-web-04,system.cpu.intr,4170.128708417067
2026-05-15T07:00:08+00:00,cnsm-web-04,system.cpu.intr,3692.1796487673123
2026-05-15T07:01:08+00:00,cnsm-web-04,system.cpu.intr,4102.609851840715
2026-05-15T07:02:08+00:00,cnsm-web-04,system.cpu.intr,4015.2064210916014
2026-05-15T05:44:11+00:00,cnsm-web-04,"system.cpu.load[all,avg15]",0.721191
2026-05-15T05:45:11+00:00,cnsm-web-04,"system.cpu.load[all,avg15]",0.714355
2026-05-15T05:46:11+00:00,cnsm-web-04,"system.cpu.load[all,avg15]",0.717773
2026-05-15T05:47:11+00:00,cnsm-web-04,"system.cpu.load[all,avg15]",0.733398
2026-05-15T05:48:11+00:00,cnsm-web-04,"system.cpu.load[all,avg15]",0.731445
2026-05-15T05:49:11+00:00,cnsm-web-04,"system.cpu.load[all,avg15]",0.723633
2026-05-15T05:50:11+00:00,cnsm-web-04,"system.cpu.load[all,avg15]",0.710938
2026-05-15T05:51:11+00:00,cnsm-web-04,"system.cpu.load[all,avg15]",0.709473
2026-05-15T05:52:11+00:00,cnsm-web-04,"system.cpu.load[all,avg15]",0.712891
2026-05-15T05:53:11+00:00,cnsm-web-04,"system.cpu.load[all,avg15]",0.706055
2026-05-15T05:54:11+00:00,cnsm-web-04,"system.cpu.load[all,avg15]",0.704102
2026-05-15T05:55:11+00:00,cnsm-web-04,"system.cpu.load[all,avg15]",0.713379
2026-05-15T05:56:11+00:00,cnsm-web-04,"system.cpu.load[all,avg15]",0.748535
2026-05-15T05:57:11+00:00,cnsm-web-04,"system.cpu.load[all,avg15]",0.751953
2026-05-15T05:58:11+00:00,cnsm-web-04,"system.cpu.load[all,avg15]",0.744141
2026-05-15T05:59:11+00:00,cnsm-web-04,"system.cpu.load[all,avg15]",0.747559
2026-05-15T06:00:11+00:00,cnsm-web-04,"system.cpu.load[all,avg15]",0.745117
2026-05-15T06:01:11+00:00,cnsm-web-04,"system.cpu.load[all,avg15]",0.749023
2026-05-15T06:02:11+00:00,cnsm-web-04,"system.cpu.load[all,avg15]",0.741211
2026-05-15T06:03:11+00:00,cnsm-web-04,"system.cpu.load[all,avg15]",0.755371
2026-05-15T06:04:11+00:00,cnsm-web-04,"system.cpu.load[all,avg15]",0.759277
2026-05-15T06:05:11+00:00,cnsm-web-04,"system.cpu.load[all,avg15]",0.817871
2026-05-15T06:06:11+00:00,cnsm-web-04,"system.cpu.load[all,avg15]",0.799316
2026-05-15T06:07:11+00:00,cnsm-web-04,"system.cpu.load[all,avg15]",0.808594
2026-05-15T06:08:11+00:00,cnsm-web-04,"system.cpu.load[all,avg15]",0.79541
2026-05-15T06:09:11+00:00,cnsm-web-04,"system.cpu.load[all,avg15]",0.782715
2026-05-15T06:10:11+00:00,cnsm-web-04,"system.cpu.load[all,avg15]",0.775879
2026-05-15T06:11:11+00:00,cnsm-web-04,"system.cpu.load[all,avg15]",0.768555
2026-05-15T06:12:11+00:00,cnsm-web-04,"system.cpu.load[all,avg15]",0.744629
2026-05-15T06:13:11+00:00,cnsm-web-04,"system.cpu.load[all,avg15]",0.731445
2026-05-15T06:14:11+00:00,cnsm-web-04,"system.cpu.load[all,avg15]",0.752441
2026-05-15T06:15:11+00:00,cnsm-web-04,"system.cpu.load[all,avg15]",0.870117
2026-05-15T06:16:11+00:00,cnsm-web-04,"system.cpu.load[all,avg15]",0.969727
2026-05-15T06:17:11+00:00,cnsm-web-04,"system.cpu.load[all,avg15]",1.074219
2026-05-15T06:18:11+00:00,cnsm-web-04,"system.cpu.load[all,avg15]",1.166504
2026-05-15T06:19:11+00:00,cnsm-web-04,"system.cpu.load[all,avg15]",1.30957
2026-05-15T06:20:11+00:00,cnsm-web-04,"system.cpu.load[all,avg15]",1.396484
2026-05-15T06:21:11+00:00,cnsm-web-04,"system.cpu.load[all,avg15]",1.509766
2026-05-15T06:22:11+00:00,cnsm-web-04,"system.cpu.load[all,avg15]",1.580078
2026-05-15T06:23:11+00:00,cnsm-web-04,"system.cpu.load[all,avg15]",1.671387
2026-05-15T06:24:11+00:00,cnsm-web-04,"system.cpu.load[all,avg15]",1.74707
2026-05-15T06:25:11+00:00,cnsm-web-04,"system.cpu.load[all,avg15]",1.807617
2026-05-15T06:26:11+00:00,cnsm-web-04,"system.cpu.load[all,avg15]",1.858887
2026-05-15T06:27:11+00:00,cnsm-web-04,"system.cpu.load[all,avg15]",1.897461
2026-05-15T06:28:11+00:00,cnsm-web-04,"system.cpu.load[all,avg15]",1.95166
2026-05-15T06:29:11+00:00,cnsm-web-04,"system.cpu.load[all,avg15]",1.994629
2026-05-15T06:30:11+00:00,cnsm-web-04,"system.cpu.load[all,avg15]",2.029785
2026-05-15T06:31:11+00:00,cnsm-web-04,"system.cpu.load[all,avg15]",2.07959
2026-05-15T06:32:11+00:00,cnsm-web-04,"system.cpu.load[all,avg15]",2.135254
2026-05-15T06:33:11+00:00,cnsm-web-04,"system.cpu.load[all,avg15]",2.119629
2026-05-15T06:34:11+00:00,cnsm-web-04,"system.cpu.load[all,avg15]",2.025391
2026-05-15T06:35:11+00:00,cnsm-web-04,"system.cpu.load[all,avg15]",1.933105
2026-05-15T06:36:11+00:00,cnsm-web-04,"system.cpu.load[all,avg15]",1.862305
2026-05-15T06:37:11+00:00,cnsm-web-04,"system.cpu.load[all,avg15]",1.790527
2026-05-15T06:38:11+00:00,cnsm-web-04,"system.cpu.load[all,avg15]",1.718262
2026-05-15T06:39:11+00:00,cnsm-web-04,"system.cpu.load[all,avg15]",1.639648
2026-05-15T06:40:11+00:00,cnsm-web-04,"system.cpu.load[all,avg15]",1.566406
2026-05-15T06:41:11+00:00,cnsm-web-04,"system.cpu.load[all,avg15]",1.509277
2026-05-15T06:42:11+00:00,cnsm-web-04,"system.cpu.load[all,avg15]",1.454102
2026-05-15T06:43:11+00:00,cnsm-web-04,"system.cpu.load[all,avg15]",1.404297
2026-05-15T06:44:11+00:00,cnsm-web-04,"system.cpu.load[all,avg15]",1.349609
2026-05-15T06:45:11+00:00,cnsm-web-04,"system.cpu.load[all,avg15]",1.311523
2026-05-15T06:46:11+00:00,cnsm-web-04,"system.cpu.load[all,avg15]",1.269043
2026-05-15T06:47:11+00:00,cnsm-web-04,"system.cpu.load[all,avg15]",1.240234
2026-05-15T06:48:11+00:00,cnsm-web-04,"system.cpu.load[all,avg15]",1.19043
2026-05-15T06:49:11+00:00,cnsm-web-04,"system.cpu.load[all,avg15]",1.140137
2026-05-15T06:50:11+00:00,cnsm-web-04,"system.cpu.load[all,avg15]",1.130371
2026-05-15T06:51:11+00:00,cnsm-web-04,"system.cpu.load[all,avg15]",1.103516
2026-05-15T06:52:11+00:00,cnsm-web-04,"system.cpu.load[all,avg15]",1.078125
2026-05-15T06:53:11+00:00,cnsm-web-04,"system.cpu.load[all,avg15]",1.057617
2026-05-15T06:54:11+00:00,cnsm-web-04,"system.cpu.load[all,avg15]",1.037598
2026-05-15T06:55:11+00:00,cnsm-web-04,"system.cpu.load[all,avg15]",1.017578
2026-05-15T06:56:11+00:00,cnsm-web-04,"system.cpu.load[all,avg15]",0.993652
2026-05-15T06:57:11+00:00,cnsm-web-04,"system.cpu.load[all,avg15]",0.958008
2026-05-15T06:58:11+00:00,cnsm-web-04,"system.cpu.load[all,avg15]",0.955078
2026-05-15T06:59:11+00:00,cnsm-web-04,"system.cpu.load[all,avg15]",0.930664
2026-05-15T07:00:11+00:00,cnsm-web-04,"system.cpu.load[all,avg15]",0.916504
2026-05-15T07:01:11+00:00,cnsm-web-04,"system.cpu.load[all,avg15]",0.890137
2026-05-15T07:02:11+00:00,cnsm-web-04,"system.cpu.load[all,avg15]",0.85498
2026-05-15T05:44:01+00:00,cnsm-web-04,"system.cpu.load[all,avg1]",0.626465
2026-05-15T05:45:01+00:00,cnsm-web-04,"system.cpu.load[all,avg1]",0.534668
2026-05-15T05:46:01+00:00,cnsm-web-04,"system.cpu.load[all,avg1]",0.672852
2026-05-15T05:47:01+00:00,cnsm-web-04,"system.cpu.load[all,avg1]",0.901367
2026-05-15T05:48:01+00:00,cnsm-web-04,"system.cpu.load[all,avg1]",0.794434
2026-05-15T05:49:01+00:00,cnsm-web-04,"system.cpu.load[all,avg1]",0.622559
2026-05-15T05:50:01+00:00,cnsm-web-04,"system.cpu.load[all,avg1]",0.512207
2026-05-15T05:51:01+00:00,cnsm-web-04,"system.cpu.load[all,avg1]",0.654297
2026-05-15T05:52:01+00:00,cnsm-web-04,"system.cpu.load[all,avg1]",0.877441
2026-05-15T05:53:01+00:00,cnsm-web-04,"system.cpu.load[all,avg1]",0.644043
2026-05-15T05:54:01+00:00,cnsm-web-04,"system.cpu.load[all,avg1]",0.739258
2026-05-15T05:55:01+00:00,cnsm-web-04,"system.cpu.load[all,avg1]",0.716309
2026-05-15T05:56:01+00:00,cnsm-web-04,"system.cpu.load[all,avg1]",0.760742
2026-05-15T05:57:01+00:00,cnsm-web-04,"system.cpu.load[all,avg1]",0.984375
2026-05-15T05:58:01+00:00,cnsm-web-04,"system.cpu.load[all,avg1]",0.725098
2026-05-15T05:59:01+00:00,cnsm-web-04,"system.cpu.load[all,avg1]",0.759766
2026-05-15T06:00:01+00:00,cnsm-web-04,"system.cpu.load[all,avg1]",0.799805
2026-05-15T06:01:01+00:00,cnsm-web-04,"system.cpu.load[all,avg1]",0.834961
2026-05-15T06:02:01+00:00,cnsm-web-04,"system.cpu.load[all,avg1]",0.813477
2026-05-15T06:03:01+00:00,cnsm-web-04,"system.cpu.load[all,avg1]",0.822266
2026-05-15T06:04:01+00:00,cnsm-web-04,"system.cpu.load[all,avg1]",0.827637
2026-05-15T06:05:01+00:00,cnsm-web-04,"system.cpu.load[all,avg1]",1.330566
2026-05-15T06:06:01+00:00,cnsm-web-04,"system.cpu.load[all,avg1]",0.801758
2026-05-15T06:07:01+00:00,cnsm-web-04,"system.cpu.load[all,avg1]",0.823242
2026-05-15T06:08:01+00:00,cnsm-web-04,"system.cpu.load[all,avg1]",0.755859
2026-05-15T06:09:01+00:00,cnsm-web-04,"system.cpu.load[all,avg1]",0.715332
2026-05-15T06:10:01+00:00,cnsm-web-04,"system.cpu.load[all,avg1]",0.642578
2026-05-15T06:11:01+00:00,cnsm-web-04,"system.cpu.load[all,avg1]",0.743652
2026-05-15T06:12:01+00:00,cnsm-web-04,"system.cpu.load[all,avg1]",0.521484
2026-05-15T06:13:01+00:00,cnsm-web-04,"system.cpu.load[all,avg1]",0.64502
2026-05-15T06:14:01+00:00,cnsm-web-04,"system.cpu.load[all,avg1]",0.757324
2026-05-15T06:15:01+00:00,cnsm-web-04,"system.cpu.load[all,avg1]",1.714844
2026-05-15T06:16:01+00:00,cnsm-web-04,"system.cpu.load[all,avg1]",2.267578
2026-05-15T06:17:01+00:00,cnsm-web-04,"system.cpu.load[all,avg1]",2.416992
2026-05-15T06:18:01+00:00,cnsm-web-04,"system.cpu.load[all,avg1]",2.55957
2026-05-15T06:19:01+00:00,cnsm-web-04,"system.cpu.load[all,avg1]",2.835938
2026-05-15T06:20:01+00:00,cnsm-web-04,"system.cpu.load[all,avg1]",2.931152
2026-05-15T06:21:01+00:00,cnsm-web-04,"system.cpu.load[all,avg1]",3.024902
2026-05-15T06:22:01+00:00,cnsm-web-04,"system.cpu.load[all,avg1]",2.895508
2026-05-15T06:23:01+00:00,cnsm-web-04,"system.cpu.load[all,avg1]",2.976562
2026-05-15T06:24:01+00:00,cnsm-web-04,"system.cpu.load[all,avg1]",2.714844
2026-05-15T06:25:01+00:00,cnsm-web-04,"system.cpu.load[all,avg1]",2.776855
2026-05-15T06:26:01+00:00,cnsm-web-04,"system.cpu.load[all,avg1]",2.694824
2026-05-15T06:27:01+00:00,cnsm-web-04,"system.cpu.load[all,avg1]",2.560059
2026-05-15T06:28:01+00:00,cnsm-web-04,"system.cpu.load[all,avg1]",2.59082
2026-05-15T06:29:01+00:00,cnsm-web-04,"system.cpu.load[all,avg1]",2.669922
2026-05-15T06:30:01+00:00,cnsm-web-04,"system.cpu.load[all,avg1]",2.578125
2026-05-15T06:31:01+00:00,cnsm-web-04,"system.cpu.load[all,avg1]",2.944824
2026-05-15T06:32:01+00:00,cnsm-web-04,"system.cpu.load[all,avg1]",2.811523
2026-05-15T06:33:01+00:00,cnsm-web-04,"system.cpu.load[all,avg1]",2.458496
2026-05-15T06:34:01+00:00,cnsm-web-04,"system.cpu.load[all,avg1]",1.304688
2026-05-15T06:35:01+00:00,cnsm-web-04,"system.cpu.load[all,avg1]",0.842773
2026-05-15T06:36:01+00:00,cnsm-web-04,"system.cpu.load[all,avg1]",0.874023
2026-05-15T06:37:01+00:00,cnsm-web-04,"system.cpu.load[all,avg1]",0.864258
2026-05-15T06:38:01+00:00,cnsm-web-04,"system.cpu.load[all,avg1]",0.615234
2026-05-15T06:39:01+00:00,cnsm-web-04,"system.cpu.load[all,avg1]",0.459961
2026-05-15T06:40:01+00:00,cnsm-web-04,"system.cpu.load[all,avg1]",0.538574
2026-05-15T06:41:01+00:00,cnsm-web-04,"system.cpu.load[all,avg1]",0.750977
2026-05-15T06:42:01+00:00,cnsm-web-04,"system.cpu.load[all,avg1]",0.657227
2026-05-15T06:43:01+00:00,cnsm-web-04,"system.cpu.load[all,avg1]",0.749023
2026-05-15T06:44:01+00:00,cnsm-web-04,"system.cpu.load[all,avg1]",0.574219
2026-05-15T06:45:01+00:00,cnsm-web-04,"system.cpu.load[all,avg1]",0.73877
2026-05-15T06:46:01+00:00,cnsm-web-04,"system.cpu.load[all,avg1]",0.574219
2026-05-15T06:47:01+00:00,cnsm-web-04,"system.cpu.load[all,avg1]",0.78125
2026-05-15T06:48:01+00:00,cnsm-web-04,"system.cpu.load[all,avg1]",0.557129
2026-05-15T06:49:01+00:00,cnsm-web-04,"system.cpu.load[all,avg1]",0.518555
2026-05-15T06:50:01+00:00,cnsm-web-04,"system.cpu.load[all,avg1]",0.668457
2026-05-15T06:51:01+00:00,cnsm-web-04,"system.cpu.load[all,avg1]",0.783203
2026-05-15T06:52:01+00:00,cnsm-web-04,"system.cpu.load[all,avg1]",0.707031
2026-05-15T06:53:01+00:00,cnsm-web-04,"system.cpu.load[all,avg1]",0.817871
2026-05-15T06:54:01+00:00,cnsm-web-04,"system.cpu.load[all,avg1]",0.668945
2026-05-15T06:55:01+00:00,cnsm-web-04,"system.cpu.load[all,avg1]",0.834961
2026-05-15T06:56:01+00:00,cnsm-web-04,"system.cpu.load[all,avg1]",0.695312
2026-05-15T06:57:01+00:00,cnsm-web-04,"system.cpu.load[all,avg1]",0.575684
2026-05-15T06:58:01+00:00,cnsm-web-04,"system.cpu.load[all,avg1]",0.672852
2026-05-15T06:59:01+00:00,cnsm-web-04,"system.cpu.load[all,avg1]",0.662598
2026-05-15T07:00:01+00:00,cnsm-web-04,"system.cpu.load[all,avg1]",0.694336
2026-05-15T07:01:01+00:00,cnsm-web-04,"system.cpu.load[all,avg1]",0.546875
2026-05-15T07:02:01+00:00,cnsm-web-04,"system.cpu.load[all,avg1]",0.399902
2026-05-15T05:44:09+00:00,cnsm-web-04,"system.cpu.load[all,avg5]",0.734863
2026-05-15T05:45:09+00:00,cnsm-web-04,"system.cpu.load[all,avg5]",0.708008
2026-05-15T05:46:09+00:00,cnsm-web-04,"system.cpu.load[all,avg5]",0.71582
2026-05-15T05:47:09+00:00,cnsm-web-04,"system.cpu.load[all,avg5]",0.763672
2026-05-15T05:48:09+00:00,cnsm-web-04,"system.cpu.load[all,avg5]",0.758301
2026-05-15T05:49:09+00:00,cnsm-web-04,"system.cpu.load[all,avg5]",0.728027
2026-05-15T05:50:09+00:00,cnsm-web-04,"system.cpu.load[all,avg5]",0.686523
2026-05-15T05:51:09+00:00,cnsm-web-04,"system.cpu.load[all,avg5]",0.682129
2026-05-15T05:52:09+00:00,cnsm-web-04,"system.cpu.load[all,avg5]",0.696289
2026-05-15T05:53:09+00:00,cnsm-web-04,"system.cpu.load[all,avg5]",0.674316
2026-05-15T05:54:09+00:00,cnsm-web-04,"system.cpu.load[all,avg5]",0.670898
2026-05-15T05:55:09+00:00,cnsm-web-04,"system.cpu.load[all,avg5]",0.700195
2026-05-15T05:56:09+00:00,cnsm-web-04,"system.cpu.load[all,avg5]",0.804199
2026-05-15T05:57:09+00:00,cnsm-web-04,"system.cpu.load[all,avg5]",0.806152
2026-05-15T05:58:09+00:00,cnsm-web-04,"system.cpu.load[all,avg5]",0.780273
2026-05-15T05:59:09+00:00,cnsm-web-04,"system.cpu.load[all,avg5]",0.788574
2026-05-15T06:00:09+00:00,cnsm-web-04,"system.cpu.load[all,avg5]",0.780762
2026-05-15T06:01:09+00:00,cnsm-web-04,"system.cpu.load[all,avg5]",0.789551
2026-05-15T06:02:09+00:00,cnsm-web-04,"system.cpu.load[all,avg5]",0.765625
2026-05-15T06:03:09+00:00,cnsm-web-04,"system.cpu.load[all,avg5]",0.806152
2026-05-15T06:04:09+00:00,cnsm-web-04,"system.cpu.load[all,avg5]",0.811523
2026-05-15T06:05:09+00:00,cnsm-web-04,"system.cpu.load[all,avg5]",0.968262
2026-05-15T06:06:09+00:00,cnsm-web-04,"system.cpu.load[all,avg5]",0.883789
2026-05-15T06:07:09+00:00,cnsm-web-04,"system.cpu.load[all,avg5]",0.892578
2026-05-15T06:08:09+00:00,cnsm-web-04,"system.cpu.load[all,avg5]",0.836426
2026-05-15T06:09:09+00:00,cnsm-web-04,"system.cpu.load[all,avg5]",0.788574
2026-05-15T06:10:09+00:00,cnsm-web-04,"system.cpu.load[all,avg5]",0.765137
2026-05-15T06:11:09+00:00,cnsm-web-04,"system.cpu.load[all,avg5]",0.750488
2026-05-15T06:12:09+00:00,cnsm-web-04,"system.cpu.load[all,avg5]",0.688477
2026-05-15T06:13:09+00:00,cnsm-web-04,"system.cpu.load[all,avg5]",0.66748
2026-05-15T06:14:09+00:00,cnsm-web-04,"system.cpu.load[all,avg5]",0.747559
2026-05-15T06:15:09+00:00,cnsm-web-04,"system.cpu.load[all,avg5]",1.088379
2026-05-15T06:16:09+00:00,cnsm-web-04,"system.cpu.load[all,avg5]",1.33252
2026-05-15T06:17:09+00:00,cnsm-web-04,"system.cpu.load[all,avg5]",1.564453
2026-05-15T06:18:09+00:00,cnsm-web-04,"system.cpu.load[all,avg5]",1.736328
2026-05-15T06:19:09+00:00,cnsm-web-04,"system.cpu.load[all,avg5]",2.041016
2026-05-15T06:20:09+00:00,cnsm-web-04,"system.cpu.load[all,avg5]",2.154297
2026-05-15T06:21:09+00:00,cnsm-web-04,"system.cpu.load[all,avg5]",2.33252
2026-05-15T06:22:09+00:00,cnsm-web-04,"system.cpu.load[all,avg5]",2.378906
2026-05-15T06:23:09+00:00,cnsm-web-04,"system.cpu.load[all,avg5]",2.492188
2026-05-15T06:24:09+00:00,cnsm-web-04,"system.cpu.load[all,avg5]",2.555664
2026-05-15T06:25:09+00:00,cnsm-web-04,"system.cpu.load[all,avg5]",2.574707
2026-05-15T06:26:09+00:00,cnsm-web-04,"system.cpu.load[all,avg5]",2.578125
2026-05-15T06:27:09+00:00,cnsm-web-04,"system.cpu.load[all,avg5]",2.545898
2026-05-15T06:28:09+00:00,cnsm-web-04,"system.cpu.load[all,avg5]",2.58252
2026-05-15T06:29:09+00:00,cnsm-web-04,"system.cpu.load[all,avg5]",2.580078
2026-05-15T06:30:09+00:00,cnsm-web-04,"system.cpu.load[all,avg5]",2.57959
2026-05-15T06:31:09+00:00,cnsm-web-04,"system.cpu.load[all,avg5]",2.629395
2026-05-15T06:32:09+00:00,cnsm-web-04,"system.cpu.load[all,avg5]",2.690918
2026-05-15T06:33:09+00:00,cnsm-web-04,"system.cpu.load[all,avg5]",2.543945
2026-05-15T06:34:09+00:00,cnsm-web-04,"system.cpu.load[all,avg5]",2.197754
2026-05-15T06:35:09+00:00,cnsm-web-04,"system.cpu.load[all,avg5]",1.900879
2026-05-15T06:36:09+00:00,cnsm-web-04,"system.cpu.load[all,avg5]",1.70459
2026-05-15T06:37:09+00:00,cnsm-web-04,"system.cpu.load[all,avg5]",1.526855
2026-05-15T06:38:09+00:00,cnsm-web-04,"system.cpu.load[all,avg5]",1.368164
2026-05-15T06:39:09+00:00,cnsm-web-04,"system.cpu.load[all,avg5]",1.210938
2026-05-15T06:40:09+00:00,cnsm-web-04,"system.cpu.load[all,avg5]",1.078125
2026-05-15T06:41:09+00:00,cnsm-web-04,"system.cpu.load[all,avg5]",1.00293
2026-05-15T06:42:09+00:00,cnsm-web-04,"system.cpu.load[all,avg5]",0.938965
2026-05-15T06:43:09+00:00,cnsm-web-04,"system.cpu.load[all,avg5]",0.887695
2026-05-15T06:44:09+00:00,cnsm-web-04,"system.cpu.load[all,avg5]",0.82959
2026-05-15T06:45:09+00:00,cnsm-web-04,"system.cpu.load[all,avg5]",0.811035
2026-05-15T06:46:09+00:00,cnsm-web-04,"system.cpu.load[all,avg5]",0.78418
2026-05-15T06:47:09+00:00,cnsm-web-04,"system.cpu.load[all,avg5]",0.786133
2026-05-15T06:48:09+00:00,cnsm-web-04,"system.cpu.load[all,avg5]",0.733398
2026-05-15T06:49:09+00:00,cnsm-web-04,"system.cpu.load[all,avg5]",0.673828
2026-05-15T06:50:09+00:00,cnsm-web-04,"system.cpu.load[all,avg5]",0.73291
2026-05-15T06:51:09+00:00,cnsm-web-04,"system.cpu.load[all,avg5]",0.733887
2026-05-15T06:52:09+00:00,cnsm-web-04,"system.cpu.load[all,avg5]",0.732422
2026-05-15T06:53:09+00:00,cnsm-web-04,"system.cpu.load[all,avg5]",0.733398
2026-05-15T06:54:09+00:00,cnsm-web-04,"system.cpu.load[all,avg5]",0.734863
2026-05-15T06:55:09+00:00,cnsm-web-04,"system.cpu.load[all,avg5]",0.735352
2026-05-15T06:56:09+00:00,cnsm-web-04,"system.cpu.load[all,avg5]",0.721191
2026-05-15T06:57:09+00:00,cnsm-web-04,"system.cpu.load[all,avg5]",0.664062
2026-05-15T06:58:09+00:00,cnsm-web-04,"system.cpu.load[all,avg5]",0.706543
2026-05-15T06:59:09+00:00,cnsm-web-04,"system.cpu.load[all,avg5]",0.684082
2026-05-15T07:00:09+00:00,cnsm-web-04,"system.cpu.load[all,avg5]",0.692871
2026-05-15T07:01:09+00:00,cnsm-web-04,"system.cpu.load[all,avg5]",0.65625
2026-05-15T07:02:09+00:00,cnsm-web-04,"system.cpu.load[all,avg5]",0.597168
2026-05-15T05:44:56+00:00,cnsm-web-04,vm.memory.utilization,6.367395999999999
2026-05-15T05:45:56+00:00,cnsm-web-04,vm.memory.utilization,6.362104000000002
2026-05-15T05:46:56+00:00,cnsm-web-04,vm.memory.utilization,6.388964999999999
2026-05-15T05:47:56+00:00,cnsm-web-04,vm.memory.utilization,6.362658999999994
2026-05-15T05:48:56+00:00,cnsm-web-04,vm.memory.utilization,6.395213999999996
2026-05-15T05:49:56+00:00,cnsm-web-04,vm.memory.utilization,6.397683000000001
2026-05-15T05:50:56+00:00,cnsm-web-04,vm.memory.utilization,6.353537000000003
2026-05-15T05:51:56+00:00,cnsm-web-04,vm.memory.utilization,6.376366000000004
2026-05-15T05:52:56+00:00,cnsm-web-04,vm.memory.utilization,6.370168000000007
2026-05-15T05:53:56+00:00,cnsm-web-04,vm.memory.utilization,6.406955999999994
2026-05-15T05:54:56+00:00,cnsm-web-04,vm.memory.utilization,6.412801999999999
2026-05-15T05:55:56+00:00,cnsm-web-04,vm.memory.utilization,6.389871999999997
2026-05-15T05:56:56+00:00,cnsm-web-04,vm.memory.utilization,6.389469000000005
2026-05-15T05:57:56+00:00,cnsm-web-04,vm.memory.utilization,6.384580999999997
2026-05-15T05:58:56+00:00,cnsm-web-04,vm.memory.utilization,6.436085000000006
2026-05-15T05:59:56+00:00,cnsm-web-04,vm.memory.utilization,6.593620000000001
2026-05-15T06:00:56+00:00,cnsm-web-04,vm.memory.utilization,6.689824999999999
2026-05-15T06:01:56+00:00,cnsm-web-04,vm.memory.utilization,6.665232000000003
2026-05-15T06:02:56+00:00,cnsm-web-04,vm.memory.utilization,6.468086
2026-05-15T06:03:56+00:00,cnsm-web-04,vm.memory.utilization,6.467934
2026-05-15T06:04:56+00:00,cnsm-web-04,vm.memory.utilization,6.743797999999998
2026-05-15T06:05:56+00:00,cnsm-web-04,vm.memory.utilization,6.496105
2026-05-15T06:06:56+00:00,cnsm-web-04,vm.memory.utilization,6.501548
2026-05-15T06:07:56+00:00,cnsm-web-04,vm.memory.utilization,6.437646999999998
2026-05-15T06:08:56+00:00,cnsm-web-04,vm.memory.utilization,6.613123000000002
2026-05-15T06:09:56+00:00,cnsm-web-04,vm.memory.utilization,7.145499000000001
2026-05-15T06:10:56+00:00,cnsm-web-04,vm.memory.utilization,6.685490999999999
2026-05-15T06:11:56+00:00,cnsm-web-04,vm.memory.utilization,6.667248000000001
2026-05-15T06:12:56+00:00,cnsm-web-04,vm.memory.utilization,6.504621999999998
2026-05-15T06:13:56+00:00,cnsm-web-04,vm.memory.utilization,6.5927640000000025
2026-05-15T06:14:56+00:00,cnsm-web-04,vm.memory.utilization,7.056955000000002
2026-05-15T06:15:56+00:00,cnsm-web-04,vm.memory.utilization,7.214037000000005
2026-05-15T06:16:56+00:00,cnsm-web-04,vm.memory.utilization,7.081800000000001
2026-05-15T06:17:56+00:00,cnsm-web-04,vm.memory.utilization,6.9986980000000045
2026-05-15T06:18:56+00:00,cnsm-web-04,vm.memory.utilization,6.898612999999997
2026-05-15T06:19:56+00:00,cnsm-web-04,vm.memory.utilization,6.954199000000003
2026-05-15T06:20:56+00:00,cnsm-web-04,vm.memory.utilization,6.8342580000000055
2026-05-15T06:21:56+00:00,cnsm-web-04,vm.memory.utilization,6.876388000000006
2026-05-15T06:22:56+00:00,cnsm-web-04,vm.memory.utilization,6.831083000000007
2026-05-15T06:23:56+00:00,cnsm-web-04,vm.memory.utilization,7.0844709999999935
2026-05-15T06:24:56+00:00,cnsm-web-04,vm.memory.utilization,6.821608999999995
2026-05-15T06:25:56+00:00,cnsm-web-04,vm.memory.utilization,6.859859
2026-05-15T06:26:56+00:00,cnsm-web-04,vm.memory.utilization,6.8109249999999975
2026-05-15T06:27:56+00:00,cnsm-web-04,vm.memory.utilization,7.016890000000004
2026-05-15T06:28:56+00:00,cnsm-web-04,vm.memory.utilization,6.783157000000003
2026-05-15T06:29:56+00:00,cnsm-web-04,vm.memory.utilization,6.926884000000001
2026-05-15T06:30:56+00:00,cnsm-web-04,vm.memory.utilization,6.796662999999995
2026-05-15T06:31:56+00:00,cnsm-web-04,vm.memory.utilization,6.756095000000002
2026-05-15T06:32:56+00:00,cnsm-web-04,vm.memory.utilization,6.820398999999995
2026-05-15T06:33:56+00:00,cnsm-web-04,vm.memory.utilization,6.4592659999999995
2026-05-15T06:34:56+00:00,cnsm-web-04,vm.memory.utilization,6.654043999999999
2026-05-15T06:35:56+00:00,cnsm-web-04,vm.memory.utilization,6.424141000000006
2026-05-15T06:36:56+00:00,cnsm-web-04,vm.memory.utilization,6.406503000000001
2026-05-15T06:37:56+00:00,cnsm-web-04,vm.memory.utilization,6.418597000000005
2026-05-15T06:38:56+00:00,cnsm-web-04,vm.memory.utilization,6.444248999999999
2026-05-15T06:39:56+00:00,cnsm-web-04,vm.memory.utilization,6.449893000000003
2026-05-15T06:40:56+00:00,cnsm-web-04,vm.memory.utilization,6.366135999999997
2026-05-15T06:41:56+00:00,cnsm-web-04,vm.memory.utilization,6.4207640000000055
2026-05-15T06:42:56+00:00,cnsm-web-04,vm.memory.utilization,6.454680999999994
2026-05-15T06:43:56+00:00,cnsm-web-04,vm.memory.utilization,6.383370999999997
2026-05-15T06:44:56+00:00,cnsm-web-04,vm.memory.utilization,6.518078000000003
2026-05-15T06:45:56+00:00,cnsm-web-04,vm.memory.utilization,6.3589800000000025
2026-05-15T06:46:56+00:00,cnsm-web-04,vm.memory.utilization,6.882738000000003
2026-05-15T06:47:56+00:00,cnsm-web-04,vm.memory.utilization,6.393349000000001
2026-05-15T06:48:56+00:00,cnsm-web-04,vm.memory.utilization,6.445357000000001
2026-05-15T06:49:56+00:00,cnsm-web-04,vm.memory.utilization,6.384933000000004
2026-05-15T06:50:56+00:00,cnsm-web-04,vm.memory.utilization,6.4108870000000024
2026-05-15T06:51:56+00:00,cnsm-web-04,vm.memory.utilization,6.437646999999998
2026-05-15T06:52:56+00:00,cnsm-web-04,vm.memory.utilization,6.707009999999997
2026-05-15T06:53:56+00:00,cnsm-web-04,vm.memory.utilization,6.4479280000000045
2026-05-15T06:54:56+00:00,cnsm-web-04,vm.memory.utilization,6.409627
2026-05-15T06:55:56+00:00,cnsm-web-04,vm.memory.utilization,6.725201999999996
2026-05-15T06:56:56+00:00,cnsm-web-04,vm.memory.utilization,6.729033000000001
2026-05-15T06:57:56+00:00,cnsm-web-04,vm.memory.utilization,6.526947000000007
2026-05-15T06:58:56+00:00,cnsm-web-04,vm.memory.utilization,6.387957
2026-05-15T06:59:56+00:00,cnsm-web-04,vm.memory.utilization,6.812386000000004
2026-05-15T07:00:56+00:00,cnsm-web-04,vm.memory.utilization,6.4157749999999965
2026-05-15T07:01:56+00:00,cnsm-web-04,vm.memory.utilization,6.471965999999995
2026-05-15T07:02:56+00:00,cnsm-web-04,vm.memory.utilization,6.491923
2026-05-15T05:44:05+00:00,cnsm-web-04,proc.num,138
2026-05-15T05:45:05+00:00,cnsm-web-04,proc.num,140
2026-05-15T05:46:05+00:00,cnsm-web-04,proc.num,137
2026-05-15T05:47:05+00:00,cnsm-web-04,proc.num,140
2026-05-15T05:48:05+00:00,cnsm-web-04,proc.num,139
2026-05-15T05:49:05+00:00,cnsm-web-04,proc.num,137
2026-05-15T05:50:05+00:00,cnsm-web-04,proc.num,137
2026-05-15T05:51:05+00:00,cnsm-web-04,proc.num,138
2026-05-15T05:52:05+00:00,cnsm-web-04,proc.num,139
2026-05-15T05:53:05+00:00,cnsm-web-04,proc.num,137
2026-05-15T05:54:05+00:00,cnsm-web-04,proc.num,139
2026-05-15T05:55:05+00:00,cnsm-web-04,proc.num,137
2026-05-15T05:56:05+00:00,cnsm-web-04,proc.num,136
2026-05-15T05:57:05+00:00,cnsm-web-04,proc.num,137
2026-05-15T05:58:05+00:00,cnsm-web-04,proc.num,137
2026-05-15T05:59:05+00:00,cnsm-web-04,proc.num,141
2026-05-15T06:00:05+00:00,cnsm-web-04,proc.num,142
2026-05-15T06:01:05+00:00,cnsm-web-04,proc.num,146
2026-05-15T06:02:05+00:00,cnsm-web-04,proc.num,148
2026-05-15T06:03:05+00:00,cnsm-web-04,proc.num,149
2026-05-15T06:04:05+00:00,cnsm-web-04,proc.num,148
2026-05-15T06:05:05+00:00,cnsm-web-04,proc.num,149
2026-05-15T06:06:05+00:00,cnsm-web-04,proc.num,148
2026-05-15T06:07:05+00:00,cnsm-web-04,proc.num,150
2026-05-15T06:08:05+00:00,cnsm-web-04,proc.num,148
2026-05-15T06:09:05+00:00,cnsm-web-04,proc.num,149
2026-05-15T06:10:05+00:00,cnsm-web-04,proc.num,147
2026-05-15T06:11:05+00:00,cnsm-web-04,proc.num,151
2026-05-15T06:12:05+00:00,cnsm-web-04,proc.num,146
2026-05-15T06:13:05+00:00,cnsm-web-04,proc.num,148
2026-05-15T06:14:05+00:00,cnsm-web-04,proc.num,156
2026-05-15T06:15:05+00:00,cnsm-web-04,proc.num,156
2026-05-15T06:16:05+00:00,cnsm-web-04,proc.num,153
2026-05-15T06:17:05+00:00,cnsm-web-04,proc.num,151
2026-05-15T06:18:05+00:00,cnsm-web-04,proc.num,155
2026-05-15T06:19:05+00:00,cnsm-web-04,proc.num,156
2026-05-15T06:20:05+00:00,cnsm-web-04,proc.num,157
2026-05-15T06:21:05+00:00,cnsm-web-04,proc.num,157
2026-05-15T06:22:05+00:00,cnsm-web-04,proc.num,156
2026-05-15T06:23:05+00:00,cnsm-web-04,proc.num,157
2026-05-15T06:24:05+00:00,cnsm-web-04,proc.num,154
2026-05-15T06:25:05+00:00,cnsm-web-04,proc.num,150
2026-05-15T06:26:05+00:00,cnsm-web-04,proc.num,151
2026-05-15T06:27:05+00:00,cnsm-web-04,proc.num,151
2026-05-15T06:28:05+00:00,cnsm-web-04,proc.num,153
2026-05-15T06:29:05+00:00,cnsm-web-04,proc.num,150
2026-05-15T06:30:05+00:00,cnsm-web-04,proc.num,149
2026-05-15T06:31:05+00:00,cnsm-web-04,proc.num,152
2026-05-15T06:32:05+00:00,cnsm-web-04,proc.num,150
2026-05-15T06:33:05+00:00,cnsm-web-04,proc.num,143
2026-05-15T06:34:05+00:00,cnsm-web-04,proc.num,144
2026-05-15T06:35:05+00:00,cnsm-web-04,proc.num,144
2026-05-15T06:36:05+00:00,cnsm-web-04,proc.num,143
2026-05-15T06:37:05+00:00,cnsm-web-04,proc.num,144
2026-05-15T06:38:05+00:00,cnsm-web-04,proc.num,140
2026-05-15T06:39:05+00:00,cnsm-web-04,proc.num,138
2026-05-15T06:40:05+00:00,cnsm-web-04,proc.num,143
2026-05-15T06:41:05+00:00,cnsm-web-04,proc.num,144
2026-05-15T06:42:05+00:00,cnsm-web-04,proc.num,140
2026-05-15T06:43:05+00:00,cnsm-web-04,proc.num,144
2026-05-15T06:44:05+00:00,cnsm-web-04,proc.num,140
2026-05-15T06:45:05+00:00,cnsm-web-04,proc.num,142
2026-05-15T06:46:05+00:00,cnsm-web-04,proc.num,141
2026-05-15T06:47:05+00:00,cnsm-web-04,proc.num,142
2026-05-15T06:48:05+00:00,cnsm-web-04,proc.num,141
2026-05-15T06:49:05+00:00,cnsm-web-04,proc.num,144
2026-05-15T06:50:05+00:00,cnsm-web-04,proc.num,143
2026-05-15T06:51:05+00:00,cnsm-web-04,proc.num,145
2026-05-15T06:52:05+00:00,cnsm-web-04,proc.num,144
2026-05-15T06:53:05+00:00,cnsm-web-04,proc.num,145
2026-05-15T06:54:05+00:00,cnsm-web-04,proc.num,144
2026-05-15T06:55:05+00:00,cnsm-web-04,proc.num,142
2026-05-15T06:56:05+00:00,cnsm-web-04,proc.num,143
2026-05-15T06:57:05+00:00,cnsm-web-04,proc.num,144
2026-05-15T06:58:05+00:00,cnsm-web-04,proc.num,143
2026-05-15T06:59:05+00:00,cnsm-web-04,proc.num,141
2026-05-15T07:00:05+00:00,cnsm-web-04,proc.num,145
2026-05-15T07:01:05+00:00,cnsm-web-04,proc.num,142
2026-05-15T07:02:05+00:00,cnsm-web-04,proc.num,142
2026-05-15T05:44:06+00:00,cnsm-web-04,"proc.num[,,run]",0
2026-05-15T05:45:06+00:00,cnsm-web-04,"proc.num[,,run]",5
2026-05-15T05:46:06+00:00,cnsm-web-04,"proc.num[,,run]",0
2026-05-15T05:47:06+00:00,cnsm-web-04,"proc.num[,,run]",2
2026-05-15T05:48:06+00:00,cnsm-web-04,"proc.num[,,run]",0
2026-05-15T05:49:06+00:00,cnsm-web-04,"proc.num[,,run]",2
2026-05-15T05:50:06+00:00,cnsm-web-04,"proc.num[,,run]",0
2026-05-15T05:51:06+00:00,cnsm-web-04,"proc.num[,,run]",0
2026-05-15T05:52:06+00:00,cnsm-web-04,"proc.num[,,run]",0
2026-05-15T05:53:06+00:00,cnsm-web-04,"proc.num[,,run]",1
2026-05-15T05:54:06+00:00,cnsm-web-04,"proc.num[,,run]",0
2026-05-15T05:55:06+00:00,cnsm-web-04,"proc.num[,,run]",0
2026-05-15T05:56:06+00:00,cnsm-web-04,"proc.num[,,run]",0
2026-05-15T05:57:06+00:00,cnsm-web-04,"proc.num[,,run]",1
2026-05-15T05:58:06+00:00,cnsm-web-04,"proc.num[,,run]",0
2026-05-15T05:59:06+00:00,cnsm-web-04,"proc.num[,,run]",4
2026-05-15T06:00:06+00:00,cnsm-web-04,"proc.num[,,run]",0
2026-05-15T06:01:06+00:00,cnsm-web-04,"proc.num[,,run]",0
2026-05-15T06:02:06+00:00,cnsm-web-04,"proc.num[,,run]",0
2026-05-15T06:03:06+00:00,cnsm-web-04,"proc.num[,,run]",0
2026-05-15T06:04:06+00:00,cnsm-web-04,"proc.num[,,run]",5
2026-05-15T06:05:06+00:00,cnsm-web-04,"proc.num[,,run]",1
2026-05-15T06:06:06+00:00,cnsm-web-04,"proc.num[,,run]",0
2026-05-15T06:07:06+00:00,cnsm-web-04,"proc.num[,,run]",1
2026-05-15T06:08:06+00:00,cnsm-web-04,"proc.num[,,run]",0
2026-05-15T06:09:06+00:00,cnsm-web-04,"proc.num[,,run]",1
2026-05-15T06:10:06+00:00,cnsm-web-04,"proc.num[,,run]",0
2026-05-15T06:11:06+00:00,cnsm-web-04,"proc.num[,,run]",1
2026-05-15T06:12:06+00:00,cnsm-web-04,"proc.num[,,run]",0
2026-05-15T06:13:06+00:00,cnsm-web-04,"proc.num[,,run]",5
2026-05-15T06:14:06+00:00,cnsm-web-04,"proc.num[,,run]",2
2026-05-15T06:15:06+00:00,cnsm-web-04,"proc.num[,,run]",2
2026-05-15T06:16:06+00:00,cnsm-web-04,"proc.num[,,run]",5
2026-05-15T06:17:06+00:00,cnsm-web-04,"proc.num[,,run]",2
2026-05-15T06:18:06+00:00,cnsm-web-04,"proc.num[,,run]",3
2026-05-15T06:19:06+00:00,cnsm-web-04,"proc.num[,,run]",2
2026-05-15T06:20:06+00:00,cnsm-web-04,"proc.num[,,run]",7
2026-05-15T06:21:06+00:00,cnsm-web-04,"proc.num[,,run]",2
2026-05-15T06:22:06+00:00,cnsm-web-04,"proc.num[,,run]",2
2026-05-15T06:23:06+00:00,cnsm-web-04,"proc.num[,,run]",1
2026-05-15T06:24:06+00:00,cnsm-web-04,"proc.num[,,run]",3
2026-05-15T06:25:06+00:00,cnsm-web-04,"proc.num[,,run]",7
2026-05-15T06:26:06+00:00,cnsm-web-04,"proc.num[,,run]",2
2026-05-15T06:27:06+00:00,cnsm-web-04,"proc.num[,,run]",6
2026-05-15T06:28:06+00:00,cnsm-web-04,"proc.num[,,run]",1
2026-05-15T06:29:06+00:00,cnsm-web-04,"proc.num[,,run]",5
2026-05-15T06:30:06+00:00,cnsm-web-04,"proc.num[,,run]",2
2026-05-15T06:31:06+00:00,cnsm-web-04,"proc.num[,,run]",4
2026-05-15T06:32:06+00:00,cnsm-web-04,"proc.num[,,run]",2
2026-05-15T06:33:06+00:00,cnsm-web-04,"proc.num[,,run]",0
2026-05-15T06:34:06+00:00,cnsm-web-04,"proc.num[,,run]",2
2026-05-15T06:35:06+00:00,cnsm-web-04,"proc.num[,,run]",0
2026-05-15T06:36:06+00:00,cnsm-web-04,"proc.num[,,run]",0
2026-05-15T06:37:06+00:00,cnsm-web-04,"proc.num[,,run]",1
2026-05-15T06:38:06+00:00,cnsm-web-04,"proc.num[,,run]",0
2026-05-15T06:39:06+00:00,cnsm-web-04,"proc.num[,,run]",0
2026-05-15T06:40:06+00:00,cnsm-web-04,"proc.num[,,run]",0
2026-05-15T06:41:06+00:00,cnsm-web-04,"proc.num[,,run]",1
2026-05-15T06:42:06+00:00,cnsm-web-04,"proc.num[,,run]",0
2026-05-15T06:43:06+00:00,cnsm-web-04,"proc.num[,,run]",2
2026-05-15T06:44:06+00:00,cnsm-web-04,"proc.num[,,run]",0
2026-05-15T06:45:06+00:00,cnsm-web-04,"proc.num[,,run]",1
2026-05-15T06:46:06+00:00,cnsm-web-04,"proc.num[,,run]",0
2026-05-15T06:47:06+00:00,cnsm-web-04,"proc.num[,,run]",0
2026-05-15T06:48:06+00:00,cnsm-web-04,"proc.num[,,run]",0
2026-05-15T06:49:06+00:00,cnsm-web-04,"proc.num[,,run]",5
2026-05-15T06:50:06+00:00,cnsm-web-04,"proc.num[,,run]",0
2026-05-15T06:51:06+00:00,cnsm-web-04,"proc.num[,,run]",0
2026-05-15T06:52:06+00:00,cnsm-web-04,"proc.num[,,run]",0
2026-05-15T06:53:06+00:00,cnsm-web-04,"proc.num[,,run]",1
2026-05-15T06:54:06+00:00,cnsm-web-04,"proc.num[,,run]",0
2026-05-15T06:55:06+00:00,cnsm-web-04,"proc.num[,,run]",1
2026-05-15T06:56:06+00:00,cnsm-web-04,"proc.num[,,run]",0
2026-05-15T06:57:06+00:00,cnsm-web-04,"proc.num[,,run]",4
2026-05-15T06:58:06+00:00,cnsm-web-04,"proc.num[,,run]",0
2026-05-15T06:59:06+00:00,cnsm-web-04,"proc.num[,,run]",2
2026-05-15T07:00:06+00:00,cnsm-web-04,"proc.num[,,run]",0
2026-05-15T07:01:06+00:00,cnsm-web-04,"proc.num[,,run]",0
2026-05-15T07:02:06+00:00,cnsm-web-04,"proc.num[,,run]",0
2026-05-15T05:44:35+00:00,cnsm-web-04,vfs.dev.queue_size[sda],0.002816695646850113
2026-05-15T05:45:35+00:00,cnsm-web-04,vfs.dev.queue_size[sda],0.0019333068954904245
2026-05-15T05:46:35+00:00,cnsm-web-04,vfs.dev.queue_size[sda],0.0017166720799917925
2026-05-15T05:47:35+00:00,cnsm-web-04,vfs.dev.queue_size[sda],0.0016666660566946676
2026-05-15T05:48:35+00:00,cnsm-web-04,vfs.dev.queue_size[sda],0.0017833371971711495
2026-05-15T05:49:35+00:00,cnsm-web-04,vfs.dev.queue_size[sda],0.0016333498488414397
2026-05-15T05:50:35+00:00,cnsm-web-04,vfs.dev.queue_size[sda],0.0016999909257601033
2026-05-15T05:51:35+00:00,cnsm-web-04,vfs.dev.queue_size[sda],0.0017499960637338539
2026-05-15T05:52:35+00:00,cnsm-web-04,vfs.dev.queue_size[sda],0.001100010448944254
2026-05-15T05:53:35+00:00,cnsm-web-04,vfs.dev.queue_size[sda],0.0009999950426412422
2026-05-15T05:54:35+00:00,cnsm-web-04,vfs.dev.queue_size[sda],0.0019166437702165793
2026-05-15T05:55:35+00:00,cnsm-web-04,vfs.dev.queue_size[sda],0.001150013223676222
2026-05-15T05:56:35+00:00,cnsm-web-04,vfs.dev.queue_size[sda],0.0010999970631728408
2026-05-15T05:57:35+00:00,cnsm-web-04,vfs.dev.queue_size[sda],0.002066667380321357
2026-05-15T05:58:35+00:00,cnsm-web-04,vfs.dev.queue_size[sda],0.0011666716090764932
2026-05-15T05:59:35+00:00,cnsm-web-04,vfs.dev.queue_size[sda],0.002033311838177236
2026-05-15T06:00:35+00:00,cnsm-web-04,vfs.dev.queue_size[sda],0.004949995487584114
2026-05-15T06:01:35+00:00,cnsm-web-04,vfs.dev.queue_size[sda],0.004583336197001789
2026-05-15T06:02:35+00:00,cnsm-web-04,vfs.dev.queue_size[sda],0.005633390709793271
2026-05-15T06:03:35+00:00,cnsm-web-04,vfs.dev.queue_size[sda],0.004649943905634192
2026-05-15T06:04:35+00:00,cnsm-web-04,vfs.dev.queue_size[sda],0.004700021658639807
2026-05-15T06:05:35+00:00,cnsm-web-04,vfs.dev.queue_size[sda],0.005399983623019668
2026-05-15T06:06:35+00:00,cnsm-web-04,vfs.dev.queue_size[sda],0.004383363041722461
2026-05-15T06:07:35+00:00,cnsm-web-04,vfs.dev.queue_size[sda],0.00793337374131137
2026-05-15T06:08:35+00:00,cnsm-web-04,vfs.dev.queue_size[sda],0.005733278343262986
2026-05-15T06:09:35+00:00,cnsm-web-04,vfs.dev.queue_size[sda],0.009733374069126041
2026-05-15T06:10:35+00:00,cnsm-web-04,vfs.dev.queue_size[sda],0.005383319250749618
2026-05-15T06:11:35+00:00,cnsm-web-04,vfs.dev.queue_size[sda],0.007983402413581362
2026-05-15T06:12:35+00:00,cnsm-web-04,vfs.dev.queue_size[sda],0.003933297616893213
2026-05-15T06:13:35+00:00,cnsm-web-04,vfs.dev.queue_size[sda],0.006533352459831549
2026-05-15T06:14:35+00:00,cnsm-web-04,vfs.dev.queue_size[sda],0.00961673118227087
2026-05-15T06:15:35+00:00,cnsm-web-04,vfs.dev.queue_size[sda],0.009899972120358513
2026-05-15T06:16:35+00:00,cnsm-web-04,vfs.dev.queue_size[sda],0.005166683955682854
2026-05-15T06:17:35+00:00,cnsm-web-04,vfs.dev.queue_size[sda],0.005799894314905784
2026-05-15T06:18:35+00:00,cnsm-web-04,vfs.dev.queue_size[sda],0.0272501211408677
2026-05-15T06:19:35+00:00,cnsm-web-04,vfs.dev.queue_size[sda],0.013016670274019888
2026-05-15T06:20:35+00:00,cnsm-web-04,vfs.dev.queue_size[sda],0.004850010463493408
2026-05-15T06:21:35+00:00,cnsm-web-04,vfs.dev.queue_size[sda],0.006666712078864894
2026-05-15T06:22:35+00:00,cnsm-web-04,vfs.dev.queue_size[sda],0.0072166399061631215
2026-05-15T06:23:35+00:00,cnsm-web-04,vfs.dev.queue_size[sda],0.0073333686356810545
2026-05-15T06:24:35+00:00,cnsm-web-04,vfs.dev.queue_size[sda],0.006833296048364551
2026-05-15T06:25:35+00:00,cnsm-web-04,vfs.dev.queue_size[sda],0.005483320950349631
2026-05-15T06:26:35+00:00,cnsm-web-04,vfs.dev.queue_size[sda],0.0040167051983840745
2026-05-15T06:27:35+00:00,cnsm-web-04,vfs.dev.queue_size[sda],0.0039999986936004265
2026-05-15T06:28:35+00:00,cnsm-web-04,vfs.dev.queue_size[sda],0.005516621856250652
2026-05-15T06:29:35+00:00,cnsm-web-04,vfs.dev.queue_size[sda],0.003333364658461043
2026-05-15T06:30:35+00:00,cnsm-web-04,vfs.dev.queue_size[sda],0.0031332935441608315
2026-05-15T06:31:35+00:00,cnsm-web-04,vfs.dev.queue_size[sda],0.0039333329641900346
2026-05-15T06:32:35+00:00,cnsm-web-04,vfs.dev.queue_size[sda],0.004483323267450655
2026-05-15T06:33:35+00:00,cnsm-web-04,vfs.dev.queue_size[sda],0.0067333723769052835
2026-05-15T06:34:35+00:00,cnsm-web-04,vfs.dev.queue_size[sda],0.006699986658986565
2026-05-15T06:35:35+00:00,cnsm-web-04,vfs.dev.queue_size[sda],0.004133313382725186
2026-05-15T06:36:35+00:00,cnsm-web-04,vfs.dev.queue_size[sda],0.005666683723479119
2026-05-15T06:37:35+00:00,cnsm-web-04,vfs.dev.queue_size[sda],0.006816681349116624
2026-05-15T06:38:35+00:00,cnsm-web-04,vfs.dev.queue_size[sda],0.003516703324489063
2026-05-15T06:39:35+00:00,cnsm-web-04,vfs.dev.queue_size[sda],0.009283296500616696
2026-05-15T06:40:35+00:00,cnsm-web-04,vfs.dev.queue_size[sda],0.003466671218752644
2026-05-15T06:41:35+00:00,cnsm-web-04,vfs.dev.queue_size[sda],0.004233280161711745
2026-05-15T06:42:35+00:00,cnsm-web-04,vfs.dev.queue_size[sda],0.004116732736247576
2026-05-15T06:43:35+00:00,cnsm-web-04,vfs.dev.queue_size[sda],0.004916587503216301
2026-05-15T06:44:35+00:00,cnsm-web-04,vfs.dev.queue_size[sda],0.0026833747483155845
2026-05-15T06:45:35+00:00,cnsm-web-04,vfs.dev.queue_size[sda],0.003516642690196805
2026-05-15T06:46:35+00:00,cnsm-web-04,vfs.dev.queue_size[sda],0.005399962464230915
2026-05-15T06:47:35+00:00,cnsm-web-04,vfs.dev.queue_size[sda],0.006550078373325257
2026-05-15T06:48:35+00:00,cnsm-web-04,vfs.dev.queue_size[sda],0.005150003771691096
2026-05-15T06:49:35+00:00,cnsm-web-04,vfs.dev.queue_size[sda],0.0029833098766119323
2026-05-15T06:50:35+00:00,cnsm-web-04,vfs.dev.queue_size[sda],0.004683325133065192
2026-05-15T06:51:35+00:00,cnsm-web-04,vfs.dev.queue_size[sda],0.0024000045501286265
2026-05-15T06:52:35+00:00,cnsm-web-04,vfs.dev.queue_size[sda],0.0026000160954429722
2026-05-15T06:53:35+00:00,cnsm-web-04,vfs.dev.queue_size[sda],0.006816679860123314
2026-05-15T06:54:35+00:00,cnsm-web-04,vfs.dev.queue_size[sda],0.0038165586474341894
2026-05-15T06:55:35+00:00,cnsm-web-04,vfs.dev.queue_size[sda],0.007283438469403468
2026-05-15T06:56:35+00:00,cnsm-web-04,vfs.dev.queue_size[sda],0.005616739202547301
2026-05-15T06:57:35+00:00,cnsm-web-04,vfs.dev.queue_size[sda],0.004883329216198471
2026-05-15T06:58:35+00:00,cnsm-web-04,vfs.dev.queue_size[sda],0.0045999991703134825
2026-05-15T06:59:35+00:00,cnsm-web-04,vfs.dev.queue_size[sda],0.0025333443319321956
2026-05-15T07:00:35+00:00,cnsm-web-04,vfs.dev.queue_size[sda],0.004766608556465094
2026-05-15T07:01:35+00:00,cnsm-web-04,vfs.dev.queue_size[sda],0.0029166892244383512
2026-05-15T07:02:35+00:00,cnsm-web-04,vfs.dev.queue_size[sda],0.0024332882425150146
2026-05-15T05:44:35+00:00,cnsm-web-04,vfs.dev.read.rate[sda],0
2026-05-15T05:45:35+00:00,cnsm-web-04,vfs.dev.read.rate[sda],0
2026-05-15T05:46:35+00:00,cnsm-web-04,vfs.dev.read.rate[sda],0
2026-05-15T05:47:35+00:00,cnsm-web-04,vfs.dev.read.rate[sda],0
2026-05-15T05:48:35+00:00,cnsm-web-04,vfs.dev.read.rate[sda],0
2026-05-15T05:49:35+00:00,cnsm-web-04,vfs.dev.read.rate[sda],0
2026-05-15T05:50:35+00:00,cnsm-web-04,vfs.dev.read.rate[sda],0
2026-05-15T05:51:35+00:00,cnsm-web-04,vfs.dev.read.rate[sda],0
2026-05-15T05:52:35+00:00,cnsm-web-04,vfs.dev.read.rate[sda],0
2026-05-15T05:53:35+00:00,cnsm-web-04,vfs.dev.read.rate[sda],0
2026-05-15T05:54:35+00:00,cnsm-web-04,vfs.dev.read.rate[sda],0
2026-05-15T05:55:35+00:00,cnsm-web-04,vfs.dev.read.rate[sda],0
2026-05-15T05:56:35+00:00,cnsm-web-04,vfs.dev.read.rate[sda],0
2026-05-15T05:57:35+00:00,cnsm-web-04,vfs.dev.read.rate[sda],0
2026-05-15T05:58:35+00:00,cnsm-web-04,vfs.dev.read.rate[sda],0
2026-05-15T05:59:35+00:00,cnsm-web-04,vfs.dev.read.rate[sda],0
2026-05-15T06:00:35+00:00,cnsm-web-04,vfs.dev.read.rate[sda],0
2026-05-15T06:01:35+00:00,cnsm-web-04,vfs.dev.read.rate[sda],0
2026-05-15T06:02:35+00:00,cnsm-web-04,vfs.dev.read.rate[sda],0
2026-05-15T06:03:35+00:00,cnsm-web-04,vfs.dev.read.rate[sda],0
2026-05-15T06:04:35+00:00,cnsm-web-04,vfs.dev.read.rate[sda],0
2026-05-15T06:05:35+00:00,cnsm-web-04,vfs.dev.read.rate[sda],0
2026-05-15T06:06:35+00:00,cnsm-web-04,vfs.dev.read.rate[sda],0
2026-05-15T06:07:35+00:00,cnsm-web-04,vfs.dev.read.rate[sda],0
2026-05-15T06:08:35+00:00,cnsm-web-04,vfs.dev.read.rate[sda],0
2026-05-15T06:09:35+00:00,cnsm-web-04,vfs.dev.read.rate[sda],0
2026-05-15T06:10:35+00:00,cnsm-web-04,vfs.dev.read.rate[sda],0
2026-05-15T06:11:35+00:00,cnsm-web-04,vfs.dev.read.rate[sda],0
2026-05-15T06:12:35+00:00,cnsm-web-04,vfs.dev.read.rate[sda],0
2026-05-15T06:13:35+00:00,cnsm-web-04,vfs.dev.read.rate[sda],0
2026-05-15T06:14:35+00:00,cnsm-web-04,vfs.dev.read.rate[sda],1.4166761706984816
2026-05-15T06:15:35+00:00,cnsm-web-04,vfs.dev.read.rate[sda],0
2026-05-15T06:16:35+00:00,cnsm-web-04,vfs.dev.read.rate[sda],0
2026-05-15T06:17:35+00:00,cnsm-web-04,vfs.dev.read.rate[sda],0
2026-05-15T06:18:35+00:00,cnsm-web-04,vfs.dev.read.rate[sda],48.683549756865176
2026-05-15T06:19:35+00:00,cnsm-web-04,vfs.dev.read.rate[sda],0
2026-05-15T06:20:35+00:00,cnsm-web-04,vfs.dev.read.rate[sda],0
2026-05-15T06:21:35+00:00,cnsm-web-04,vfs.dev.read.rate[sda],0
2026-05-15T06:22:35+00:00,cnsm-web-04,vfs.dev.read.rate[sda],0
2026-05-15T06:23:35+00:00,cnsm-web-04,vfs.dev.read.rate[sda],0
2026-05-15T06:24:35+00:00,cnsm-web-04,vfs.dev.read.rate[sda],0
2026-05-15T06:25:35+00:00,cnsm-web-04,vfs.dev.read.rate[sda],0
2026-05-15T06:26:35+00:00,cnsm-web-04,vfs.dev.read.rate[sda],0
2026-05-15T06:27:35+00:00,cnsm-web-04,vfs.dev.read.rate[sda],0
2026-05-15T06:28:35+00:00,cnsm-web-04,vfs.dev.read.rate[sda],0
2026-05-15T06:29:35+00:00,cnsm-web-04,vfs.dev.read.rate[sda],0
2026-05-15T06:30:35+00:00,cnsm-web-04,vfs.dev.read.rate[sda],0
2026-05-15T06:31:35+00:00,cnsm-web-04,vfs.dev.read.rate[sda],0
2026-05-15T06:32:35+00:00,cnsm-web-04,vfs.dev.read.rate[sda],0
2026-05-15T06:33:35+00:00,cnsm-web-04,vfs.dev.read.rate[sda],0.06666705323668598
2026-05-15T06:34:35+00:00,cnsm-web-04,vfs.dev.read.rate[sda],0
2026-05-15T06:35:35+00:00,cnsm-web-04,vfs.dev.read.rate[sda],0
2026-05-15T06:36:35+00:00,cnsm-web-04,vfs.dev.read.rate[sda],0
2026-05-15T06:37:35+00:00,cnsm-web-04,vfs.dev.read.rate[sda],0
2026-05-15T06:38:35+00:00,cnsm-web-04,vfs.dev.read.rate[sda],0
2026-05-15T06:39:35+00:00,cnsm-web-04,vfs.dev.read.rate[sda],0
2026-05-15T06:40:35+00:00,cnsm-web-04,vfs.dev.read.rate[sda],0
2026-05-15T06:41:35+00:00,cnsm-web-04,vfs.dev.read.rate[sda],0
2026-05-15T06:42:35+00:00,cnsm-web-04,vfs.dev.read.rate[sda],0
2026-05-15T06:43:35+00:00,cnsm-web-04,vfs.dev.read.rate[sda],0
2026-05-15T06:44:35+00:00,cnsm-web-04,vfs.dev.read.rate[sda],0
2026-05-15T06:45:35+00:00,cnsm-web-04,vfs.dev.read.rate[sda],0
2026-05-15T06:46:35+00:00,cnsm-web-04,vfs.dev.read.rate[sda],0
2026-05-15T06:47:35+00:00,cnsm-web-04,vfs.dev.read.rate[sda],0.01666686608988615
2026-05-15T06:48:35+00:00,cnsm-web-04,vfs.dev.read.rate[sda],0
2026-05-15T06:49:35+00:00,cnsm-web-04,vfs.dev.read.rate[sda],0
2026-05-15T06:50:35+00:00,cnsm-web-04,vfs.dev.read.rate[sda],0.016666637484217765
2026-05-15T06:51:35+00:00,cnsm-web-04,vfs.dev.read.rate[sda],0
2026-05-15T06:52:35+00:00,cnsm-web-04,vfs.dev.read.rate[sda],0
2026-05-15T06:53:35+00:00,cnsm-web-04,vfs.dev.read.rate[sda],0
2026-05-15T06:54:35+00:00,cnsm-web-04,vfs.dev.read.rate[sda],0
2026-05-15T06:55:35+00:00,cnsm-web-04,vfs.dev.read.rate[sda],0
2026-05-15T06:56:35+00:00,cnsm-web-04,vfs.dev.read.rate[sda],0.016666881906668547
2026-05-15T06:57:35+00:00,cnsm-web-04,vfs.dev.read.rate[sda],0
2026-05-15T06:58:35+00:00,cnsm-web-04,vfs.dev.read.rate[sda],0.016666663660556098
2026-05-15T06:59:35+00:00,cnsm-web-04,vfs.dev.read.rate[sda],0
2026-05-15T07:00:35+00:00,cnsm-web-04,vfs.dev.read.rate[sda],0
2026-05-15T07:01:35+00:00,cnsm-web-04,vfs.dev.read.rate[sda],0
2026-05-15T07:02:35+00:00,cnsm-web-04,vfs.dev.read.rate[sda],0
2026-05-15T05:44:33+00:00,cnsm-web-04,vfs.dev.read.await[sda],0
2026-05-15T05:45:33+00:00,cnsm-web-04,vfs.dev.read.await[sda],0
2026-05-15T05:46:33+00:00,cnsm-web-04,vfs.dev.read.await[sda],0
2026-05-15T05:47:33+00:00,cnsm-web-04,vfs.dev.read.await[sda],0
2026-05-15T05:48:33+00:00,cnsm-web-04,vfs.dev.read.await[sda],0
2026-05-15T05:49:33+00:00,cnsm-web-04,vfs.dev.read.await[sda],0
2026-05-15T05:50:33+00:00,cnsm-web-04,vfs.dev.read.await[sda],0
2026-05-15T05:51:33+00:00,cnsm-web-04,vfs.dev.read.await[sda],0
2026-05-15T05:52:33+00:00,cnsm-web-04,vfs.dev.read.await[sda],0
2026-05-15T05:53:33+00:00,cnsm-web-04,vfs.dev.read.await[sda],0
2026-05-15T05:54:33+00:00,cnsm-web-04,vfs.dev.read.await[sda],0
2026-05-15T05:55:33+00:00,cnsm-web-04,vfs.dev.read.await[sda],0
2026-05-15T05:56:33+00:00,cnsm-web-04,vfs.dev.read.await[sda],0
2026-05-15T05:57:33+00:00,cnsm-web-04,vfs.dev.read.await[sda],0
2026-05-15T05:58:33+00:00,cnsm-web-04,vfs.dev.read.await[sda],0
2026-05-15T05:59:33+00:00,cnsm-web-04,vfs.dev.read.await[sda],0
2026-05-15T06:00:33+00:00,cnsm-web-04,vfs.dev.read.await[sda],0
2026-05-15T06:01:33+00:00,cnsm-web-04,vfs.dev.read.await[sda],0
2026-05-15T06:02:33+00:00,cnsm-web-04,vfs.dev.read.await[sda],0
2026-05-15T06:03:33+00:00,cnsm-web-04,vfs.dev.read.await[sda],0
2026-05-15T06:04:33+00:00,cnsm-web-04,vfs.dev.read.await[sda],0
2026-05-15T06:05:33+00:00,cnsm-web-04,vfs.dev.read.await[sda],0
2026-05-15T06:06:33+00:00,cnsm-web-04,vfs.dev.read.await[sda],0
2026-05-15T06:07:33+00:00,cnsm-web-04,vfs.dev.read.await[sda],0
2026-05-15T06:08:33+00:00,cnsm-web-04,vfs.dev.read.await[sda],0
2026-05-15T06:09:33+00:00,cnsm-web-04,vfs.dev.read.await[sda],0
2026-05-15T06:10:33+00:00,cnsm-web-04,vfs.dev.read.await[sda],0
2026-05-15T06:11:33+00:00,cnsm-web-04,vfs.dev.read.await[sda],0
2026-05-15T06:12:33+00:00,cnsm-web-04,vfs.dev.read.await[sda],0
2026-05-15T06:13:33+00:00,cnsm-web-04,vfs.dev.read.await[sda],0
2026-05-15T06:14:33+00:00,cnsm-web-04,vfs.dev.read.await[sda],0
2026-05-15T06:15:33+00:00,cnsm-web-04,vfs.dev.read.await[sda],0.31764705882352945
2026-05-15T06:16:33+00:00,cnsm-web-04,vfs.dev.read.await[sda],0
2026-05-15T06:17:33+00:00,cnsm-web-04,vfs.dev.read.await[sda],0
2026-05-15T06:18:33+00:00,cnsm-web-04,vfs.dev.read.await[sda],0
2026-05-15T06:19:33+00:00,cnsm-web-04,vfs.dev.read.await[sda],0.1653543307086614
2026-05-15T06:20:33+00:00,cnsm-web-04,vfs.dev.read.await[sda],0
2026-05-15T06:21:33+00:00,cnsm-web-04,vfs.dev.read.await[sda],0
2026-05-15T06:22:33+00:00,cnsm-web-04,vfs.dev.read.await[sda],0
2026-05-15T06:23:33+00:00,cnsm-web-04,vfs.dev.read.await[sda],0
2026-05-15T06:24:33+00:00,cnsm-web-04,vfs.dev.read.await[sda],0
2026-05-15T06:25:33+00:00,cnsm-web-04,vfs.dev.read.await[sda],0
2026-05-15T06:26:33+00:00,cnsm-web-04,vfs.dev.read.await[sda],0
2026-05-15T06:27:33+00:00,cnsm-web-04,vfs.dev.read.await[sda],0
2026-05-15T06:28:33+00:00,cnsm-web-04,vfs.dev.read.await[sda],0
2026-05-15T06:29:33+00:00,cnsm-web-04,vfs.dev.read.await[sda],0
2026-05-15T06:30:33+00:00,cnsm-web-04,vfs.dev.read.await[sda],0
2026-05-15T06:31:33+00:00,cnsm-web-04,vfs.dev.read.await[sda],0
2026-05-15T06:32:33+00:00,cnsm-web-04,vfs.dev.read.await[sda],0
2026-05-15T06:33:33+00:00,cnsm-web-04,vfs.dev.read.await[sda],0
2026-05-15T06:34:33+00:00,cnsm-web-04,vfs.dev.read.await[sda],0.25
2026-05-15T06:35:33+00:00,cnsm-web-04,vfs.dev.read.await[sda],0
2026-05-15T06:36:33+00:00,cnsm-web-04,vfs.dev.read.await[sda],0
2026-05-15T06:37:33+00:00,cnsm-web-04,vfs.dev.read.await[sda],0
2026-05-15T06:38:33+00:00,cnsm-web-04,vfs.dev.read.await[sda],0
2026-05-15T06:39:33+00:00,cnsm-web-04,vfs.dev.read.await[sda],0
2026-05-15T06:40:33+00:00,cnsm-web-04,vfs.dev.read.await[sda],0
2026-05-15T06:41:33+00:00,cnsm-web-04,vfs.dev.read.await[sda],0
2026-05-15T06:42:33+00:00,cnsm-web-04,vfs.dev.read.await[sda],0
2026-05-15T06:43:33+00:00,cnsm-web-04,vfs.dev.read.await[sda],0
2026-05-15T06:44:33+00:00,cnsm-web-04,vfs.dev.read.await[sda],0
2026-05-15T06:45:33+00:00,cnsm-web-04,vfs.dev.read.await[sda],0
2026-05-15T06:46:33+00:00,cnsm-web-04,vfs.dev.read.await[sda],0
2026-05-15T06:47:33+00:00,cnsm-web-04,vfs.dev.read.await[sda],0
2026-05-15T06:48:33+00:00,cnsm-web-04,vfs.dev.read.await[sda],1
2026-05-15T06:49:33+00:00,cnsm-web-04,vfs.dev.read.await[sda],0
2026-05-15T06:50:33+00:00,cnsm-web-04,vfs.dev.read.await[sda],0
2026-05-15T06:51:33+00:00,cnsm-web-04,vfs.dev.read.await[sda],1
2026-05-15T06:52:33+00:00,cnsm-web-04,vfs.dev.read.await[sda],0
2026-05-15T06:53:33+00:00,cnsm-web-04,vfs.dev.read.await[sda],0
2026-05-15T06:54:33+00:00,cnsm-web-04,vfs.dev.read.await[sda],0
2026-05-15T06:55:33+00:00,cnsm-web-04,vfs.dev.read.await[sda],0
2026-05-15T06:56:33+00:00,cnsm-web-04,vfs.dev.read.await[sda],0
2026-05-15T06:57:33+00:00,cnsm-web-04,vfs.dev.read.await[sda],1
2026-05-15T06:58:33+00:00,cnsm-web-04,vfs.dev.read.await[sda],0
2026-05-15T06:59:33+00:00,cnsm-web-04,vfs.dev.read.await[sda],1
2026-05-15T07:00:33+00:00,cnsm-web-04,vfs.dev.read.await[sda],0
2026-05-15T07:01:33+00:00,cnsm-web-04,vfs.dev.read.await[sda],0
2026-05-15T07:02:33+00:00,cnsm-web-04,vfs.dev.read.await[sda],0
2026-05-15T05:44:35+00:00,cnsm-web-04,vfs.dev.read.time.rate[sda],0
2026-05-15T05:45:35+00:00,cnsm-web-04,vfs.dev.read.time.rate[sda],0
2026-05-15T05:46:35+00:00,cnsm-web-04,vfs.dev.read.time.rate[sda],0
2026-05-15T05:47:35+00:00,cnsm-web-04,vfs.dev.read.time.rate[sda],0
2026-05-15T05:48:35+00:00,cnsm-web-04,vfs.dev.read.time.rate[sda],0
2026-05-15T05:49:35+00:00,cnsm-web-04,vfs.dev.read.time.rate[sda],0
2026-05-15T05:50:35+00:00,cnsm-web-04,vfs.dev.read.time.rate[sda],0
2026-05-15T05:51:35+00:00,cnsm-web-04,vfs.dev.read.time.rate[sda],0
2026-05-15T05:52:35+00:00,cnsm-web-04,vfs.dev.read.time.rate[sda],0
2026-05-15T05:53:35+00:00,cnsm-web-04,vfs.dev.read.time.rate[sda],0
2026-05-15T05:54:35+00:00,cnsm-web-04,vfs.dev.read.time.rate[sda],0
2026-05-15T05:55:35+00:00,cnsm-web-04,vfs.dev.read.time.rate[sda],0
2026-05-15T05:56:35+00:00,cnsm-web-04,vfs.dev.read.time.rate[sda],0
2026-05-15T05:57:35+00:00,cnsm-web-04,vfs.dev.read.time.rate[sda],0
2026-05-15T05:58:35+00:00,cnsm-web-04,vfs.dev.read.time.rate[sda],0
2026-05-15T05:59:35+00:00,cnsm-web-04,vfs.dev.read.time.rate[sda],0
2026-05-15T06:00:35+00:00,cnsm-web-04,vfs.dev.read.time.rate[sda],0
2026-05-15T06:01:35+00:00,cnsm-web-04,vfs.dev.read.time.rate[sda],0
2026-05-15T06:02:35+00:00,cnsm-web-04,vfs.dev.read.time.rate[sda],0
2026-05-15T06:03:35+00:00,cnsm-web-04,vfs.dev.read.time.rate[sda],0
2026-05-15T06:04:35+00:00,cnsm-web-04,vfs.dev.read.time.rate[sda],0
2026-05-15T06:05:35+00:00,cnsm-web-04,vfs.dev.read.time.rate[sda],0
2026-05-15T06:06:35+00:00,cnsm-web-04,vfs.dev.read.time.rate[sda],0
2026-05-15T06:07:35+00:00,cnsm-web-04,vfs.dev.read.time.rate[sda],0
2026-05-15T06:08:35+00:00,cnsm-web-04,vfs.dev.read.time.rate[sda],0
2026-05-15T06:09:35+00:00,cnsm-web-04,vfs.dev.read.time.rate[sda],0
2026-05-15T06:10:35+00:00,cnsm-web-04,vfs.dev.read.time.rate[sda],0
2026-05-15T06:11:35+00:00,cnsm-web-04,vfs.dev.read.time.rate[sda],0
2026-05-15T06:12:35+00:00,cnsm-web-04,vfs.dev.read.time.rate[sda],0
2026-05-15T06:13:35+00:00,cnsm-web-04,vfs.dev.read.time.rate[sda],0
2026-05-15T06:14:35+00:00,cnsm-web-04,vfs.dev.read.time.rate[sda],0.000450003018927753
2026-05-15T06:15:35+00:00,cnsm-web-04,vfs.dev.read.time.rate[sda],0
2026-05-15T06:16:35+00:00,cnsm-web-04,vfs.dev.read.time.rate[sda],0
2026-05-15T06:17:35+00:00,cnsm-web-04,vfs.dev.read.time.rate[sda],0
2026-05-15T06:18:35+00:00,cnsm-web-04,vfs.dev.read.time.rate[sda],0.008050035786568257
2026-05-15T06:19:35+00:00,cnsm-web-04,vfs.dev.read.time.rate[sda],0
2026-05-15T06:20:35+00:00,cnsm-web-04,vfs.dev.read.time.rate[sda],0
2026-05-15T06:21:35+00:00,cnsm-web-04,vfs.dev.read.time.rate[sda],0
2026-05-15T06:22:35+00:00,cnsm-web-04,vfs.dev.read.time.rate[sda],0
2026-05-15T06:23:35+00:00,cnsm-web-04,vfs.dev.read.time.rate[sda],0
2026-05-15T06:24:35+00:00,cnsm-web-04,vfs.dev.read.time.rate[sda],0
2026-05-15T06:25:35+00:00,cnsm-web-04,vfs.dev.read.time.rate[sda],0
2026-05-15T06:26:35+00:00,cnsm-web-04,vfs.dev.read.time.rate[sda],0
2026-05-15T06:27:35+00:00,cnsm-web-04,vfs.dev.read.time.rate[sda],0
2026-05-15T06:28:35+00:00,cnsm-web-04,vfs.dev.read.time.rate[sda],0
2026-05-15T06:29:35+00:00,cnsm-web-04,vfs.dev.read.time.rate[sda],0
2026-05-15T06:30:35+00:00,cnsm-web-04,vfs.dev.read.time.rate[sda],0
2026-05-15T06:31:35+00:00,cnsm-web-04,vfs.dev.read.time.rate[sda],0
2026-05-15T06:32:35+00:00,cnsm-web-04,vfs.dev.read.time.rate[sda],0
2026-05-15T06:33:35+00:00,cnsm-web-04,vfs.dev.read.time.rate[sda],1.6666763309171495e-05
2026-05-15T06:34:35+00:00,cnsm-web-04,vfs.dev.read.time.rate[sda],0
2026-05-15T06:35:35+00:00,cnsm-web-04,vfs.dev.read.time.rate[sda],0
2026-05-15T06:36:35+00:00,cnsm-web-04,vfs.dev.read.time.rate[sda],0
2026-05-15T06:37:35+00:00,cnsm-web-04,vfs.dev.read.time.rate[sda],0
2026-05-15T06:38:35+00:00,cnsm-web-04,vfs.dev.read.time.rate[sda],0
2026-05-15T06:39:35+00:00,cnsm-web-04,vfs.dev.read.time.rate[sda],0
2026-05-15T06:40:35+00:00,cnsm-web-04,vfs.dev.read.time.rate[sda],0
2026-05-15T06:41:35+00:00,cnsm-web-04,vfs.dev.read.time.rate[sda],0
2026-05-15T06:42:35+00:00,cnsm-web-04,vfs.dev.read.time.rate[sda],0
2026-05-15T06:43:35+00:00,cnsm-web-04,vfs.dev.read.time.rate[sda],0
2026-05-15T06:44:35+00:00,cnsm-web-04,vfs.dev.read.time.rate[sda],0
2026-05-15T06:45:35+00:00,cnsm-web-04,vfs.dev.read.time.rate[sda],0
2026-05-15T06:46:35+00:00,cnsm-web-04,vfs.dev.read.time.rate[sda],0
2026-05-15T06:47:35+00:00,cnsm-web-04,vfs.dev.read.time.rate[sda],1.666686608988615e-05
2026-05-15T06:48:35+00:00,cnsm-web-04,vfs.dev.read.time.rate[sda],0
2026-05-15T06:49:35+00:00,cnsm-web-04,vfs.dev.read.time.rate[sda],0
2026-05-15T06:50:35+00:00,cnsm-web-04,vfs.dev.read.time.rate[sda],1.6666637484217764e-05
2026-05-15T06:51:35+00:00,cnsm-web-04,vfs.dev.read.time.rate[sda],0
2026-05-15T06:52:35+00:00,cnsm-web-04,vfs.dev.read.time.rate[sda],0
2026-05-15T06:53:35+00:00,cnsm-web-04,vfs.dev.read.time.rate[sda],0
2026-05-15T06:54:35+00:00,cnsm-web-04,vfs.dev.read.time.rate[sda],0
2026-05-15T06:55:35+00:00,cnsm-web-04,vfs.dev.read.time.rate[sda],0
2026-05-15T06:56:35+00:00,cnsm-web-04,vfs.dev.read.time.rate[sda],1.666688190666855e-05
2026-05-15T06:57:35+00:00,cnsm-web-04,vfs.dev.read.time.rate[sda],0
2026-05-15T06:58:35+00:00,cnsm-web-04,vfs.dev.read.time.rate[sda],1.66666636605561e-05
2026-05-15T06:59:35+00:00,cnsm-web-04,vfs.dev.read.time.rate[sda],0
2026-05-15T07:00:35+00:00,cnsm-web-04,vfs.dev.read.time.rate[sda],0
2026-05-15T07:01:35+00:00,cnsm-web-04,vfs.dev.read.time.rate[sda],0
2026-05-15T07:02:35+00:00,cnsm-web-04,vfs.dev.read.time.rate[sda],0
2026-05-15T05:44:35+00:00,cnsm-web-04,vfs.dev.util[sda],0.023333573405858926
2026-05-15T05:45:35+00:00,cnsm-web-04,vfs.dev.util[sda],0.02166637038049614
2026-05-15T05:46:35+00:00,cnsm-web-04,vfs.dev.util[sda],0.018333391145543415
2026-05-15T05:47:35+00:00,cnsm-web-04,vfs.dev.util[sda],0.018333326623641344
2026-05-15T05:48:35+00:00,cnsm-web-04,vfs.dev.util[sda],0.018333373055030504
2026-05-15T05:49:35+00:00,cnsm-web-04,vfs.dev.util[sda],0.011666784634581713
2026-05-15T05:50:35+00:00,cnsm-web-04,vfs.dev.util[sda],0.021666551014589554
2026-05-15T05:51:35+00:00,cnsm-web-04,vfs.dev.util[sda],0.02333328084978472
2026-05-15T05:52:35+00:00,cnsm-web-04,vfs.dev.util[sda],0.01666682498400385
2026-05-15T05:53:35+00:00,cnsm-web-04,vfs.dev.util[sda],0.013333267235216563
2026-05-15T05:54:35+00:00,cnsm-web-04,vfs.dev.util[sda],0.021666407837230894
2026-05-15T05:55:35+00:00,cnsm-web-04,vfs.dev.util[sda],0.01833354414556296
2026-05-15T05:56:35+00:00,cnsm-web-04,vfs.dev.util[sda],0.014999959952356923
2026-05-15T05:57:35+00:00,cnsm-web-04,vfs.dev.util[sda],0.023333341390725005
2026-05-15T05:58:35+00:00,cnsm-web-04,vfs.dev.util[sda],0.015000063545269199
2026-05-15T05:59:35+00:00,cnsm-web-04,vfs.dev.util[sda],0.01999978857223511
2026-05-15T06:00:35+00:00,cnsm-web-04,vfs.dev.util[sda],0.039999963536033245
2026-05-15T06:01:35+00:00,cnsm-web-04,vfs.dev.util[sda],0.048333363532018864
2026-05-15T06:02:35+00:00,cnsm-web-04,vfs.dev.util[sda],0.05166719290047084
2026-05-15T06:03:35+00:00,cnsm-web-04,vfs.dev.util[sda],0.05166604339593546
2026-05-15T06:04:35+00:00,cnsm-web-04,vfs.dev.util[sda],0.050000230411061775
2026-05-15T06:05:35+00:00,cnsm-web-04,vfs.dev.util[sda],0.06499980286968118
2026-05-15T06:06:35+00:00,cnsm-web-04,vfs.dev.util[sda],0.05666705072949189
2026-05-15T06:07:35+00:00,cnsm-web-04,vfs.dev.util[sda],0.053333604983605856
2026-05-15T06:08:35+00:00,cnsm-web-04,vfs.dev.util[sda],0.05333282179779523
2026-05-15T06:09:35+00:00,cnsm-web-04,vfs.dev.util[sda],0.06166692475302458
2026-05-15T06:10:35+00:00,cnsm-web-04,vfs.dev.util[sda],0.06333316765587786
2026-05-15T06:11:35+00:00,cnsm-web-04,vfs.dev.util[sda],0.05166711374134075
2026-05-15T06:12:35+00:00,cnsm-web-04,vfs.dev.util[sda],0.03833298524938301
2026-05-15T06:13:35+00:00,cnsm-web-04,vfs.dev.util[sda],0.0683335333808912
2026-05-15T06:14:35+00:00,cnsm-web-04,vfs.dev.util[sda],0.1100007379601174
2026-05-15T06:15:35+00:00,cnsm-web-04,vfs.dev.util[sda],0.06666647892497315
2026-05-15T06:16:35+00:00,cnsm-web-04,vfs.dev.util[sda],0.04666682282552255
2026-05-15T06:17:35+00:00,cnsm-web-04,vfs.dev.util[sda],0.054998997813761746
2026-05-15T06:18:35+00:00,cnsm-web-04,vfs.dev.util[sda],0.9900044010810651
2026-05-15T06:19:35+00:00,cnsm-web-04,vfs.dev.util[sda],0.09000002494200691
2026-05-15T06:20:35+00:00,cnsm-web-04,vfs.dev.util[sda],0.051666778133434926
2026-05-15T06:21:35+00:00,cnsm-web-04,vfs.dev.util[sda],0.051667018611202924
2026-05-15T06:22:35+00:00,cnsm-web-04,vfs.dev.util[sda],0.051666475078766
2026-05-15T06:23:35+00:00,cnsm-web-04,vfs.dev.util[sda],0.050000240697825375
2026-05-15T06:24:35+00:00,cnsm-web-04,vfs.dev.util[sda],0.03833312417375236
2026-05-15T06:25:35+00:00,cnsm-web-04,vfs.dev.util[sda],0.0449998983767295
2026-05-15T06:26:35+00:00,cnsm-web-04,vfs.dev.util[sda],0.04333374902820993
2026-05-15T06:27:35+00:00,cnsm-web-04,vfs.dev.util[sda],0.034999988569003736
2026-05-15T06:28:35+00:00,cnsm-web-04,vfs.dev.util[sda],0.058332859507182123
2026-05-15T06:29:35+00:00,cnsm-web-04,vfs.dev.util[sda],0.03166696425537991
2026-05-15T06:30:35+00:00,cnsm-web-04,vfs.dev.util[sda],0.03166626454205095
2026-05-15T06:31:35+00:00,cnsm-web-04,vfs.dev.util[sda],0.05333332832800047
2026-05-15T06:32:35+00:00,cnsm-web-04,vfs.dev.util[sda],0.039999910192868304
2026-05-15T06:33:35+00:00,cnsm-web-04,vfs.dev.util[sda],0.04833361359659733
2026-05-15T06:34:35+00:00,cnsm-web-04,vfs.dev.util[sda],0.039999920352158595
2026-05-15T06:35:35+00:00,cnsm-web-04,vfs.dev.util[sda],0.04833310003993162
2026-05-15T06:36:35+00:00,cnsm-web-04,vfs.dev.util[sda],0.05333349386803876
2026-05-15T06:37:35+00:00,cnsm-web-04,vfs.dev.util[sda],0.06000012923427836
2026-05-15T06:38:35+00:00,cnsm-web-04,vfs.dev.util[sda],0.03833373292097083
2026-05-15T06:39:35+00:00,cnsm-web-04,vfs.dev.util[sda],0.048333141565149756
2026-05-15T06:40:35+00:00,cnsm-web-04,vfs.dev.util[sda],0.038333383668899434
2026-05-15T06:41:35+00:00,cnsm-web-04,vfs.dev.util[sda],0.04499943478984926
2026-05-15T06:42:35+00:00,cnsm-web-04,vfs.dev.util[sda],0.04000064197163636
2026-05-15T06:43:35+00:00,cnsm-web-04,vfs.dev.util[sda],0.046665915284764894
2026-05-15T06:44:35+00:00,cnsm-web-04,vfs.dev.util[sda],0.03500054019542067
2026-05-15T06:45:35+00:00,cnsm-web-04,vfs.dev.util[sda],0.04333303788868101
2026-05-15T06:46:35+00:00,cnsm-web-04,vfs.dev.util[sda],0.03833306687571329
2026-05-15T06:47:35+00:00,cnsm-web-04,vfs.dev.util[sda],0.043333851833703994
2026-05-15T06:48:35+00:00,cnsm-web-04,vfs.dev.util[sda],0.04166669718196679
2026-05-15T06:49:35+00:00,cnsm-web-04,vfs.dev.util[sda],0.03166641768470766
2026-05-15T06:50:35+00:00,cnsm-web-04,vfs.dev.util[sda],0.03333327496843553
2026-05-15T06:51:35+00:00,cnsm-web-04,vfs.dev.util[sda],0.03166672670308605
2026-05-15T06:52:35+00:00,cnsm-web-04,vfs.dev.util[sda],0.030000185716649683
2026-05-15T06:53:35+00:00,cnsm-web-04,vfs.dev.util[sda],0.0550001064508727
2026-05-15T06:54:35+00:00,cnsm-web-04,vfs.dev.util[sda],0.04333210691409997
2026-05-15T06:55:35+00:00,cnsm-web-04,vfs.dev.util[sda],0.04666734030739064
2026-05-15T06:56:35+00:00,cnsm-web-04,vfs.dev.util[sda],0.053334022101339355
2026-05-15T06:57:35+00:00,cnsm-web-04,vfs.dev.util[sda],0.04499996206053199
2026-05-15T06:58:35+00:00,cnsm-web-04,vfs.dev.util[sda],0.036666660053223415
2026-05-15T06:59:35+00:00,cnsm-web-04,vfs.dev.util[sda],0.030000130246565473
2026-05-15T07:00:35+00:00,cnsm-web-04,vfs.dev.util[sda],0.038332866013530476
2026-05-15T07:01:35+00:00,cnsm-web-04,vfs.dev.util[sda],0.021666834238684898
2026-05-15T07:02:35+00:00,cnsm-web-04,vfs.dev.util[sda],0.029999444085801547
2026-05-15T05:44:35+00:00,cnsm-web-04,vfs.dev.write.rate[sda],4.950050929671501
2026-05-15T05:45:35+00:00,cnsm-web-04,vfs.dev.write.rate[sda],2.3999671806088028
2026-05-15T05:46:35+00:00,cnsm-web-04,vfs.dev.write.rate[sda],2.900009144840504
2026-05-15T05:47:35+00:00,cnsm-web-04,vfs.dev.write.rate[sda],3.099998865452082
2026-05-15T05:48:35+00:00,cnsm-web-04,vfs.dev.write.rate[sda],3.033339905468684
2026-05-15T05:49:35+00:00,cnsm-web-04,vfs.dev.write.rate[sda],3.1500318513370624
2026-05-15T05:50:35+00:00,cnsm-web-04,vfs.dev.write.rate[sda],3.566647628555511
2026-05-15T05:51:35+00:00,cnsm-web-04,vfs.dev.write.rate[sda],2.733327185260496
2026-05-15T05:52:35+00:00,cnsm-web-04,vfs.dev.write.rate[sda],2.5000237476005776
2026-05-15T05:53:35+00:00,cnsm-web-04,vfs.dev.write.rate[sda],2.149989341678671
2026-05-15T05:54:35+00:00,cnsm-web-04,vfs.dev.write.rate[sda],3.9832857485370647
2026-05-15T05:55:35+00:00,cnsm-web-04,vfs.dev.write.rate[sda],2.2333590140958517
2026-05-15T05:56:35+00:00,cnsm-web-04,vfs.dev.write.rate[sda],2.6833261692549604
2026-05-15T05:57:35+00:00,cnsm-web-04,vfs.dev.write.rate[sda],3.116667742903983
2026-05-15T05:58:35+00:00,cnsm-web-04,vfs.dev.write.rate[sda],2.466677116333157
2026-05-15T05:59:35+00:00,cnsm-web-04,vfs.dev.write.rate[sda],4.683283823998388
2026-05-15T06:00:35+00:00,cnsm-web-04,vfs.dev.write.rate[sda],10.866656760622364
2026-05-15T06:01:35+00:00,cnsm-web-04,vfs.dev.write.rate[sda],13.316674986925198
2026-05-15T06:02:35+00:00,cnsm-web-04,vfs.dev.write.rate[sda],12.133456913400893
2026-05-15T06:03:35+00:00,cnsm-web-04,vfs.dev.write.rate[sda],13.099841970711378
2026-05-15T06:04:35+00:00,cnsm-web-04,vfs.dev.write.rate[sda],14.833401688614995
2026-05-15T06:05:35+00:00,cnsm-web-04,vfs.dev.write.rate[sda],20.81660353441841
2026-05-15T06:06:35+00:00,cnsm-web-04,vfs.dev.write.rate[sda],11.716746077303764
2026-05-15T06:07:35+00:00,cnsm-web-04,vfs.dev.write.rate[sda],12.366729655573607
2026-05-15T06:08:35+00:00,cnsm-web-04,vfs.dev.write.rate[sda],13.416537983507862
2026-05-15T06:09:35+00:00,cnsm-web-04,vfs.dev.write.rate[sda],17.033404620970572
2026-05-15T06:10:35+00:00,cnsm-web-04,vfs.dev.write.rate[sda],13.616631046013739
2026-05-15T06:11:35+00:00,cnsm-web-04,vfs.dev.write.rate[sda],13.31678189655847
2026-05-15T06:12:35+00:00,cnsm-web-04,vfs.dev.write.rate[sda],10.76656890047888
2026-05-15T06:13:35+00:00,cnsm-web-04,vfs.dev.write.rate[sda],13.333372367003161
2026-05-15T06:14:35+00:00,cnsm-web-04,vfs.dev.write.rate[sda],15.783439219428967
2026-05-15T06:15:35+00:00,cnsm-web-04,vfs.dev.write.rate[sda],18.14994888732394
2026-05-15T06:16:35+00:00,cnsm-web-04,vfs.dev.write.rate[sda],15.75005270361386
2026-05-15T06:17:35+00:00,cnsm-web-04,vfs.dev.write.rate[sda],14.433070335368988
2026-05-15T06:18:35+00:00,cnsm-web-04,vfs.dev.write.rate[sda],31.33347262680812
2026-05-15T06:19:35+00:00,cnsm-web-04,vfs.dev.write.rate[sda],18.70000518239477
2026-05-15T06:20:35+00:00,cnsm-web-04,vfs.dev.write.rate[sda],13.783363069790543
2026-05-15T06:21:35+00:00,cnsm-web-04,vfs.dev.write.rate[sda],14.416764870545332
2026-05-15T06:22:35+00:00,cnsm-web-04,vfs.dev.write.rate[sda],14.316613578277417
2026-05-15T06:23:35+00:00,cnsm-web-04,vfs.dev.write.rate[sda],15.48340786942659
2026-05-15T06:24:35+00:00,cnsm-web-04,vfs.dev.write.rate[sda],12.73326385597687
2026-05-15T06:25:35+00:00,cnsm-web-04,vfs.dev.write.rate[sda],12.866637609938952
2026-05-15T06:26:35+00:00,cnsm-web-04,vfs.dev.write.rate[sda],10.333432460573137
2026-05-15T06:27:35+00:00,cnsm-web-04,vfs.dev.write.rate[sda],10.983329746177837
2026-05-15T06:28:35+00:00,cnsm-web-04,vfs.dev.write.rate[sda],11.616572307573126
2026-05-15T06:29:35+00:00,cnsm-web-04,vfs.dev.write.rate[sda],9.65009068624472
2026-05-15T06:30:35+00:00,cnsm-web-04,vfs.dev.write.rate[sda],10.383201478788287
2026-05-15T06:31:35+00:00,cnsm-web-04,vfs.dev.write.rate[sda],10.433332354165092
2026-05-15T06:32:35+00:00,cnsm-web-04,vfs.dev.write.rate[sda],10.533309684121985
2026-05-15T06:33:35+00:00,cnsm-web-04,vfs.dev.write.rate[sda],10.733395571106442
2026-05-15T06:34:35+00:00,cnsm-web-04,vfs.dev.write.rate[sda],10.899978295963217
2026-05-15T06:35:35+00:00,cnsm-web-04,vfs.dev.write.rate[sda],10.633282008784954
2026-05-15T06:36:35+00:00,cnsm-web-04,vfs.dev.write.rate[sda],12.450037474820299
2026-05-15T06:37:35+00:00,cnsm-web-04,vfs.dev.write.rate[sda],14.383364313661728
2026-05-15T06:38:35+00:00,cnsm-web-04,vfs.dev.write.rate[sda],9.116761699030889
2026-05-15T06:39:35+00:00,cnsm-web-04,vfs.dev.write.rate[sda],12.64994980963747
2026-05-15T06:40:35+00:00,cnsm-web-04,vfs.dev.write.rate[sda],11.816682183152041
2026-05-15T06:41:35+00:00,cnsm-web-04,vfs.dev.write.rate[sda],13.183167747692874
2026-05-15T06:42:35+00:00,cnsm-web-04,vfs.dev.write.rate[sda],11.85019018409727
2026-05-15T06:43:35+00:00,cnsm-web-04,vfs.dev.write.rate[sda],11.88314199929906
2026-05-15T06:44:35+00:00,cnsm-web-04,vfs.dev.write.rate[sda],8.983471983491304
2026-05-15T06:45:35+00:00,cnsm-web-04,vfs.dev.write.rate[sda],10.149930797771821
2026-05-15T06:46:35+00:00,cnsm-web-04,vfs.dev.write.rate[sda],10.866591131723942
2026-05-15T06:47:35+00:00,cnsm-web-04,vfs.dev.write.rate[sda],9.500113671235106
2026-05-15T06:48:35+00:00,cnsm-web-04,vfs.dev.write.rate[sda],9.666673746216295
2026-05-15T06:49:35+00:00,cnsm-web-04,vfs.dev.write.rate[sda],9.266593806682872
2026-05-15T06:50:35+00:00,cnsm-web-04,vfs.dev.write.rate[sda],11.09998056448903
2026-05-15T06:51:35+00:00,cnsm-web-04,vfs.dev.write.rate[sda],5.900011185732874
2026-05-15T06:52:35+00:00,cnsm-web-04,vfs.dev.write.rate[sda],8.300051381606412
2026-05-15T06:53:35+00:00,cnsm-web-04,vfs.dev.write.rate[sda],13.0833586557379
2026-05-15T06:54:35+00:00,cnsm-web-04,vfs.dev.write.rate[sda],10.216377514747416
2026-05-15T06:55:35+00:00,cnsm-web-04,vfs.dev.write.rate[sda],14.950215805617644
2026-05-15T06:56:35+00:00,cnsm-web-04,vfs.dev.write.rate[sda],13.166836706268153
2026-05-15T06:57:35+00:00,cnsm-web-04,vfs.dev.write.rate[sda],10.933324115447771
2026-05-15T06:58:35+00:00,cnsm-web-04,vfs.dev.write.rate[sda],8.399998484920273
2026-05-15T06:59:35+00:00,cnsm-web-04,vfs.dev.write.rate[sda],6.833363000606579
2026-05-15T07:00:35+00:00,cnsm-web-04,vfs.dev.write.rate[sda],11.03319882650312
2026-05-15T07:01:35+00:00,cnsm-web-04,vfs.dev.write.rate[sda],5.983379608990675
2026-05-15T07:02:35+00:00,cnsm-web-04,vfs.dev.write.rate[sda],8.633173353580666
2026-05-15T05:44:34+00:00,cnsm-web-04,vfs.dev.write.await[sda],0.49224806201550386
2026-05-15T05:45:34+00:00,cnsm-web-04,vfs.dev.write.await[sda],0.569023569023569
2026-05-15T05:46:34+00:00,cnsm-web-04,vfs.dev.write.await[sda],0.7986111111111112
2026-05-15T05:47:34+00:00,cnsm-web-04,vfs.dev.write.await[sda],0.5862068965517242
2026-05-15T05:48:34+00:00,cnsm-web-04,vfs.dev.write.await[sda],0.5322580645161291
2026-05-15T05:49:34+00:00,cnsm-web-04,vfs.dev.write.await[sda],0.5879120879120879
2026-05-15T05:50:34+00:00,cnsm-web-04,vfs.dev.write.await[sda],0.5132275132275134
2026-05-15T05:51:34+00:00,cnsm-web-04,vfs.dev.write.await[sda],0.47196261682242996
2026-05-15T05:52:34+00:00,cnsm-web-04,vfs.dev.write.await[sda],0.646341463414634
2026-05-15T05:53:34+00:00,cnsm-web-04,vfs.dev.write.await[sda],0.4266666666666666
2026-05-15T05:54:34+00:00,cnsm-web-04,vfs.dev.write.await[sda],0.46511627906976744
2026-05-15T05:55:34+00:00,cnsm-web-04,vfs.dev.write.await[sda],0.4811715481171548
2026-05-15T05:56:34+00:00,cnsm-web-04,vfs.dev.write.await[sda],0.5074626865671641
2026-05-15T05:57:34+00:00,cnsm-web-04,vfs.dev.write.await[sda],0.40993788819875776
2026-05-15T05:58:34+00:00,cnsm-web-04,vfs.dev.write.await[sda],0.6577540106951871
2026-05-15T05:59:34+00:00,cnsm-web-04,vfs.dev.write.await[sda],0.46621621621621623
2026-05-15T06:00:34+00:00,cnsm-web-04,vfs.dev.write.await[sda],0.4341637010676156
2026-05-15T06:01:34+00:00,cnsm-web-04,vfs.dev.write.await[sda],0.45398773006134974
2026-05-15T06:02:34+00:00,cnsm-web-04,vfs.dev.write.await[sda],0.34418022528160197
2026-05-15T06:03:34+00:00,cnsm-web-04,vfs.dev.write.await[sda],0.46291208791208793
2026-05-15T06:04:34+00:00,cnsm-web-04,vfs.dev.write.await[sda],0.3524173027989822
2026-05-15T06:05:34+00:00,cnsm-web-04,vfs.dev.write.await[sda],0.31685393258426964
2026-05-15T06:06:34+00:00,cnsm-web-04,vfs.dev.write.await[sda],0.2594075260208167
2026-05-15T06:07:34+00:00,cnsm-web-04,vfs.dev.write.await[sda],0.3741109530583215
2026-05-15T06:08:34+00:00,cnsm-web-04,vfs.dev.write.await[sda],0.6401617250673856
2026-05-15T06:09:34+00:00,cnsm-web-04,vfs.dev.write.await[sda],0.42484472049689437
2026-05-15T06:10:34+00:00,cnsm-web-04,vfs.dev.write.await[sda],0.5714285714285715
2026-05-15T06:11:34+00:00,cnsm-web-04,vfs.dev.write.await[sda],0.39167686658506734
2026-05-15T06:12:34+00:00,cnsm-web-04,vfs.dev.write.await[sda],0.6007509386733417
2026-05-15T06:13:34+00:00,cnsm-web-04,vfs.dev.write.await[sda],0.36377708978328177
2026-05-15T06:14:34+00:00,cnsm-web-04,vfs.dev.write.await[sda],0.4887499999999999
2026-05-15T06:15:34+00:00,cnsm-web-04,vfs.dev.write.await[sda],0.5797254487856389
2026-05-15T06:16:34+00:00,cnsm-web-04,vfs.dev.write.await[sda],0.544536271808999
2026-05-15T06:17:34+00:00,cnsm-web-04,vfs.dev.write.await[sda],0.3280423280423281
2026-05-15T06:18:34+00:00,cnsm-web-04,vfs.dev.write.await[sda],0.4006928406466513
2026-05-15T06:19:34+00:00,cnsm-web-04,vfs.dev.write.await[sda],0.5840425531914895
2026-05-15T06:20:34+00:00,cnsm-web-04,vfs.dev.write.await[sda],0.694295900178253
2026-05-15T06:21:34+00:00,cnsm-web-04,vfs.dev.write.await[sda],0.3506650544135429
2026-05-15T06:22:34+00:00,cnsm-web-04,vfs.dev.write.await[sda],0.4612716763005781
2026-05-15T06:23:34+00:00,cnsm-web-04,vfs.dev.write.await[sda],0.5040745052386496
2026-05-15T06:24:34+00:00,cnsm-web-04,vfs.dev.write.await[sda],0.47255113024757806
2026-05-15T06:25:34+00:00,cnsm-web-04,vfs.dev.write.await[sda],0.5353403141361257
2026-05-15T06:26:34+00:00,cnsm-web-04,vfs.dev.write.await[sda],0.42487046632124353
2026-05-15T06:27:34+00:00,cnsm-web-04,vfs.dev.write.await[sda],0.38870967741935486
2026-05-15T06:28:34+00:00,cnsm-web-04,vfs.dev.write.await[sda],0.3626707132018209
2026-05-15T06:29:34+00:00,cnsm-web-04,vfs.dev.write.await[sda],0.4734576757532281
2026-05-15T06:30:34+00:00,cnsm-web-04,vfs.dev.write.await[sda],0.3436960276338515
2026-05-15T06:31:34+00:00,cnsm-web-04,vfs.dev.write.await[sda],0.3001605136436597
2026-05-15T06:32:34+00:00,cnsm-web-04,vfs.dev.write.await[sda],0.37699680511182104
2026-05-15T06:33:34+00:00,cnsm-web-04,vfs.dev.write.await[sda],0.4240506329113924
2026-05-15T06:34:34+00:00,cnsm-web-04,vfs.dev.write.await[sda],0.6211180124223603
2026-05-15T06:35:34+00:00,cnsm-web-04,vfs.dev.write.await[sda],0.6146788990825688
2026-05-15T06:36:34+00:00,cnsm-web-04,vfs.dev.write.await[sda],0.3871473354231975
2026-05-15T06:37:34+00:00,cnsm-web-04,vfs.dev.write.await[sda],0.4551539491298528
2026-05-15T06:38:34+00:00,cnsm-web-04,vfs.dev.write.await[sda],0.4716106604866744
2026-05-15T06:39:34+00:00,cnsm-web-04,vfs.dev.write.await[sda],0.3875685557586837
2026-05-15T06:40:34+00:00,cnsm-web-04,vfs.dev.write.await[sda],0.7325428194993413
2026-05-15T06:41:34+00:00,cnsm-web-04,vfs.dev.write.await[sda],0.29196050775740484
2026-05-15T06:42:34+00:00,cnsm-web-04,vfs.dev.write.await[sda],0.3198482932996207
2026-05-15T06:43:34+00:00,cnsm-web-04,vfs.dev.write.await[sda],0.3473980309423348
2026-05-15T06:44:34+00:00,cnsm-web-04,vfs.dev.write.await[sda],0.4123422159887798
2026-05-15T06:45:34+00:00,cnsm-web-04,vfs.dev.write.await[sda],0.29870129870129875
2026-05-15T06:46:34+00:00,cnsm-web-04,vfs.dev.write.await[sda],0.3448275862068966
2026-05-15T06:47:34+00:00,cnsm-web-04,vfs.dev.write.await[sda],0.495398773006135
2026-05-15T06:48:34+00:00,cnsm-web-04,vfs.dev.write.await[sda],0.6877192982456141
2026-05-15T06:49:34+00:00,cnsm-web-04,vfs.dev.write.await[sda],0.5310344827586208
2026-05-15T06:50:34+00:00,cnsm-web-04,vfs.dev.write.await[sda],0.3201438848920863
2026-05-15T06:51:34+00:00,cnsm-web-04,vfs.dev.write.await[sda],0.4204204204204204
2026-05-15T06:52:34+00:00,cnsm-web-04,vfs.dev.write.await[sda],0.4067796610169491
2026-05-15T06:53:34+00:00,cnsm-web-04,vfs.dev.write.await[sda],0.3132530120481927
2026-05-15T06:54:34+00:00,cnsm-web-04,vfs.dev.write.await[sda],0.5184713375796178
2026-05-15T06:55:34+00:00,cnsm-web-04,vfs.dev.write.await[sda],0.3735725938009788
2026-05-15T06:56:34+00:00,cnsm-web-04,vfs.dev.write.await[sda],0.48606465997770343
2026-05-15T06:57:34+00:00,cnsm-web-04,vfs.dev.write.await[sda],0.4240506329113924
2026-05-15T06:58:34+00:00,cnsm-web-04,vfs.dev.write.await[sda],0.44664634146341464
2026-05-15T06:59:34+00:00,cnsm-web-04,vfs.dev.write.await[sda],0.5436507936507936
2026-05-15T07:00:34+00:00,cnsm-web-04,vfs.dev.write.await[sda],0.3707317073170733
2026-05-15T07:01:34+00:00,cnsm-web-04,vfs.dev.write.await[sda],0.4305135951661632
2026-05-15T07:02:34+00:00,cnsm-web-04,vfs.dev.write.await[sda],0.48467966573816157
2026-05-15T05:44:35+00:00,cnsm-web-04,vfs.dev.write.time.rate[sda],0.002816695646850113
2026-05-15T05:45:35+00:00,cnsm-web-04,vfs.dev.write.time.rate[sda],0.0019166404567361969
2026-05-15T05:46:35+00:00,cnsm-web-04,vfs.dev.write.time.rate[sda],0.0017000053607685714
2026-05-15T05:47:35+00:00,cnsm-web-04,vfs.dev.write.time.rate[sda],0.0016499993961277212
2026-05-15T05:48:35+00:00,cnsm-web-04,vfs.dev.write.time.rate[sda],0.0017833371971711495
2026-05-15T05:49:35+00:00,cnsm-web-04,vfs.dev.write.time.rate[sda],0.0016166830136491804
2026-05-15T05:50:35+00:00,cnsm-web-04,vfs.dev.write.time.rate[sda],0.001683324348056573
2026-05-15T05:51:35+00:00,cnsm-web-04,vfs.dev.write.time.rate[sda],0.0017666626929122716
2026-05-15T05:52:35+00:00,cnsm-web-04,vfs.dev.write.time.rate[sda],0.0010666767989762462
2026-05-15T05:53:35+00:00,cnsm-web-04,vfs.dev.write.time.rate[sda],0.0009999950426412422
2026-05-15T05:54:35+00:00,cnsm-web-04,vfs.dev.write.time.rate[sda],0.0019166437702165793
2026-05-15T05:55:35+00:00,cnsm-web-04,vfs.dev.write.time.rate[sda],0.0011333463653620738
2026-05-15T05:56:35+00:00,cnsm-web-04,vfs.dev.write.time.rate[sda],0.0010999970631728408
2026-05-15T05:57:35+00:00,cnsm-web-04,vfs.dev.write.time.rate[sda],0.002050000707899411
2026-05-15T05:58:35+00:00,cnsm-web-04,vfs.dev.write.time.rate[sda],0.001150004871803972
2026-05-15T05:59:35+00:00,cnsm-web-04,vfs.dev.write.time.rate[sda],0.002033311838177236
2026-05-15T06:00:35+00:00,cnsm-web-04,vfs.dev.write.time.rate[sda],0.004933328836110767
2026-05-15T06:01:35+00:00,cnsm-web-04,vfs.dev.write.time.rate[sda],0.004583336197001789
2026-05-15T06:02:35+00:00,cnsm-web-04,vfs.dev.write.time.rate[sda],0.005616723873373765
2026-05-15T06:03:35+00:00,cnsm-web-04,vfs.dev.write.time.rate[sda],0.004616610974411008
2026-05-15T06:04:35+00:00,cnsm-web-04,vfs.dev.write.time.rate[sda],0.004700021658639807
2026-05-15T06:05:35+00:00,cnsm-web-04,vfs.dev.write.time.rate[sda],0.005399983623019668
2026-05-15T06:06:35+00:00,cnsm-web-04,vfs.dev.write.time.rate[sda],0.004383363041722461
2026-05-15T06:07:35+00:00,cnsm-web-04,vfs.dev.write.time.rate[sda],0.007916706989753995
2026-05-15T06:08:35+00:00,cnsm-web-04,vfs.dev.write.time.rate[sda],0.005699945329639364
2026-05-15T06:09:35+00:00,cnsm-web-04,vfs.dev.write.time.rate[sda],0.009733374069126041
2026-05-15T06:10:35+00:00,cnsm-web-04,vfs.dev.write.time.rate[sda],0.005333319381547609
2026-05-15T06:11:35+00:00,cnsm-web-04,vfs.dev.write.time.rate[sda],0.008000069224465665
2026-05-15T06:12:35+00:00,cnsm-web-04,vfs.dev.write.time.rate[sda],0.0039166311015673945
2026-05-15T06:13:35+00:00,cnsm-web-04,vfs.dev.write.time.rate[sda],0.006516685744372795
2026-05-15T06:14:35+00:00,cnsm-web-04,vfs.dev.write.time.rate[sda],0.009150061384864312
2026-05-15T06:15:35+00:00,cnsm-web-04,vfs.dev.write.time.rate[sda],0.009883305500627269
2026-05-15T06:16:35+00:00,cnsm-web-04,vfs.dev.write.time.rate[sda],0.005166683955682854
2026-05-15T06:17:35+00:00,cnsm-web-04,vfs.dev.write.time.rate[sda],0.005783227951931915
2026-05-15T06:18:35+00:00,cnsm-web-04,vfs.dev.write.time.rate[sda],0.01830008135331666
2026-05-15T06:19:35+00:00,cnsm-web-04,vfs.dev.write.time.rate[sda],0.012983336931448774
2026-05-15T06:20:35+00:00,cnsm-web-04,vfs.dev.write.time.rate[sda],0.004833343760869718
2026-05-15T06:21:35+00:00,cnsm-web-04,vfs.dev.write.time.rate[sda],0.006650045298667731
2026-05-15T06:22:35+00:00,cnsm-web-04,vfs.dev.write.time.rate[sda],0.0072166399061631215
2026-05-15T06:23:35+00:00,cnsm-web-04,vfs.dev.write.time.rate[sda],0.00731670188878178
2026-05-15T06:24:35+00:00,cnsm-web-04,vfs.dev.write.time.rate[sda],0.006816629472636833
2026-05-15T06:25:35+00:00,cnsm-web-04,vfs.dev.write.time.rate[sda],0.005466654321321213
2026-05-15T06:26:35+00:00,cnsm-web-04,vfs.dev.write.time.rate[sda],0.0040167051983840745
2026-05-15T06:27:35+00:00,cnsm-web-04,vfs.dev.write.time.rate[sda],0.0039833320323770915
2026-05-15T06:28:35+00:00,cnsm-web-04,vfs.dev.write.time.rate[sda],0.0054999553249628855
2026-05-15T06:29:35+00:00,cnsm-web-04,vfs.dev.write.time.rate[sda],0.003316697835168738
2026-05-15T06:30:35+00:00,cnsm-web-04,vfs.dev.write.time.rate[sda],0.0031166270891386993
2026-05-15T06:31:35+00:00,cnsm-web-04,vfs.dev.write.time.rate[sda],0.0039333329641900346
2026-05-15T06:32:35+00:00,cnsm-web-04,vfs.dev.write.time.rate[sda],0.0044666566382036265
2026-05-15T06:33:35+00:00,cnsm-web-04,vfs.dev.write.time.rate[sda],0.006666705323668597
2026-05-15T06:34:35+00:00,cnsm-web-04,vfs.dev.write.time.rate[sda],0.006699986658986565
2026-05-15T06:35:35+00:00,cnsm-web-04,vfs.dev.write.time.rate[sda],0.00411664679650452
2026-05-15T06:36:35+00:00,cnsm-web-04,vfs.dev.write.time.rate[sda],0.005666683723479119
2026-05-15T06:37:35+00:00,cnsm-web-04,vfs.dev.write.time.rate[sda],0.006783347943986469
2026-05-15T06:38:35+00:00,cnsm-web-04,vfs.dev.write.time.rate[sda],0.003533370164889485
2026-05-15T06:39:35+00:00,cnsm-web-04,vfs.dev.write.time.rate[sda],0.009266629900076987
2026-05-15T06:40:35+00:00,cnsm-web-04,vfs.dev.write.time.rate[sda],0.0034500045302009487
2026-05-15T06:41:35+00:00,cnsm-web-04,vfs.dev.write.time.rate[sda],0.004216613704382171
2026-05-15T06:42:35+00:00,cnsm-web-04,vfs.dev.write.time.rate[sda],0.004116732736247576
2026-05-15T06:43:35+00:00,cnsm-web-04,vfs.dev.write.time.rate[sda],0.004899921104900314
2026-05-15T06:44:35+00:00,cnsm-web-04,vfs.dev.write.time.rate[sda],0.0026833747483155845
2026-05-15T06:45:35+00:00,cnsm-web-04,vfs.dev.write.time.rate[sda],0.003499976137162697
2026-05-15T06:46:35+00:00,cnsm-web-04,vfs.dev.write.time.rate[sda],0.005383295913415388
2026-05-15T06:47:35+00:00,cnsm-web-04,vfs.dev.write.time.rate[sda],0.00653341150723537
2026-05-15T06:48:35+00:00,cnsm-web-04,vfs.dev.write.time.rate[sda],0.0051333370928183086
2026-05-15T06:49:35+00:00,cnsm-web-04,vfs.dev.write.time.rate[sda],0.0029666433409884013
2026-05-15T06:50:35+00:00,cnsm-web-04,vfs.dev.write.time.rate[sda],0.004666658495580974
2026-05-15T06:51:35+00:00,cnsm-web-04,vfs.dev.write.time.rate[sda],0.0024000045501286265
2026-05-15T06:52:35+00:00,cnsm-web-04,vfs.dev.write.time.rate[sda],0.0026000160954429722
2026-05-15T06:53:35+00:00,cnsm-web-04,vfs.dev.write.time.rate[sda],0.0067833464622742996
2026-05-15T06:54:35+00:00,cnsm-web-04,vfs.dev.write.time.rate[sda],0.0038165586474341894
2026-05-15T06:55:35+00:00,cnsm-web-04,vfs.dev.write.time.rate[sda],0.007266771562150828
2026-05-15T06:56:35+00:00,cnsm-web-04,vfs.dev.write.time.rate[sda],0.005583405438733964
2026-05-15T06:57:35+00:00,cnsm-web-04,vfs.dev.write.time.rate[sda],0.004883329216198471
2026-05-15T06:58:35+00:00,cnsm-web-04,vfs.dev.write.time.rate[sda],0.0045666658429923705
2026-05-15T06:59:35+00:00,cnsm-web-04,vfs.dev.write.time.rate[sda],0.0025333443319321956
2026-05-15T07:00:35+00:00,cnsm-web-04,vfs.dev.write.time.rate[sda],0.004749942092980951
2026-05-15T07:01:35+00:00,cnsm-web-04,vfs.dev.write.time.rate[sda],0.002900022428870132
2026-05-15T07:02:35+00:00,cnsm-web-04,vfs.dev.write.time.rate[sda],0.0024332882425150146
2026-05-15T05:44:57+00:00,cnsm-web-04,vm.memory.size[total],8127741952
2026-05-15T05:45:57+00:00,cnsm-web-04,vm.memory.size[total],8127741952
2026-05-15T05:46:57+00:00,cnsm-web-04,vm.memory.size[total],8127741952
2026-05-15T05:47:57+00:00,cnsm-web-04,vm.memory.size[total],8127741952
2026-05-15T05:48:57+00:00,cnsm-web-04,vm.memory.size[total],8127741952
2026-05-15T05:49:57+00:00,cnsm-web-04,vm.memory.size[total],8127741952
2026-05-15T05:50:57+00:00,cnsm-web-04,vm.memory.size[total],8127741952
2026-05-15T05:51:57+00:00,cnsm-web-04,vm.memory.size[total],8127741952
2026-05-15T05:52:57+00:00,cnsm-web-04,vm.memory.size[total],8127741952
2026-05-15T05:53:57+00:00,cnsm-web-04,vm.memory.size[total],8127741952
2026-05-15T05:54:57+00:00,cnsm-web-04,vm.memory.size[total],8127741952
2026-05-15T05:55:57+00:00,cnsm-web-04,vm.memory.size[total],8127741952
2026-05-15T05:56:57+00:00,cnsm-web-04,vm.memory.size[total],8127741952
2026-05-15T05:57:57+00:00,cnsm-web-04,vm.memory.size[total],8127741952
2026-05-15T05:58:57+00:00,cnsm-web-04,vm.memory.size[total],8127741952
2026-05-15T05:59:57+00:00,cnsm-web-04,vm.memory.size[total],8127741952
2026-05-15T06:00:57+00:00,cnsm-web-04,vm.memory.size[total],8127741952
2026-05-15T06:01:57+00:00,cnsm-web-04,vm.memory.size[total],8127741952
2026-05-15T06:02:57+00:00,cnsm-web-04,vm.memory.size[total],8127741952
2026-05-15T06:03:57+00:00,cnsm-web-04,vm.memory.size[total],8127741952
2026-05-15T06:04:57+00:00,cnsm-web-04,vm.memory.size[total],8127741952
2026-05-15T06:05:57+00:00,cnsm-web-04,vm.memory.size[total],8127741952
2026-05-15T06:06:57+00:00,cnsm-web-04,vm.memory.size[total],8127741952
2026-05-15T06:07:57+00:00,cnsm-web-04,vm.memory.size[total],8127741952
2026-05-15T06:08:57+00:00,cnsm-web-04,vm.memory.size[total],8127741952
2026-05-15T06:09:57+00:00,cnsm-web-04,vm.memory.size[total],8127741952
2026-05-15T06:10:57+00:00,cnsm-web-04,vm.memory.size[total],8127741952
2026-05-15T06:11:57+00:00,cnsm-web-04,vm.memory.size[total],8127741952
2026-05-15T06:12:57+00:00,cnsm-web-04,vm.memory.size[total],8127741952
2026-05-15T06:13:57+00:00,cnsm-web-04,vm.memory.size[total],8127741952
2026-05-15T06:14:57+00:00,cnsm-web-04,vm.memory.size[total],8127741952
2026-05-15T06:15:57+00:00,cnsm-web-04,vm.memory.size[total],8127741952
2026-05-15T06:16:57+00:00,cnsm-web-04,vm.memory.size[total],8127741952
2026-05-15T06:17:57+00:00,cnsm-web-04,vm.memory.size[total],8127741952
2026-05-15T06:18:57+00:00,cnsm-web-04,vm.memory.size[total],8127741952
2026-05-15T06:19:57+00:00,cnsm-web-04,vm.memory.size[total],8127741952
2026-05-15T06:20:57+00:00,cnsm-web-04,vm.memory.size[total],8127741952
2026-05-15T06:21:57+00:00,cnsm-web-04,vm.memory.size[total],8127741952
2026-05-15T06:22:57+00:00,cnsm-web-04,vm.memory.size[total],8127741952
2026-05-15T06:23:57+00:00,cnsm-web-04,vm.memory.size[total],8127741952
2026-05-15T06:24:57+00:00,cnsm-web-04,vm.memory.size[total],8127741952
2026-05-15T06:25:57+00:00,cnsm-web-04,vm.memory.size[total],8127741952
2026-05-15T06:26:57+00:00,cnsm-web-04,vm.memory.size[total],8127741952
2026-05-15T06:27:57+00:00,cnsm-web-04,vm.memory.size[total],8127741952
2026-05-15T06:28:57+00:00,cnsm-web-04,vm.memory.size[total],8127741952
2026-05-15T06:29:57+00:00,cnsm-web-04,vm.memory.size[total],8127741952
2026-05-15T06:30:57+00:00,cnsm-web-04,vm.memory.size[total],8127741952
2026-05-15T06:31:57+00:00,cnsm-web-04,vm.memory.size[total],8127741952
2026-05-15T06:32:57+00:00,cnsm-web-04,vm.memory.size[total],8127741952
2026-05-15T06:33:57+00:00,cnsm-web-04,vm.memory.size[total],8127741952
2026-05-15T06:34:57+00:00,cnsm-web-04,vm.memory.size[total],8127741952
2026-05-15T06:35:57+00:00,cnsm-web-04,vm.memory.size[total],8127741952
2026-05-15T06:36:57+00:00,cnsm-web-04,vm.memory.size[total],8127741952
2026-05-15T06:37:57+00:00,cnsm-web-04,vm.memory.size[total],8127741952
2026-05-15T06:38:57+00:00,cnsm-web-04,vm.memory.size[total],8127741952
2026-05-15T06:39:57+00:00,cnsm-web-04,vm.memory.size[total],8127741952
2026-05-15T06:40:57+00:00,cnsm-web-04,vm.memory.size[total],8127741952
2026-05-15T06:41:57+00:00,cnsm-web-04,vm.memory.size[total],8127741952
2026-05-15T06:42:57+00:00,cnsm-web-04,vm.memory.size[total],8127741952
2026-05-15T06:43:57+00:00,cnsm-web-04,vm.memory.size[total],8127741952
2026-05-15T06:44:57+00:00,cnsm-web-04,vm.memory.size[total],8127741952
2026-05-15T06:45:57+00:00,cnsm-web-04,vm.memory.size[total],8127741952
2026-05-15T06:46:57+00:00,cnsm-web-04,vm.memory.size[total],8127741952
2026-05-15T06:47:57+00:00,cnsm-web-04,vm.memory.size[total],8127741952
2026-05-15T06:48:57+00:00,cnsm-web-04,vm.memory.size[total],8127741952
2026-05-15T06:49:57+00:00,cnsm-web-04,vm.memory.size[total],8127741952
2026-05-15T06:50:57+00:00,cnsm-web-04,vm.memory.size[total],8127741952
2026-05-15T06:51:57+00:00,cnsm-web-04,vm.memory.size[total],8127741952
2026-05-15T06:52:57+00:00,cnsm-web-04,vm.memory.size[total],8127741952
2026-05-15T06:53:57+00:00,cnsm-web-04,vm.memory.size[total],8127741952
2026-05-15T06:54:57+00:00,cnsm-web-04,vm.memory.size[total],8127741952
2026-05-15T06:55:57+00:00,cnsm-web-04,vm.memory.size[total],8127741952
2026-05-15T06:56:57+00:00,cnsm-web-04,vm.memory.size[total],8127741952
2026-05-15T06:57:57+00:00,cnsm-web-04,vm.memory.size[total],8127741952
2026-05-15T06:58:57+00:00,cnsm-web-04,vm.memory.size[total],8127741952
2026-05-15T06:59:57+00:00,cnsm-web-04,vm.memory.size[total],8127741952
2026-05-15T07:00:57+00:00,cnsm-web-04,vm.memory.size[total],8127741952
2026-05-15T07:01:57+00:00,cnsm-web-04,vm.memory.size[total],8127741952
2026-05-15T07:02:57+00:00,cnsm-web-04,vm.memory.size[total],8127741952
