timestamp_utc,host,item_key,value
2026-07-19T08:34:04+00:00,cnsm-web-01,vm.memory.size[available],7608004608
2026-07-19T08:35:04+00:00,cnsm-web-01,vm.memory.size[available],7602376704
2026-07-19T08:36:04+00:00,cnsm-web-01,vm.memory.size[available],7605907456
2026-07-19T08:37:04+00:00,cnsm-web-01,vm.memory.size[available],7600377856
2026-07-19T08:38:04+00:00,cnsm-web-01,vm.memory.size[available],7604166656
2026-07-19T08:39:04+00:00,cnsm-web-01,vm.memory.size[available],7603474432
2026-07-19T08:40:04+00:00,cnsm-web-01,vm.memory.size[available],7598530560
2026-07-19T08:41:04+00:00,cnsm-web-01,vm.memory.size[available],7603195904
2026-07-19T08:42:04+00:00,cnsm-web-01,vm.memory.size[available],7600263168
2026-07-19T08:43:04+00:00,cnsm-web-01,vm.memory.size[available],7604264960
2026-07-19T08:44:04+00:00,cnsm-web-01,vm.memory.size[available],7604101120
2026-07-19T08:45:04+00:00,cnsm-web-01,vm.memory.size[available],7598309376
2026-07-19T08:46:04+00:00,cnsm-web-01,vm.memory.size[available],7593893888
2026-07-19T08:47:04+00:00,cnsm-web-01,vm.memory.size[available],7595749376
2026-07-19T08:48:04+00:00,cnsm-web-01,vm.memory.size[available],7559356416
2026-07-19T08:49:04+00:00,cnsm-web-01,vm.memory.size[available],7572873216
2026-07-19T08:50:04+00:00,cnsm-web-01,vm.memory.size[available],7579226112
2026-07-19T08:51:04+00:00,cnsm-web-01,vm.memory.size[available],7573700608
2026-07-19T08:52:04+00:00,cnsm-web-01,vm.memory.size[available],7580053504
2026-07-19T08:53:04+00:00,cnsm-web-01,vm.memory.size[available],7580237824
2026-07-19T08:54:04+00:00,cnsm-web-01,vm.memory.size[available],7585861632
2026-07-19T08:55:04+00:00,cnsm-web-01,vm.memory.size[available],7586926592
2026-07-19T08:56:04+00:00,cnsm-web-01,vm.memory.size[available],7584940032
2026-07-19T08:57:04+00:00,cnsm-web-01,vm.memory.size[available],7586533376
2026-07-19T08:58:04+00:00,cnsm-web-01,vm.memory.size[available],7583752192
2026-07-19T08:59:04+00:00,cnsm-web-01,vm.memory.size[available],7593029632
2026-07-19T09:00:04+00:00,cnsm-web-01,vm.memory.size[available],7598112768
2026-07-19T09:01:04+00:00,cnsm-web-01,vm.memory.size[available],7590977536
2026-07-19T09:02:04+00:00,cnsm-web-01,vm.memory.size[available],7592243200
2026-07-19T09:03:04+00:00,cnsm-web-01,vm.memory.size[available],7584501760
2026-07-19T09:04:04+00:00,cnsm-web-01,vm.memory.size[available],7587676160
2026-07-19T09:05:04+00:00,cnsm-web-01,vm.memory.size[available],7586799616
2026-07-19T09:06:04+00:00,cnsm-web-01,vm.memory.size[available],7585955840
2026-07-19T09:07:04+00:00,cnsm-web-01,vm.memory.size[available],7584591872
2026-07-19T09:08:04+00:00,cnsm-web-01,vm.memory.size[available],7591747584
2026-07-19T09:09:04+00:00,cnsm-web-01,vm.memory.size[available],7596105728
2026-07-19T09:10:04+00:00,cnsm-web-01,vm.memory.size[available],7588855808
2026-07-19T09:11:04+00:00,cnsm-web-01,vm.memory.size[available],7588868096
2026-07-19T09:12:04+00:00,cnsm-web-01,vm.memory.size[available],7592144896
2026-07-19T09:13:04+00:00,cnsm-web-01,vm.memory.size[available],7592861696
2026-07-19T09:14:04+00:00,cnsm-web-01,vm.memory.size[available],7587090432
2026-07-19T09:15:04+00:00,cnsm-web-01,vm.memory.size[available],7595864064
2026-07-19T09:16:04+00:00,cnsm-web-01,vm.memory.size[available],7591231488
2026-07-19T09:17:04+00:00,cnsm-web-01,vm.memory.size[available],7594500096
2026-07-19T09:18:04+00:00,cnsm-web-01,vm.memory.size[available],7598325760
2026-07-19T09:19:04+00:00,cnsm-web-01,vm.memory.size[available],7597584384
2026-07-19T09:20:04+00:00,cnsm-web-01,vm.memory.size[available],7588380672
2026-07-19T09:21:04+00:00,cnsm-web-01,vm.memory.size[available],7591473152
2026-07-19T09:22:04+00:00,cnsm-web-01,vm.memory.size[available],7587303424
2026-07-19T09:23:04+00:00,cnsm-web-01,vm.memory.size[available],7590178816
2026-07-19T09:24:04+00:00,cnsm-web-01,vm.memory.size[available],7591288832
2026-07-19T09:25:04+00:00,cnsm-web-01,vm.memory.size[available],7592808448
2026-07-19T09:26:04+00:00,cnsm-web-01,vm.memory.size[available],7587074048
2026-07-19T09:27:04+00:00,cnsm-web-01,vm.memory.size[available],7589900288
2026-07-19T09:28:04+00:00,cnsm-web-01,vm.memory.size[available],7588417536
2026-07-19T09:29:04+00:00,cnsm-web-01,vm.memory.size[available],7588368384
2026-07-19T09:30:04+00:00,cnsm-web-01,vm.memory.size[available],7586275328
2026-07-19T09:31:04+00:00,cnsm-web-01,vm.memory.size[available],7588605952
2026-07-19T09:32:04+00:00,cnsm-web-01,vm.memory.size[available],7593209856
2026-07-19T09:33:04+00:00,cnsm-web-01,vm.memory.size[available],7590428672
2026-07-19T09:34:04+00:00,cnsm-web-01,vm.memory.size[available],7586070528
2026-07-19T09:35:04+00:00,cnsm-web-01,vm.memory.size[available],7590502400
2026-07-19T09:36:04+00:00,cnsm-web-01,vm.memory.size[available],7590031360
2026-07-19T09:37:04+00:00,cnsm-web-01,vm.memory.size[available],7589474304
2026-07-19T09:38:04+00:00,cnsm-web-01,vm.memory.size[available],7588364288
2026-07-19T09:39:04+00:00,cnsm-web-01,vm.memory.size[available],7592480768
2026-07-19T09:40:04+00:00,cnsm-web-01,vm.memory.size[available],7588540416
2026-07-19T09:41:04+00:00,cnsm-web-01,vm.memory.size[available],7588614144
2026-07-19T09:42:04+00:00,cnsm-web-01,vm.memory.size[available],7593443328
2026-07-19T09:43:04+00:00,cnsm-web-01,vm.memory.size[available],7588954112
2026-07-19T09:44:04+00:00,cnsm-web-01,vm.memory.size[available],7594545152
2026-07-19T09:45:04+00:00,cnsm-web-01,vm.memory.size[available],7589060608
2026-07-19T09:46:04+00:00,cnsm-web-01,vm.memory.size[available],7592992768
2026-07-19T09:47:04+00:00,cnsm-web-01,vm.memory.size[available],7594831872
2026-07-19T09:48:04+00:00,cnsm-web-01,vm.memory.size[available],7589937152
2026-07-19T09:49:04+00:00,cnsm-web-01,vm.memory.size[available],7593979904
2026-07-19T09:50:04+00:00,cnsm-web-01,vm.memory.size[available],7592144896
2026-07-19T09:51:04+00:00,cnsm-web-01,vm.memory.size[available],7584149504
2026-07-19T09:52:04+00:00,cnsm-web-01,vm.memory.size[available],7590531072
2026-07-19T09:53:04+00:00,cnsm-web-01,vm.memory.size[available],7593062400
2026-07-19T09:54:04+00:00,cnsm-web-01,vm.memory.size[available],7593160704
2026-07-19T09:55:04+00:00,cnsm-web-01,vm.memory.size[available],7589306368
2026-07-19T09:56:04+00:00,cnsm-web-01,vm.memory.size[available],7591653376
2026-07-19T09:57:04+00:00,cnsm-web-01,vm.memory.size[available],7585312768
2026-07-19T09:58:04+00:00,cnsm-web-01,vm.memory.size[available],7592034304
2026-07-19T09:59:04+00:00,cnsm-web-01,vm.memory.size[available],7583375360
2026-07-19T10:00:04+00:00,cnsm-web-01,vm.memory.size[available],7591043072
2026-07-19T08:34:05+00:00,cnsm-web-01,vm.memory.size[pavailable],93.598609
2026-07-19T08:35:05+00:00,cnsm-web-01,vm.memory.size[pavailable],93.557939
2026-07-19T08:36:05+00:00,cnsm-web-01,vm.memory.size[pavailable],93.580013
2026-07-19T08:37:05+00:00,cnsm-web-01,vm.memory.size[pavailable],93.509509
2026-07-19T08:38:05+00:00,cnsm-web-01,vm.memory.size[pavailable],93.558595
2026-07-19T08:39:05+00:00,cnsm-web-01,vm.memory.size[pavailable],93.550078
2026-07-19T08:40:05+00:00,cnsm-web-01,vm.memory.size[pavailable],93.493635
2026-07-19T08:41:05+00:00,cnsm-web-01,vm.memory.size[pavailable],93.546701
2026-07-19T08:42:05+00:00,cnsm-web-01,vm.memory.size[pavailable],93.511979
2026-07-19T08:43:05+00:00,cnsm-web-01,vm.memory.size[pavailable],93.550279
2026-07-19T08:44:05+00:00,cnsm-web-01,vm.memory.size[pavailable],93.533044
2026-07-19T08:45:05+00:00,cnsm-web-01,vm.memory.size[pavailable],93.48789
2026-07-19T08:46:05+00:00,cnsm-web-01,vm.memory.size[pavailable],93.432203
2026-07-19T08:47:05+00:00,cnsm-web-01,vm.memory.size[pavailable],93.455032
2026-07-19T08:48:05+00:00,cnsm-web-01,vm.memory.size[pavailable],93.037253
2026-07-19T08:49:05+00:00,cnsm-web-01,vm.memory.size[pavailable],93.173573
2026-07-19T08:50:05+00:00,cnsm-web-01,vm.memory.size[pavailable],93.254659
2026-07-19T08:51:05+00:00,cnsm-web-01,vm.memory.size[pavailable],93.237676
2026-07-19T08:52:05+00:00,cnsm-web-01,vm.memory.size[pavailable],93.261916
2026-07-19T08:53:05+00:00,cnsm-web-01,vm.memory.size[pavailable],93.264184
2026-07-19T08:54:05+00:00,cnsm-web-01,vm.memory.size[pavailable],93.327682
2026-07-19T08:55:05+00:00,cnsm-web-01,vm.memory.size[pavailable],93.34648
2026-07-19T08:56:05+00:00,cnsm-web-01,vm.memory.size[pavailable],93.322038
2026-07-19T08:57:05+00:00,cnsm-web-01,vm.memory.size[pavailable],93.339374
2026-07-19T08:58:05+00:00,cnsm-web-01,vm.memory.size[pavailable],93.307423
2026-07-19T08:59:05+00:00,cnsm-web-01,vm.memory.size[pavailable],93.411591
2026-07-19T09:00:05+00:00,cnsm-web-01,vm.memory.size[pavailable],93.507393
2026-07-19T09:01:05+00:00,cnsm-web-01,vm.memory.size[pavailable],93.401915
2026-07-19T09:02:05+00:00,cnsm-web-01,vm.memory.size[pavailable],93.411893
2026-07-19T09:03:05+00:00,cnsm-web-01,vm.memory.size[pavailable],93.318712
2026-07-19T09:04:05+00:00,cnsm-web-01,vm.memory.size[pavailable],93.386695
2026-07-19T09:05:05+00:00,cnsm-web-01,vm.memory.size[pavailable],93.344918
2026-07-19T09:06:05+00:00,cnsm-web-01,vm.memory.size[pavailable],93.331361
2026-07-19T09:07:05+00:00,cnsm-web-01,vm.memory.size[pavailable],93.3745
2026-07-19T09:08:05+00:00,cnsm-web-01,vm.memory.size[pavailable],93.380749
2026-07-19T09:09:05+00:00,cnsm-web-01,vm.memory.size[pavailable],93.456392
2026-07-19T09:10:05+00:00,cnsm-web-01,vm.memory.size[pavailable],93.370418
2026-07-19T09:11:05+00:00,cnsm-web-01,vm.memory.size[pavailable],93.370367
2026-07-19T09:12:05+00:00,cnsm-web-01,vm.memory.size[pavailable],93.410684
2026-07-19T09:13:05+00:00,cnsm-web-01,vm.memory.size[pavailable],93.424089
2026-07-19T09:14:05+00:00,cnsm-web-01,vm.memory.size[pavailable],93.349604
2026-07-19T09:15:05+00:00,cnsm-web-01,vm.memory.size[pavailable],93.445557
2026-07-19T09:16:05+00:00,cnsm-web-01,vm.memory.size[pavailable],93.40126
2026-07-19T09:17:05+00:00,cnsm-web-01,vm.memory.size[pavailable],93.439661
2026-07-19T09:18:05+00:00,cnsm-web-01,vm.memory.size[pavailable],93.486731
2026-07-19T09:19:05+00:00,cnsm-web-01,vm.memory.size[pavailable],93.490107
2026-07-19T09:20:05+00:00,cnsm-web-01,vm.memory.size[pavailable],93.36437
2026-07-19T09:21:05+00:00,cnsm-web-01,vm.memory.size[pavailable],93.402419
2026-07-19T09:22:05+00:00,cnsm-web-01,vm.memory.size[pavailable],93.354946
2026-07-19T09:23:05+00:00,cnsm-web-01,vm.memory.size[pavailable],93.426256
2026-07-19T09:24:05+00:00,cnsm-web-01,vm.memory.size[pavailable],93.400151
2026-07-19T09:25:05+00:00,cnsm-web-01,vm.memory.size[pavailable],93.418848
2026-07-19T09:26:05+00:00,cnsm-web-01,vm.memory.size[pavailable],93.392138
2026-07-19T09:27:05+00:00,cnsm-web-01,vm.memory.size[pavailable],93.414262
2026-07-19T09:28:05+00:00,cnsm-web-01,vm.memory.size[pavailable],93.364824
2026-07-19T09:29:05+00:00,cnsm-web-01,vm.memory.size[pavailable],93.364219
2026-07-19T09:30:05+00:00,cnsm-web-01,vm.memory.size[pavailable],93.338769
2026-07-19T09:31:05+00:00,cnsm-web-01,vm.memory.size[pavailable],93.368352
2026-07-19T09:32:05+00:00,cnsm-web-01,vm.memory.size[pavailable],93.423787
2026-07-19T09:33:05+00:00,cnsm-web-01,vm.memory.size[pavailable],93.386393
2026-07-19T09:34:05+00:00,cnsm-web-01,vm.memory.size[pavailable],93.330454
2026-07-19T09:35:05+00:00,cnsm-web-01,vm.memory.size[pavailable],93.391584
2026-07-19T09:36:05+00:00,cnsm-web-01,vm.memory.size[pavailable],93.388963
2026-07-19T09:37:05+00:00,cnsm-web-01,vm.memory.size[pavailable],93.406249
2026-07-19T09:38:05+00:00,cnsm-web-01,vm.memory.size[pavailable],93.398085
2026-07-19T09:39:05+00:00,cnsm-web-01,vm.memory.size[pavailable],93.414816
2026-07-19T09:40:05+00:00,cnsm-web-01,vm.memory.size[pavailable],93.366336
2026-07-19T09:41:05+00:00,cnsm-web-01,vm.memory.size[pavailable],93.363514
2026-07-19T09:42:05+00:00,cnsm-web-01,vm.memory.size[pavailable],93.431144
2026-07-19T09:43:05+00:00,cnsm-web-01,vm.memory.size[pavailable],93.37203
2026-07-19T09:44:05+00:00,cnsm-web-01,vm.memory.size[pavailable],93.440266
2026-07-19T09:45:05+00:00,cnsm-web-01,vm.memory.size[pavailable],93.372736
2026-07-19T09:46:05+00:00,cnsm-web-01,vm.memory.size[pavailable],93.460273
2026-07-19T09:47:05+00:00,cnsm-web-01,vm.memory.size[pavailable],93.38085
2026-07-19T09:48:05+00:00,cnsm-web-01,vm.memory.size[pavailable],93.38851
2026-07-19T09:49:05+00:00,cnsm-web-01,vm.memory.size[pavailable],93.470654
2026-07-19T09:50:05+00:00,cnsm-web-01,vm.memory.size[pavailable],93.410684
2026-07-19T09:51:05+00:00,cnsm-web-01,vm.memory.size[pavailable],93.307373
2026-07-19T09:52:05+00:00,cnsm-web-01,vm.memory.size[pavailable],93.436839
2026-07-19T09:53:05+00:00,cnsm-web-01,vm.memory.size[pavailable],93.421972
2026-07-19T09:54:05+00:00,cnsm-web-01,vm.memory.size[pavailable],93.423182
2026-07-19T09:55:05+00:00,cnsm-web-01,vm.memory.size[pavailable],93.376516
2026-07-19T09:56:05+00:00,cnsm-web-01,vm.memory.size[pavailable],93.443038
2026-07-19T09:57:05+00:00,cnsm-web-01,vm.memory.size[pavailable],93.350058
2026-07-19T09:58:05+00:00,cnsm-web-01,vm.memory.size[pavailable],93.39486
2026-07-19T09:59:05+00:00,cnsm-web-01,vm.memory.size[pavailable],93.300418
2026-07-19T10:00:05+00:00,cnsm-web-01,vm.memory.size[pavailable],93.397127
2026-07-19T08:33:16+00:00,cnsm-web-01,cnsm.fault.active,0
2026-07-19T08:33:31+00:00,cnsm-web-01,cnsm.fault.active,0
2026-07-19T08:33:46+00:00,cnsm-web-01,cnsm.fault.active,0
2026-07-19T08:34:01+00:00,cnsm-web-01,cnsm.fault.active,0
2026-07-19T08:34:16+00:00,cnsm-web-01,cnsm.fault.active,0
2026-07-19T08:34:31+00:00,cnsm-web-01,cnsm.fault.active,0
2026-07-19T08:34:46+00:00,cnsm-web-01,cnsm.fault.active,0
2026-07-19T08:35:01+00:00,cnsm-web-01,cnsm.fault.active,0
2026-07-19T08:35:16+00:00,cnsm-web-01,cnsm.fault.active,0
2026-07-19T08:35:31+00:00,cnsm-web-01,cnsm.fault.active,0
2026-07-19T08:35:46+00:00,cnsm-web-01,cnsm.fault.active,0
2026-07-19T08:36:01+00:00,cnsm-web-01,cnsm.fault.active,0
2026-07-19T08:36:16+00:00,cnsm-web-01,cnsm.fault.active,0
2026-07-19T08:36:31+00:00,cnsm-web-01,cnsm.fault.active,0
2026-07-19T08:36:46+00:00,cnsm-web-01,cnsm.fault.active,0
2026-07-19T08:37:01+00:00,cnsm-web-01,cnsm.fault.active,0
2026-07-19T08:37:16+00:00,cnsm-web-01,cnsm.fault.active,0
2026-07-19T08:37:31+00:00,cnsm-web-01,cnsm.fault.active,0
2026-07-19T08:37:46+00:00,cnsm-web-01,cnsm.fault.active,0
2026-07-19T08:38:01+00:00,cnsm-web-01,cnsm.fault.active,0
2026-07-19T08:38:16+00:00,cnsm-web-01,cnsm.fault.active,0
2026-07-19T08:38:31+00:00,cnsm-web-01,cnsm.fault.active,0
2026-07-19T08:38:46+00:00,cnsm-web-01,cnsm.fault.active,0
2026-07-19T08:39:01+00:00,cnsm-web-01,cnsm.fault.active,0
2026-07-19T08:39:16+00:00,cnsm-web-01,cnsm.fault.active,0
2026-07-19T08:39:31+00:00,cnsm-web-01,cnsm.fault.active,0
2026-07-19T08:39:46+00:00,cnsm-web-01,cnsm.fault.active,0
2026-07-19T08:40:01+00:00,cnsm-web-01,cnsm.fault.active,0
2026-07-19T08:40:16+00:00,cnsm-web-01,cnsm.fault.active,0
2026-07-19T08:40:31+00:00,cnsm-web-01,cnsm.fault.active,0
2026-07-19T08:40:46+00:00,cnsm-web-01,cnsm.fault.active,0
2026-07-19T08:41:01+00:00,cnsm-web-01,cnsm.fault.active,0
2026-07-19T08:41:16+00:00,cnsm-web-01,cnsm.fault.active,0
2026-07-19T08:41:31+00:00,cnsm-web-01,cnsm.fault.active,0
2026-07-19T08:41:46+00:00,cnsm-web-01,cnsm.fault.active,0
2026-07-19T08:42:01+00:00,cnsm-web-01,cnsm.fault.active,0
2026-07-19T08:42:16+00:00,cnsm-web-01,cnsm.fault.active,0
2026-07-19T08:42:31+00:00,cnsm-web-01,cnsm.fault.active,0
2026-07-19T08:42:46+00:00,cnsm-web-01,cnsm.fault.active,0
2026-07-19T08:43:01+00:00,cnsm-web-01,cnsm.fault.active,0
2026-07-19T08:43:16+00:00,cnsm-web-01,cnsm.fault.active,0
2026-07-19T08:43:31+00:00,cnsm-web-01,cnsm.fault.active,0
2026-07-19T08:43:46+00:00,cnsm-web-01,cnsm.fault.active,0
2026-07-19T08:44:01+00:00,cnsm-web-01,cnsm.fault.active,0
2026-07-19T08:44:16+00:00,cnsm-web-01,cnsm.fault.active,0
2026-07-19T08:44:31+00:00,cnsm-web-01,cnsm.fault.active,0
2026-07-19T08:44:46+00:00,cnsm-web-01,cnsm.fault.active,0
2026-07-19T08:45:01+00:00,cnsm-web-01,cnsm.fault.active,0
2026-07-19T08:45:16+00:00,cnsm-web-01,cnsm.fault.active,0
2026-07-19T08:45:31+00:00,cnsm-web-01,cnsm.fault.active,0
2026-07-19T08:45:46+00:00,cnsm-web-01,cnsm.fault.active,0
2026-07-19T08:46:01+00:00,cnsm-web-01,cnsm.fault.active,0
2026-07-19T08:46:16+00:00,cnsm-web-01,cnsm.fault.active,0
2026-07-19T08:46:31+00:00,cnsm-web-01,cnsm.fault.active,0
2026-07-19T08:46:46+00:00,cnsm-web-01,cnsm.fault.active,0
2026-07-19T08:47:01+00:00,cnsm-web-01,cnsm.fault.active,0
2026-07-19T08:47:16+00:00,cnsm-web-01,cnsm.fault.active,0
2026-07-19T08:47:31+00:00,cnsm-web-01,cnsm.fault.active,0
2026-07-19T08:47:46+00:00,cnsm-web-01,cnsm.fault.active,0
2026-07-19T08:48:01+00:00,cnsm-web-01,cnsm.fault.active,0
2026-07-19T08:48:16+00:00,cnsm-web-01,cnsm.fault.active,0
2026-07-19T08:48:31+00:00,cnsm-web-01,cnsm.fault.active,0
2026-07-19T08:48:46+00:00,cnsm-web-01,cnsm.fault.active,0
2026-07-19T08:49:01+00:00,cnsm-web-01,cnsm.fault.active,0
2026-07-19T08:49:16+00:00,cnsm-web-01,cnsm.fault.active,0
2026-07-19T08:49:31+00:00,cnsm-web-01,cnsm.fault.active,0
2026-07-19T08:49:46+00:00,cnsm-web-01,cnsm.fault.active,0
2026-07-19T08:50:01+00:00,cnsm-web-01,cnsm.fault.active,0
2026-07-19T08:50:16+00:00,cnsm-web-01,cnsm.fault.active,0
2026-07-19T08:50:31+00:00,cnsm-web-01,cnsm.fault.active,0
2026-07-19T08:50:46+00:00,cnsm-web-01,cnsm.fault.active,0
2026-07-19T08:51:01+00:00,cnsm-web-01,cnsm.fault.active,0
2026-07-19T08:51:16+00:00,cnsm-web-01,cnsm.fault.active,0
2026-07-19T08:51:31+00:00,cnsm-web-01,cnsm.fault.active,0
2026-07-19T08:51:46+00:00,cnsm-web-01,cnsm.fault.active,0
2026-07-19T08:52:01+00:00,cnsm-web-01,cnsm.fault.active,0
2026-07-19T08:52:16+00:00,cnsm-web-01,cnsm.fault.active,0
2026-07-19T08:52:31+00:00,cnsm-web-01,cnsm.fault.active,0
2026-07-19T08:52:46+00:00,cnsm-web-01,cnsm.fault.active,0
2026-07-19T08:53:01+00:00,cnsm-web-01,cnsm.fault.active,0
2026-07-19T08:53:16+00:00,cnsm-web-01,cnsm.fault.active,0
2026-07-19T08:53:31+00:00,cnsm-web-01,cnsm.fault.active,0
2026-07-19T08:53:46+00:00,cnsm-web-01,cnsm.fault.active,0
2026-07-19T08:54:01+00:00,cnsm-web-01,cnsm.fault.active,0
2026-07-19T08:54:16+00:00,cnsm-web-01,cnsm.fault.active,0
2026-07-19T08:54:31+00:00,cnsm-web-01,cnsm.fault.active,0
2026-07-19T08:54:46+00:00,cnsm-web-01,cnsm.fault.active,0
2026-07-19T08:55:01+00:00,cnsm-web-01,cnsm.fault.active,0
2026-07-19T08:55:16+00:00,cnsm-web-01,cnsm.fault.active,0
2026-07-19T08:55:31+00:00,cnsm-web-01,cnsm.fault.active,0
2026-07-19T08:55:46+00:00,cnsm-web-01,cnsm.fault.active,0
2026-07-19T08:56:01+00:00,cnsm-web-01,cnsm.fault.active,0
2026-07-19T08:56:16+00:00,cnsm-web-01,cnsm.fault.active,0
2026-07-19T08:56:31+00:00,cnsm-web-01,cnsm.fault.active,0
2026-07-19T08:56:46+00:00,cnsm-web-01,cnsm.fault.active,0
2026-07-19T08:57:01+00:00,cnsm-web-01,cnsm.fault.active,0
2026-07-19T08:57:16+00:00,cnsm-web-01,cnsm.fault.active,0
2026-07-19T08:57:31+00:00,cnsm-web-01,cnsm.fault.active,0
2026-07-19T08:57:46+00:00,cnsm-web-01,cnsm.fault.active,0
2026-07-19T08:58:01+00:00,cnsm-web-01,cnsm.fault.active,0
2026-07-19T08:58:16+00:00,cnsm-web-01,cnsm.fault.active,0
2026-07-19T08:58:31+00:00,cnsm-web-01,cnsm.fault.active,0
2026-07-19T08:58:46+00:00,cnsm-web-01,cnsm.fault.active,0
2026-07-19T08:59:01+00:00,cnsm-web-01,cnsm.fault.active,0
2026-07-19T08:59:16+00:00,cnsm-web-01,cnsm.fault.active,0
2026-07-19T08:59:31+00:00,cnsm-web-01,cnsm.fault.active,0
2026-07-19T08:59:46+00:00,cnsm-web-01,cnsm.fault.active,0
2026-07-19T09:00:01+00:00,cnsm-web-01,cnsm.fault.active,0
2026-07-19T09:00:16+00:00,cnsm-web-01,cnsm.fault.active,0
2026-07-19T09:00:31+00:00,cnsm-web-01,cnsm.fault.active,0
2026-07-19T09:00:46+00:00,cnsm-web-01,cnsm.fault.active,0
2026-07-19T09:01:01+00:00,cnsm-web-01,cnsm.fault.active,0
2026-07-19T09:01:16+00:00,cnsm-web-01,cnsm.fault.active,0
2026-07-19T09:01:31+00:00,cnsm-web-01,cnsm.fault.active,0
2026-07-19T09:01:46+00:00,cnsm-web-01,cnsm.fault.active,0
2026-07-19T09:02:01+00:00,cnsm-web-01,cnsm.fault.active,0
2026-07-19T09:02:16+00:00,cnsm-web-01,cnsm.fault.active,0
2026-07-19T09:02:31+00:00,cnsm-web-01,cnsm.fault.active,0
2026-07-19T09:02:46+00:00,cnsm-web-01,cnsm.fault.active,0
2026-07-19T09:03:01+00:00,cnsm-web-01,cnsm.fault.active,0
2026-07-19T09:03:16+00:00,cnsm-web-01,cnsm.fault.active,0
2026-07-19T09:03:31+00:00,cnsm-web-01,cnsm.fault.active,0
2026-07-19T09:03:46+00:00,cnsm-web-01,cnsm.fault.active,0
2026-07-19T09:04:01+00:00,cnsm-web-01,cnsm.fault.active,0
2026-07-19T09:04:16+00:00,cnsm-web-01,cnsm.fault.active,0
2026-07-19T09:04:31+00:00,cnsm-web-01,cnsm.fault.active,0
2026-07-19T09:04:46+00:00,cnsm-web-01,cnsm.fault.active,0
2026-07-19T09:05:01+00:00,cnsm-web-01,cnsm.fault.active,0
2026-07-19T09:05:16+00:00,cnsm-web-01,cnsm.fault.active,0
2026-07-19T09:05:31+00:00,cnsm-web-01,cnsm.fault.active,0
2026-07-19T09:05:46+00:00,cnsm-web-01,cnsm.fault.active,0
2026-07-19T09:06:01+00:00,cnsm-web-01,cnsm.fault.active,0
2026-07-19T09:06:16+00:00,cnsm-web-01,cnsm.fault.active,0
2026-07-19T09:06:31+00:00,cnsm-web-01,cnsm.fault.active,0
2026-07-19T09:06:46+00:00,cnsm-web-01,cnsm.fault.active,0
2026-07-19T09:07:01+00:00,cnsm-web-01,cnsm.fault.active,0
2026-07-19T09:07:16+00:00,cnsm-web-01,cnsm.fault.active,0
2026-07-19T09:07:31+00:00,cnsm-web-01,cnsm.fault.active,0
2026-07-19T09:07:46+00:00,cnsm-web-01,cnsm.fault.active,0
2026-07-19T09:08:01+00:00,cnsm-web-01,cnsm.fault.active,0
2026-07-19T09:08:16+00:00,cnsm-web-01,cnsm.fault.active,0
2026-07-19T09:08:31+00:00,cnsm-web-01,cnsm.fault.active,0
2026-07-19T09:08:46+00:00,cnsm-web-01,cnsm.fault.active,0
2026-07-19T09:09:01+00:00,cnsm-web-01,cnsm.fault.active,0
2026-07-19T09:09:16+00:00,cnsm-web-01,cnsm.fault.active,0
2026-07-19T09:09:31+00:00,cnsm-web-01,cnsm.fault.active,0
2026-07-19T09:09:46+00:00,cnsm-web-01,cnsm.fault.active,0
2026-07-19T09:10:01+00:00,cnsm-web-01,cnsm.fault.active,0
2026-07-19T09:10:16+00:00,cnsm-web-01,cnsm.fault.active,0
2026-07-19T09:10:31+00:00,cnsm-web-01,cnsm.fault.active,0
2026-07-19T09:10:46+00:00,cnsm-web-01,cnsm.fault.active,0
2026-07-19T09:11:01+00:00,cnsm-web-01,cnsm.fault.active,0
2026-07-19T09:11:16+00:00,cnsm-web-01,cnsm.fault.active,0
2026-07-19T09:11:31+00:00,cnsm-web-01,cnsm.fault.active,0
2026-07-19T09:11:46+00:00,cnsm-web-01,cnsm.fault.active,0
2026-07-19T09:12:01+00:00,cnsm-web-01,cnsm.fault.active,0
2026-07-19T09:12:16+00:00,cnsm-web-01,cnsm.fault.active,0
2026-07-19T09:12:31+00:00,cnsm-web-01,cnsm.fault.active,0
2026-07-19T09:12:46+00:00,cnsm-web-01,cnsm.fault.active,0
2026-07-19T09:13:01+00:00,cnsm-web-01,cnsm.fault.active,0
2026-07-19T09:13:16+00:00,cnsm-web-01,cnsm.fault.active,0
2026-07-19T09:13:31+00:00,cnsm-web-01,cnsm.fault.active,0
2026-07-19T09:13:46+00:00,cnsm-web-01,cnsm.fault.active,0
2026-07-19T09:14:01+00:00,cnsm-web-01,cnsm.fault.active,0
2026-07-19T09:14:16+00:00,cnsm-web-01,cnsm.fault.active,0
2026-07-19T09:14:31+00:00,cnsm-web-01,cnsm.fault.active,0
2026-07-19T09:14:46+00:00,cnsm-web-01,cnsm.fault.active,0
2026-07-19T09:15:01+00:00,cnsm-web-01,cnsm.fault.active,0
2026-07-19T09:15:16+00:00,cnsm-web-01,cnsm.fault.active,0
2026-07-19T09:15:31+00:00,cnsm-web-01,cnsm.fault.active,0
2026-07-19T09:15:46+00:00,cnsm-web-01,cnsm.fault.active,0
2026-07-19T09:16:01+00:00,cnsm-web-01,cnsm.fault.active,0
2026-07-19T09:16:16+00:00,cnsm-web-01,cnsm.fault.active,0
2026-07-19T09:16:31+00:00,cnsm-web-01,cnsm.fault.active,0
2026-07-19T09:16:46+00:00,cnsm-web-01,cnsm.fault.active,0
2026-07-19T09:17:01+00:00,cnsm-web-01,cnsm.fault.active,0
2026-07-19T09:17:16+00:00,cnsm-web-01,cnsm.fault.active,0
2026-07-19T09:17:31+00:00,cnsm-web-01,cnsm.fault.active,0
2026-07-19T09:17:46+00:00,cnsm-web-01,cnsm.fault.active,0
2026-07-19T09:18:01+00:00,cnsm-web-01,cnsm.fault.active,0
2026-07-19T09:18:16+00:00,cnsm-web-01,cnsm.fault.active,0
2026-07-19T09:18:31+00:00,cnsm-web-01,cnsm.fault.active,0
2026-07-19T09:18:46+00:00,cnsm-web-01,cnsm.fault.active,0
2026-07-19T09:19:01+00:00,cnsm-web-01,cnsm.fault.active,0
2026-07-19T09:19:16+00:00,cnsm-web-01,cnsm.fault.active,0
2026-07-19T09:19:31+00:00,cnsm-web-01,cnsm.fault.active,0
2026-07-19T09:19:46+00:00,cnsm-web-01,cnsm.fault.active,0
2026-07-19T09:20:01+00:00,cnsm-web-01,cnsm.fault.active,0
2026-07-19T09:20:16+00:00,cnsm-web-01,cnsm.fault.active,0
2026-07-19T09:20:31+00:00,cnsm-web-01,cnsm.fault.active,0
2026-07-19T09:20:46+00:00,cnsm-web-01,cnsm.fault.active,0
2026-07-19T09:21:01+00:00,cnsm-web-01,cnsm.fault.active,0
2026-07-19T09:21:16+00:00,cnsm-web-01,cnsm.fault.active,0
2026-07-19T09:21:31+00:00,cnsm-web-01,cnsm.fault.active,0
2026-07-19T09:21:46+00:00,cnsm-web-01,cnsm.fault.active,0
2026-07-19T09:22:01+00:00,cnsm-web-01,cnsm.fault.active,0
2026-07-19T09:22:16+00:00,cnsm-web-01,cnsm.fault.active,0
2026-07-19T09:22:31+00:00,cnsm-web-01,cnsm.fault.active,0
2026-07-19T09:22:46+00:00,cnsm-web-01,cnsm.fault.active,0
2026-07-19T09:23:01+00:00,cnsm-web-01,cnsm.fault.active,0
2026-07-19T09:23:16+00:00,cnsm-web-01,cnsm.fault.active,0
2026-07-19T09:23:31+00:00,cnsm-web-01,cnsm.fault.active,0
2026-07-19T09:23:46+00:00,cnsm-web-01,cnsm.fault.active,0
2026-07-19T09:24:01+00:00,cnsm-web-01,cnsm.fault.active,0
2026-07-19T09:24:16+00:00,cnsm-web-01,cnsm.fault.active,0
2026-07-19T09:24:31+00:00,cnsm-web-01,cnsm.fault.active,0
2026-07-19T09:24:46+00:00,cnsm-web-01,cnsm.fault.active,0
2026-07-19T09:25:01+00:00,cnsm-web-01,cnsm.fault.active,0
2026-07-19T09:25:16+00:00,cnsm-web-01,cnsm.fault.active,0
2026-07-19T09:25:31+00:00,cnsm-web-01,cnsm.fault.active,0
2026-07-19T09:25:46+00:00,cnsm-web-01,cnsm.fault.active,0
2026-07-19T09:26:01+00:00,cnsm-web-01,cnsm.fault.active,0
2026-07-19T09:26:16+00:00,cnsm-web-01,cnsm.fault.active,0
2026-07-19T09:26:31+00:00,cnsm-web-01,cnsm.fault.active,0
2026-07-19T09:26:46+00:00,cnsm-web-01,cnsm.fault.active,0
2026-07-19T09:27:01+00:00,cnsm-web-01,cnsm.fault.active,0
2026-07-19T09:27:16+00:00,cnsm-web-01,cnsm.fault.active,0
2026-07-19T09:27:31+00:00,cnsm-web-01,cnsm.fault.active,0
2026-07-19T09:27:46+00:00,cnsm-web-01,cnsm.fault.active,0
2026-07-19T09:28:01+00:00,cnsm-web-01,cnsm.fault.active,0
2026-07-19T09:28:16+00:00,cnsm-web-01,cnsm.fault.active,0
2026-07-19T09:28:31+00:00,cnsm-web-01,cnsm.fault.active,0
2026-07-19T09:28:46+00:00,cnsm-web-01,cnsm.fault.active,0
2026-07-19T09:29:01+00:00,cnsm-web-01,cnsm.fault.active,0
2026-07-19T09:29:16+00:00,cnsm-web-01,cnsm.fault.active,0
2026-07-19T09:29:31+00:00,cnsm-web-01,cnsm.fault.active,0
2026-07-19T09:29:46+00:00,cnsm-web-01,cnsm.fault.active,0
2026-07-19T09:30:01+00:00,cnsm-web-01,cnsm.fault.active,0
2026-07-19T09:30:16+00:00,cnsm-web-01,cnsm.fault.active,0
2026-07-19T09:30:31+00:00,cnsm-web-01,cnsm.fault.active,0
2026-07-19T09:30:46+00:00,cnsm-web-01,cnsm.fault.active,0
2026-07-19T09:31:01+00:00,cnsm-web-01,cnsm.fault.active,0
2026-07-19T09:31:16+00:00,cnsm-web-01,cnsm.fault.active,0
2026-07-19T09:31:31+00:00,cnsm-web-01,cnsm.fault.active,0
2026-07-19T09:31:46+00:00,cnsm-web-01,cnsm.fault.active,0
2026-07-19T09:32:01+00:00,cnsm-web-01,cnsm.fault.active,0
2026-07-19T09:32:16+00:00,cnsm-web-01,cnsm.fault.active,0
2026-07-19T09:32:31+00:00,cnsm-web-01,cnsm.fault.active,0
2026-07-19T09:32:46+00:00,cnsm-web-01,cnsm.fault.active,0
2026-07-19T09:33:01+00:00,cnsm-web-01,cnsm.fault.active,0
2026-07-19T09:33:16+00:00,cnsm-web-01,cnsm.fault.active,0
2026-07-19T09:33:31+00:00,cnsm-web-01,cnsm.fault.active,0
2026-07-19T09:33:46+00:00,cnsm-web-01,cnsm.fault.active,0
2026-07-19T09:34:01+00:00,cnsm-web-01,cnsm.fault.active,0
2026-07-19T09:34:16+00:00,cnsm-web-01,cnsm.fault.active,0
2026-07-19T09:34:31+00:00,cnsm-web-01,cnsm.fault.active,0
2026-07-19T09:34:46+00:00,cnsm-web-01,cnsm.fault.active,0
2026-07-19T09:35:01+00:00,cnsm-web-01,cnsm.fault.active,0
2026-07-19T09:35:16+00:00,cnsm-web-01,cnsm.fault.active,0
2026-07-19T09:35:31+00:00,cnsm-web-01,cnsm.fault.active,0
2026-07-19T09:35:46+00:00,cnsm-web-01,cnsm.fault.active,0
2026-07-19T09:36:01+00:00,cnsm-web-01,cnsm.fault.active,0
2026-07-19T09:36:16+00:00,cnsm-web-01,cnsm.fault.active,0
2026-07-19T09:36:31+00:00,cnsm-web-01,cnsm.fault.active,0
2026-07-19T09:36:46+00:00,cnsm-web-01,cnsm.fault.active,0
2026-07-19T09:37:01+00:00,cnsm-web-01,cnsm.fault.active,0
2026-07-19T09:37:16+00:00,cnsm-web-01,cnsm.fault.active,0
2026-07-19T09:37:31+00:00,cnsm-web-01,cnsm.fault.active,0
2026-07-19T09:37:46+00:00,cnsm-web-01,cnsm.fault.active,0
2026-07-19T09:38:01+00:00,cnsm-web-01,cnsm.fault.active,0
2026-07-19T09:38:16+00:00,cnsm-web-01,cnsm.fault.active,0
2026-07-19T09:38:31+00:00,cnsm-web-01,cnsm.fault.active,0
2026-07-19T09:38:46+00:00,cnsm-web-01,cnsm.fault.active,0
2026-07-19T09:39:01+00:00,cnsm-web-01,cnsm.fault.active,0
2026-07-19T09:39:16+00:00,cnsm-web-01,cnsm.fault.active,0
2026-07-19T09:39:31+00:00,cnsm-web-01,cnsm.fault.active,0
2026-07-19T09:39:46+00:00,cnsm-web-01,cnsm.fault.active,0
2026-07-19T09:40:01+00:00,cnsm-web-01,cnsm.fault.active,0
2026-07-19T09:40:16+00:00,cnsm-web-01,cnsm.fault.active,0
2026-07-19T09:40:31+00:00,cnsm-web-01,cnsm.fault.active,0
2026-07-19T09:40:46+00:00,cnsm-web-01,cnsm.fault.active,0
2026-07-19T09:41:01+00:00,cnsm-web-01,cnsm.fault.active,0
2026-07-19T09:41:16+00:00,cnsm-web-01,cnsm.fault.active,0
2026-07-19T09:41:31+00:00,cnsm-web-01,cnsm.fault.active,0
2026-07-19T09:41:46+00:00,cnsm-web-01,cnsm.fault.active,0
2026-07-19T09:42:01+00:00,cnsm-web-01,cnsm.fault.active,0
2026-07-19T09:42:16+00:00,cnsm-web-01,cnsm.fault.active,0
2026-07-19T09:42:31+00:00,cnsm-web-01,cnsm.fault.active,0
2026-07-19T09:42:46+00:00,cnsm-web-01,cnsm.fault.active,0
2026-07-19T09:43:01+00:00,cnsm-web-01,cnsm.fault.active,0
2026-07-19T09:43:16+00:00,cnsm-web-01,cnsm.fault.active,0
2026-07-19T09:43:31+00:00,cnsm-web-01,cnsm.fault.active,0
2026-07-19T09:43:46+00:00,cnsm-web-01,cnsm.fault.active,0
2026-07-19T09:44:01+00:00,cnsm-web-01,cnsm.fault.active,0
2026-07-19T09:44:16+00:00,cnsm-web-01,cnsm.fault.active,0
2026-07-19T09:44:31+00:00,cnsm-web-01,cnsm.fault.active,0
2026-07-19T09:44:46+00:00,cnsm-web-01,cnsm.fault.active,0
2026-07-19T09:45:01+00:00,cnsm-web-01,cnsm.fault.active,0
2026-07-19T09:45:16+00:00,cnsm-web-01,cnsm.fault.active,0
2026-07-19T09:45:31+00:00,cnsm-web-01,cnsm.fault.active,0
2026-07-19T09:45:46+00:00,cnsm-web-01,cnsm.fault.active,0
2026-07-19T09:46:01+00:00,cnsm-web-01,cnsm.fault.active,0
2026-07-19T09:46:16+00:00,cnsm-web-01,cnsm.fault.active,0
2026-07-19T09:46:31+00:00,cnsm-web-01,cnsm.fault.active,0
2026-07-19T09:46:46+00:00,cnsm-web-01,cnsm.fault.active,0
2026-07-19T09:47:01+00:00,cnsm-web-01,cnsm.fault.active,0
2026-07-19T09:47:16+00:00,cnsm-web-01,cnsm.fault.active,0
2026-07-19T09:47:31+00:00,cnsm-web-01,cnsm.fault.active,0
2026-07-19T09:47:46+00:00,cnsm-web-01,cnsm.fault.active,0
2026-07-19T09:48:01+00:00,cnsm-web-01,cnsm.fault.active,0
2026-07-19T09:48:16+00:00,cnsm-web-01,cnsm.fault.active,0
2026-07-19T09:48:31+00:00,cnsm-web-01,cnsm.fault.active,0
2026-07-19T09:48:46+00:00,cnsm-web-01,cnsm.fault.active,0
2026-07-19T09:49:01+00:00,cnsm-web-01,cnsm.fault.active,0
2026-07-19T09:49:16+00:00,cnsm-web-01,cnsm.fault.active,0
2026-07-19T09:49:31+00:00,cnsm-web-01,cnsm.fault.active,0
2026-07-19T09:49:46+00:00,cnsm-web-01,cnsm.fault.active,0
2026-07-19T09:50:01+00:00,cnsm-web-01,cnsm.fault.active,0
2026-07-19T09:50:16+00:00,cnsm-web-01,cnsm.fault.active,0
2026-07-19T09:50:31+00:00,cnsm-web-01,cnsm.fault.active,0
2026-07-19T09:50:46+00:00,cnsm-web-01,cnsm.fault.active,0
2026-07-19T09:51:01+00:00,cnsm-web-01,cnsm.fault.active,0
2026-07-19T09:51:16+00:00,cnsm-web-01,cnsm.fault.active,0
2026-07-19T09:51:31+00:00,cnsm-web-01,cnsm.fault.active,0
2026-07-19T09:51:46+00:00,cnsm-web-01,cnsm.fault.active,0
2026-07-19T09:52:01+00:00,cnsm-web-01,cnsm.fault.active,0
2026-07-19T09:52:16+00:00,cnsm-web-01,cnsm.fault.active,0
2026-07-19T09:52:31+00:00,cnsm-web-01,cnsm.fault.active,0
2026-07-19T09:52:46+00:00,cnsm-web-01,cnsm.fault.active,0
2026-07-19T09:53:01+00:00,cnsm-web-01,cnsm.fault.active,0
2026-07-19T09:53:16+00:00,cnsm-web-01,cnsm.fault.active,0
2026-07-19T09:53:31+00:00,cnsm-web-01,cnsm.fault.active,0
2026-07-19T09:53:46+00:00,cnsm-web-01,cnsm.fault.active,0
2026-07-19T09:54:01+00:00,cnsm-web-01,cnsm.fault.active,0
2026-07-19T09:54:16+00:00,cnsm-web-01,cnsm.fault.active,0
2026-07-19T09:54:31+00:00,cnsm-web-01,cnsm.fault.active,0
2026-07-19T09:54:46+00:00,cnsm-web-01,cnsm.fault.active,0
2026-07-19T09:55:01+00:00,cnsm-web-01,cnsm.fault.active,0
2026-07-19T09:55:16+00:00,cnsm-web-01,cnsm.fault.active,0
2026-07-19T09:55:31+00:00,cnsm-web-01,cnsm.fault.active,0
2026-07-19T09:55:46+00:00,cnsm-web-01,cnsm.fault.active,0
2026-07-19T09:56:01+00:00,cnsm-web-01,cnsm.fault.active,0
2026-07-19T09:56:16+00:00,cnsm-web-01,cnsm.fault.active,0
2026-07-19T09:56:31+00:00,cnsm-web-01,cnsm.fault.active,0
2026-07-19T09:56:46+00:00,cnsm-web-01,cnsm.fault.active,0
2026-07-19T09:57:01+00:00,cnsm-web-01,cnsm.fault.active,0
2026-07-19T09:57:16+00:00,cnsm-web-01,cnsm.fault.active,0
2026-07-19T09:57:31+00:00,cnsm-web-01,cnsm.fault.active,0
2026-07-19T09:57:46+00:00,cnsm-web-01,cnsm.fault.active,0
2026-07-19T09:58:01+00:00,cnsm-web-01,cnsm.fault.active,0
2026-07-19T09:58:16+00:00,cnsm-web-01,cnsm.fault.active,0
2026-07-19T09:58:31+00:00,cnsm-web-01,cnsm.fault.active,0
2026-07-19T09:58:46+00:00,cnsm-web-01,cnsm.fault.active,0
2026-07-19T09:59:01+00:00,cnsm-web-01,cnsm.fault.active,0
2026-07-19T09:59:16+00:00,cnsm-web-01,cnsm.fault.active,0
2026-07-19T09:59:31+00:00,cnsm-web-01,cnsm.fault.active,0
2026-07-19T09:59:46+00:00,cnsm-web-01,cnsm.fault.active,0
2026-07-19T10:00:01+00:00,cnsm-web-01,cnsm.fault.active,0
2026-07-19T10:00:16+00:00,cnsm-web-01,cnsm.fault.active,0
2026-07-19T08:33:47+00:00,cnsm-web-01,cnsm.fault.class,none
2026-07-19T08:34:47+00:00,cnsm-web-01,cnsm.fault.class,none
2026-07-19T08:35:47+00:00,cnsm-web-01,cnsm.fault.class,none
2026-07-19T08:36:47+00:00,cnsm-web-01,cnsm.fault.class,none
2026-07-19T08:37:47+00:00,cnsm-web-01,cnsm.fault.class,none
2026-07-19T08:38:47+00:00,cnsm-web-01,cnsm.fault.class,none
2026-07-19T08:39:47+00:00,cnsm-web-01,cnsm.fault.class,none
2026-07-19T08:40:47+00:00,cnsm-web-01,cnsm.fault.class,none
2026-07-19T08:41:47+00:00,cnsm-web-01,cnsm.fault.class,none
2026-07-19T08:42:47+00:00,cnsm-web-01,cnsm.fault.class,none
2026-07-19T08:43:47+00:00,cnsm-web-01,cnsm.fault.class,none
2026-07-19T08:44:47+00:00,cnsm-web-01,cnsm.fault.class,none
2026-07-19T08:45:47+00:00,cnsm-web-01,cnsm.fault.class,none
2026-07-19T08:46:47+00:00,cnsm-web-01,cnsm.fault.class,none
2026-07-19T08:47:47+00:00,cnsm-web-01,cnsm.fault.class,none
2026-07-19T08:48:47+00:00,cnsm-web-01,cnsm.fault.class,none
2026-07-19T08:49:47+00:00,cnsm-web-01,cnsm.fault.class,none
2026-07-19T08:50:47+00:00,cnsm-web-01,cnsm.fault.class,none
2026-07-19T08:51:47+00:00,cnsm-web-01,cnsm.fault.class,none
2026-07-19T08:52:47+00:00,cnsm-web-01,cnsm.fault.class,none
2026-07-19T08:53:47+00:00,cnsm-web-01,cnsm.fault.class,none
2026-07-19T08:54:47+00:00,cnsm-web-01,cnsm.fault.class,none
2026-07-19T08:55:47+00:00,cnsm-web-01,cnsm.fault.class,none
2026-07-19T08:56:47+00:00,cnsm-web-01,cnsm.fault.class,none
2026-07-19T08:57:47+00:00,cnsm-web-01,cnsm.fault.class,none
2026-07-19T08:58:47+00:00,cnsm-web-01,cnsm.fault.class,none
2026-07-19T08:59:47+00:00,cnsm-web-01,cnsm.fault.class,none
2026-07-19T09:00:47+00:00,cnsm-web-01,cnsm.fault.class,none
2026-07-19T09:01:47+00:00,cnsm-web-01,cnsm.fault.class,none
2026-07-19T09:02:47+00:00,cnsm-web-01,cnsm.fault.class,none
2026-07-19T09:03:47+00:00,cnsm-web-01,cnsm.fault.class,none
2026-07-19T09:04:47+00:00,cnsm-web-01,cnsm.fault.class,none
2026-07-19T09:05:47+00:00,cnsm-web-01,cnsm.fault.class,none
2026-07-19T09:06:47+00:00,cnsm-web-01,cnsm.fault.class,none
2026-07-19T09:07:47+00:00,cnsm-web-01,cnsm.fault.class,none
2026-07-19T09:08:47+00:00,cnsm-web-01,cnsm.fault.class,none
2026-07-19T09:09:47+00:00,cnsm-web-01,cnsm.fault.class,none
2026-07-19T09:10:47+00:00,cnsm-web-01,cnsm.fault.class,none
2026-07-19T09:11:47+00:00,cnsm-web-01,cnsm.fault.class,none
2026-07-19T09:12:47+00:00,cnsm-web-01,cnsm.fault.class,none
2026-07-19T09:13:47+00:00,cnsm-web-01,cnsm.fault.class,none
2026-07-19T09:14:47+00:00,cnsm-web-01,cnsm.fault.class,none
2026-07-19T09:15:47+00:00,cnsm-web-01,cnsm.fault.class,none
2026-07-19T09:16:47+00:00,cnsm-web-01,cnsm.fault.class,none
2026-07-19T09:17:47+00:00,cnsm-web-01,cnsm.fault.class,none
2026-07-19T09:18:47+00:00,cnsm-web-01,cnsm.fault.class,none
2026-07-19T09:19:47+00:00,cnsm-web-01,cnsm.fault.class,none
2026-07-19T09:20:47+00:00,cnsm-web-01,cnsm.fault.class,none
2026-07-19T09:21:47+00:00,cnsm-web-01,cnsm.fault.class,none
2026-07-19T09:22:47+00:00,cnsm-web-01,cnsm.fault.class,none
2026-07-19T09:23:47+00:00,cnsm-web-01,cnsm.fault.class,none
2026-07-19T09:24:47+00:00,cnsm-web-01,cnsm.fault.class,none
2026-07-19T09:25:47+00:00,cnsm-web-01,cnsm.fault.class,none
2026-07-19T09:26:47+00:00,cnsm-web-01,cnsm.fault.class,none
2026-07-19T09:27:47+00:00,cnsm-web-01,cnsm.fault.class,none
2026-07-19T09:28:47+00:00,cnsm-web-01,cnsm.fault.class,none
2026-07-19T09:29:47+00:00,cnsm-web-01,cnsm.fault.class,none
2026-07-19T09:30:47+00:00,cnsm-web-01,cnsm.fault.class,none
2026-07-19T09:31:47+00:00,cnsm-web-01,cnsm.fault.class,none
2026-07-19T09:32:47+00:00,cnsm-web-01,cnsm.fault.class,none
2026-07-19T09:33:47+00:00,cnsm-web-01,cnsm.fault.class,none
2026-07-19T09:34:47+00:00,cnsm-web-01,cnsm.fault.class,none
2026-07-19T09:35:47+00:00,cnsm-web-01,cnsm.fault.class,none
2026-07-19T09:36:47+00:00,cnsm-web-01,cnsm.fault.class,none
2026-07-19T09:37:47+00:00,cnsm-web-01,cnsm.fault.class,none
2026-07-19T09:38:47+00:00,cnsm-web-01,cnsm.fault.class,none
2026-07-19T09:39:47+00:00,cnsm-web-01,cnsm.fault.class,none
2026-07-19T09:40:47+00:00,cnsm-web-01,cnsm.fault.class,none
2026-07-19T09:41:47+00:00,cnsm-web-01,cnsm.fault.class,none
2026-07-19T09:42:47+00:00,cnsm-web-01,cnsm.fault.class,none
2026-07-19T09:43:47+00:00,cnsm-web-01,cnsm.fault.class,none
2026-07-19T09:44:47+00:00,cnsm-web-01,cnsm.fault.class,none
2026-07-19T09:45:47+00:00,cnsm-web-01,cnsm.fault.class,none
2026-07-19T09:46:47+00:00,cnsm-web-01,cnsm.fault.class,none
2026-07-19T09:47:47+00:00,cnsm-web-01,cnsm.fault.class,none
2026-07-19T09:48:47+00:00,cnsm-web-01,cnsm.fault.class,none
2026-07-19T09:49:47+00:00,cnsm-web-01,cnsm.fault.class,none
2026-07-19T09:50:47+00:00,cnsm-web-01,cnsm.fault.class,none
2026-07-19T09:51:47+00:00,cnsm-web-01,cnsm.fault.class,none
2026-07-19T09:52:47+00:00,cnsm-web-01,cnsm.fault.class,none
2026-07-19T09:53:47+00:00,cnsm-web-01,cnsm.fault.class,none
2026-07-19T09:54:47+00:00,cnsm-web-01,cnsm.fault.class,none
2026-07-19T09:55:47+00:00,cnsm-web-01,cnsm.fault.class,none
2026-07-19T09:56:47+00:00,cnsm-web-01,cnsm.fault.class,none
2026-07-19T09:57:47+00:00,cnsm-web-01,cnsm.fault.class,none
2026-07-19T09:58:47+00:00,cnsm-web-01,cnsm.fault.class,none
2026-07-19T09:59:47+00:00,cnsm-web-01,cnsm.fault.class,none
2026-07-19T08:33:29+00:00,cnsm-web-01,cnsm.tcp.established,1
2026-07-19T08:34:29+00:00,cnsm-web-01,cnsm.tcp.established,7
2026-07-19T08:35:29+00:00,cnsm-web-01,cnsm.tcp.established,1
2026-07-19T08:36:29+00:00,cnsm-web-01,cnsm.tcp.established,1
2026-07-19T08:37:29+00:00,cnsm-web-01,cnsm.tcp.established,8
2026-07-19T08:38:29+00:00,cnsm-web-01,cnsm.tcp.established,1
2026-07-19T08:39:29+00:00,cnsm-web-01,cnsm.tcp.established,1
2026-07-19T08:40:29+00:00,cnsm-web-01,cnsm.tcp.established,2
2026-07-19T08:41:29+00:00,cnsm-web-01,cnsm.tcp.established,1
2026-07-19T08:42:29+00:00,cnsm-web-01,cnsm.tcp.established,12
2026-07-19T08:43:29+00:00,cnsm-web-01,cnsm.tcp.established,2
2026-07-19T08:44:29+00:00,cnsm-web-01,cnsm.tcp.established,2
2026-07-19T08:45:29+00:00,cnsm-web-01,cnsm.tcp.established,7
2026-07-19T08:46:29+00:00,cnsm-web-01,cnsm.tcp.established,2
2026-07-19T08:47:29+00:00,cnsm-web-01,cnsm.tcp.established,1
2026-07-19T08:48:29+00:00,cnsm-web-01,cnsm.tcp.established,10
2026-07-19T08:49:29+00:00,cnsm-web-01,cnsm.tcp.established,1
2026-07-19T08:50:29+00:00,cnsm-web-01,cnsm.tcp.established,14
2026-07-19T08:51:29+00:00,cnsm-web-01,cnsm.tcp.established,1
2026-07-19T08:52:29+00:00,cnsm-web-01,cnsm.tcp.established,1
2026-07-19T08:53:29+00:00,cnsm-web-01,cnsm.tcp.established,2
2026-07-19T08:54:29+00:00,cnsm-web-01,cnsm.tcp.established,11
2026-07-19T08:55:29+00:00,cnsm-web-01,cnsm.tcp.established,1
2026-07-19T08:56:29+00:00,cnsm-web-01,cnsm.tcp.established,1
2026-07-19T08:57:29+00:00,cnsm-web-01,cnsm.tcp.established,9
2026-07-19T08:58:29+00:00,cnsm-web-01,cnsm.tcp.established,1
2026-07-19T08:59:29+00:00,cnsm-web-01,cnsm.tcp.established,9
2026-07-19T09:00:29+00:00,cnsm-web-01,cnsm.tcp.established,10
2026-07-19T09:01:29+00:00,cnsm-web-01,cnsm.tcp.established,1
2026-07-19T09:02:29+00:00,cnsm-web-01,cnsm.tcp.established,1
2026-07-19T09:03:29+00:00,cnsm-web-01,cnsm.tcp.established,14
2026-07-19T09:04:29+00:00,cnsm-web-01,cnsm.tcp.established,15
2026-07-19T09:05:29+00:00,cnsm-web-01,cnsm.tcp.established,1
2026-07-19T09:06:29+00:00,cnsm-web-01,cnsm.tcp.established,14
2026-07-19T09:07:29+00:00,cnsm-web-01,cnsm.tcp.established,1
2026-07-19T09:08:29+00:00,cnsm-web-01,cnsm.tcp.established,1
2026-07-19T09:09:29+00:00,cnsm-web-01,cnsm.tcp.established,11
2026-07-19T09:10:29+00:00,cnsm-web-01,cnsm.tcp.established,9
2026-07-19T09:11:29+00:00,cnsm-web-01,cnsm.tcp.established,1
2026-07-19T09:12:29+00:00,cnsm-web-01,cnsm.tcp.established,1
2026-07-19T09:13:29+00:00,cnsm-web-01,cnsm.tcp.established,15
2026-07-19T09:14:29+00:00,cnsm-web-01,cnsm.tcp.established,2
2026-07-19T09:15:29+00:00,cnsm-web-01,cnsm.tcp.established,13
2026-07-19T09:16:29+00:00,cnsm-web-01,cnsm.tcp.established,13
2026-07-19T09:17:29+00:00,cnsm-web-01,cnsm.tcp.established,2
2026-07-19T09:18:29+00:00,cnsm-web-01,cnsm.tcp.established,1
2026-07-19T09:19:29+00:00,cnsm-web-01,cnsm.tcp.established,12
2026-07-19T09:20:29+00:00,cnsm-web-01,cnsm.tcp.established,1
2026-07-19T09:21:29+00:00,cnsm-web-01,cnsm.tcp.established,1
2026-07-19T09:22:29+00:00,cnsm-web-01,cnsm.tcp.established,10
2026-07-19T09:23:29+00:00,cnsm-web-01,cnsm.tcp.established,1
2026-07-19T09:24:29+00:00,cnsm-web-01,cnsm.tcp.established,1
2026-07-19T09:25:29+00:00,cnsm-web-01,cnsm.tcp.established,1
2026-07-19T09:26:29+00:00,cnsm-web-01,cnsm.tcp.established,13
2026-07-19T09:27:29+00:00,cnsm-web-01,cnsm.tcp.established,1
2026-07-19T09:28:29+00:00,cnsm-web-01,cnsm.tcp.established,1
2026-07-19T09:29:29+00:00,cnsm-web-01,cnsm.tcp.established,1
2026-07-19T09:30:29+00:00,cnsm-web-01,cnsm.tcp.established,12
2026-07-19T09:31:29+00:00,cnsm-web-01,cnsm.tcp.established,9
2026-07-19T09:32:29+00:00,cnsm-web-01,cnsm.tcp.established,1
2026-07-19T09:33:29+00:00,cnsm-web-01,cnsm.tcp.established,1
2026-07-19T09:34:29+00:00,cnsm-web-01,cnsm.tcp.established,10
2026-07-19T09:35:29+00:00,cnsm-web-01,cnsm.tcp.established,12
2026-07-19T09:36:29+00:00,cnsm-web-01,cnsm.tcp.established,11
2026-07-19T09:37:29+00:00,cnsm-web-01,cnsm.tcp.established,7
2026-07-19T09:38:29+00:00,cnsm-web-01,cnsm.tcp.established,1
2026-07-19T09:39:29+00:00,cnsm-web-01,cnsm.tcp.established,1
2026-07-19T09:40:29+00:00,cnsm-web-01,cnsm.tcp.established,1
2026-07-19T09:41:29+00:00,cnsm-web-01,cnsm.tcp.established,1
2026-07-19T09:42:29+00:00,cnsm-web-01,cnsm.tcp.established,11
2026-07-19T09:43:29+00:00,cnsm-web-01,cnsm.tcp.established,10
2026-07-19T09:44:29+00:00,cnsm-web-01,cnsm.tcp.established,1
2026-07-19T09:45:29+00:00,cnsm-web-01,cnsm.tcp.established,1
2026-07-19T09:46:29+00:00,cnsm-web-01,cnsm.tcp.established,2
2026-07-19T09:47:29+00:00,cnsm-web-01,cnsm.tcp.established,11
2026-07-19T09:48:29+00:00,cnsm-web-01,cnsm.tcp.established,11
2026-07-19T09:49:29+00:00,cnsm-web-01,cnsm.tcp.established,1
2026-07-19T09:50:29+00:00,cnsm-web-01,cnsm.tcp.established,1
2026-07-19T09:51:29+00:00,cnsm-web-01,cnsm.tcp.established,13
2026-07-19T09:52:29+00:00,cnsm-web-01,cnsm.tcp.established,8
2026-07-19T09:53:29+00:00,cnsm-web-01,cnsm.tcp.established,1
2026-07-19T09:54:29+00:00,cnsm-web-01,cnsm.tcp.established,2
2026-07-19T09:55:29+00:00,cnsm-web-01,cnsm.tcp.established,11
2026-07-19T09:56:29+00:00,cnsm-web-01,cnsm.tcp.established,1
2026-07-19T09:57:29+00:00,cnsm-web-01,cnsm.tcp.established,1
2026-07-19T09:58:29+00:00,cnsm-web-01,cnsm.tcp.established,1
2026-07-19T09:59:29+00:00,cnsm-web-01,cnsm.tcp.established,8
2026-07-19T10:00:29+00:00,cnsm-web-01,cnsm.tcp.established,1
2026-07-19T08:33:30+00:00,cnsm-web-01,cnsm.tcp.listen,7
2026-07-19T08:34:30+00:00,cnsm-web-01,cnsm.tcp.listen,7
2026-07-19T08:35:30+00:00,cnsm-web-01,cnsm.tcp.listen,7
2026-07-19T08:36:30+00:00,cnsm-web-01,cnsm.tcp.listen,7
2026-07-19T08:37:30+00:00,cnsm-web-01,cnsm.tcp.listen,7
2026-07-19T08:38:30+00:00,cnsm-web-01,cnsm.tcp.listen,7
2026-07-19T08:39:30+00:00,cnsm-web-01,cnsm.tcp.listen,7
2026-07-19T08:40:30+00:00,cnsm-web-01,cnsm.tcp.listen,7
2026-07-19T08:41:30+00:00,cnsm-web-01,cnsm.tcp.listen,7
2026-07-19T08:42:30+00:00,cnsm-web-01,cnsm.tcp.listen,7
2026-07-19T08:43:30+00:00,cnsm-web-01,cnsm.tcp.listen,7
2026-07-19T08:44:30+00:00,cnsm-web-01,cnsm.tcp.listen,7
2026-07-19T08:45:30+00:00,cnsm-web-01,cnsm.tcp.listen,7
2026-07-19T08:46:30+00:00,cnsm-web-01,cnsm.tcp.listen,7
2026-07-19T08:47:30+00:00,cnsm-web-01,cnsm.tcp.listen,7
2026-07-19T08:48:30+00:00,cnsm-web-01,cnsm.tcp.listen,7
2026-07-19T08:49:30+00:00,cnsm-web-01,cnsm.tcp.listen,7
2026-07-19T08:50:30+00:00,cnsm-web-01,cnsm.tcp.listen,7
2026-07-19T08:51:30+00:00,cnsm-web-01,cnsm.tcp.listen,7
2026-07-19T08:52:30+00:00,cnsm-web-01,cnsm.tcp.listen,7
2026-07-19T08:53:30+00:00,cnsm-web-01,cnsm.tcp.listen,7
2026-07-19T08:54:30+00:00,cnsm-web-01,cnsm.tcp.listen,7
2026-07-19T08:55:30+00:00,cnsm-web-01,cnsm.tcp.listen,7
2026-07-19T08:56:30+00:00,cnsm-web-01,cnsm.tcp.listen,7
2026-07-19T08:57:30+00:00,cnsm-web-01,cnsm.tcp.listen,7
2026-07-19T08:58:30+00:00,cnsm-web-01,cnsm.tcp.listen,7
2026-07-19T08:59:30+00:00,cnsm-web-01,cnsm.tcp.listen,7
2026-07-19T09:00:30+00:00,cnsm-web-01,cnsm.tcp.listen,7
2026-07-19T09:01:30+00:00,cnsm-web-01,cnsm.tcp.listen,7
2026-07-19T09:02:30+00:00,cnsm-web-01,cnsm.tcp.listen,7
2026-07-19T09:03:30+00:00,cnsm-web-01,cnsm.tcp.listen,7
2026-07-19T09:04:30+00:00,cnsm-web-01,cnsm.tcp.listen,7
2026-07-19T09:05:30+00:00,cnsm-web-01,cnsm.tcp.listen,7
2026-07-19T09:06:30+00:00,cnsm-web-01,cnsm.tcp.listen,7
2026-07-19T09:07:30+00:00,cnsm-web-01,cnsm.tcp.listen,7
2026-07-19T09:08:30+00:00,cnsm-web-01,cnsm.tcp.listen,7
2026-07-19T09:09:30+00:00,cnsm-web-01,cnsm.tcp.listen,7
2026-07-19T09:10:30+00:00,cnsm-web-01,cnsm.tcp.listen,7
2026-07-19T09:11:30+00:00,cnsm-web-01,cnsm.tcp.listen,7
2026-07-19T09:12:30+00:00,cnsm-web-01,cnsm.tcp.listen,7
2026-07-19T09:13:30+00:00,cnsm-web-01,cnsm.tcp.listen,7
2026-07-19T09:14:30+00:00,cnsm-web-01,cnsm.tcp.listen,7
2026-07-19T09:15:30+00:00,cnsm-web-01,cnsm.tcp.listen,7
2026-07-19T09:16:30+00:00,cnsm-web-01,cnsm.tcp.listen,7
2026-07-19T09:17:30+00:00,cnsm-web-01,cnsm.tcp.listen,7
2026-07-19T09:18:30+00:00,cnsm-web-01,cnsm.tcp.listen,7
2026-07-19T09:19:30+00:00,cnsm-web-01,cnsm.tcp.listen,7
2026-07-19T09:20:30+00:00,cnsm-web-01,cnsm.tcp.listen,7
2026-07-19T09:21:30+00:00,cnsm-web-01,cnsm.tcp.listen,7
2026-07-19T09:22:30+00:00,cnsm-web-01,cnsm.tcp.listen,7
2026-07-19T09:23:30+00:00,cnsm-web-01,cnsm.tcp.listen,7
2026-07-19T09:24:30+00:00,cnsm-web-01,cnsm.tcp.listen,7
2026-07-19T09:25:30+00:00,cnsm-web-01,cnsm.tcp.listen,7
2026-07-19T09:26:30+00:00,cnsm-web-01,cnsm.tcp.listen,7
2026-07-19T09:27:30+00:00,cnsm-web-01,cnsm.tcp.listen,7
2026-07-19T09:28:30+00:00,cnsm-web-01,cnsm.tcp.listen,7
2026-07-19T09:29:30+00:00,cnsm-web-01,cnsm.tcp.listen,7
2026-07-19T09:30:30+00:00,cnsm-web-01,cnsm.tcp.listen,7
2026-07-19T09:31:30+00:00,cnsm-web-01,cnsm.tcp.listen,7
2026-07-19T09:32:30+00:00,cnsm-web-01,cnsm.tcp.listen,7
2026-07-19T09:33:30+00:00,cnsm-web-01,cnsm.tcp.listen,7
2026-07-19T09:34:30+00:00,cnsm-web-01,cnsm.tcp.listen,7
2026-07-19T09:35:30+00:00,cnsm-web-01,cnsm.tcp.listen,7
2026-07-19T09:36:30+00:00,cnsm-web-01,cnsm.tcp.listen,7
2026-07-19T09:37:30+00:00,cnsm-web-01,cnsm.tcp.listen,7
2026-07-19T09:38:30+00:00,cnsm-web-01,cnsm.tcp.listen,7
2026-07-19T09:39:30+00:00,cnsm-web-01,cnsm.tcp.listen,7
2026-07-19T09:40:30+00:00,cnsm-web-01,cnsm.tcp.listen,7
2026-07-19T09:41:30+00:00,cnsm-web-01,cnsm.tcp.listen,7
2026-07-19T09:42:30+00:00,cnsm-web-01,cnsm.tcp.listen,7
2026-07-19T09:43:30+00:00,cnsm-web-01,cnsm.tcp.listen,7
2026-07-19T09:44:30+00:00,cnsm-web-01,cnsm.tcp.listen,7
2026-07-19T09:45:30+00:00,cnsm-web-01,cnsm.tcp.listen,7
2026-07-19T09:46:30+00:00,cnsm-web-01,cnsm.tcp.listen,7
2026-07-19T09:47:30+00:00,cnsm-web-01,cnsm.tcp.listen,7
2026-07-19T09:48:30+00:00,cnsm-web-01,cnsm.tcp.listen,7
2026-07-19T09:49:30+00:00,cnsm-web-01,cnsm.tcp.listen,7
2026-07-19T09:50:30+00:00,cnsm-web-01,cnsm.tcp.listen,7
2026-07-19T09:51:30+00:00,cnsm-web-01,cnsm.tcp.listen,7
2026-07-19T09:52:30+00:00,cnsm-web-01,cnsm.tcp.listen,7
2026-07-19T09:53:30+00:00,cnsm-web-01,cnsm.tcp.listen,7
2026-07-19T09:54:30+00:00,cnsm-web-01,cnsm.tcp.listen,7
2026-07-19T09:55:30+00:00,cnsm-web-01,cnsm.tcp.listen,7
2026-07-19T09:56:30+00:00,cnsm-web-01,cnsm.tcp.listen,7
2026-07-19T09:57:30+00:00,cnsm-web-01,cnsm.tcp.listen,7
2026-07-19T09:58:30+00:00,cnsm-web-01,cnsm.tcp.listen,7
2026-07-19T09:59:30+00:00,cnsm-web-01,cnsm.tcp.listen,7
2026-07-19T08:33:31+00:00,cnsm-web-01,cnsm.tcp.timewait,14093
2026-07-19T08:34:31+00:00,cnsm-web-01,cnsm.tcp.timewait,14126
2026-07-19T08:35:31+00:00,cnsm-web-01,cnsm.tcp.timewait,14113
2026-07-19T08:36:31+00:00,cnsm-web-01,cnsm.tcp.timewait,14116
2026-07-19T08:37:31+00:00,cnsm-web-01,cnsm.tcp.timewait,14127
2026-07-19T08:38:31+00:00,cnsm-web-01,cnsm.tcp.timewait,14099
2026-07-19T08:39:31+00:00,cnsm-web-01,cnsm.tcp.timewait,14102
2026-07-19T08:40:31+00:00,cnsm-web-01,cnsm.tcp.timewait,14124
2026-07-19T08:41:31+00:00,cnsm-web-01,cnsm.tcp.timewait,14087
2026-07-19T08:42:31+00:00,cnsm-web-01,cnsm.tcp.timewait,14123
2026-07-19T08:43:31+00:00,cnsm-web-01,cnsm.tcp.timewait,14092
2026-07-19T08:44:31+00:00,cnsm-web-01,cnsm.tcp.timewait,14098
2026-07-19T08:45:31+00:00,cnsm-web-01,cnsm.tcp.timewait,14131
2026-07-19T08:46:31+00:00,cnsm-web-01,cnsm.tcp.timewait,14104
2026-07-19T08:47:31+00:00,cnsm-web-01,cnsm.tcp.timewait,14113
2026-07-19T08:48:31+00:00,cnsm-web-01,cnsm.tcp.timewait,14120
2026-07-19T08:49:31+00:00,cnsm-web-01,cnsm.tcp.timewait,14092
2026-07-19T08:50:31+00:00,cnsm-web-01,cnsm.tcp.timewait,14113
2026-07-19T08:51:31+00:00,cnsm-web-01,cnsm.tcp.timewait,14134
2026-07-19T08:52:31+00:00,cnsm-web-01,cnsm.tcp.timewait,14093
2026-07-19T08:53:31+00:00,cnsm-web-01,cnsm.tcp.timewait,14116
2026-07-19T08:54:31+00:00,cnsm-web-01,cnsm.tcp.timewait,14124
2026-07-19T08:55:31+00:00,cnsm-web-01,cnsm.tcp.timewait,14095
2026-07-19T08:56:31+00:00,cnsm-web-01,cnsm.tcp.timewait,14111
2026-07-19T08:57:31+00:00,cnsm-web-01,cnsm.tcp.timewait,14131
2026-07-19T08:58:31+00:00,cnsm-web-01,cnsm.tcp.timewait,14100
2026-07-19T08:59:31+00:00,cnsm-web-01,cnsm.tcp.timewait,14116
2026-07-19T09:00:31+00:00,cnsm-web-01,cnsm.tcp.timewait,14117
2026-07-19T09:01:31+00:00,cnsm-web-01,cnsm.tcp.timewait,14091
2026-07-19T09:02:31+00:00,cnsm-web-01,cnsm.tcp.timewait,14063
2026-07-19T09:03:31+00:00,cnsm-web-01,cnsm.tcp.timewait,14119
2026-07-19T09:04:31+00:00,cnsm-web-01,cnsm.tcp.timewait,14085
2026-07-19T09:05:31+00:00,cnsm-web-01,cnsm.tcp.timewait,14105
2026-07-19T09:06:31+00:00,cnsm-web-01,cnsm.tcp.timewait,14105
2026-07-19T09:07:31+00:00,cnsm-web-01,cnsm.tcp.timewait,14104
2026-07-19T09:08:31+00:00,cnsm-web-01,cnsm.tcp.timewait,14096
2026-07-19T09:09:31+00:00,cnsm-web-01,cnsm.tcp.timewait,14105
2026-07-19T09:10:31+00:00,cnsm-web-01,cnsm.tcp.timewait,14083
2026-07-19T09:11:31+00:00,cnsm-web-01,cnsm.tcp.timewait,14116
2026-07-19T09:12:31+00:00,cnsm-web-01,cnsm.tcp.timewait,14096
2026-07-19T09:13:31+00:00,cnsm-web-01,cnsm.tcp.timewait,14121
2026-07-19T09:14:31+00:00,cnsm-web-01,cnsm.tcp.timewait,14133
2026-07-19T09:15:31+00:00,cnsm-web-01,cnsm.tcp.timewait,14095
2026-07-19T09:16:31+00:00,cnsm-web-01,cnsm.tcp.timewait,14126
2026-07-19T09:17:31+00:00,cnsm-web-01,cnsm.tcp.timewait,14103
2026-07-19T09:18:31+00:00,cnsm-web-01,cnsm.tcp.timewait,14092
2026-07-19T09:19:31+00:00,cnsm-web-01,cnsm.tcp.timewait,14126
2026-07-19T09:20:31+00:00,cnsm-web-01,cnsm.tcp.timewait,14102
2026-07-19T09:21:31+00:00,cnsm-web-01,cnsm.tcp.timewait,14087
2026-07-19T09:22:31+00:00,cnsm-web-01,cnsm.tcp.timewait,14112
2026-07-19T09:23:31+00:00,cnsm-web-01,cnsm.tcp.timewait,14129
2026-07-19T09:24:31+00:00,cnsm-web-01,cnsm.tcp.timewait,14094
2026-07-19T09:25:31+00:00,cnsm-web-01,cnsm.tcp.timewait,14100
2026-07-19T09:26:31+00:00,cnsm-web-01,cnsm.tcp.timewait,14126
2026-07-19T09:27:31+00:00,cnsm-web-01,cnsm.tcp.timewait,14097
2026-07-19T09:28:31+00:00,cnsm-web-01,cnsm.tcp.timewait,14098
2026-07-19T09:29:31+00:00,cnsm-web-01,cnsm.tcp.timewait,14092
2026-07-19T09:30:31+00:00,cnsm-web-01,cnsm.tcp.timewait,14113
2026-07-19T09:31:31+00:00,cnsm-web-01,cnsm.tcp.timewait,14114
2026-07-19T09:32:31+00:00,cnsm-web-01,cnsm.tcp.timewait,14096
2026-07-19T09:33:31+00:00,cnsm-web-01,cnsm.tcp.timewait,14102
2026-07-19T09:34:31+00:00,cnsm-web-01,cnsm.tcp.timewait,14119
2026-07-19T09:35:31+00:00,cnsm-web-01,cnsm.tcp.timewait,14095
2026-07-19T09:36:31+00:00,cnsm-web-01,cnsm.tcp.timewait,14121
2026-07-19T09:37:31+00:00,cnsm-web-01,cnsm.tcp.timewait,14104
2026-07-19T09:38:31+00:00,cnsm-web-01,cnsm.tcp.timewait,14084
2026-07-19T09:39:31+00:00,cnsm-web-01,cnsm.tcp.timewait,14111
2026-07-19T09:40:31+00:00,cnsm-web-01,cnsm.tcp.timewait,14091
2026-07-19T09:41:31+00:00,cnsm-web-01,cnsm.tcp.timewait,14095
2026-07-19T09:42:31+00:00,cnsm-web-01,cnsm.tcp.timewait,14118
2026-07-19T09:43:31+00:00,cnsm-web-01,cnsm.tcp.timewait,14145
2026-07-19T09:44:31+00:00,cnsm-web-01,cnsm.tcp.timewait,14088
2026-07-19T09:45:31+00:00,cnsm-web-01,cnsm.tcp.timewait,14105
2026-07-19T09:46:31+00:00,cnsm-web-01,cnsm.tcp.timewait,14081
2026-07-19T09:47:31+00:00,cnsm-web-01,cnsm.tcp.timewait,14095
2026-07-19T09:48:31+00:00,cnsm-web-01,cnsm.tcp.timewait,14117
2026-07-19T09:49:31+00:00,cnsm-web-01,cnsm.tcp.timewait,14102
2026-07-19T09:50:31+00:00,cnsm-web-01,cnsm.tcp.timewait,14120
2026-07-19T09:51:31+00:00,cnsm-web-01,cnsm.tcp.timewait,14145
2026-07-19T09:52:31+00:00,cnsm-web-01,cnsm.tcp.timewait,14096
2026-07-19T09:53:31+00:00,cnsm-web-01,cnsm.tcp.timewait,14116
2026-07-19T09:54:31+00:00,cnsm-web-01,cnsm.tcp.timewait,14103
2026-07-19T09:55:31+00:00,cnsm-web-01,cnsm.tcp.timewait,14104
2026-07-19T09:56:31+00:00,cnsm-web-01,cnsm.tcp.timewait,14115
2026-07-19T09:57:31+00:00,cnsm-web-01,cnsm.tcp.timewait,14081
2026-07-19T09:58:31+00:00,cnsm-web-01,cnsm.tcp.timewait,14105
2026-07-19T09:59:31+00:00,cnsm-web-01,cnsm.tcp.timewait,14121
2026-07-19T08:33:32+00:00,cnsm-web-01,cnsm.workload.heartbeat,1
2026-07-19T08:34:32+00:00,cnsm-web-01,cnsm.workload.heartbeat,1
2026-07-19T08:35:32+00:00,cnsm-web-01,cnsm.workload.heartbeat,1
2026-07-19T08:36:32+00:00,cnsm-web-01,cnsm.workload.heartbeat,1
2026-07-19T08:37:32+00:00,cnsm-web-01,cnsm.workload.heartbeat,1
2026-07-19T08:38:32+00:00,cnsm-web-01,cnsm.workload.heartbeat,1
2026-07-19T08:39:32+00:00,cnsm-web-01,cnsm.workload.heartbeat,1
2026-07-19T08:40:32+00:00,cnsm-web-01,cnsm.workload.heartbeat,1
2026-07-19T08:41:32+00:00,cnsm-web-01,cnsm.workload.heartbeat,1
2026-07-19T08:42:32+00:00,cnsm-web-01,cnsm.workload.heartbeat,1
2026-07-19T08:43:32+00:00,cnsm-web-01,cnsm.workload.heartbeat,1
2026-07-19T08:44:32+00:00,cnsm-web-01,cnsm.workload.heartbeat,1
2026-07-19T08:45:32+00:00,cnsm-web-01,cnsm.workload.heartbeat,1
2026-07-19T08:46:32+00:00,cnsm-web-01,cnsm.workload.heartbeat,1
2026-07-19T08:47:32+00:00,cnsm-web-01,cnsm.workload.heartbeat,1
2026-07-19T08:48:32+00:00,cnsm-web-01,cnsm.workload.heartbeat,1
2026-07-19T08:49:32+00:00,cnsm-web-01,cnsm.workload.heartbeat,1
2026-07-19T08:50:32+00:00,cnsm-web-01,cnsm.workload.heartbeat,1
2026-07-19T08:51:32+00:00,cnsm-web-01,cnsm.workload.heartbeat,1
2026-07-19T08:52:32+00:00,cnsm-web-01,cnsm.workload.heartbeat,1
2026-07-19T08:53:32+00:00,cnsm-web-01,cnsm.workload.heartbeat,1
2026-07-19T08:54:32+00:00,cnsm-web-01,cnsm.workload.heartbeat,1
2026-07-19T08:55:32+00:00,cnsm-web-01,cnsm.workload.heartbeat,1
2026-07-19T08:56:32+00:00,cnsm-web-01,cnsm.workload.heartbeat,1
2026-07-19T08:57:32+00:00,cnsm-web-01,cnsm.workload.heartbeat,1
2026-07-19T08:58:32+00:00,cnsm-web-01,cnsm.workload.heartbeat,1
2026-07-19T08:59:32+00:00,cnsm-web-01,cnsm.workload.heartbeat,1
2026-07-19T09:00:32+00:00,cnsm-web-01,cnsm.workload.heartbeat,1
2026-07-19T09:01:32+00:00,cnsm-web-01,cnsm.workload.heartbeat,1
2026-07-19T09:02:32+00:00,cnsm-web-01,cnsm.workload.heartbeat,1
2026-07-19T09:03:32+00:00,cnsm-web-01,cnsm.workload.heartbeat,1
2026-07-19T09:04:32+00:00,cnsm-web-01,cnsm.workload.heartbeat,1
2026-07-19T09:05:32+00:00,cnsm-web-01,cnsm.workload.heartbeat,1
2026-07-19T09:06:32+00:00,cnsm-web-01,cnsm.workload.heartbeat,1
2026-07-19T09:07:32+00:00,cnsm-web-01,cnsm.workload.heartbeat,1
2026-07-19T09:08:32+00:00,cnsm-web-01,cnsm.workload.heartbeat,1
2026-07-19T09:09:32+00:00,cnsm-web-01,cnsm.workload.heartbeat,1
2026-07-19T09:10:32+00:00,cnsm-web-01,cnsm.workload.heartbeat,1
2026-07-19T09:11:32+00:00,cnsm-web-01,cnsm.workload.heartbeat,1
2026-07-19T09:12:32+00:00,cnsm-web-01,cnsm.workload.heartbeat,1
2026-07-19T09:13:32+00:00,cnsm-web-01,cnsm.workload.heartbeat,1
2026-07-19T09:14:32+00:00,cnsm-web-01,cnsm.workload.heartbeat,1
2026-07-19T09:15:32+00:00,cnsm-web-01,cnsm.workload.heartbeat,1
2026-07-19T09:16:32+00:00,cnsm-web-01,cnsm.workload.heartbeat,1
2026-07-19T09:17:32+00:00,cnsm-web-01,cnsm.workload.heartbeat,1
2026-07-19T09:18:32+00:00,cnsm-web-01,cnsm.workload.heartbeat,1
2026-07-19T09:19:32+00:00,cnsm-web-01,cnsm.workload.heartbeat,1
2026-07-19T09:20:32+00:00,cnsm-web-01,cnsm.workload.heartbeat,1
2026-07-19T09:21:32+00:00,cnsm-web-01,cnsm.workload.heartbeat,1
2026-07-19T09:22:32+00:00,cnsm-web-01,cnsm.workload.heartbeat,1
2026-07-19T09:23:32+00:00,cnsm-web-01,cnsm.workload.heartbeat,1
2026-07-19T09:24:32+00:00,cnsm-web-01,cnsm.workload.heartbeat,1
2026-07-19T09:25:32+00:00,cnsm-web-01,cnsm.workload.heartbeat,1
2026-07-19T09:26:32+00:00,cnsm-web-01,cnsm.workload.heartbeat,1
2026-07-19T09:27:32+00:00,cnsm-web-01,cnsm.workload.heartbeat,1
2026-07-19T09:28:32+00:00,cnsm-web-01,cnsm.workload.heartbeat,1
2026-07-19T09:29:32+00:00,cnsm-web-01,cnsm.workload.heartbeat,1
2026-07-19T09:30:32+00:00,cnsm-web-01,cnsm.workload.heartbeat,1
2026-07-19T09:31:32+00:00,cnsm-web-01,cnsm.workload.heartbeat,1
2026-07-19T09:32:32+00:00,cnsm-web-01,cnsm.workload.heartbeat,1
2026-07-19T09:33:32+00:00,cnsm-web-01,cnsm.workload.heartbeat,1
2026-07-19T09:34:32+00:00,cnsm-web-01,cnsm.workload.heartbeat,1
2026-07-19T09:35:32+00:00,cnsm-web-01,cnsm.workload.heartbeat,1
2026-07-19T09:36:32+00:00,cnsm-web-01,cnsm.workload.heartbeat,1
2026-07-19T09:37:32+00:00,cnsm-web-01,cnsm.workload.heartbeat,1
2026-07-19T09:38:32+00:00,cnsm-web-01,cnsm.workload.heartbeat,1
2026-07-19T09:39:32+00:00,cnsm-web-01,cnsm.workload.heartbeat,1
2026-07-19T09:40:32+00:00,cnsm-web-01,cnsm.workload.heartbeat,1
2026-07-19T09:41:32+00:00,cnsm-web-01,cnsm.workload.heartbeat,1
2026-07-19T09:42:32+00:00,cnsm-web-01,cnsm.workload.heartbeat,1
2026-07-19T09:43:32+00:00,cnsm-web-01,cnsm.workload.heartbeat,1
2026-07-19T09:44:32+00:00,cnsm-web-01,cnsm.workload.heartbeat,1
2026-07-19T09:45:32+00:00,cnsm-web-01,cnsm.workload.heartbeat,1
2026-07-19T09:46:32+00:00,cnsm-web-01,cnsm.workload.heartbeat,1
2026-07-19T09:47:32+00:00,cnsm-web-01,cnsm.workload.heartbeat,1
2026-07-19T09:48:32+00:00,cnsm-web-01,cnsm.workload.heartbeat,1
2026-07-19T09:49:32+00:00,cnsm-web-01,cnsm.workload.heartbeat,1
2026-07-19T09:50:32+00:00,cnsm-web-01,cnsm.workload.heartbeat,1
2026-07-19T09:51:32+00:00,cnsm-web-01,cnsm.workload.heartbeat,1
2026-07-19T09:52:32+00:00,cnsm-web-01,cnsm.workload.heartbeat,1
2026-07-19T09:53:32+00:00,cnsm-web-01,cnsm.workload.heartbeat,1
2026-07-19T09:54:32+00:00,cnsm-web-01,cnsm.workload.heartbeat,1
2026-07-19T09:55:32+00:00,cnsm-web-01,cnsm.workload.heartbeat,1
2026-07-19T09:56:32+00:00,cnsm-web-01,cnsm.workload.heartbeat,1
2026-07-19T09:57:32+00:00,cnsm-web-01,cnsm.workload.heartbeat,1
2026-07-19T09:58:32+00:00,cnsm-web-01,cnsm.workload.heartbeat,1
2026-07-19T09:59:32+00:00,cnsm-web-01,cnsm.workload.heartbeat,1
2026-07-19T08:33:22+00:00,cnsm-web-01,system.cpu.switches,4312.459024504932
2026-07-19T08:34:22+00:00,cnsm-web-01,system.cpu.switches,4276.194123325164
2026-07-19T08:35:22+00:00,cnsm-web-01,system.cpu.switches,4335.705333491393
2026-07-19T08:36:22+00:00,cnsm-web-01,system.cpu.switches,3825.6314751928107
2026-07-19T08:37:22+00:00,cnsm-web-01,system.cpu.switches,4394.779510556279
2026-07-19T08:38:22+00:00,cnsm-web-01,system.cpu.switches,4128.794940074965
2026-07-19T08:39:22+00:00,cnsm-web-01,system.cpu.switches,4018.0381692449646
2026-07-19T08:40:22+00:00,cnsm-web-01,system.cpu.switches,4655.901287298999
2026-07-19T08:41:22+00:00,cnsm-web-01,system.cpu.switches,3901.2341265842724
2026-07-19T08:42:22+00:00,cnsm-web-01,system.cpu.switches,4439.720333449285
2026-07-19T08:43:22+00:00,cnsm-web-01,system.cpu.switches,4040.216849356229
2026-07-19T08:44:22+00:00,cnsm-web-01,system.cpu.switches,4175.668849273217
2026-07-19T08:45:22+00:00,cnsm-web-01,system.cpu.switches,4524.602966575937
2026-07-19T08:46:22+00:00,cnsm-web-01,system.cpu.switches,4081.636690291915
2026-07-19T08:47:22+00:00,cnsm-web-01,system.cpu.switches,3968.7401509611486
2026-07-19T08:48:22+00:00,cnsm-web-01,system.cpu.switches,4562.610234320004
2026-07-19T08:49:22+00:00,cnsm-web-01,system.cpu.switches,4095.634786013721
2026-07-19T08:50:22+00:00,cnsm-web-01,system.cpu.switches,4377.808673856833
2026-07-19T08:51:22+00:00,cnsm-web-01,system.cpu.switches,4319.071677039617
2026-07-19T08:52:22+00:00,cnsm-web-01,system.cpu.switches,4021.0819939109215
2026-07-19T08:53:22+00:00,cnsm-web-01,system.cpu.switches,4066.359535923211
2026-07-19T08:54:22+00:00,cnsm-web-01,system.cpu.switches,4479.291659372635
2026-07-19T08:55:22+00:00,cnsm-web-01,system.cpu.switches,4140.146418793869
2026-07-19T08:56:22+00:00,cnsm-web-01,system.cpu.switches,4026.8336378764925
2026-07-19T08:57:22+00:00,cnsm-web-01,system.cpu.switches,4169.037053585595
2026-07-19T08:58:22+00:00,cnsm-web-01,system.cpu.switches,4059.5560823613223
2026-07-19T08:59:22+00:00,cnsm-web-01,system.cpu.switches,4238.043671808387
2026-07-19T09:00:22+00:00,cnsm-web-01,system.cpu.switches,4559.485632377972
2026-07-19T09:01:22+00:00,cnsm-web-01,system.cpu.switches,4495.825608605773
2026-07-19T09:02:22+00:00,cnsm-web-01,system.cpu.switches,4302.769806375765
2026-07-19T09:03:22+00:00,cnsm-web-01,system.cpu.switches,5095.121075592085
2026-07-19T09:04:22+00:00,cnsm-web-01,system.cpu.switches,4527.483777443637
2026-07-19T09:05:22+00:00,cnsm-web-01,system.cpu.switches,4595.878859781449
2026-07-19T09:06:22+00:00,cnsm-web-01,system.cpu.switches,4503.798754485754
2026-07-19T09:07:22+00:00,cnsm-web-01,system.cpu.switches,4855.975317020164
2026-07-19T09:08:22+00:00,cnsm-web-01,system.cpu.switches,4510.365885658995
2026-07-19T09:09:22+00:00,cnsm-web-01,system.cpu.switches,4715.711004905439
2026-07-19T09:10:22+00:00,cnsm-web-01,system.cpu.switches,4760.393226195311
2026-07-19T09:11:22+00:00,cnsm-web-01,system.cpu.switches,4429.297084562837
2026-07-19T09:12:22+00:00,cnsm-web-01,system.cpu.switches,4414.580597483048
2026-07-19T09:13:22+00:00,cnsm-web-01,system.cpu.switches,4828.330313936971
2026-07-19T09:14:22+00:00,cnsm-web-01,system.cpu.switches,7994.182216566715
2026-07-19T09:15:22+00:00,cnsm-web-01,system.cpu.switches,4761.1289750925025
2026-07-19T09:16:22+00:00,cnsm-web-01,system.cpu.switches,4624.550687799409
2026-07-19T09:17:22+00:00,cnsm-web-01,system.cpu.switches,4506.617793427018
2026-07-19T09:18:22+00:00,cnsm-web-01,system.cpu.switches,4481.258426559354
2026-07-19T09:19:22+00:00,cnsm-web-01,system.cpu.switches,4890.7505069607305
2026-07-19T09:20:22+00:00,cnsm-web-01,system.cpu.switches,4687.621191009393
2026-07-19T09:21:22+00:00,cnsm-web-01,system.cpu.switches,4445.786041246472
2026-07-19T09:22:22+00:00,cnsm-web-01,system.cpu.switches,4618.642148881499
2026-07-19T09:23:22+00:00,cnsm-web-01,system.cpu.switches,4827.789403196674
2026-07-19T09:24:22+00:00,cnsm-web-01,system.cpu.switches,4532.697956079056
2026-07-19T09:25:22+00:00,cnsm-web-01,system.cpu.switches,4580.998052993077
2026-07-19T09:26:22+00:00,cnsm-web-01,system.cpu.switches,4865.148796028229
2026-07-19T09:27:22+00:00,cnsm-web-01,system.cpu.switches,4586.2816984515175
2026-07-19T09:28:22+00:00,cnsm-web-01,system.cpu.switches,4521.835225978724
2026-07-19T09:29:22+00:00,cnsm-web-01,system.cpu.switches,4489.722351553108
2026-07-19T09:30:22+00:00,cnsm-web-01,system.cpu.switches,4841.582671423161
2026-07-19T09:31:22+00:00,cnsm-web-01,system.cpu.switches,4651.575453914596
2026-07-19T09:32:22+00:00,cnsm-web-01,system.cpu.switches,4581.463820038988
2026-07-19T09:33:22+00:00,cnsm-web-01,system.cpu.switches,4549.756958756267
2026-07-19T09:34:22+00:00,cnsm-web-01,system.cpu.switches,5085.867409851983
2026-07-19T09:35:22+00:00,cnsm-web-01,system.cpu.switches,4245.101859794387
2026-07-19T09:36:22+00:00,cnsm-web-01,system.cpu.switches,4642.5274134077545
2026-07-19T09:37:22+00:00,cnsm-web-01,system.cpu.switches,4410.317412579735
2026-07-19T09:38:22+00:00,cnsm-web-01,system.cpu.switches,4576.1157453331025
2026-07-19T09:39:22+00:00,cnsm-web-01,system.cpu.switches,4618.207555978606
2026-07-19T09:40:22+00:00,cnsm-web-01,system.cpu.switches,4661.829885511901
2026-07-19T09:41:22+00:00,cnsm-web-01,system.cpu.switches,4871.741914112754
2026-07-19T09:42:22+00:00,cnsm-web-01,system.cpu.switches,5210.9531372446445
2026-07-19T09:43:22+00:00,cnsm-web-01,system.cpu.switches,8182.928524969322
2026-07-19T09:44:22+00:00,cnsm-web-01,system.cpu.switches,4382.8005669152535
2026-07-19T09:45:22+00:00,cnsm-web-01,system.cpu.switches,4697.885900884574
2026-07-19T09:46:22+00:00,cnsm-web-01,system.cpu.switches,4563.463751069676
2026-07-19T09:47:22+00:00,cnsm-web-01,system.cpu.switches,4792.97774478729
2026-07-19T09:48:22+00:00,cnsm-web-01,system.cpu.switches,4847.4999096091715
2026-07-19T09:49:22+00:00,cnsm-web-01,system.cpu.switches,4646.083092873074
2026-07-19T09:50:22+00:00,cnsm-web-01,system.cpu.switches,4533.194354737372
2026-07-19T09:51:22+00:00,cnsm-web-01,system.cpu.switches,8554.066141677902
2026-07-19T09:52:22+00:00,cnsm-web-01,system.cpu.switches,4792.637805002181
2026-07-19T09:53:22+00:00,cnsm-web-01,system.cpu.switches,4592.433243318807
2026-07-19T09:54:22+00:00,cnsm-web-01,system.cpu.switches,4600.707871646786
2026-07-19T09:55:22+00:00,cnsm-web-01,system.cpu.switches,5156.943757579445
2026-07-19T09:56:22+00:00,cnsm-web-01,system.cpu.switches,4721.418734175931
2026-07-19T09:57:22+00:00,cnsm-web-01,system.cpu.switches,4495.2733873430325
2026-07-19T09:58:22+00:00,cnsm-web-01,system.cpu.switches,4681.708876259374
2026-07-19T09:59:22+00:00,cnsm-web-01,system.cpu.switches,4994.998818349779
2026-07-19T10:00:22+00:00,cnsm-web-01,system.cpu.switches,4643.981209179119
2026-07-19T08:33:24+00:00,cnsm-web-01,"system.cpu.util[,guest_nice]",0
2026-07-19T08:34:24+00:00,cnsm-web-01,"system.cpu.util[,guest_nice]",0
2026-07-19T08:35:24+00:00,cnsm-web-01,"system.cpu.util[,guest_nice]",0
2026-07-19T08:36:24+00:00,cnsm-web-01,"system.cpu.util[,guest_nice]",0
2026-07-19T08:37:24+00:00,cnsm-web-01,"system.cpu.util[,guest_nice]",0
2026-07-19T08:38:24+00:00,cnsm-web-01,"system.cpu.util[,guest_nice]",0
2026-07-19T08:39:24+00:00,cnsm-web-01,"system.cpu.util[,guest_nice]",0
2026-07-19T08:40:24+00:00,cnsm-web-01,"system.cpu.util[,guest_nice]",0
2026-07-19T08:41:24+00:00,cnsm-web-01,"system.cpu.util[,guest_nice]",0
2026-07-19T08:42:24+00:00,cnsm-web-01,"system.cpu.util[,guest_nice]",0
2026-07-19T08:43:24+00:00,cnsm-web-01,"system.cpu.util[,guest_nice]",0
2026-07-19T08:44:24+00:00,cnsm-web-01,"system.cpu.util[,guest_nice]",0
2026-07-19T08:45:24+00:00,cnsm-web-01,"system.cpu.util[,guest_nice]",0
2026-07-19T08:46:24+00:00,cnsm-web-01,"system.cpu.util[,guest_nice]",0
2026-07-19T08:47:24+00:00,cnsm-web-01,"system.cpu.util[,guest_nice]",0
2026-07-19T08:48:24+00:00,cnsm-web-01,"system.cpu.util[,guest_nice]",0
2026-07-19T08:49:24+00:00,cnsm-web-01,"system.cpu.util[,guest_nice]",0
2026-07-19T08:50:24+00:00,cnsm-web-01,"system.cpu.util[,guest_nice]",0
2026-07-19T08:51:24+00:00,cnsm-web-01,"system.cpu.util[,guest_nice]",0
2026-07-19T08:52:24+00:00,cnsm-web-01,"system.cpu.util[,guest_nice]",0
2026-07-19T08:53:24+00:00,cnsm-web-01,"system.cpu.util[,guest_nice]",0
2026-07-19T08:54:24+00:00,cnsm-web-01,"system.cpu.util[,guest_nice]",0
2026-07-19T08:55:24+00:00,cnsm-web-01,"system.cpu.util[,guest_nice]",0
2026-07-19T08:56:24+00:00,cnsm-web-01,"system.cpu.util[,guest_nice]",0
2026-07-19T08:57:24+00:00,cnsm-web-01,"system.cpu.util[,guest_nice]",0
2026-07-19T08:58:24+00:00,cnsm-web-01,"system.cpu.util[,guest_nice]",0
2026-07-19T08:59:24+00:00,cnsm-web-01,"system.cpu.util[,guest_nice]",0
2026-07-19T09:00:24+00:00,cnsm-web-01,"system.cpu.util[,guest_nice]",0
2026-07-19T09:01:24+00:00,cnsm-web-01,"system.cpu.util[,guest_nice]",0
2026-07-19T09:02:24+00:00,cnsm-web-01,"system.cpu.util[,guest_nice]",0
2026-07-19T09:03:24+00:00,cnsm-web-01,"system.cpu.util[,guest_nice]",0
2026-07-19T09:04:24+00:00,cnsm-web-01,"system.cpu.util[,guest_nice]",0
2026-07-19T09:05:24+00:00,cnsm-web-01,"system.cpu.util[,guest_nice]",0
2026-07-19T09:06:24+00:00,cnsm-web-01,"system.cpu.util[,guest_nice]",0
2026-07-19T09:07:24+00:00,cnsm-web-01,"system.cpu.util[,guest_nice]",0
2026-07-19T09:08:24+00:00,cnsm-web-01,"system.cpu.util[,guest_nice]",0
2026-07-19T09:09:24+00:00,cnsm-web-01,"system.cpu.util[,guest_nice]",0
2026-07-19T09:10:24+00:00,cnsm-web-01,"system.cpu.util[,guest_nice]",0
2026-07-19T09:11:24+00:00,cnsm-web-01,"system.cpu.util[,guest_nice]",0
2026-07-19T09:12:24+00:00,cnsm-web-01,"system.cpu.util[,guest_nice]",0
2026-07-19T09:13:24+00:00,cnsm-web-01,"system.cpu.util[,guest_nice]",0
2026-07-19T09:14:24+00:00,cnsm-web-01,"system.cpu.util[,guest_nice]",0
2026-07-19T09:15:24+00:00,cnsm-web-01,"system.cpu.util[,guest_nice]",0
2026-07-19T09:16:24+00:00,cnsm-web-01,"system.cpu.util[,guest_nice]",0
2026-07-19T09:17:24+00:00,cnsm-web-01,"system.cpu.util[,guest_nice]",0
2026-07-19T09:18:24+00:00,cnsm-web-01,"system.cpu.util[,guest_nice]",0
2026-07-19T09:19:24+00:00,cnsm-web-01,"system.cpu.util[,guest_nice]",0
2026-07-19T09:20:24+00:00,cnsm-web-01,"system.cpu.util[,guest_nice]",0
2026-07-19T09:21:24+00:00,cnsm-web-01,"system.cpu.util[,guest_nice]",0
2026-07-19T09:22:24+00:00,cnsm-web-01,"system.cpu.util[,guest_nice]",0
2026-07-19T09:23:24+00:00,cnsm-web-01,"system.cpu.util[,guest_nice]",0
2026-07-19T09:24:24+00:00,cnsm-web-01,"system.cpu.util[,guest_nice]",0
2026-07-19T09:25:24+00:00,cnsm-web-01,"system.cpu.util[,guest_nice]",0
2026-07-19T09:26:24+00:00,cnsm-web-01,"system.cpu.util[,guest_nice]",0
2026-07-19T09:27:24+00:00,cnsm-web-01,"system.cpu.util[,guest_nice]",0
2026-07-19T09:28:24+00:00,cnsm-web-01,"system.cpu.util[,guest_nice]",0
2026-07-19T09:29:24+00:00,cnsm-web-01,"system.cpu.util[,guest_nice]",0
2026-07-19T09:30:24+00:00,cnsm-web-01,"system.cpu.util[,guest_nice]",0
2026-07-19T09:31:24+00:00,cnsm-web-01,"system.cpu.util[,guest_nice]",0
2026-07-19T09:32:24+00:00,cnsm-web-01,"system.cpu.util[,guest_nice]",0
2026-07-19T09:33:24+00:00,cnsm-web-01,"system.cpu.util[,guest_nice]",0
2026-07-19T09:34:24+00:00,cnsm-web-01,"system.cpu.util[,guest_nice]",0
2026-07-19T09:35:24+00:00,cnsm-web-01,"system.cpu.util[,guest_nice]",0
2026-07-19T09:36:24+00:00,cnsm-web-01,"system.cpu.util[,guest_nice]",0
2026-07-19T09:37:24+00:00,cnsm-web-01,"system.cpu.util[,guest_nice]",0
2026-07-19T09:38:24+00:00,cnsm-web-01,"system.cpu.util[,guest_nice]",0
2026-07-19T09:39:24+00:00,cnsm-web-01,"system.cpu.util[,guest_nice]",0
2026-07-19T09:40:24+00:00,cnsm-web-01,"system.cpu.util[,guest_nice]",0
2026-07-19T09:41:24+00:00,cnsm-web-01,"system.cpu.util[,guest_nice]",0
2026-07-19T09:42:24+00:00,cnsm-web-01,"system.cpu.util[,guest_nice]",0
2026-07-19T09:43:24+00:00,cnsm-web-01,"system.cpu.util[,guest_nice]",0
2026-07-19T09:44:24+00:00,cnsm-web-01,"system.cpu.util[,guest_nice]",0
2026-07-19T09:45:24+00:00,cnsm-web-01,"system.cpu.util[,guest_nice]",0
2026-07-19T09:46:24+00:00,cnsm-web-01,"system.cpu.util[,guest_nice]",0
2026-07-19T09:47:24+00:00,cnsm-web-01,"system.cpu.util[,guest_nice]",0
2026-07-19T09:48:24+00:00,cnsm-web-01,"system.cpu.util[,guest_nice]",0
2026-07-19T09:49:24+00:00,cnsm-web-01,"system.cpu.util[,guest_nice]",0
2026-07-19T09:50:24+00:00,cnsm-web-01,"system.cpu.util[,guest_nice]",0
2026-07-19T09:51:24+00:00,cnsm-web-01,"system.cpu.util[,guest_nice]",0
2026-07-19T09:52:24+00:00,cnsm-web-01,"system.cpu.util[,guest_nice]",0
2026-07-19T09:53:24+00:00,cnsm-web-01,"system.cpu.util[,guest_nice]",0
2026-07-19T09:54:24+00:00,cnsm-web-01,"system.cpu.util[,guest_nice]",0
2026-07-19T09:55:24+00:00,cnsm-web-01,"system.cpu.util[,guest_nice]",0
2026-07-19T09:56:24+00:00,cnsm-web-01,"system.cpu.util[,guest_nice]",0
2026-07-19T09:57:24+00:00,cnsm-web-01,"system.cpu.util[,guest_nice]",0
2026-07-19T09:58:24+00:00,cnsm-web-01,"system.cpu.util[,guest_nice]",0
2026-07-19T09:59:24+00:00,cnsm-web-01,"system.cpu.util[,guest_nice]",0
2026-07-19T10:00:24+00:00,cnsm-web-01,"system.cpu.util[,guest_nice]",0
2026-07-19T08:33:23+00:00,cnsm-web-01,"system.cpu.util[,guest]",0
2026-07-19T08:34:23+00:00,cnsm-web-01,"system.cpu.util[,guest]",0
2026-07-19T08:35:23+00:00,cnsm-web-01,"system.cpu.util[,guest]",0
2026-07-19T08:36:23+00:00,cnsm-web-01,"system.cpu.util[,guest]",0
2026-07-19T08:37:23+00:00,cnsm-web-01,"system.cpu.util[,guest]",0
2026-07-19T08:38:23+00:00,cnsm-web-01,"system.cpu.util[,guest]",0
2026-07-19T08:39:23+00:00,cnsm-web-01,"system.cpu.util[,guest]",0
2026-07-19T08:40:23+00:00,cnsm-web-01,"system.cpu.util[,guest]",0
2026-07-19T08:41:23+00:00,cnsm-web-01,"system.cpu.util[,guest]",0
2026-07-19T08:42:23+00:00,cnsm-web-01,"system.cpu.util[,guest]",0
2026-07-19T08:43:23+00:00,cnsm-web-01,"system.cpu.util[,guest]",0
2026-07-19T08:44:23+00:00,cnsm-web-01,"system.cpu.util[,guest]",0
2026-07-19T08:45:23+00:00,cnsm-web-01,"system.cpu.util[,guest]",0
2026-07-19T08:46:23+00:00,cnsm-web-01,"system.cpu.util[,guest]",0
2026-07-19T08:47:23+00:00,cnsm-web-01,"system.cpu.util[,guest]",0
2026-07-19T08:48:23+00:00,cnsm-web-01,"system.cpu.util[,guest]",0
2026-07-19T08:49:23+00:00,cnsm-web-01,"system.cpu.util[,guest]",0
2026-07-19T08:50:23+00:00,cnsm-web-01,"system.cpu.util[,guest]",0
2026-07-19T08:51:23+00:00,cnsm-web-01,"system.cpu.util[,guest]",0
2026-07-19T08:52:23+00:00,cnsm-web-01,"system.cpu.util[,guest]",0
2026-07-19T08:53:23+00:00,cnsm-web-01,"system.cpu.util[,guest]",0
2026-07-19T08:54:23+00:00,cnsm-web-01,"system.cpu.util[,guest]",0
2026-07-19T08:55:23+00:00,cnsm-web-01,"system.cpu.util[,guest]",0
2026-07-19T08:56:23+00:00,cnsm-web-01,"system.cpu.util[,guest]",0
2026-07-19T08:57:23+00:00,cnsm-web-01,"system.cpu.util[,guest]",0
2026-07-19T08:58:23+00:00,cnsm-web-01,"system.cpu.util[,guest]",0
2026-07-19T08:59:23+00:00,cnsm-web-01,"system.cpu.util[,guest]",0
2026-07-19T09:00:23+00:00,cnsm-web-01,"system.cpu.util[,guest]",0
2026-07-19T09:01:23+00:00,cnsm-web-01,"system.cpu.util[,guest]",0
2026-07-19T09:02:23+00:00,cnsm-web-01,"system.cpu.util[,guest]",0
2026-07-19T09:03:23+00:00,cnsm-web-01,"system.cpu.util[,guest]",0
2026-07-19T09:04:23+00:00,cnsm-web-01,"system.cpu.util[,guest]",0
2026-07-19T09:05:23+00:00,cnsm-web-01,"system.cpu.util[,guest]",0
2026-07-19T09:06:23+00:00,cnsm-web-01,"system.cpu.util[,guest]",0
2026-07-19T09:07:23+00:00,cnsm-web-01,"system.cpu.util[,guest]",0
2026-07-19T09:08:23+00:00,cnsm-web-01,"system.cpu.util[,guest]",0
2026-07-19T09:09:23+00:00,cnsm-web-01,"system.cpu.util[,guest]",0
2026-07-19T09:10:23+00:00,cnsm-web-01,"system.cpu.util[,guest]",0
2026-07-19T09:11:23+00:00,cnsm-web-01,"system.cpu.util[,guest]",0
2026-07-19T09:12:23+00:00,cnsm-web-01,"system.cpu.util[,guest]",0
2026-07-19T09:13:23+00:00,cnsm-web-01,"system.cpu.util[,guest]",0
2026-07-19T09:14:23+00:00,cnsm-web-01,"system.cpu.util[,guest]",0
2026-07-19T09:15:23+00:00,cnsm-web-01,"system.cpu.util[,guest]",0
2026-07-19T09:16:23+00:00,cnsm-web-01,"system.cpu.util[,guest]",0
2026-07-19T09:17:23+00:00,cnsm-web-01,"system.cpu.util[,guest]",0
2026-07-19T09:18:23+00:00,cnsm-web-01,"system.cpu.util[,guest]",0
2026-07-19T09:19:23+00:00,cnsm-web-01,"system.cpu.util[,guest]",0
2026-07-19T09:20:23+00:00,cnsm-web-01,"system.cpu.util[,guest]",0
2026-07-19T09:21:23+00:00,cnsm-web-01,"system.cpu.util[,guest]",0
2026-07-19T09:22:23+00:00,cnsm-web-01,"system.cpu.util[,guest]",0
2026-07-19T09:23:23+00:00,cnsm-web-01,"system.cpu.util[,guest]",0
2026-07-19T09:24:23+00:00,cnsm-web-01,"system.cpu.util[,guest]",0
2026-07-19T09:25:23+00:00,cnsm-web-01,"system.cpu.util[,guest]",0
2026-07-19T09:26:23+00:00,cnsm-web-01,"system.cpu.util[,guest]",0
2026-07-19T09:27:23+00:00,cnsm-web-01,"system.cpu.util[,guest]",0
2026-07-19T09:28:23+00:00,cnsm-web-01,"system.cpu.util[,guest]",0
2026-07-19T09:29:23+00:00,cnsm-web-01,"system.cpu.util[,guest]",0
2026-07-19T09:30:23+00:00,cnsm-web-01,"system.cpu.util[,guest]",0
2026-07-19T09:31:23+00:00,cnsm-web-01,"system.cpu.util[,guest]",0
2026-07-19T09:32:23+00:00,cnsm-web-01,"system.cpu.util[,guest]",0
2026-07-19T09:33:23+00:00,cnsm-web-01,"system.cpu.util[,guest]",0
2026-07-19T09:34:23+00:00,cnsm-web-01,"system.cpu.util[,guest]",0
2026-07-19T09:35:23+00:00,cnsm-web-01,"system.cpu.util[,guest]",0
2026-07-19T09:36:23+00:00,cnsm-web-01,"system.cpu.util[,guest]",0
2026-07-19T09:37:23+00:00,cnsm-web-01,"system.cpu.util[,guest]",0
2026-07-19T09:38:23+00:00,cnsm-web-01,"system.cpu.util[,guest]",0
2026-07-19T09:39:23+00:00,cnsm-web-01,"system.cpu.util[,guest]",0
2026-07-19T09:40:23+00:00,cnsm-web-01,"system.cpu.util[,guest]",0
2026-07-19T09:41:23+00:00,cnsm-web-01,"system.cpu.util[,guest]",0
2026-07-19T09:42:23+00:00,cnsm-web-01,"system.cpu.util[,guest]",0
2026-07-19T09:43:23+00:00,cnsm-web-01,"system.cpu.util[,guest]",0
2026-07-19T09:44:23+00:00,cnsm-web-01,"system.cpu.util[,guest]",0
2026-07-19T09:45:23+00:00,cnsm-web-01,"system.cpu.util[,guest]",0
2026-07-19T09:46:23+00:00,cnsm-web-01,"system.cpu.util[,guest]",0
2026-07-19T09:47:23+00:00,cnsm-web-01,"system.cpu.util[,guest]",0
2026-07-19T09:48:23+00:00,cnsm-web-01,"system.cpu.util[,guest]",0
2026-07-19T09:49:23+00:00,cnsm-web-01,"system.cpu.util[,guest]",0
2026-07-19T09:50:23+00:00,cnsm-web-01,"system.cpu.util[,guest]",0
2026-07-19T09:51:23+00:00,cnsm-web-01,"system.cpu.util[,guest]",0
2026-07-19T09:52:23+00:00,cnsm-web-01,"system.cpu.util[,guest]",0
2026-07-19T09:53:23+00:00,cnsm-web-01,"system.cpu.util[,guest]",0
2026-07-19T09:54:23+00:00,cnsm-web-01,"system.cpu.util[,guest]",0
2026-07-19T09:55:23+00:00,cnsm-web-01,"system.cpu.util[,guest]",0
2026-07-19T09:56:23+00:00,cnsm-web-01,"system.cpu.util[,guest]",0
2026-07-19T09:57:23+00:00,cnsm-web-01,"system.cpu.util[,guest]",0
2026-07-19T09:58:23+00:00,cnsm-web-01,"system.cpu.util[,guest]",0
2026-07-19T09:59:23+00:00,cnsm-web-01,"system.cpu.util[,guest]",0
2026-07-19T10:00:23+00:00,cnsm-web-01,"system.cpu.util[,guest]",0
2026-07-19T08:33:25+00:00,cnsm-web-01,"system.cpu.util[,idle]",82.826971
2026-07-19T08:34:25+00:00,cnsm-web-01,"system.cpu.util[,idle]",82.305338
2026-07-19T08:35:25+00:00,cnsm-web-01,"system.cpu.util[,idle]",83.734561
2026-07-19T08:36:25+00:00,cnsm-web-01,"system.cpu.util[,idle]",80.785219
2026-07-19T08:37:25+00:00,cnsm-web-01,"system.cpu.util[,idle]",82.710613
2026-07-19T08:38:25+00:00,cnsm-web-01,"system.cpu.util[,idle]",83.057817
2026-07-19T08:39:25+00:00,cnsm-web-01,"system.cpu.util[,idle]",80.936385
2026-07-19T08:40:25+00:00,cnsm-web-01,"system.cpu.util[,idle]",83.659171
2026-07-19T08:41:25+00:00,cnsm-web-01,"system.cpu.util[,idle]",81.462821
2026-07-19T08:42:25+00:00,cnsm-web-01,"system.cpu.util[,idle]",82.761805
2026-07-19T08:43:25+00:00,cnsm-web-01,"system.cpu.util[,idle]",82.554334
2026-07-19T08:44:25+00:00,cnsm-web-01,"system.cpu.util[,idle]",81.095718
2026-07-19T08:45:25+00:00,cnsm-web-01,"system.cpu.util[,idle]",83.685712
2026-07-19T08:46:25+00:00,cnsm-web-01,"system.cpu.util[,idle]",82.530222
2026-07-19T08:47:25+00:00,cnsm-web-01,"system.cpu.util[,idle]",80.707058
2026-07-19T08:48:25+00:00,cnsm-web-01,"system.cpu.util[,idle]",78.381328
2026-07-19T08:49:25+00:00,cnsm-web-01,"system.cpu.util[,idle]",81.818563
2026-07-19T08:50:25+00:00,cnsm-web-01,"system.cpu.util[,idle]",82.642791
2026-07-19T08:51:25+00:00,cnsm-web-01,"system.cpu.util[,idle]",82.624948
2026-07-19T08:52:25+00:00,cnsm-web-01,"system.cpu.util[,idle]",82.70746
2026-07-19T08:53:25+00:00,cnsm-web-01,"system.cpu.util[,idle]",80.949782
2026-07-19T08:54:25+00:00,cnsm-web-01,"system.cpu.util[,idle]",82.801024
2026-07-19T08:55:25+00:00,cnsm-web-01,"system.cpu.util[,idle]",83.551997
2026-07-19T08:56:25+00:00,cnsm-web-01,"system.cpu.util[,idle]",80.799462
2026-07-19T08:57:25+00:00,cnsm-web-01,"system.cpu.util[,idle]",83.03878
2026-07-19T08:58:25+00:00,cnsm-web-01,"system.cpu.util[,idle]",82.47691
2026-07-19T08:59:25+00:00,cnsm-web-01,"system.cpu.util[,idle]",82.142707
2026-07-19T09:00:25+00:00,cnsm-web-01,"system.cpu.util[,idle]",83.478735
2026-07-19T09:01:25+00:00,cnsm-web-01,"system.cpu.util[,idle]",83.096406
2026-07-19T09:02:25+00:00,cnsm-web-01,"system.cpu.util[,idle]",81.862807
2026-07-19T09:03:25+00:00,cnsm-web-01,"system.cpu.util[,idle]",82.300067
2026-07-19T09:04:25+00:00,cnsm-web-01,"system.cpu.util[,idle]",82.757897
2026-07-19T09:05:25+00:00,cnsm-web-01,"system.cpu.util[,idle]",82.251772
2026-07-19T09:06:25+00:00,cnsm-web-01,"system.cpu.util[,idle]",81.635479
2026-07-19T09:07:25+00:00,cnsm-web-01,"system.cpu.util[,idle]",83.301827
2026-07-19T09:08:25+00:00,cnsm-web-01,"system.cpu.util[,idle]",81.675832
2026-07-19T09:09:25+00:00,cnsm-web-01,"system.cpu.util[,idle]",82.06775
2026-07-19T09:10:25+00:00,cnsm-web-01,"system.cpu.util[,idle]",83.507875
2026-07-19T09:11:25+00:00,cnsm-web-01,"system.cpu.util[,idle]",83.11421
2026-07-19T09:12:25+00:00,cnsm-web-01,"system.cpu.util[,idle]",81.324214
2026-07-19T09:13:25+00:00,cnsm-web-01,"system.cpu.util[,idle]",82.978902
2026-07-19T09:14:25+00:00,cnsm-web-01,"system.cpu.util[,idle]",69.037498
2026-07-19T09:15:25+00:00,cnsm-web-01,"system.cpu.util[,idle]",83.044663
2026-07-19T09:16:25+00:00,cnsm-web-01,"system.cpu.util[,idle]",83.431705
2026-07-19T09:17:25+00:00,cnsm-web-01,"system.cpu.util[,idle]",83.340324
2026-07-19T09:18:25+00:00,cnsm-web-01,"system.cpu.util[,idle]",81.053162
2026-07-19T09:19:25+00:00,cnsm-web-01,"system.cpu.util[,idle]",82.682456
2026-07-19T09:20:25+00:00,cnsm-web-01,"system.cpu.util[,idle]",83.495553
2026-07-19T09:21:25+00:00,cnsm-web-01,"system.cpu.util[,idle]",82.27206
2026-07-19T09:22:25+00:00,cnsm-web-01,"system.cpu.util[,idle]",81.793398
2026-07-19T09:23:25+00:00,cnsm-web-01,"system.cpu.util[,idle]",83.496204
2026-07-19T09:24:25+00:00,cnsm-web-01,"system.cpu.util[,idle]",82.599757
2026-07-19T09:25:25+00:00,cnsm-web-01,"system.cpu.util[,idle]",82.345788
2026-07-19T09:26:25+00:00,cnsm-web-01,"system.cpu.util[,idle]",83.117319
2026-07-19T09:27:25+00:00,cnsm-web-01,"system.cpu.util[,idle]",83.208861
2026-07-19T09:28:25+00:00,cnsm-web-01,"system.cpu.util[,idle]",81.929582
2026-07-19T09:29:25+00:00,cnsm-web-01,"system.cpu.util[,idle]",82.093306
2026-07-19T09:30:25+00:00,cnsm-web-01,"system.cpu.util[,idle]",83.253729
2026-07-19T09:31:25+00:00,cnsm-web-01,"system.cpu.util[,idle]",83.352882
2026-07-19T09:32:25+00:00,cnsm-web-01,"system.cpu.util[,idle]",83.175962
2026-07-19T09:33:25+00:00,cnsm-web-01,"system.cpu.util[,idle]",82.109188
2026-07-19T09:34:25+00:00,cnsm-web-01,"system.cpu.util[,idle]",83.868803
2026-07-19T09:35:25+00:00,cnsm-web-01,"system.cpu.util[,idle]",82.9838
2026-07-19T09:36:25+00:00,cnsm-web-01,"system.cpu.util[,idle]",83.4736
2026-07-19T09:37:25+00:00,cnsm-web-01,"system.cpu.util[,idle]",82.761366
2026-07-19T09:38:25+00:00,cnsm-web-01,"system.cpu.util[,idle]",83.417886
2026-07-19T09:39:25+00:00,cnsm-web-01,"system.cpu.util[,idle]",82.543076
2026-07-19T09:40:25+00:00,cnsm-web-01,"system.cpu.util[,idle]",82.590669
2026-07-19T09:41:25+00:00,cnsm-web-01,"system.cpu.util[,idle]",82.237809
2026-07-19T09:42:25+00:00,cnsm-web-01,"system.cpu.util[,idle]",83.582215
2026-07-19T09:43:25+00:00,cnsm-web-01,"system.cpu.util[,idle]",69.096419
2026-07-19T09:44:25+00:00,cnsm-web-01,"system.cpu.util[,idle]",82.647157
2026-07-19T09:45:25+00:00,cnsm-web-01,"system.cpu.util[,idle]",82.861932
2026-07-19T09:46:25+00:00,cnsm-web-01,"system.cpu.util[,idle]",81.947474
2026-07-19T09:47:25+00:00,cnsm-web-01,"system.cpu.util[,idle]",82.678586
2026-07-19T09:48:25+00:00,cnsm-web-01,"system.cpu.util[,idle]",83.511463
2026-07-19T09:49:25+00:00,cnsm-web-01,"system.cpu.util[,idle]",83.692553
2026-07-19T09:50:25+00:00,cnsm-web-01,"system.cpu.util[,idle]",82.983273
2026-07-19T09:51:25+00:00,cnsm-web-01,"system.cpu.util[,idle]",69.617114
2026-07-19T09:52:25+00:00,cnsm-web-01,"system.cpu.util[,idle]",83.326348
2026-07-19T09:53:25+00:00,cnsm-web-01,"system.cpu.util[,idle]",83.214555
2026-07-19T09:54:25+00:00,cnsm-web-01,"system.cpu.util[,idle]",81.60215
2026-07-19T09:55:25+00:00,cnsm-web-01,"system.cpu.util[,idle]",83.802817
2026-07-19T09:56:25+00:00,cnsm-web-01,"system.cpu.util[,idle]",83.59041
2026-07-19T09:57:25+00:00,cnsm-web-01,"system.cpu.util[,idle]",82.449151
2026-07-19T09:58:25+00:00,cnsm-web-01,"system.cpu.util[,idle]",81.841818
2026-07-19T09:59:25+00:00,cnsm-web-01,"system.cpu.util[,idle]",83.299099
2026-07-19T10:00:25+00:00,cnsm-web-01,"system.cpu.util[,idle]",84.037205
2026-07-19T08:33:26+00:00,cnsm-web-01,"system.cpu.util[,interrupt]",0
2026-07-19T08:34:26+00:00,cnsm-web-01,"system.cpu.util[,interrupt]",0
2026-07-19T08:35:26+00:00,cnsm-web-01,"system.cpu.util[,interrupt]",0
2026-07-19T08:36:26+00:00,cnsm-web-01,"system.cpu.util[,interrupt]",0
2026-07-19T08:37:26+00:00,cnsm-web-01,"system.cpu.util[,interrupt]",0
2026-07-19T08:38:26+00:00,cnsm-web-01,"system.cpu.util[,interrupt]",0
2026-07-19T08:39:26+00:00,cnsm-web-01,"system.cpu.util[,interrupt]",0
2026-07-19T08:40:26+00:00,cnsm-web-01,"system.cpu.util[,interrupt]",0
2026-07-19T08:41:26+00:00,cnsm-web-01,"system.cpu.util[,interrupt]",0
2026-07-19T08:42:26+00:00,cnsm-web-01,"system.cpu.util[,interrupt]",0
2026-07-19T08:43:26+00:00,cnsm-web-01,"system.cpu.util[,interrupt]",0
2026-07-19T08:44:26+00:00,cnsm-web-01,"system.cpu.util[,interrupt]",0
2026-07-19T08:45:26+00:00,cnsm-web-01,"system.cpu.util[,interrupt]",0
2026-07-19T08:46:26+00:00,cnsm-web-01,"system.cpu.util[,interrupt]",0
2026-07-19T08:47:26+00:00,cnsm-web-01,"system.cpu.util[,interrupt]",0
2026-07-19T08:48:26+00:00,cnsm-web-01,"system.cpu.util[,interrupt]",0
2026-07-19T08:49:26+00:00,cnsm-web-01,"system.cpu.util[,interrupt]",0
2026-07-19T08:50:26+00:00,cnsm-web-01,"system.cpu.util[,interrupt]",0
2026-07-19T08:51:26+00:00,cnsm-web-01,"system.cpu.util[,interrupt]",0
2026-07-19T08:52:26+00:00,cnsm-web-01,"system.cpu.util[,interrupt]",0
2026-07-19T08:53:26+00:00,cnsm-web-01,"system.cpu.util[,interrupt]",0
2026-07-19T08:54:26+00:00,cnsm-web-01,"system.cpu.util[,interrupt]",0
2026-07-19T08:55:26+00:00,cnsm-web-01,"system.cpu.util[,interrupt]",0
2026-07-19T08:56:26+00:00,cnsm-web-01,"system.cpu.util[,interrupt]",0
2026-07-19T08:57:26+00:00,cnsm-web-01,"system.cpu.util[,interrupt]",0
2026-07-19T08:58:26+00:00,cnsm-web-01,"system.cpu.util[,interrupt]",0
2026-07-19T08:59:26+00:00,cnsm-web-01,"system.cpu.util[,interrupt]",0
2026-07-19T09:00:26+00:00,cnsm-web-01,"system.cpu.util[,interrupt]",0
2026-07-19T09:01:26+00:00,cnsm-web-01,"system.cpu.util[,interrupt]",0
2026-07-19T09:02:26+00:00,cnsm-web-01,"system.cpu.util[,interrupt]",0
2026-07-19T09:03:26+00:00,cnsm-web-01,"system.cpu.util[,interrupt]",0
2026-07-19T09:04:26+00:00,cnsm-web-01,"system.cpu.util[,interrupt]",0
2026-07-19T09:05:26+00:00,cnsm-web-01,"system.cpu.util[,interrupt]",0
2026-07-19T09:06:26+00:00,cnsm-web-01,"system.cpu.util[,interrupt]",0
2026-07-19T09:07:26+00:00,cnsm-web-01,"system.cpu.util[,interrupt]",0
2026-07-19T09:08:26+00:00,cnsm-web-01,"system.cpu.util[,interrupt]",0
2026-07-19T09:09:26+00:00,cnsm-web-01,"system.cpu.util[,interrupt]",0
2026-07-19T09:10:26+00:00,cnsm-web-01,"system.cpu.util[,interrupt]",0
2026-07-19T09:11:26+00:00,cnsm-web-01,"system.cpu.util[,interrupt]",0
2026-07-19T09:12:26+00:00,cnsm-web-01,"system.cpu.util[,interrupt]",0
2026-07-19T09:13:26+00:00,cnsm-web-01,"system.cpu.util[,interrupt]",0
2026-07-19T09:14:26+00:00,cnsm-web-01,"system.cpu.util[,interrupt]",0
2026-07-19T09:15:26+00:00,cnsm-web-01,"system.cpu.util[,interrupt]",0
2026-07-19T09:16:26+00:00,cnsm-web-01,"system.cpu.util[,interrupt]",0
2026-07-19T09:17:26+00:00,cnsm-web-01,"system.cpu.util[,interrupt]",0
2026-07-19T09:18:26+00:00,cnsm-web-01,"system.cpu.util[,interrupt]",0
2026-07-19T09:19:26+00:00,cnsm-web-01,"system.cpu.util[,interrupt]",0
2026-07-19T09:20:26+00:00,cnsm-web-01,"system.cpu.util[,interrupt]",0
2026-07-19T09:21:26+00:00,cnsm-web-01,"system.cpu.util[,interrupt]",0
2026-07-19T09:22:26+00:00,cnsm-web-01,"system.cpu.util[,interrupt]",0
2026-07-19T09:23:26+00:00,cnsm-web-01,"system.cpu.util[,interrupt]",0
2026-07-19T09:24:26+00:00,cnsm-web-01,"system.cpu.util[,interrupt]",0
2026-07-19T09:25:26+00:00,cnsm-web-01,"system.cpu.util[,interrupt]",0
2026-07-19T09:26:26+00:00,cnsm-web-01,"system.cpu.util[,interrupt]",0
2026-07-19T09:27:26+00:00,cnsm-web-01,"system.cpu.util[,interrupt]",0
2026-07-19T09:28:26+00:00,cnsm-web-01,"system.cpu.util[,interrupt]",0
2026-07-19T09:29:26+00:00,cnsm-web-01,"system.cpu.util[,interrupt]",0
2026-07-19T09:30:26+00:00,cnsm-web-01,"system.cpu.util[,interrupt]",0
2026-07-19T09:31:26+00:00,cnsm-web-01,"system.cpu.util[,interrupt]",0
2026-07-19T09:32:26+00:00,cnsm-web-01,"system.cpu.util[,interrupt]",0
2026-07-19T09:33:26+00:00,cnsm-web-01,"system.cpu.util[,interrupt]",0
2026-07-19T09:34:26+00:00,cnsm-web-01,"system.cpu.util[,interrupt]",0
2026-07-19T09:35:26+00:00,cnsm-web-01,"system.cpu.util[,interrupt]",0
2026-07-19T09:36:26+00:00,cnsm-web-01,"system.cpu.util[,interrupt]",0
2026-07-19T09:37:26+00:00,cnsm-web-01,"system.cpu.util[,interrupt]",0
2026-07-19T09:38:26+00:00,cnsm-web-01,"system.cpu.util[,interrupt]",0
2026-07-19T09:39:26+00:00,cnsm-web-01,"system.cpu.util[,interrupt]",0
2026-07-19T09:40:26+00:00,cnsm-web-01,"system.cpu.util[,interrupt]",0
2026-07-19T09:41:26+00:00,cnsm-web-01,"system.cpu.util[,interrupt]",0
2026-07-19T09:42:26+00:00,cnsm-web-01,"system.cpu.util[,interrupt]",0
2026-07-19T09:43:26+00:00,cnsm-web-01,"system.cpu.util[,interrupt]",0
2026-07-19T09:44:26+00:00,cnsm-web-01,"system.cpu.util[,interrupt]",0
2026-07-19T09:45:26+00:00,cnsm-web-01,"system.cpu.util[,interrupt]",0
2026-07-19T09:46:26+00:00,cnsm-web-01,"system.cpu.util[,interrupt]",0
2026-07-19T09:47:26+00:00,cnsm-web-01,"system.cpu.util[,interrupt]",0
2026-07-19T09:48:26+00:00,cnsm-web-01,"system.cpu.util[,interrupt]",0
2026-07-19T09:49:26+00:00,cnsm-web-01,"system.cpu.util[,interrupt]",0
2026-07-19T09:50:26+00:00,cnsm-web-01,"system.cpu.util[,interrupt]",0
2026-07-19T09:51:26+00:00,cnsm-web-01,"system.cpu.util[,interrupt]",0
2026-07-19T09:52:26+00:00,cnsm-web-01,"system.cpu.util[,interrupt]",0
2026-07-19T09:53:26+00:00,cnsm-web-01,"system.cpu.util[,interrupt]",0
2026-07-19T09:54:26+00:00,cnsm-web-01,"system.cpu.util[,interrupt]",0
2026-07-19T09:55:26+00:00,cnsm-web-01,"system.cpu.util[,interrupt]",0
2026-07-19T09:56:26+00:00,cnsm-web-01,"system.cpu.util[,interrupt]",0
2026-07-19T09:57:26+00:00,cnsm-web-01,"system.cpu.util[,interrupt]",0
2026-07-19T09:58:26+00:00,cnsm-web-01,"system.cpu.util[,interrupt]",0
2026-07-19T09:59:26+00:00,cnsm-web-01,"system.cpu.util[,interrupt]",0
2026-07-19T10:00:26+00:00,cnsm-web-01,"system.cpu.util[,interrupt]",0
2026-07-19T08:33:19+00:00,cnsm-web-01,"system.cpu.util[,iowait]",0.004192
2026-07-19T08:34:19+00:00,cnsm-web-01,"system.cpu.util[,iowait]",0
2026-07-19T08:35:19+00:00,cnsm-web-01,"system.cpu.util[,iowait]",0.004187
2026-07-19T08:36:19+00:00,cnsm-web-01,"system.cpu.util[,iowait]",0
2026-07-19T08:37:19+00:00,cnsm-web-01,"system.cpu.util[,iowait]",0.004192
2026-07-19T08:38:19+00:00,cnsm-web-01,"system.cpu.util[,iowait]",0.004198
2026-07-19T08:39:19+00:00,cnsm-web-01,"system.cpu.util[,iowait]",0
2026-07-19T08:40:19+00:00,cnsm-web-01,"system.cpu.util[,iowait]",0.004196
2026-07-19T08:41:19+00:00,cnsm-web-01,"system.cpu.util[,iowait]",0
2026-07-19T08:42:19+00:00,cnsm-web-01,"system.cpu.util[,iowait]",0.004197
2026-07-19T08:43:19+00:00,cnsm-web-01,"system.cpu.util[,iowait]",0.004197
2026-07-19T08:44:19+00:00,cnsm-web-01,"system.cpu.util[,iowait]",0.004196
2026-07-19T08:45:19+00:00,cnsm-web-01,"system.cpu.util[,iowait]",0.004196
2026-07-19T08:46:19+00:00,cnsm-web-01,"system.cpu.util[,iowait]",0.004198
2026-07-19T08:47:19+00:00,cnsm-web-01,"system.cpu.util[,iowait]",0.004197
2026-07-19T08:48:19+00:00,cnsm-web-01,"system.cpu.util[,iowait]",0.079735
2026-07-19T08:49:19+00:00,cnsm-web-01,"system.cpu.util[,iowait]",0
2026-07-19T08:50:19+00:00,cnsm-web-01,"system.cpu.util[,iowait]",0.004195
2026-07-19T08:51:19+00:00,cnsm-web-01,"system.cpu.util[,iowait]",0
2026-07-19T08:52:19+00:00,cnsm-web-01,"system.cpu.util[,iowait]",0.004193
2026-07-19T08:53:19+00:00,cnsm-web-01,"system.cpu.util[,iowait]",0.004197
2026-07-19T08:54:19+00:00,cnsm-web-01,"system.cpu.util[,iowait]",0
2026-07-19T08:55:19+00:00,cnsm-web-01,"system.cpu.util[,iowait]",0.004194
2026-07-19T08:56:19+00:00,cnsm-web-01,"system.cpu.util[,iowait]",0.004202
2026-07-19T08:57:19+00:00,cnsm-web-01,"system.cpu.util[,iowait]",0
2026-07-19T08:58:19+00:00,cnsm-web-01,"system.cpu.util[,iowait]",0.004203
2026-07-19T08:59:19+00:00,cnsm-web-01,"system.cpu.util[,iowait]",0.004191
2026-07-19T09:00:19+00:00,cnsm-web-01,"system.cpu.util[,iowait]",0
2026-07-19T09:01:19+00:00,cnsm-web-01,"system.cpu.util[,iowait]",0.004196
2026-07-19T09:02:19+00:00,cnsm-web-01,"system.cpu.util[,iowait]",0.004196
2026-07-19T09:03:19+00:00,cnsm-web-01,"system.cpu.util[,iowait]",0.004197
2026-07-19T09:04:19+00:00,cnsm-web-01,"system.cpu.util[,iowait]",0.004203
2026-07-19T09:05:19+00:00,cnsm-web-01,"system.cpu.util[,iowait]",0.004193
2026-07-19T09:06:19+00:00,cnsm-web-01,"system.cpu.util[,iowait]",0
2026-07-19T09:07:19+00:00,cnsm-web-01,"system.cpu.util[,iowait]",0.004201
2026-07-19T09:08:19+00:00,cnsm-web-01,"system.cpu.util[,iowait]",0.004197
2026-07-19T09:09:19+00:00,cnsm-web-01,"system.cpu.util[,iowait]",0.004196
2026-07-19T09:10:19+00:00,cnsm-web-01,"system.cpu.util[,iowait]",0.004193
2026-07-19T09:11:19+00:00,cnsm-web-01,"system.cpu.util[,iowait]",0
2026-07-19T09:12:19+00:00,cnsm-web-01,"system.cpu.util[,iowait]",0.004192
2026-07-19T09:13:19+00:00,cnsm-web-01,"system.cpu.util[,iowait]",0.004194
2026-07-19T09:14:19+00:00,cnsm-web-01,"system.cpu.util[,iowait]",0.004211
2026-07-19T09:15:19+00:00,cnsm-web-01,"system.cpu.util[,iowait]",0.004195
2026-07-19T09:16:19+00:00,cnsm-web-01,"system.cpu.util[,iowait]",0.004187
2026-07-19T09:17:19+00:00,cnsm-web-01,"system.cpu.util[,iowait]",0
2026-07-19T09:18:19+00:00,cnsm-web-01,"system.cpu.util[,iowait]",0.004197
2026-07-19T09:19:19+00:00,cnsm-web-01,"system.cpu.util[,iowait]",0
2026-07-19T09:20:19+00:00,cnsm-web-01,"system.cpu.util[,iowait]",0.004199
2026-07-19T09:21:19+00:00,cnsm-web-01,"system.cpu.util[,iowait]",0
2026-07-19T09:22:19+00:00,cnsm-web-01,"system.cpu.util[,iowait]",0.004192
2026-07-19T09:23:19+00:00,cnsm-web-01,"system.cpu.util[,iowait]",0.004193
2026-07-19T09:24:19+00:00,cnsm-web-01,"system.cpu.util[,iowait]",0.004199
2026-07-19T09:25:19+00:00,cnsm-web-01,"system.cpu.util[,iowait]",0
2026-07-19T09:26:19+00:00,cnsm-web-01,"system.cpu.util[,iowait]",0.004196
2026-07-19T09:27:19+00:00,cnsm-web-01,"system.cpu.util[,iowait]",0.004197
2026-07-19T09:28:19+00:00,cnsm-web-01,"system.cpu.util[,iowait]",0
2026-07-19T09:29:19+00:00,cnsm-web-01,"system.cpu.util[,iowait]",0
2026-07-19T09:30:19+00:00,cnsm-web-01,"system.cpu.util[,iowait]",0.004187
2026-07-19T09:31:19+00:00,cnsm-web-01,"system.cpu.util[,iowait]",0.004191
2026-07-19T09:32:19+00:00,cnsm-web-01,"system.cpu.util[,iowait]",0
2026-07-19T09:33:19+00:00,cnsm-web-01,"system.cpu.util[,iowait]",0.00419
2026-07-19T09:34:19+00:00,cnsm-web-01,"system.cpu.util[,iowait]",0
2026-07-19T09:35:19+00:00,cnsm-web-01,"system.cpu.util[,iowait]",0.004185
2026-07-19T09:36:19+00:00,cnsm-web-01,"system.cpu.util[,iowait]",0
2026-07-19T09:37:19+00:00,cnsm-web-01,"system.cpu.util[,iowait]",0.004191
2026-07-19T09:38:19+00:00,cnsm-web-01,"system.cpu.util[,iowait]",0
2026-07-19T09:39:19+00:00,cnsm-web-01,"system.cpu.util[,iowait]",0.004193
2026-07-19T09:40:19+00:00,cnsm-web-01,"system.cpu.util[,iowait]",0.004187
2026-07-19T09:41:19+00:00,cnsm-web-01,"system.cpu.util[,iowait]",0.004199
2026-07-19T09:42:19+00:00,cnsm-web-01,"system.cpu.util[,iowait]",0
2026-07-19T09:43:19+00:00,cnsm-web-01,"system.cpu.util[,iowait]",0.008417
2026-07-19T09:44:19+00:00,cnsm-web-01,"system.cpu.util[,iowait]",0
2026-07-19T09:45:19+00:00,cnsm-web-01,"system.cpu.util[,iowait]",0.004191
2026-07-19T09:46:19+00:00,cnsm-web-01,"system.cpu.util[,iowait]",0
2026-07-19T09:47:19+00:00,cnsm-web-01,"system.cpu.util[,iowait]",0.004195
2026-07-19T09:48:19+00:00,cnsm-web-01,"system.cpu.util[,iowait]",0
2026-07-19T09:49:19+00:00,cnsm-web-01,"system.cpu.util[,iowait]",0.004195
2026-07-19T09:50:19+00:00,cnsm-web-01,"system.cpu.util[,iowait]",0.004192
2026-07-19T09:51:19+00:00,cnsm-web-01,"system.cpu.util[,iowait]",0.004202
2026-07-19T09:52:19+00:00,cnsm-web-01,"system.cpu.util[,iowait]",0.004192
2026-07-19T09:53:19+00:00,cnsm-web-01,"system.cpu.util[,iowait]",0
2026-07-19T09:54:19+00:00,cnsm-web-01,"system.cpu.util[,iowait]",0.00839
2026-07-19T09:55:19+00:00,cnsm-web-01,"system.cpu.util[,iowait]",0.004193
2026-07-19T09:56:19+00:00,cnsm-web-01,"system.cpu.util[,iowait]",0.004193
2026-07-19T09:57:19+00:00,cnsm-web-01,"system.cpu.util[,iowait]",0
2026-07-19T09:58:19+00:00,cnsm-web-01,"system.cpu.util[,iowait]",0.004193
2026-07-19T09:59:19+00:00,cnsm-web-01,"system.cpu.util[,iowait]",0
2026-07-19T10:00:19+00:00,cnsm-web-01,"system.cpu.util[,iowait]",0.004191
2026-07-19T08:34:08+00:00,cnsm-web-01,"system.cpu.util[,nice]",0
2026-07-19T08:35:08+00:00,cnsm-web-01,"system.cpu.util[,nice]",0
2026-07-19T08:36:08+00:00,cnsm-web-01,"system.cpu.util[,nice]",0
2026-07-19T08:37:08+00:00,cnsm-web-01,"system.cpu.util[,nice]",0
2026-07-19T08:38:08+00:00,cnsm-web-01,"system.cpu.util[,nice]",0
2026-07-19T08:39:08+00:00,cnsm-web-01,"system.cpu.util[,nice]",0
2026-07-19T08:40:08+00:00,cnsm-web-01,"system.cpu.util[,nice]",0
2026-07-19T08:41:08+00:00,cnsm-web-01,"system.cpu.util[,nice]",0
2026-07-19T08:42:08+00:00,cnsm-web-01,"system.cpu.util[,nice]",0
2026-07-19T08:43:08+00:00,cnsm-web-01,"system.cpu.util[,nice]",0
2026-07-19T08:44:08+00:00,cnsm-web-01,"system.cpu.util[,nice]",0
2026-07-19T08:45:08+00:00,cnsm-web-01,"system.cpu.util[,nice]",0
2026-07-19T08:46:08+00:00,cnsm-web-01,"system.cpu.util[,nice]",0
2026-07-19T08:47:08+00:00,cnsm-web-01,"system.cpu.util[,nice]",0
2026-07-19T08:48:08+00:00,cnsm-web-01,"system.cpu.util[,nice]",1.439181
2026-07-19T08:49:08+00:00,cnsm-web-01,"system.cpu.util[,nice]",0
2026-07-19T08:50:08+00:00,cnsm-web-01,"system.cpu.util[,nice]",0
2026-07-19T08:51:08+00:00,cnsm-web-01,"system.cpu.util[,nice]",0
2026-07-19T08:52:08+00:00,cnsm-web-01,"system.cpu.util[,nice]",0
2026-07-19T08:53:08+00:00,cnsm-web-01,"system.cpu.util[,nice]",0
2026-07-19T08:54:08+00:00,cnsm-web-01,"system.cpu.util[,nice]",0
2026-07-19T08:55:08+00:00,cnsm-web-01,"system.cpu.util[,nice]",0
2026-07-19T08:56:08+00:00,cnsm-web-01,"system.cpu.util[,nice]",0
2026-07-19T08:57:08+00:00,cnsm-web-01,"system.cpu.util[,nice]",0
2026-07-19T08:58:08+00:00,cnsm-web-01,"system.cpu.util[,nice]",0
2026-07-19T08:59:08+00:00,cnsm-web-01,"system.cpu.util[,nice]",0
2026-07-19T09:00:08+00:00,cnsm-web-01,"system.cpu.util[,nice]",0
2026-07-19T09:01:08+00:00,cnsm-web-01,"system.cpu.util[,nice]",0
2026-07-19T09:02:08+00:00,cnsm-web-01,"system.cpu.util[,nice]",0
2026-07-19T09:03:08+00:00,cnsm-web-01,"system.cpu.util[,nice]",0
2026-07-19T09:04:08+00:00,cnsm-web-01,"system.cpu.util[,nice]",0
2026-07-19T09:05:08+00:00,cnsm-web-01,"system.cpu.util[,nice]",0
2026-07-19T09:06:08+00:00,cnsm-web-01,"system.cpu.util[,nice]",0
2026-07-19T09:07:08+00:00,cnsm-web-01,"system.cpu.util[,nice]",0
2026-07-19T09:08:08+00:00,cnsm-web-01,"system.cpu.util[,nice]",0
2026-07-19T09:09:08+00:00,cnsm-web-01,"system.cpu.util[,nice]",0
2026-07-19T09:10:08+00:00,cnsm-web-01,"system.cpu.util[,nice]",0
2026-07-19T09:11:08+00:00,cnsm-web-01,"system.cpu.util[,nice]",0
2026-07-19T09:12:08+00:00,cnsm-web-01,"system.cpu.util[,nice]",0
2026-07-19T09:13:08+00:00,cnsm-web-01,"system.cpu.util[,nice]",0
2026-07-19T09:14:08+00:00,cnsm-web-01,"system.cpu.util[,nice]",0
2026-07-19T09:15:08+00:00,cnsm-web-01,"system.cpu.util[,nice]",0
2026-07-19T09:16:08+00:00,cnsm-web-01,"system.cpu.util[,nice]",0
2026-07-19T09:17:08+00:00,cnsm-web-01,"system.cpu.util[,nice]",0
2026-07-19T09:18:08+00:00,cnsm-web-01,"system.cpu.util[,nice]",0
2026-07-19T09:19:08+00:00,cnsm-web-01,"system.cpu.util[,nice]",0
2026-07-19T09:20:08+00:00,cnsm-web-01,"system.cpu.util[,nice]",0
2026-07-19T09:21:08+00:00,cnsm-web-01,"system.cpu.util[,nice]",0
2026-07-19T09:22:08+00:00,cnsm-web-01,"system.cpu.util[,nice]",0
2026-07-19T09:23:08+00:00,cnsm-web-01,"system.cpu.util[,nice]",0
2026-07-19T09:24:08+00:00,cnsm-web-01,"system.cpu.util[,nice]",0
2026-07-19T09:25:08+00:00,cnsm-web-01,"system.cpu.util[,nice]",0
2026-07-19T09:26:08+00:00,cnsm-web-01,"system.cpu.util[,nice]",0
2026-07-19T09:27:08+00:00,cnsm-web-01,"system.cpu.util[,nice]",0
2026-07-19T09:28:08+00:00,cnsm-web-01,"system.cpu.util[,nice]",0
2026-07-19T09:29:08+00:00,cnsm-web-01,"system.cpu.util[,nice]",0
2026-07-19T09:30:08+00:00,cnsm-web-01,"system.cpu.util[,nice]",0
2026-07-19T09:31:08+00:00,cnsm-web-01,"system.cpu.util[,nice]",0
2026-07-19T09:32:08+00:00,cnsm-web-01,"system.cpu.util[,nice]",0
2026-07-19T09:33:08+00:00,cnsm-web-01,"system.cpu.util[,nice]",0
2026-07-19T09:34:08+00:00,cnsm-web-01,"system.cpu.util[,nice]",0
2026-07-19T09:35:08+00:00,cnsm-web-01,"system.cpu.util[,nice]",0
2026-07-19T09:36:08+00:00,cnsm-web-01,"system.cpu.util[,nice]",0
2026-07-19T09:37:08+00:00,cnsm-web-01,"system.cpu.util[,nice]",0
2026-07-19T09:38:08+00:00,cnsm-web-01,"system.cpu.util[,nice]",0
2026-07-19T09:39:08+00:00,cnsm-web-01,"system.cpu.util[,nice]",0
2026-07-19T09:40:08+00:00,cnsm-web-01,"system.cpu.util[,nice]",0
2026-07-19T09:41:08+00:00,cnsm-web-01,"system.cpu.util[,nice]",0
2026-07-19T09:42:08+00:00,cnsm-web-01,"system.cpu.util[,nice]",0
2026-07-19T09:43:08+00:00,cnsm-web-01,"system.cpu.util[,nice]",0
2026-07-19T09:44:08+00:00,cnsm-web-01,"system.cpu.util[,nice]",0
2026-07-19T09:45:08+00:00,cnsm-web-01,"system.cpu.util[,nice]",0
2026-07-19T09:46:08+00:00,cnsm-web-01,"system.cpu.util[,nice]",0
2026-07-19T09:47:08+00:00,cnsm-web-01,"system.cpu.util[,nice]",0
2026-07-19T09:48:08+00:00,cnsm-web-01,"system.cpu.util[,nice]",0
2026-07-19T09:49:08+00:00,cnsm-web-01,"system.cpu.util[,nice]",0
2026-07-19T09:50:08+00:00,cnsm-web-01,"system.cpu.util[,nice]",0
2026-07-19T09:51:08+00:00,cnsm-web-01,"system.cpu.util[,nice]",0
2026-07-19T09:52:08+00:00,cnsm-web-01,"system.cpu.util[,nice]",0
2026-07-19T09:53:08+00:00,cnsm-web-01,"system.cpu.util[,nice]",0
2026-07-19T09:54:08+00:00,cnsm-web-01,"system.cpu.util[,nice]",0
2026-07-19T09:55:08+00:00,cnsm-web-01,"system.cpu.util[,nice]",0
2026-07-19T09:56:08+00:00,cnsm-web-01,"system.cpu.util[,nice]",0
2026-07-19T09:57:08+00:00,cnsm-web-01,"system.cpu.util[,nice]",0
2026-07-19T09:58:08+00:00,cnsm-web-01,"system.cpu.util[,nice]",0
2026-07-19T09:59:08+00:00,cnsm-web-01,"system.cpu.util[,nice]",0
2026-07-19T10:00:08+00:00,cnsm-web-01,"system.cpu.util[,nice]",0
2026-07-19T08:33:58+00:00,cnsm-web-01,"system.cpu.util[,softirq]",3.406948
2026-07-19T08:34:58+00:00,cnsm-web-01,"system.cpu.util[,softirq]",3.464745
2026-07-19T08:35:58+00:00,cnsm-web-01,"system.cpu.util[,softirq]",3.133126
2026-07-19T08:36:58+00:00,cnsm-web-01,"system.cpu.util[,softirq]",3.595251
2026-07-19T08:37:58+00:00,cnsm-web-01,"system.cpu.util[,softirq]",3.229324
2026-07-19T08:38:58+00:00,cnsm-web-01,"system.cpu.util[,softirq]",3.245036
2026-07-19T08:39:58+00:00,cnsm-web-01,"system.cpu.util[,softirq]",3.521215
2026-07-19T08:40:58+00:00,cnsm-web-01,"system.cpu.util[,softirq]",3.169073
2026-07-19T08:41:58+00:00,cnsm-web-01,"system.cpu.util[,softirq]",3.527781
2026-07-19T08:42:58+00:00,cnsm-web-01,"system.cpu.util[,softirq]",3.109134
2026-07-19T08:43:58+00:00,cnsm-web-01,"system.cpu.util[,softirq]",3.385919
2026-07-19T08:44:58+00:00,cnsm-web-01,"system.cpu.util[,softirq]",3.41945
2026-07-19T08:45:58+00:00,cnsm-web-01,"system.cpu.util[,softirq]",3.194433
2026-07-19T08:46:58+00:00,cnsm-web-01,"system.cpu.util[,softirq]",3.252613
2026-07-19T08:47:58+00:00,cnsm-web-01,"system.cpu.util[,softirq]",3.473622
2026-07-19T08:48:58+00:00,cnsm-web-01,"system.cpu.util[,softirq]",3.154362
2026-07-19T08:49:58+00:00,cnsm-web-01,"system.cpu.util[,softirq]",3.510098
2026-07-19T08:50:58+00:00,cnsm-web-01,"system.cpu.util[,softirq]",3.389688
2026-07-19T08:51:58+00:00,cnsm-web-01,"system.cpu.util[,softirq]",3.098887
2026-07-19T08:52:58+00:00,cnsm-web-01,"system.cpu.util[,softirq]",3.416904
2026-07-19T08:53:58+00:00,cnsm-web-01,"system.cpu.util[,softirq]",3.570228
2026-07-19T08:54:58+00:00,cnsm-web-01,"system.cpu.util[,softirq]",3.22797
2026-07-19T08:55:58+00:00,cnsm-web-01,"system.cpu.util[,softirq]",3.218902
2026-07-19T08:56:58+00:00,cnsm-web-01,"system.cpu.util[,softirq]",3.474174
2026-07-19T08:57:58+00:00,cnsm-web-01,"system.cpu.util[,softirq]",3.179397
2026-07-19T08:58:58+00:00,cnsm-web-01,"system.cpu.util[,softirq]",3.503693
2026-07-19T08:59:58+00:00,cnsm-web-01,"system.cpu.util[,softirq]",3.216742
2026-07-19T09:00:58+00:00,cnsm-web-01,"system.cpu.util[,softirq]",3.212548
2026-07-19T09:01:58+00:00,cnsm-web-01,"system.cpu.util[,softirq]",3.260185
2026-07-19T09:02:58+00:00,cnsm-web-01,"system.cpu.util[,softirq]",3.575925
2026-07-19T09:03:58+00:00,cnsm-web-01,"system.cpu.util[,softirq]",3.281926
2026-07-19T09:04:58+00:00,cnsm-web-01,"system.cpu.util[,softirq]",3.217147
2026-07-19T09:05:58+00:00,cnsm-web-01,"system.cpu.util[,softirq]",3.575475
2026-07-19T09:06:58+00:00,cnsm-web-01,"system.cpu.util[,softirq]",3.398303
2026-07-19T09:07:58+00:00,cnsm-web-01,"system.cpu.util[,softirq]",3.167744
2026-07-19T09:08:58+00:00,cnsm-web-01,"system.cpu.util[,softirq]",3.464474
2026-07-19T09:09:58+00:00,cnsm-web-01,"system.cpu.util[,softirq]",3.36272
2026-07-19T09:10:58+00:00,cnsm-web-01,"system.cpu.util[,softirq]",3.279789
2026-07-19T09:11:58+00:00,cnsm-web-01,"system.cpu.util[,softirq]",3.216325
2026-07-19T09:12:58+00:00,cnsm-web-01,"system.cpu.util[,softirq]",3.527241
2026-07-19T09:13:58+00:00,cnsm-web-01,"system.cpu.util[,softirq]",5.145451
2026-07-19T09:14:58+00:00,cnsm-web-01,"system.cpu.util[,softirq]",4.242984
2026-07-19T09:15:58+00:00,cnsm-web-01,"system.cpu.util[,softirq]",3.390186
2026-07-19T09:16:58+00:00,cnsm-web-01,"system.cpu.util[,softirq]",3.263511
2026-07-19T09:17:58+00:00,cnsm-web-01,"system.cpu.util[,softirq]",3.296427
2026-07-19T09:18:58+00:00,cnsm-web-01,"system.cpu.util[,softirq]",3.535884
2026-07-19T09:19:58+00:00,cnsm-web-01,"system.cpu.util[,softirq]",3.162537
2026-07-19T09:20:58+00:00,cnsm-web-01,"system.cpu.util[,softirq]",3.253123
2026-07-19T09:21:58+00:00,cnsm-web-01,"system.cpu.util[,softirq]",3.498029
2026-07-19T09:22:58+00:00,cnsm-web-01,"system.cpu.util[,softirq]",3.407805
2026-07-19T09:23:58+00:00,cnsm-web-01,"system.cpu.util[,softirq]",3.168275
2026-07-19T09:24:58+00:00,cnsm-web-01,"system.cpu.util[,softirq]",3.282881
2026-07-19T09:25:58+00:00,cnsm-web-01,"system.cpu.util[,softirq]",3.484028
2026-07-19T09:26:58+00:00,cnsm-web-01,"system.cpu.util[,softirq]",3.404327
2026-07-19T09:27:58+00:00,cnsm-web-01,"system.cpu.util[,softirq]",3.24313
2026-07-19T09:28:58+00:00,cnsm-web-01,"system.cpu.util[,softirq]",3.392034
2026-07-19T09:29:58+00:00,cnsm-web-01,"system.cpu.util[,softirq]",3.516493
2026-07-19T09:30:58+00:00,cnsm-web-01,"system.cpu.util[,softirq]",3.266932
2026-07-19T09:31:58+00:00,cnsm-web-01,"system.cpu.util[,softirq]",3.376536
2026-07-19T09:32:58+00:00,cnsm-web-01,"system.cpu.util[,softirq]",3.09766
2026-07-19T09:33:58+00:00,cnsm-web-01,"system.cpu.util[,softirq]",3.457391
2026-07-19T09:34:58+00:00,cnsm-web-01,"system.cpu.util[,softirq]",3.274433
2026-07-19T09:35:58+00:00,cnsm-web-01,"system.cpu.util[,softirq]",3.390682
2026-07-19T09:36:58+00:00,cnsm-web-01,"system.cpu.util[,softirq]",3.402472
2026-07-19T09:37:58+00:00,cnsm-web-01,"system.cpu.util[,softirq]",3.474434
2026-07-19T09:38:58+00:00,cnsm-web-01,"system.cpu.util[,softirq]",3.417477
2026-07-19T09:39:58+00:00,cnsm-web-01,"system.cpu.util[,softirq]",3.313644
2026-07-19T09:40:58+00:00,cnsm-web-01,"system.cpu.util[,softirq]",3.586259
2026-07-19T09:41:58+00:00,cnsm-web-01,"system.cpu.util[,softirq]",3.547141
2026-07-19T09:42:58+00:00,cnsm-web-01,"system.cpu.util[,softirq]",5.151477
2026-07-19T09:43:58+00:00,cnsm-web-01,"system.cpu.util[,softirq]",4.598329
2026-07-19T09:44:58+00:00,cnsm-web-01,"system.cpu.util[,softirq]",3.353032
2026-07-19T09:45:58+00:00,cnsm-web-01,"system.cpu.util[,softirq]",3.593291
2026-07-19T09:46:58+00:00,cnsm-web-01,"system.cpu.util[,softirq]",3.506635
2026-07-19T09:47:58+00:00,cnsm-web-01,"system.cpu.util[,softirq]",3.373989
2026-07-19T09:48:58+00:00,cnsm-web-01,"system.cpu.util[,softirq]",3.200906
2026-07-19T09:49:58+00:00,cnsm-web-01,"system.cpu.util[,softirq]",3.223508
2026-07-19T09:50:58+00:00,cnsm-web-01,"system.cpu.util[,softirq]",5.439805
2026-07-19T09:51:58+00:00,cnsm-web-01,"system.cpu.util[,softirq]",4.118609
2026-07-19T09:52:58+00:00,cnsm-web-01,"system.cpu.util[,softirq]",3.244875
2026-07-19T09:53:58+00:00,cnsm-web-01,"system.cpu.util[,softirq]",3.283294
2026-07-19T09:54:58+00:00,cnsm-web-01,"system.cpu.util[,softirq]",3.451602
2026-07-19T09:55:58+00:00,cnsm-web-01,"system.cpu.util[,softirq]",3.241906
2026-07-19T09:56:58+00:00,cnsm-web-01,"system.cpu.util[,softirq]",3.18418
2026-07-19T09:57:58+00:00,cnsm-web-01,"system.cpu.util[,softirq]",3.362297
2026-07-19T09:58:58+00:00,cnsm-web-01,"system.cpu.util[,softirq]",3.402472
2026-07-19T09:59:58+00:00,cnsm-web-01,"system.cpu.util[,softirq]",3.203623
2026-07-19T08:34:07+00:00,cnsm-web-01,"system.cpu.util[,steal]",0.041922
2026-07-19T08:35:07+00:00,cnsm-web-01,"system.cpu.util[,steal]",0.020935
2026-07-19T08:36:07+00:00,cnsm-web-01,"system.cpu.util[,steal]",0.025174
2026-07-19T08:37:07+00:00,cnsm-web-01,"system.cpu.util[,steal]",0.02517
2026-07-19T08:38:07+00:00,cnsm-web-01,"system.cpu.util[,steal]",0.037752
2026-07-19T08:39:07+00:00,cnsm-web-01,"system.cpu.util[,steal]",0.025192
2026-07-19T08:40:07+00:00,cnsm-web-01,"system.cpu.util[,steal]",0.029369
2026-07-19T08:41:07+00:00,cnsm-web-01,"system.cpu.util[,steal]",0.025195
2026-07-19T08:42:07+00:00,cnsm-web-01,"system.cpu.util[,steal]",0.020996
2026-07-19T08:43:07+00:00,cnsm-web-01,"system.cpu.util[,steal]",0.03356
2026-07-19T08:44:07+00:00,cnsm-web-01,"system.cpu.util[,steal]",0.029391
2026-07-19T08:45:07+00:00,cnsm-web-01,"system.cpu.util[,steal]",0.037774
2026-07-19T08:46:07+00:00,cnsm-web-01,"system.cpu.util[,steal]",0.046118
2026-07-19T08:47:07+00:00,cnsm-web-01,"system.cpu.util[,steal]",0.033595
2026-07-19T08:48:07+00:00,cnsm-web-01,"system.cpu.util[,steal]",0.037774
2026-07-19T08:49:07+00:00,cnsm-web-01,"system.cpu.util[,steal]",0.025183
2026-07-19T08:50:07+00:00,cnsm-web-01,"system.cpu.util[,steal]",0.033574
2026-07-19T08:51:07+00:00,cnsm-web-01,"system.cpu.util[,steal]",0.037774
2026-07-19T08:52:07+00:00,cnsm-web-01,"system.cpu.util[,steal]",0.020979
2026-07-19T08:53:07+00:00,cnsm-web-01,"system.cpu.util[,steal]",0.03357
2026-07-19T08:54:07+00:00,cnsm-web-01,"system.cpu.util[,steal]",0.029376
2026-07-19T08:55:07+00:00,cnsm-web-01,"system.cpu.util[,steal]",0.037733
2026-07-19T08:56:07+00:00,cnsm-web-01,"system.cpu.util[,steal]",0.025198
2026-07-19T08:57:07+00:00,cnsm-web-01,"system.cpu.util[,steal]",0.029348
2026-07-19T08:58:07+00:00,cnsm-web-01,"system.cpu.util[,steal]",0.029374
2026-07-19T08:59:07+00:00,cnsm-web-01,"system.cpu.util[,steal]",0.046131
2026-07-19T09:00:07+00:00,cnsm-web-01,"system.cpu.util[,steal]",0.029372
2026-07-19T09:01:07+00:00,cnsm-web-01,"system.cpu.util[,steal]",0.033537
2026-07-19T09:02:07+00:00,cnsm-web-01,"system.cpu.util[,steal]",0.025189
2026-07-19T09:03:07+00:00,cnsm-web-01,"system.cpu.util[,steal]",0.029388
2026-07-19T09:04:07+00:00,cnsm-web-01,"system.cpu.util[,steal]",0.029397
2026-07-19T09:05:07+00:00,cnsm-web-01,"system.cpu.util[,steal]",0.041952
2026-07-19T09:06:07+00:00,cnsm-web-01,"system.cpu.util[,steal]",0.025191
2026-07-19T09:07:07+00:00,cnsm-web-01,"system.cpu.util[,steal]",0.025188
2026-07-19T09:08:07+00:00,cnsm-web-01,"system.cpu.util[,steal]",0.025194
2026-07-19T09:09:07+00:00,cnsm-web-01,"system.cpu.util[,steal]",0.025161
2026-07-19T09:10:07+00:00,cnsm-web-01,"system.cpu.util[,steal]",0.03357
2026-07-19T09:11:07+00:00,cnsm-web-01,"system.cpu.util[,steal]",0.020979
2026-07-19T09:12:07+00:00,cnsm-web-01,"system.cpu.util[,steal]",0.025177
2026-07-19T09:13:07+00:00,cnsm-web-01,"system.cpu.util[,steal]",0.033573
2026-07-19T09:14:07+00:00,cnsm-web-01,"system.cpu.util[,steal]",0.054663
2026-07-19T09:15:07+00:00,cnsm-web-01,"system.cpu.util[,steal]",0.05456
2026-07-19T09:16:07+00:00,cnsm-web-01,"system.cpu.util[,steal]",0.029338
2026-07-19T09:17:07+00:00,cnsm-web-01,"system.cpu.util[,steal]",0.04189
2026-07-19T09:18:07+00:00,cnsm-web-01,"system.cpu.util[,steal]",0.025183
2026-07-19T09:19:07+00:00,cnsm-web-01,"system.cpu.util[,steal]",0.046182
2026-07-19T09:20:07+00:00,cnsm-web-01,"system.cpu.util[,steal]",0.033584
2026-07-19T09:21:07+00:00,cnsm-web-01,"system.cpu.util[,steal]",0.029356
2026-07-19T09:22:07+00:00,cnsm-web-01,"system.cpu.util[,steal]",0.037756
2026-07-19T09:23:07+00:00,cnsm-web-01,"system.cpu.util[,steal]",0.033523
2026-07-19T09:24:07+00:00,cnsm-web-01,"system.cpu.util[,steal]",0.029367
2026-07-19T09:25:07+00:00,cnsm-web-01,"system.cpu.util[,steal]",0.03775
2026-07-19T09:26:07+00:00,cnsm-web-01,"system.cpu.util[,steal]",0.033573
2026-07-19T09:27:07+00:00,cnsm-web-01,"system.cpu.util[,steal]",0.025164
2026-07-19T09:28:07+00:00,cnsm-web-01,"system.cpu.util[,steal]",0.037758
2026-07-19T09:29:07+00:00,cnsm-web-01,"system.cpu.util[,steal]",0.033544
2026-07-19T09:30:07+00:00,cnsm-web-01,"system.cpu.util[,steal]",0.033528
2026-07-19T09:31:07+00:00,cnsm-web-01,"system.cpu.util[,steal]",0.041908
2026-07-19T09:32:07+00:00,cnsm-web-01,"system.cpu.util[,steal]",0.037763
2026-07-19T09:33:07+00:00,cnsm-web-01,"system.cpu.util[,steal]",0.029305
2026-07-19T09:34:07+00:00,cnsm-web-01,"system.cpu.util[,steal]",0.033567
2026-07-19T09:35:07+00:00,cnsm-web-01,"system.cpu.util[,steal]",0.029303
2026-07-19T09:36:07+00:00,cnsm-web-01,"system.cpu.util[,steal]",0.033495
2026-07-19T09:37:07+00:00,cnsm-web-01,"system.cpu.util[,steal]",0.029328
2026-07-19T09:38:07+00:00,cnsm-web-01,"system.cpu.util[,steal]",0.046108
2026-07-19T09:39:07+00:00,cnsm-web-01,"system.cpu.util[,steal]",0.02935
2026-07-19T09:40:07+00:00,cnsm-web-01,"system.cpu.util[,steal]",0.041894
2026-07-19T09:41:07+00:00,cnsm-web-01,"system.cpu.util[,steal]",0.033574
2026-07-19T09:42:07+00:00,cnsm-web-01,"system.cpu.util[,steal]",0.025184
2026-07-19T09:43:07+00:00,cnsm-web-01,"system.cpu.util[,steal]",0.050463
2026-07-19T09:44:07+00:00,cnsm-web-01,"system.cpu.util[,steal]",0.029359
2026-07-19T09:45:07+00:00,cnsm-web-01,"system.cpu.util[,steal]",0.062851
2026-07-19T09:46:07+00:00,cnsm-web-01,"system.cpu.util[,steal]",0.033567
2026-07-19T09:47:07+00:00,cnsm-web-01,"system.cpu.util[,steal]",0.037779
2026-07-19T09:48:07+00:00,cnsm-web-01,"system.cpu.util[,steal]",0.033543
2026-07-19T09:49:07+00:00,cnsm-web-01,"system.cpu.util[,steal]",0.02936
2026-07-19T09:50:07+00:00,cnsm-web-01,"system.cpu.util[,steal]",0.041915
2026-07-19T09:51:07+00:00,cnsm-web-01,"system.cpu.util[,steal]",0.054661
2026-07-19T09:52:07+00:00,cnsm-web-01,"system.cpu.util[,steal]",0.03352
2026-07-19T09:53:07+00:00,cnsm-web-01,"system.cpu.util[,steal]",0.041925
2026-07-19T09:54:07+00:00,cnsm-web-01,"system.cpu.util[,steal]",0.033554
2026-07-19T09:55:07+00:00,cnsm-web-01,"system.cpu.util[,steal]",0.033553
2026-07-19T09:56:07+00:00,cnsm-web-01,"system.cpu.util[,steal]",0.037737
2026-07-19T09:57:07+00:00,cnsm-web-01,"system.cpu.util[,steal]",0.033519
2026-07-19T09:58:07+00:00,cnsm-web-01,"system.cpu.util[,steal]",0.029382
2026-07-19T09:59:07+00:00,cnsm-web-01,"system.cpu.util[,steal]",0.041904
2026-07-19T10:00:07+00:00,cnsm-web-01,"system.cpu.util[,steal]",0.0545
2026-07-19T08:33:50+00:00,cnsm-web-01,"system.cpu.util[,system]",11.237792
2026-07-19T08:34:50+00:00,cnsm-web-01,"system.cpu.util[,system]",10.946212
2026-07-19T08:35:50+00:00,cnsm-web-01,"system.cpu.util[,system]",10.284565
2026-07-19T08:36:50+00:00,cnsm-web-01,"system.cpu.util[,system]",11.936039
2026-07-19T08:37:50+00:00,cnsm-web-01,"system.cpu.util[,system]",10.781807
2026-07-19T08:38:50+00:00,cnsm-web-01,"system.cpu.util[,system]",11.051394
2026-07-19T08:39:50+00:00,cnsm-web-01,"system.cpu.util[,system]",11.441763
2026-07-19T08:40:50+00:00,cnsm-web-01,"system.cpu.util[,system]",10.714286
2026-07-19T08:41:50+00:00,cnsm-web-01,"system.cpu.util[,system]",11.859069
2026-07-19T08:42:50+00:00,cnsm-web-01,"system.cpu.util[,system]",10.441312
2026-07-19T08:43:50+00:00,cnsm-web-01,"system.cpu.util[,system]",11.382523
2026-07-19T08:44:50+00:00,cnsm-web-01,"system.cpu.util[,system]",11.34302
2026-07-19T08:45:50+00:00,cnsm-web-01,"system.cpu.util[,system]",10.532053
2026-07-19T08:46:50+00:00,cnsm-web-01,"system.cpu.util[,system]",10.842008
2026-07-19T08:47:50+00:00,cnsm-web-01,"system.cpu.util[,system]",12.734067
2026-07-19T08:48:50+00:00,cnsm-web-01,"system.cpu.util[,system]",10.523224
2026-07-19T08:49:50+00:00,cnsm-web-01,"system.cpu.util[,system]",11.760507
2026-07-19T08:50:50+00:00,cnsm-web-01,"system.cpu.util[,system]",10.87896
2026-07-19T08:51:50+00:00,cnsm-web-01,"system.cpu.util[,system]",10.788678
2026-07-19T08:52:50+00:00,cnsm-web-01,"system.cpu.util[,system]",11.079903
2026-07-19T08:53:50+00:00,cnsm-web-01,"system.cpu.util[,system]",11.871168
2026-07-19T08:54:50+00:00,cnsm-web-01,"system.cpu.util[,system]",10.604917
2026-07-19T08:55:50+00:00,cnsm-web-01,"system.cpu.util[,system]",10.582166
2026-07-19T08:56:50+00:00,cnsm-web-01,"system.cpu.util[,system]",11.57285
2026-07-19T08:57:50+00:00,cnsm-web-01,"system.cpu.util[,system]",10.579947
2026-07-19T08:58:50+00:00,cnsm-web-01,"system.cpu.util[,system]",11.329305
2026-07-19T08:59:50+00:00,cnsm-web-01,"system.cpu.util[,system]",10.912141
2026-07-19T09:00:50+00:00,cnsm-web-01,"system.cpu.util[,system]",10.177808
2026-07-19T09:01:50+00:00,cnsm-web-01,"system.cpu.util[,system]",10.726121
2026-07-19T09:02:50+00:00,cnsm-web-01,"system.cpu.util[,system]",11.317667
2026-07-19T09:03:50+00:00,cnsm-web-01,"system.cpu.util[,system]",10.957062
2026-07-19T09:04:50+00:00,cnsm-web-01,"system.cpu.util[,system]",10.826127
2026-07-19T09:05:50+00:00,cnsm-web-01,"system.cpu.util[,system]",11.433247
2026-07-19T09:06:50+00:00,cnsm-web-01,"system.cpu.util[,system]",11.202587
2026-07-19T09:07:50+00:00,cnsm-web-01,"system.cpu.util[,system]",10.388956
2026-07-19T09:08:50+00:00,cnsm-web-01,"system.cpu.util[,system]",11.708197
2026-07-19T09:09:50+00:00,cnsm-web-01,"system.cpu.util[,system]",10.9539
2026-07-19T09:10:50+00:00,cnsm-web-01,"system.cpu.util[,system]",10.413348
2026-07-19T09:11:50+00:00,cnsm-web-01,"system.cpu.util[,system]",10.673049
2026-07-19T09:12:50+00:00,cnsm-web-01,"system.cpu.util[,system]",11.482631
2026-07-19T09:13:50+00:00,cnsm-web-01,"system.cpu.util[,system]",14.274309
2026-07-19T09:14:50+00:00,cnsm-web-01,"system.cpu.util[,system]",15.836838
2026-07-19T09:15:50+00:00,cnsm-web-01,"system.cpu.util[,system]",10.320419
2026-07-19T09:16:50+00:00,cnsm-web-01,"system.cpu.util[,system]",10.391188
2026-07-19T09:17:50+00:00,cnsm-web-01,"system.cpu.util[,system]",10.496728
2026-07-19T09:18:50+00:00,cnsm-web-01,"system.cpu.util[,system]",11.924756
2026-07-19T09:19:50+00:00,cnsm-web-01,"system.cpu.util[,system]",10.45823
2026-07-19T09:20:50+00:00,cnsm-web-01,"system.cpu.util[,system]",10.408112
2026-07-19T09:21:50+00:00,cnsm-web-01,"system.cpu.util[,system]",11.614148
2026-07-19T09:22:50+00:00,cnsm-web-01,"system.cpu.util[,system]",10.944377
2026-07-19T09:23:50+00:00,cnsm-web-01,"system.cpu.util[,system]",10.521236
2026-07-19T09:24:50+00:00,cnsm-web-01,"system.cpu.util[,system]",10.740057
2026-07-19T09:25:50+00:00,cnsm-web-01,"system.cpu.util[,system]",10.949364
2026-07-19T09:26:50+00:00,cnsm-web-01,"system.cpu.util[,system]",10.654982
2026-07-19T09:27:50+00:00,cnsm-web-01,"system.cpu.util[,system]",10.386777
2026-07-19T09:28:50+00:00,cnsm-web-01,"system.cpu.util[,system]",10.977399
2026-07-19T09:29:50+00:00,cnsm-web-01,"system.cpu.util[,system]",11.320359
2026-07-19T09:30:50+00:00,cnsm-web-01,"system.cpu.util[,system]",10.175101
2026-07-19T09:31:50+00:00,cnsm-web-01,"system.cpu.util[,system]",10.62036
2026-07-19T09:32:50+00:00,cnsm-web-01,"system.cpu.util[,system]",10.198526
2026-07-19T09:33:50+00:00,cnsm-web-01,"system.cpu.util[,system]",11.405312
2026-07-19T09:34:50+00:00,cnsm-web-01,"system.cpu.util[,system]",10.187589
2026-07-19T09:35:50+00:00,cnsm-web-01,"system.cpu.util[,system]",10.254908
2026-07-19T09:36:50+00:00,cnsm-web-01,"system.cpu.util[,system]",10.192284
2026-07-19T09:37:50+00:00,cnsm-web-01,"system.cpu.util[,system]",10.785547
2026-07-19T09:38:50+00:00,cnsm-web-01,"system.cpu.util[,system]",10.154349
2026-07-19T09:39:50+00:00,cnsm-web-01,"system.cpu.util[,system]",10.461268
2026-07-19T09:40:50+00:00,cnsm-web-01,"system.cpu.util[,system]",10.923419
2026-07-19T09:41:50+00:00,cnsm-web-01,"system.cpu.util[,system]",10.9417
2026-07-19T09:42:50+00:00,cnsm-web-01,"system.cpu.util[,system]",13.565436
2026-07-19T09:43:50+00:00,cnsm-web-01,"system.cpu.util[,system]",15.54696
2026-07-19T09:44:50+00:00,cnsm-web-01,"system.cpu.util[,system]",10.952641
2026-07-19T09:45:50+00:00,cnsm-web-01,"system.cpu.util[,system]",10.674322
2026-07-19T09:46:50+00:00,cnsm-web-01,"system.cpu.util[,system]",10.934352
2026-07-19T09:47:50+00:00,cnsm-web-01,"system.cpu.util[,system]",10.655428
2026-07-19T09:48:50+00:00,cnsm-web-01,"system.cpu.util[,system]",10.135447
2026-07-19T09:49:50+00:00,cnsm-web-01,"system.cpu.util[,system]",10.542207
2026-07-19T09:50:50+00:00,cnsm-web-01,"system.cpu.util[,system]",14.450503
2026-07-19T09:51:50+00:00,cnsm-web-01,"system.cpu.util[,system]",14.687342
2026-07-19T09:52:50+00:00,cnsm-web-01,"system.cpu.util[,system]",10.458393
2026-07-19T09:53:50+00:00,cnsm-web-01,"system.cpu.util[,system]",10.423303
2026-07-19T09:54:50+00:00,cnsm-web-01,"system.cpu.util[,system]",11.338735
2026-07-19T09:55:50+00:00,cnsm-web-01,"system.cpu.util[,system]",10.258238
2026-07-19T09:56:50+00:00,cnsm-web-01,"system.cpu.util[,system]",10.141588
2026-07-19T09:57:50+00:00,cnsm-web-01,"system.cpu.util[,system]",11.033701
2026-07-19T09:58:50+00:00,cnsm-web-01,"system.cpu.util[,system]",11.12555
2026-07-19T09:59:50+00:00,cnsm-web-01,"system.cpu.util[,system]",10.264581
2026-07-19T08:33:51+00:00,cnsm-web-01,"system.cpu.util[,user]",3.245283
2026-07-19T08:34:51+00:00,cnsm-web-01,"system.cpu.util[,user]",3.113607
2026-07-19T08:35:51+00:00,cnsm-web-01,"system.cpu.util[,user]",3.190241
2026-07-19T08:36:51+00:00,cnsm-web-01,"system.cpu.util[,user]",3.251794
2026-07-19T08:37:51+00:00,cnsm-web-01,"system.cpu.util[,user]",3.114651
2026-07-19T08:38:51+00:00,cnsm-web-01,"system.cpu.util[,user]",3.275522
2026-07-19T08:39:51+00:00,cnsm-web-01,"system.cpu.util[,user]",3.21457
2026-07-19T08:40:51+00:00,cnsm-web-01,"system.cpu.util[,user]",3.156481
2026-07-19T08:41:51+00:00,cnsm-web-01,"system.cpu.util[,user]",3.380081
2026-07-19T08:42:51+00:00,cnsm-web-01,"system.cpu.util[,user]",2.982633
2026-07-19T08:43:51+00:00,cnsm-web-01,"system.cpu.util[,user]",3.526004
2026-07-19T08:44:51+00:00,cnsm-web-01,"system.cpu.util[,user]",3.13681
2026-07-19T08:45:51+00:00,cnsm-web-01,"system.cpu.util[,user]",3.064476
2026-07-19T08:46:51+00:00,cnsm-web-01,"system.cpu.util[,user]",3.359227
2026-07-19T08:47:51+00:00,cnsm-web-01,"system.cpu.util[,user]",5.704332
2026-07-19T08:48:51+00:00,cnsm-web-01,"system.cpu.util[,user]",3.121722
2026-07-19T08:49:51+00:00,cnsm-web-01,"system.cpu.util[,user]",3.36385
2026-07-19T08:50:51+00:00,cnsm-web-01,"system.cpu.util[,user]",3.066147
2026-07-19T08:51:51+00:00,cnsm-web-01,"system.cpu.util[,user]",3.247081
2026-07-19T08:52:51+00:00,cnsm-web-01,"system.cpu.util[,user]",3.311536
2026-07-19T08:53:51+00:00,cnsm-web-01,"system.cpu.util[,user]",3.333753
2026-07-19T08:54:51+00:00,cnsm-web-01,"system.cpu.util[,user]",3.062209
2026-07-19T08:55:51+00:00,cnsm-web-01,"system.cpu.util[,user]",3.217417
2026-07-19T08:56:51+00:00,cnsm-web-01,"system.cpu.util[,user]",3.31123
2026-07-19T08:57:51+00:00,cnsm-web-01,"system.cpu.util[,user]",3.057116
2026-07-19T08:58:51+00:00,cnsm-web-01,"system.cpu.util[,user]",3.441763
2026-07-19T08:59:51+00:00,cnsm-web-01,"system.cpu.util[,user]",2.968305
2026-07-19T09:00:51+00:00,cnsm-web-01,"system.cpu.util[,user]",2.998406
2026-07-19T09:01:51+00:00,cnsm-web-01,"system.cpu.util[,user]",3.252613
2026-07-19T09:02:51+00:00,cnsm-web-01,"system.cpu.util[,user]",3.26748
2026-07-19T09:03:51+00:00,cnsm-web-01,"system.cpu.util[,user]",3.256029
2026-07-19T09:04:51+00:00,cnsm-web-01,"system.cpu.util[,user]",3.106633
2026-07-19T09:05:51+00:00,cnsm-web-01,"system.cpu.util[,user]",3.411666
2026-07-19T09:06:51+00:00,cnsm-web-01,"system.cpu.util[,user]",3.073951
2026-07-19T09:07:51+00:00,cnsm-web-01,"system.cpu.util[,user]",3.135099
2026-07-19T09:08:51+00:00,cnsm-web-01,"system.cpu.util[,user]",3.368854
2026-07-19T09:09:51+00:00,cnsm-web-01,"system.cpu.util[,user]",3.067948
2026-07-19T09:10:51+00:00,cnsm-web-01,"system.cpu.util[,user]",3.014043
2026-07-19T09:11:51+00:00,cnsm-web-01,"system.cpu.util[,user]",3.251281
2026-07-19T09:12:51+00:00,cnsm-web-01,"system.cpu.util[,user]",3.199698
2026-07-19T09:13:51+00:00,cnsm-web-01,"system.cpu.util[,user]",4.206943
2026-07-19T09:14:51+00:00,cnsm-web-01,"system.cpu.util[,user]",4.335394
2026-07-19T09:15:51+00:00,cnsm-web-01,"system.cpu.util[,user]",2.986012
2026-07-19T09:16:51+00:00,cnsm-web-01,"system.cpu.util[,user]",3.011518
2026-07-19T09:17:51+00:00,cnsm-web-01,"system.cpu.util[,user]",3.096547
2026-07-19T09:18:51+00:00,cnsm-web-01,"system.cpu.util[,user]",3.367484
2026-07-19T09:19:51+00:00,cnsm-web-01,"system.cpu.util[,user]",2.994289
2026-07-19T09:20:51+00:00,cnsm-web-01,"system.cpu.util[,user]",3.173472
2026-07-19T09:21:51+00:00,cnsm-web-01,"system.cpu.util[,user]",3.251248
2026-07-19T09:22:51+00:00,cnsm-web-01,"system.cpu.util[,user]",2.991829
2026-07-19T09:23:51+00:00,cnsm-web-01,"system.cpu.util[,user]",3.097327
2026-07-19T09:24:51+00:00,cnsm-web-01,"system.cpu.util[,user]",3.210509
2026-07-19T09:25:51+00:00,cnsm-web-01,"system.cpu.util[,user]",3.098792
2026-07-19T09:26:51+00:00,cnsm-web-01,"system.cpu.util[,user]",3.149639
2026-07-19T09:27:51+00:00,cnsm-web-01,"system.cpu.util[,user]",3.125524
2026-07-19T09:28:51+00:00,cnsm-web-01,"system.cpu.util[,user]",3.237848
2026-07-19T09:29:51+00:00,cnsm-web-01,"system.cpu.util[,user]",3.203354
2026-07-19T09:30:51+00:00,cnsm-web-01,"system.cpu.util[,user]",2.927749
2026-07-19T09:31:51+00:00,cnsm-web-01,"system.cpu.util[,user]",3.099832
2026-07-19T09:32:51+00:00,cnsm-web-01,"system.cpu.util[,user]",3.041092
2026-07-19T09:33:51+00:00,cnsm-web-01,"system.cpu.util[,user]",3.205236
2026-07-19T09:34:51+00:00,cnsm-web-01,"system.cpu.util[,user]",2.989825
2026-07-19T09:35:51+00:00,cnsm-web-01,"system.cpu.util[,user]",3.047173
2026-07-19T09:36:51+00:00,cnsm-web-01,"system.cpu.util[,user]",2.978634
2026-07-19T09:37:51+00:00,cnsm-web-01,"system.cpu.util[,user]",3.143731
2026-07-19T09:38:51+00:00,cnsm-web-01,"system.cpu.util[,user]",3.024456
2026-07-19T09:39:51+00:00,cnsm-web-01,"system.cpu.util[,user]",3.150926
2026-07-19T09:40:51+00:00,cnsm-web-01,"system.cpu.util[,user]",3.139803
2026-07-19T09:41:51+00:00,cnsm-web-01,"system.cpu.util[,user]",3.006509
2026-07-19T09:42:51+00:00,cnsm-web-01,"system.cpu.util[,user]",4.048498
2026-07-19T09:43:51+00:00,cnsm-web-01,"system.cpu.util[,user]",4.299945
2026-07-19T09:44:51+00:00,cnsm-web-01,"system.cpu.util[,user]",3.150564
2026-07-19T09:45:51+00:00,cnsm-web-01,"system.cpu.util[,user]",3.114129
2026-07-19T09:46:51+00:00,cnsm-web-01,"system.cpu.util[,user]",3.291628
2026-07-19T09:47:51+00:00,cnsm-web-01,"system.cpu.util[,user]",3.152247
2026-07-19T09:48:51+00:00,cnsm-web-01,"system.cpu.util[,user]",2.905904
2026-07-19T09:49:51+00:00,cnsm-web-01,"system.cpu.util[,user]",3.073891
2026-07-19T09:50:51+00:00,cnsm-web-01,"system.cpu.util[,user]",4.254248
2026-07-19T09:51:51+00:00,cnsm-web-01,"system.cpu.util[,user]",4.087892
2026-07-19T09:52:51+00:00,cnsm-web-01,"system.cpu.util[,user]",3.021034
2026-07-19T09:53:51+00:00,cnsm-web-01,"system.cpu.util[,user]",3.098792
2026-07-19T09:54:51+00:00,cnsm-web-01,"system.cpu.util[,user]",3.147161
2026-07-19T09:55:51+00:00,cnsm-web-01,"system.cpu.util[,user]",3.009977
2026-07-19T09:56:51+00:00,cnsm-web-01,"system.cpu.util[,user]",3.041092
2026-07-19T09:57:51+00:00,cnsm-web-01,"system.cpu.util[,user]",3.408757
2026-07-19T09:58:51+00:00,cnsm-web-01,"system.cpu.util[,user]",3.067767
2026-07-19T09:59:51+00:00,cnsm-web-01,"system.cpu.util[,user]",3.048218
2026-07-19T08:33:25+00:00,cnsm-web-01,system.cpu.util,17.173029
2026-07-19T08:34:25+00:00,cnsm-web-01,system.cpu.util,17.694661999999994
2026-07-19T08:35:25+00:00,cnsm-web-01,system.cpu.util,16.265439
2026-07-19T08:36:25+00:00,cnsm-web-01,system.cpu.util,19.214781000000002
2026-07-19T08:37:25+00:00,cnsm-web-01,system.cpu.util,17.289387000000005
2026-07-19T08:38:25+00:00,cnsm-web-01,system.cpu.util,16.942183
2026-07-19T08:39:25+00:00,cnsm-web-01,system.cpu.util,19.063615
2026-07-19T08:40:25+00:00,cnsm-web-01,system.cpu.util,16.340829
2026-07-19T08:41:25+00:00,cnsm-web-01,system.cpu.util,18.537178999999995
2026-07-19T08:42:25+00:00,cnsm-web-01,system.cpu.util,17.238195000000005
2026-07-19T08:43:25+00:00,cnsm-web-01,system.cpu.util,17.445666000000003
2026-07-19T08:44:25+00:00,cnsm-web-01,system.cpu.util,18.904281999999995
2026-07-19T08:45:25+00:00,cnsm-web-01,system.cpu.util,16.314288000000005
2026-07-19T08:46:25+00:00,cnsm-web-01,system.cpu.util,17.469778000000005
2026-07-19T08:47:25+00:00,cnsm-web-01,system.cpu.util,19.292941999999996
2026-07-19T08:48:25+00:00,cnsm-web-01,system.cpu.util,21.618672000000004
2026-07-19T08:49:25+00:00,cnsm-web-01,system.cpu.util,18.181437000000003
2026-07-19T08:50:25+00:00,cnsm-web-01,system.cpu.util,17.357208999999997
2026-07-19T08:51:25+00:00,cnsm-web-01,system.cpu.util,17.375051999999997
2026-07-19T08:52:25+00:00,cnsm-web-01,system.cpu.util,17.292540000000002
2026-07-19T08:53:25+00:00,cnsm-web-01,system.cpu.util,19.050218
2026-07-19T08:54:25+00:00,cnsm-web-01,system.cpu.util,17.198976000000002
2026-07-19T08:55:25+00:00,cnsm-web-01,system.cpu.util,16.448003
2026-07-19T08:56:25+00:00,cnsm-web-01,system.cpu.util,19.200537999999995
2026-07-19T08:57:25+00:00,cnsm-web-01,system.cpu.util,16.961219999999997
2026-07-19T08:58:25+00:00,cnsm-web-01,system.cpu.util,17.523089999999996
2026-07-19T08:59:25+00:00,cnsm-web-01,system.cpu.util,17.857293
2026-07-19T09:00:25+00:00,cnsm-web-01,system.cpu.util,16.521265
2026-07-19T09:01:25+00:00,cnsm-web-01,system.cpu.util,16.903594
2026-07-19T09:02:25+00:00,cnsm-web-01,system.cpu.util,18.137192999999996
2026-07-19T09:03:25+00:00,cnsm-web-01,system.cpu.util,17.699933
2026-07-19T09:04:25+00:00,cnsm-web-01,system.cpu.util,17.242103
2026-07-19T09:05:25+00:00,cnsm-web-01,system.cpu.util,17.748227999999997
2026-07-19T09:06:25+00:00,cnsm-web-01,system.cpu.util,18.364520999999996
2026-07-19T09:07:25+00:00,cnsm-web-01,system.cpu.util,16.698172999999997
2026-07-19T09:08:25+00:00,cnsm-web-01,system.cpu.util,18.324168
2026-07-19T09:09:25+00:00,cnsm-web-01,system.cpu.util,17.932249999999996
2026-07-19T09:10:25+00:00,cnsm-web-01,system.cpu.util,16.492125
2026-07-19T09:11:25+00:00,cnsm-web-01,system.cpu.util,16.88579
2026-07-19T09:12:25+00:00,cnsm-web-01,system.cpu.util,18.675786000000002
2026-07-19T09:13:25+00:00,cnsm-web-01,system.cpu.util,17.021097999999995
2026-07-19T09:14:25+00:00,cnsm-web-01,system.cpu.util,30.962502
2026-07-19T09:15:25+00:00,cnsm-web-01,system.cpu.util,16.955337
2026-07-19T09:16:25+00:00,cnsm-web-01,system.cpu.util,16.568295000000006
2026-07-19T09:17:25+00:00,cnsm-web-01,system.cpu.util,16.659676000000005
2026-07-19T09:18:25+00:00,cnsm-web-01,system.cpu.util,18.946838
2026-07-19T09:19:25+00:00,cnsm-web-01,system.cpu.util,17.317543999999998
2026-07-19T09:20:25+00:00,cnsm-web-01,system.cpu.util,16.504447
2026-07-19T09:21:25+00:00,cnsm-web-01,system.cpu.util,17.727940000000004
2026-07-19T09:22:25+00:00,cnsm-web-01,system.cpu.util,18.206602000000004
2026-07-19T09:23:25+00:00,cnsm-web-01,system.cpu.util,16.503795999999994
2026-07-19T09:24:25+00:00,cnsm-web-01,system.cpu.util,17.400243000000003
2026-07-19T09:25:25+00:00,cnsm-web-01,system.cpu.util,17.654212
2026-07-19T09:26:25+00:00,cnsm-web-01,system.cpu.util,16.882681000000005
2026-07-19T09:27:25+00:00,cnsm-web-01,system.cpu.util,16.791139
2026-07-19T09:28:25+00:00,cnsm-web-01,system.cpu.util,18.070418000000004
2026-07-19T09:29:25+00:00,cnsm-web-01,system.cpu.util,17.906694
2026-07-19T09:30:25+00:00,cnsm-web-01,system.cpu.util,16.746270999999993
2026-07-19T09:31:25+00:00,cnsm-web-01,system.cpu.util,16.647118000000006
2026-07-19T09:32:25+00:00,cnsm-web-01,system.cpu.util,16.824038
2026-07-19T09:33:25+00:00,cnsm-web-01,system.cpu.util,17.890811999999997
2026-07-19T09:34:25+00:00,cnsm-web-01,system.cpu.util,16.131197
2026-07-19T09:35:25+00:00,cnsm-web-01,system.cpu.util,17.016199999999998
2026-07-19T09:36:25+00:00,cnsm-web-01,system.cpu.util,16.526399999999995
2026-07-19T09:37:25+00:00,cnsm-web-01,system.cpu.util,17.238634000000005
2026-07-19T09:38:25+00:00,cnsm-web-01,system.cpu.util,16.582114000000004
2026-07-19T09:39:25+00:00,cnsm-web-01,system.cpu.util,17.456924
2026-07-19T09:40:25+00:00,cnsm-web-01,system.cpu.util,17.409330999999995
2026-07-19T09:41:25+00:00,cnsm-web-01,system.cpu.util,17.762191
2026-07-19T09:42:25+00:00,cnsm-web-01,system.cpu.util,16.417784999999995
2026-07-19T09:43:25+00:00,cnsm-web-01,system.cpu.util,30.903581000000003
2026-07-19T09:44:25+00:00,cnsm-web-01,system.cpu.util,17.352842999999993
2026-07-19T09:45:25+00:00,cnsm-web-01,system.cpu.util,17.138068000000004
2026-07-19T09:46:25+00:00,cnsm-web-01,system.cpu.util,18.052526
2026-07-19T09:47:25+00:00,cnsm-web-01,system.cpu.util,17.321414000000004
2026-07-19T09:48:25+00:00,cnsm-web-01,system.cpu.util,16.488536999999994
2026-07-19T09:49:25+00:00,cnsm-web-01,system.cpu.util,16.307446999999996
2026-07-19T09:50:25+00:00,cnsm-web-01,system.cpu.util,17.016727000000003
2026-07-19T09:51:25+00:00,cnsm-web-01,system.cpu.util,30.382886
2026-07-19T09:52:25+00:00,cnsm-web-01,system.cpu.util,16.673652000000004
2026-07-19T09:53:25+00:00,cnsm-web-01,system.cpu.util,16.785444999999996
2026-07-19T09:54:25+00:00,cnsm-web-01,system.cpu.util,18.397850000000005
2026-07-19T09:55:25+00:00,cnsm-web-01,system.cpu.util,16.197182999999995
2026-07-19T09:56:25+00:00,cnsm-web-01,system.cpu.util,16.409589999999994
2026-07-19T09:57:25+00:00,cnsm-web-01,system.cpu.util,17.550849
2026-07-19T09:58:25+00:00,cnsm-web-01,system.cpu.util,18.158181999999996
2026-07-19T09:59:25+00:00,cnsm-web-01,system.cpu.util,16.700901
2026-07-19T10:00:25+00:00,cnsm-web-01,system.cpu.util,15.962795
2026-07-19T08:33:17+00:00,cnsm-web-01,system.cpu.intr,3897.272163739582
2026-07-19T08:34:17+00:00,cnsm-web-01,system.cpu.intr,3370.5546640653324
2026-07-19T08:35:17+00:00,cnsm-web-01,system.cpu.intr,3350.115565427845
2026-07-19T08:36:17+00:00,cnsm-web-01,system.cpu.intr,3645.3350983561627
2026-07-19T08:37:17+00:00,cnsm-web-01,system.cpu.intr,3280.5942447538214
2026-07-19T08:38:17+00:00,cnsm-web-01,system.cpu.intr,3429.4559082348524
2026-07-19T08:39:17+00:00,cnsm-web-01,system.cpu.intr,3642.104595575752
2026-07-19T08:40:17+00:00,cnsm-web-01,system.cpu.intr,3412.974847285502
2026-07-19T08:41:17+00:00,cnsm-web-01,system.cpu.intr,3519.630957424243
2026-07-19T08:42:17+00:00,cnsm-web-01,system.cpu.intr,3419.6838390301345
2026-07-19T08:43:17+00:00,cnsm-web-01,system.cpu.intr,3465.7678476471992
2026-07-19T08:44:17+00:00,cnsm-web-01,system.cpu.intr,3767.2437592432243
2026-07-19T08:45:17+00:00,cnsm-web-01,system.cpu.intr,3334.336448965458
2026-07-19T08:46:17+00:00,cnsm-web-01,system.cpu.intr,3372.6769985465494
2026-07-19T08:47:17+00:00,cnsm-web-01,system.cpu.intr,3823.1647024669082
2026-07-19T08:48:17+00:00,cnsm-web-01,system.cpu.intr,3628.839562659807
2026-07-19T08:49:17+00:00,cnsm-web-01,system.cpu.intr,3739.6635550172778
2026-07-19T08:50:17+00:00,cnsm-web-01,system.cpu.intr,3476.2164518847767
2026-07-19T08:51:17+00:00,cnsm-web-01,system.cpu.intr,3554.348681869555
2026-07-19T08:52:17+00:00,cnsm-web-01,system.cpu.intr,3141.5778434058006
2026-07-19T08:53:17+00:00,cnsm-web-01,system.cpu.intr,3802.794088171177
2026-07-19T08:54:17+00:00,cnsm-web-01,system.cpu.intr,3314.8345367489633
2026-07-19T08:55:17+00:00,cnsm-web-01,system.cpu.intr,3360.997126809525
2026-07-19T08:56:17+00:00,cnsm-web-01,system.cpu.intr,3691.1349634381236
2026-07-19T08:57:17+00:00,cnsm-web-01,system.cpu.intr,3044.992743681176
2026-07-19T08:58:17+00:00,cnsm-web-01,system.cpu.intr,3527.5899571865643
2026-07-19T08:59:17+00:00,cnsm-web-01,system.cpu.intr,3524.55897904897
2026-07-19T09:00:17+00:00,cnsm-web-01,system.cpu.intr,3340.127744924027
2026-07-19T09:01:17+00:00,cnsm-web-01,system.cpu.intr,3710.005993041258
2026-07-19T09:02:17+00:00,cnsm-web-01,system.cpu.intr,3645.3626524912356
2026-07-19T09:03:17+00:00,cnsm-web-01,system.cpu.intr,3755.6219945471885
2026-07-19T09:04:17+00:00,cnsm-web-01,system.cpu.intr,3561.227991253931
2026-07-19T09:05:17+00:00,cnsm-web-01,system.cpu.intr,3938.9833115682413
2026-07-19T09:06:17+00:00,cnsm-web-01,system.cpu.intr,3727.525845144343
2026-07-19T09:07:17+00:00,cnsm-web-01,system.cpu.intr,3660.14021855445
2026-07-19T09:08:17+00:00,cnsm-web-01,system.cpu.intr,3787.9929247122272
2026-07-19T09:09:17+00:00,cnsm-web-01,system.cpu.intr,3748.8450215632593
2026-07-19T09:10:17+00:00,cnsm-web-01,system.cpu.intr,3482.857030901536
2026-07-19T09:11:17+00:00,cnsm-web-01,system.cpu.intr,3400.8698406746507
2026-07-19T09:12:17+00:00,cnsm-web-01,system.cpu.intr,3990.6398077218046
2026-07-19T09:13:17+00:00,cnsm-web-01,system.cpu.intr,3432.443378796904
2026-07-19T09:14:17+00:00,cnsm-web-01,system.cpu.intr,6845.482989909286
2026-07-19T09:15:17+00:00,cnsm-web-01,system.cpu.intr,3700.670194680608
2026-07-19T09:16:17+00:00,cnsm-web-01,system.cpu.intr,3356.6109211252365
2026-07-19T09:17:17+00:00,cnsm-web-01,system.cpu.intr,3497.969950385958
2026-07-19T09:18:17+00:00,cnsm-web-01,system.cpu.intr,4009.574500776831
2026-07-19T09:19:17+00:00,cnsm-web-01,system.cpu.intr,3666.7653030083225
2026-07-19T09:20:17+00:00,cnsm-web-01,system.cpu.intr,3870.228766784439
2026-07-19T09:21:17+00:00,cnsm-web-01,system.cpu.intr,3656.7362712830554
2026-07-19T09:22:17+00:00,cnsm-web-01,system.cpu.intr,3576.54146260674
2026-07-19T09:23:17+00:00,cnsm-web-01,system.cpu.intr,3475.0714237926677
2026-07-19T09:24:17+00:00,cnsm-web-01,system.cpu.intr,3846.9067863425216
2026-07-19T09:25:17+00:00,cnsm-web-01,system.cpu.intr,3983.240606597906
2026-07-19T09:26:17+00:00,cnsm-web-01,system.cpu.intr,3658.9370750336648
2026-07-19T09:27:17+00:00,cnsm-web-01,system.cpu.intr,3510.2054122234294
2026-07-19T09:28:17+00:00,cnsm-web-01,system.cpu.intr,3895.6615839320702
2026-07-19T09:29:17+00:00,cnsm-web-01,system.cpu.intr,3793.0820783384593
2026-07-19T09:30:17+00:00,cnsm-web-01,system.cpu.intr,3697.0321190106242
2026-07-19T09:31:17+00:00,cnsm-web-01,system.cpu.intr,3520.998895055356
2026-07-19T09:32:17+00:00,cnsm-web-01,system.cpu.intr,3614.496189987344
2026-07-19T09:33:17+00:00,cnsm-web-01,system.cpu.intr,3940.700494426555
2026-07-19T09:34:17+00:00,cnsm-web-01,system.cpu.intr,3698.798036536687
2026-07-19T09:35:17+00:00,cnsm-web-01,system.cpu.intr,3305.527013585516
2026-07-19T09:36:17+00:00,cnsm-web-01,system.cpu.intr,3437.9624534483078
2026-07-19T09:37:17+00:00,cnsm-web-01,system.cpu.intr,3529.46482929907
2026-07-19T09:38:17+00:00,cnsm-web-01,system.cpu.intr,3542.629257879575
2026-07-19T09:39:17+00:00,cnsm-web-01,system.cpu.intr,3750.090105496052
2026-07-19T09:40:17+00:00,cnsm-web-01,system.cpu.intr,3902.6564009241365
2026-07-19T09:41:17+00:00,cnsm-web-01,system.cpu.intr,3939.3525387391637
2026-07-19T09:42:17+00:00,cnsm-web-01,system.cpu.intr,3787.7028214598317
2026-07-19T09:43:17+00:00,cnsm-web-01,system.cpu.intr,6549.286184562685
2026-07-19T09:44:17+00:00,cnsm-web-01,system.cpu.intr,3733.584024026758
2026-07-19T09:45:17+00:00,cnsm-web-01,system.cpu.intr,3731.9309658089574
2026-07-19T09:46:17+00:00,cnsm-web-01,system.cpu.intr,3932.1170275649083
2026-07-19T09:47:17+00:00,cnsm-web-01,system.cpu.intr,3752.7315178598196
2026-07-19T09:48:17+00:00,cnsm-web-01,system.cpu.intr,3725.2972529037174
2026-07-19T09:49:17+00:00,cnsm-web-01,system.cpu.intr,3640.3038298004044
2026-07-19T09:50:17+00:00,cnsm-web-01,system.cpu.intr,3664.096272978562
2026-07-19T09:51:17+00:00,cnsm-web-01,system.cpu.intr,6958.095218800374
2026-07-19T09:52:17+00:00,cnsm-web-01,system.cpu.intr,3682.4014269404297
2026-07-19T09:53:17+00:00,cnsm-web-01,system.cpu.intr,3850.5799992444645
2026-07-19T09:54:17+00:00,cnsm-web-01,system.cpu.intr,4111.937905442739
2026-07-19T09:55:17+00:00,cnsm-web-01,system.cpu.intr,3723.18648719107
2026-07-19T09:56:17+00:00,cnsm-web-01,system.cpu.intr,3693.681762174312
2026-07-19T09:57:17+00:00,cnsm-web-01,system.cpu.intr,3764.9588743312843
2026-07-19T09:58:17+00:00,cnsm-web-01,system.cpu.intr,3807.074313880106
2026-07-19T09:59:17+00:00,cnsm-web-01,system.cpu.intr,3677.677219011073
2026-07-19T10:00:17+00:00,cnsm-web-01,system.cpu.intr,3594.223797307162
2026-07-19T08:33:20+00:00,cnsm-web-01,"system.cpu.load[all,avg15]",0.776855
2026-07-19T08:34:20+00:00,cnsm-web-01,"system.cpu.load[all,avg15]",0.763672
2026-07-19T08:35:20+00:00,cnsm-web-01,"system.cpu.load[all,avg15]",0.750977
2026-07-19T08:36:20+00:00,cnsm-web-01,"system.cpu.load[all,avg15]",0.77002
2026-07-19T08:37:20+00:00,cnsm-web-01,"system.cpu.load[all,avg15]",0.773438
2026-07-19T08:38:20+00:00,cnsm-web-01,"system.cpu.load[all,avg15]",0.787598
2026-07-19T08:39:20+00:00,cnsm-web-01,"system.cpu.load[all,avg15]",0.796875
2026-07-19T08:40:20+00:00,cnsm-web-01,"system.cpu.load[all,avg15]",0.855469
2026-07-19T08:41:20+00:00,cnsm-web-01,"system.cpu.load[all,avg15]",0.858887
2026-07-19T08:42:20+00:00,cnsm-web-01,"system.cpu.load[all,avg15]",0.850586
2026-07-19T08:43:20+00:00,cnsm-web-01,"system.cpu.load[all,avg15]",0.837402
2026-07-19T08:44:20+00:00,cnsm-web-01,"system.cpu.load[all,avg15]",0.818359
2026-07-19T08:45:20+00:00,cnsm-web-01,"system.cpu.load[all,avg15]",0.811523
2026-07-19T08:46:20+00:00,cnsm-web-01,"system.cpu.load[all,avg15]",0.813965
2026-07-19T08:47:20+00:00,cnsm-web-01,"system.cpu.load[all,avg15]",0.794922
2026-07-19T08:48:20+00:00,cnsm-web-01,"system.cpu.load[all,avg15]",0.793457
2026-07-19T08:49:20+00:00,cnsm-web-01,"system.cpu.load[all,avg15]",0.780273
2026-07-19T08:50:20+00:00,cnsm-web-01,"system.cpu.load[all,avg15]",0.783691
2026-07-19T08:51:20+00:00,cnsm-web-01,"system.cpu.load[all,avg15]",0.776367
2026-07-19T08:52:20+00:00,cnsm-web-01,"system.cpu.load[all,avg15]",0.769043
2026-07-19T08:53:20+00:00,cnsm-web-01,"system.cpu.load[all,avg15]",0.766602
2026-07-19T08:54:20+00:00,cnsm-web-01,"system.cpu.load[all,avg15]",0.775391
2026-07-19T08:55:20+00:00,cnsm-web-01,"system.cpu.load[all,avg15]",0.78418
2026-07-19T08:56:20+00:00,cnsm-web-01,"system.cpu.load[all,avg15]",0.760254
2026-07-19T08:57:20+00:00,cnsm-web-01,"system.cpu.load[all,avg15]",0.769043
2026-07-19T08:58:20+00:00,cnsm-web-01,"system.cpu.load[all,avg15]",0.772461
2026-07-19T08:59:20+00:00,cnsm-web-01,"system.cpu.load[all,avg15]",0.775391
2026-07-19T09:00:20+00:00,cnsm-web-01,"system.cpu.load[all,avg15]",0.79541
2026-07-19T09:01:20+00:00,cnsm-web-01,"system.cpu.load[all,avg15]",0.782715
2026-07-19T09:02:20+00:00,cnsm-web-01,"system.cpu.load[all,avg15]",0.76416
2026-07-19T09:03:20+00:00,cnsm-web-01,"system.cpu.load[all,avg15]",0.756836
2026-07-19T09:04:20+00:00,cnsm-web-01,"system.cpu.load[all,avg15]",0.754883
2026-07-19T09:05:20+00:00,cnsm-web-01,"system.cpu.load[all,avg15]",0.758301
2026-07-19T09:06:20+00:00,cnsm-web-01,"system.cpu.load[all,avg15]",0.745117
2026-07-19T09:07:20+00:00,cnsm-web-01,"system.cpu.load[all,avg15]",0.77002
2026-07-19T09:08:20+00:00,cnsm-web-01,"system.cpu.load[all,avg15]",0.78418
2026-07-19T09:09:20+00:00,cnsm-web-01,"system.cpu.load[all,avg15]",0.760254
2026-07-19T09:10:20+00:00,cnsm-web-01,"system.cpu.load[all,avg15]",0.763672
2026-07-19T09:11:20+00:00,cnsm-web-01,"system.cpu.load[all,avg15]",0.783203
2026-07-19T09:12:20+00:00,cnsm-web-01,"system.cpu.load[all,avg15]",0.786133
2026-07-19T09:13:20+00:00,cnsm-web-01,"system.cpu.load[all,avg15]",0.81543
2026-07-19T09:14:20+00:00,cnsm-web-01,"system.cpu.load[all,avg15]",0.875977
2026-07-19T09:15:20+00:00,cnsm-web-01,"system.cpu.load[all,avg15]",0.868164
2026-07-19T09:16:20+00:00,cnsm-web-01,"system.cpu.load[all,avg15]",0.849609
2026-07-19T09:17:20+00:00,cnsm-web-01,"system.cpu.load[all,avg15]",0.847168
2026-07-19T09:18:20+00:00,cnsm-web-01,"system.cpu.load[all,avg15]",0.844238
2026-07-19T09:19:20+00:00,cnsm-web-01,"system.cpu.load[all,avg15]",0.847168
2026-07-19T09:20:20+00:00,cnsm-web-01,"system.cpu.load[all,avg15]",0.839355
2026-07-19T09:21:20+00:00,cnsm-web-01,"system.cpu.load[all,avg15]",0.814941
2026-07-19T09:22:20+00:00,cnsm-web-01,"system.cpu.load[all,avg15]",0.834473
2026-07-19T09:23:20+00:00,cnsm-web-01,"system.cpu.load[all,avg15]",0.832031
2026-07-19T09:24:20+00:00,cnsm-web-01,"system.cpu.load[all,avg15]",0.82959
2026-07-19T09:25:20+00:00,cnsm-web-01,"system.cpu.load[all,avg15]",0.821289
2026-07-19T09:26:20+00:00,cnsm-web-01,"system.cpu.load[all,avg15]",0.819824
2026-07-19T09:27:20+00:00,cnsm-web-01,"system.cpu.load[all,avg15]",0.828125
2026-07-19T09:28:20+00:00,cnsm-web-01,"system.cpu.load[all,avg15]",0.821777
2026-07-19T09:29:20+00:00,cnsm-web-01,"system.cpu.load[all,avg15]",0.810547
2026-07-19T09:30:20+00:00,cnsm-web-01,"system.cpu.load[all,avg15]",0.797852
2026-07-19T09:31:20+00:00,cnsm-web-01,"system.cpu.load[all,avg15]",0.806641
2026-07-19T09:32:20+00:00,cnsm-web-01,"system.cpu.load[all,avg15]",0.81543
2026-07-19T09:33:20+00:00,cnsm-web-01,"system.cpu.load[all,avg15]",0.821289
2026-07-19T09:34:20+00:00,cnsm-web-01,"system.cpu.load[all,avg15]",0.819824
2026-07-19T09:35:20+00:00,cnsm-web-01,"system.cpu.load[all,avg15]",0.814941
2026-07-19T09:36:20+00:00,cnsm-web-01,"system.cpu.load[all,avg15]",0.8125
2026-07-19T09:37:20+00:00,cnsm-web-01,"system.cpu.load[all,avg15]",0.828125
2026-07-19T09:38:20+00:00,cnsm-web-01,"system.cpu.load[all,avg15]",0.831055
2026-07-19T09:39:20+00:00,cnsm-web-01,"system.cpu.load[all,avg15]",0.818848
2026-07-19T09:40:20+00:00,cnsm-web-01,"system.cpu.load[all,avg15]",0.804199
2026-07-19T09:41:20+00:00,cnsm-web-01,"system.cpu.load[all,avg15]",0.8125
2026-07-19T09:42:20+00:00,cnsm-web-01,"system.cpu.load[all,avg15]",0.813477
2026-07-19T09:43:20+00:00,cnsm-web-01,"system.cpu.load[all,avg15]",0.85791
2026-07-19T09:44:20+00:00,cnsm-web-01,"system.cpu.load[all,avg15]",0.850098
2026-07-19T09:45:20+00:00,cnsm-web-01,"system.cpu.load[all,avg15]",0.842285
2026-07-19T09:46:20+00:00,cnsm-web-01,"system.cpu.load[all,avg15]",0.828613
2026-07-19T09:47:20+00:00,cnsm-web-01,"system.cpu.load[all,avg15]",0.836914
2026-07-19T09:48:20+00:00,cnsm-web-01,"system.cpu.load[all,avg15]",0.819336
2026-07-19T09:49:20+00:00,cnsm-web-01,"system.cpu.load[all,avg15]",0.833984
2026-07-19T09:50:20+00:00,cnsm-web-01,"system.cpu.load[all,avg15]",0.831543
2026-07-19T09:51:20+00:00,cnsm-web-01,"system.cpu.load[all,avg15]",0.852051
2026-07-19T09:52:20+00:00,cnsm-web-01,"system.cpu.load[all,avg15]",0.849609
2026-07-19T09:53:20+00:00,cnsm-web-01,"system.cpu.load[all,avg15]",0.847168
2026-07-19T09:54:20+00:00,cnsm-web-01,"system.cpu.load[all,avg15]",0.838867
2026-07-19T09:55:20+00:00,cnsm-web-01,"system.cpu.load[all,avg15]",0.831055
2026-07-19T09:56:20+00:00,cnsm-web-01,"system.cpu.load[all,avg15]",0.82373
2026-07-19T09:57:20+00:00,cnsm-web-01,"system.cpu.load[all,avg15]",0.822266
2026-07-19T09:58:20+00:00,cnsm-web-01,"system.cpu.load[all,avg15]",0.816406
2026-07-19T09:59:20+00:00,cnsm-web-01,"system.cpu.load[all,avg15]",0.80957
2026-07-19T10:00:20+00:00,cnsm-web-01,"system.cpu.load[all,avg15]",0.802246
2026-07-19T08:34:10+00:00,cnsm-web-01,"system.cpu.load[all,avg1]",0.664062
2026-07-19T08:35:10+00:00,cnsm-web-01,"system.cpu.load[all,avg1]",0.578125
2026-07-19T08:36:10+00:00,cnsm-web-01,"system.cpu.load[all,avg1]",1.024902
2026-07-19T08:37:10+00:00,cnsm-web-01,"system.cpu.load[all,avg1]",0.709961
2026-07-19T08:38:10+00:00,cnsm-web-01,"system.cpu.load[all,avg1]",0.925781
2026-07-19T08:39:10+00:00,cnsm-web-01,"system.cpu.load[all,avg1]",0.958984
2026-07-19T08:40:10+00:00,cnsm-web-01,"system.cpu.load[all,avg1]",1.35791
2026-07-19T08:41:10+00:00,cnsm-web-01,"system.cpu.load[all,avg1]",1.085938
2026-07-19T08:42:10+00:00,cnsm-web-01,"system.cpu.load[all,avg1]",0.875488
2026-07-19T08:43:10+00:00,cnsm-web-01,"system.cpu.load[all,avg1]",0.679688
2026-07-19T08:44:10+00:00,cnsm-web-01,"system.cpu.load[all,avg1]",0.675781
2026-07-19T08:45:10+00:00,cnsm-web-01,"system.cpu.load[all,avg1]",0.67041
2026-07-19T08:46:10+00:00,cnsm-web-01,"system.cpu.load[all,avg1]",0.707031
2026-07-19T08:47:10+00:00,cnsm-web-01,"system.cpu.load[all,avg1]",0.658691
2026-07-19T08:48:10+00:00,cnsm-web-01,"system.cpu.load[all,avg1]",0.54834
2026-07-19T08:49:10+00:00,cnsm-web-01,"system.cpu.load[all,avg1]",0.734375
2026-07-19T08:50:10+00:00,cnsm-web-01,"system.cpu.load[all,avg1]",0.671875
2026-07-19T08:51:10+00:00,cnsm-web-01,"system.cpu.load[all,avg1]",0.674805
2026-07-19T08:52:10+00:00,cnsm-web-01,"system.cpu.load[all,avg1]",0.709473
2026-07-19T08:53:10+00:00,cnsm-web-01,"system.cpu.load[all,avg1]",0.79541
2026-07-19T08:54:10+00:00,cnsm-web-01,"system.cpu.load[all,avg1]",0.765137
2026-07-19T08:55:10+00:00,cnsm-web-01,"system.cpu.load[all,avg1]",0.793457
2026-07-19T08:56:10+00:00,cnsm-web-01,"system.cpu.load[all,avg1]",0.686035
2026-07-19T08:57:10+00:00,cnsm-web-01,"system.cpu.load[all,avg1]",0.63916
2026-07-19T08:58:10+00:00,cnsm-web-01,"system.cpu.load[all,avg1]",0.826172
2026-07-19T08:59:10+00:00,cnsm-web-01,"system.cpu.load[all,avg1]",0.824219
2026-07-19T09:00:10+00:00,cnsm-web-01,"system.cpu.load[all,avg1]",0.841797
2026-07-19T09:01:10+00:00,cnsm-web-01,"system.cpu.load[all,avg1]",0.692383
2026-07-19T09:02:10+00:00,cnsm-web-01,"system.cpu.load[all,avg1]",0.681152
2026-07-19T09:03:10+00:00,cnsm-web-01,"system.cpu.load[all,avg1]",0.500488
2026-07-19T09:04:10+00:00,cnsm-web-01,"system.cpu.load[all,avg1]",0.689453
2026-07-19T09:05:10+00:00,cnsm-web-01,"system.cpu.load[all,avg1]",0.833984
2026-07-19T09:06:10+00:00,cnsm-web-01,"system.cpu.load[all,avg1]",0.727539
2026-07-19T09:07:10+00:00,cnsm-web-01,"system.cpu.load[all,avg1]",0.923828
2026-07-19T09:08:10+00:00,cnsm-web-01,"system.cpu.load[all,avg1]",1.103516
2026-07-19T09:09:10+00:00,cnsm-web-01,"system.cpu.load[all,avg1]",0.604492
2026-07-19T09:10:10+00:00,cnsm-web-01,"system.cpu.load[all,avg1]",0.626953
2026-07-19T09:11:10+00:00,cnsm-web-01,"system.cpu.load[all,avg1]",0.96582
2026-07-19T09:12:10+00:00,cnsm-web-01,"system.cpu.load[all,avg1]",1.079102
2026-07-19T09:13:10+00:00,cnsm-web-01,"system.cpu.load[all,avg1]",1.105957
2026-07-19T09:14:10+00:00,cnsm-web-01,"system.cpu.load[all,avg1]",1.791504
2026-07-19T09:15:10+00:00,cnsm-web-01,"system.cpu.load[all,avg1]",0.946777
2026-07-19T09:16:10+00:00,cnsm-web-01,"system.cpu.load[all,avg1]",0.734375
2026-07-19T09:17:10+00:00,cnsm-web-01,"system.cpu.load[all,avg1]",0.791992
2026-07-19T09:18:10+00:00,cnsm-web-01,"system.cpu.load[all,avg1]",0.957031
2026-07-19T09:19:10+00:00,cnsm-web-01,"system.cpu.load[all,avg1]",0.691406
2026-07-19T09:20:10+00:00,cnsm-web-01,"system.cpu.load[all,avg1]",0.832031
2026-07-19T09:21:10+00:00,cnsm-web-01,"system.cpu.load[all,avg1]",0.694336
2026-07-19T09:22:10+00:00,cnsm-web-01,"system.cpu.load[all,avg1]",0.841309
2026-07-19T09:23:10+00:00,cnsm-web-01,"system.cpu.load[all,avg1]",0.854004
2026-07-19T09:24:10+00:00,cnsm-web-01,"system.cpu.load[all,avg1]",0.855469
2026-07-19T09:25:10+00:00,cnsm-web-01,"system.cpu.load[all,avg1]",0.89209
2026-07-19T09:26:10+00:00,cnsm-web-01,"system.cpu.load[all,avg1]",0.761719
2026-07-19T09:27:10+00:00,cnsm-web-01,"system.cpu.load[all,avg1]",0.886719
2026-07-19T09:28:10+00:00,cnsm-web-01,"system.cpu.load[all,avg1]",0.773438
2026-07-19T09:29:10+00:00,cnsm-web-01,"system.cpu.load[all,avg1]",0.816895
2026-07-19T09:30:10+00:00,cnsm-web-01,"system.cpu.load[all,avg1]",0.544434
2026-07-19T09:31:10+00:00,cnsm-web-01,"system.cpu.load[all,avg1]",0.721191
2026-07-19T09:32:10+00:00,cnsm-web-01,"system.cpu.load[all,avg1]",0.779297
2026-07-19T09:33:10+00:00,cnsm-web-01,"system.cpu.load[all,avg1]",1.074219
2026-07-19T09:34:10+00:00,cnsm-web-01,"system.cpu.load[all,avg1]",0.880371
2026-07-19T09:35:10+00:00,cnsm-web-01,"system.cpu.load[all,avg1]",0.831543
2026-07-19T09:36:10+00:00,cnsm-web-01,"system.cpu.load[all,avg1]",0.803223
2026-07-19T09:37:10+00:00,cnsm-web-01,"system.cpu.load[all,avg1]",0.956543
2026-07-19T09:38:10+00:00,cnsm-web-01,"system.cpu.load[all,avg1]",0.996582
2026-07-19T09:39:10+00:00,cnsm-web-01,"system.cpu.load[all,avg1]",0.810547
2026-07-19T09:40:10+00:00,cnsm-web-01,"system.cpu.load[all,avg1]",0.727051
2026-07-19T09:41:10+00:00,cnsm-web-01,"system.cpu.load[all,avg1]",0.749023
2026-07-19T09:42:10+00:00,cnsm-web-01,"system.cpu.load[all,avg1]",0.821777
2026-07-19T09:43:10+00:00,cnsm-web-01,"system.cpu.load[all,avg1]",1.306641
2026-07-19T09:44:10+00:00,cnsm-web-01,"system.cpu.load[all,avg1]",0.959473
2026-07-19T09:45:10+00:00,cnsm-web-01,"system.cpu.load[all,avg1]",0.830566
2026-07-19T09:46:10+00:00,cnsm-web-01,"system.cpu.load[all,avg1]",0.850098
2026-07-19T09:47:10+00:00,cnsm-web-01,"system.cpu.load[all,avg1]",0.803711
2026-07-19T09:48:10+00:00,cnsm-web-01,"system.cpu.load[all,avg1]",0.681641
2026-07-19T09:49:10+00:00,cnsm-web-01,"system.cpu.load[all,avg1]",0.949707
2026-07-19T09:50:10+00:00,cnsm-web-01,"system.cpu.load[all,avg1]",0.872559
2026-07-19T09:51:10+00:00,cnsm-web-01,"system.cpu.load[all,avg1]",1.174316
2026-07-19T09:52:10+00:00,cnsm-web-01,"system.cpu.load[all,avg1]",0.881348
2026-07-19T09:53:10+00:00,cnsm-web-01,"system.cpu.load[all,avg1]",0.865723
2026-07-19T09:54:10+00:00,cnsm-web-01,"system.cpu.load[all,avg1]",0.945801
2026-07-19T09:55:10+00:00,cnsm-web-01,"system.cpu.load[all,avg1]",0.78125
2026-07-19T09:56:10+00:00,cnsm-web-01,"system.cpu.load[all,avg1]",0.72168
2026-07-19T09:57:10+00:00,cnsm-web-01,"system.cpu.load[all,avg1]",0.958496
2026-07-19T09:58:10+00:00,cnsm-web-01,"system.cpu.load[all,avg1]",0.654785
2026-07-19T09:59:10+00:00,cnsm-web-01,"system.cpu.load[all,avg1]",0.689453
2026-07-19T10:00:10+00:00,cnsm-web-01,"system.cpu.load[all,avg1]",0.691406
2026-07-19T08:33:18+00:00,cnsm-web-01,"system.cpu.load[all,avg5]",0.739746
2026-07-19T08:34:18+00:00,cnsm-web-01,"system.cpu.load[all,avg5]",0.712402
2026-07-19T08:35:18+00:00,cnsm-web-01,"system.cpu.load[all,avg5]",0.689453
2026-07-19T08:36:18+00:00,cnsm-web-01,"system.cpu.load[all,avg5]",0.757812
2026-07-19T08:37:18+00:00,cnsm-web-01,"system.cpu.load[all,avg5]",0.769043
2026-07-19T08:38:18+00:00,cnsm-web-01,"system.cpu.load[all,avg5]",0.811523
2026-07-19T08:39:18+00:00,cnsm-web-01,"system.cpu.load[all,avg5]",0.833008
2026-07-19T08:40:18+00:00,cnsm-web-01,"system.cpu.load[all,avg5]",0.994141
2026-07-19T08:41:18+00:00,cnsm-web-01,"system.cpu.load[all,avg5]",0.97998
2026-07-19T08:42:18+00:00,cnsm-web-01,"system.cpu.load[all,avg5]",0.938965
2026-07-19T08:43:18+00:00,cnsm-web-01,"system.cpu.load[all,avg5]",0.893066
2026-07-19T08:44:18+00:00,cnsm-web-01,"system.cpu.load[all,avg5]",0.834473
2026-07-19T08:45:18+00:00,cnsm-web-01,"system.cpu.load[all,avg5]",0.813965
2026-07-19T08:46:18+00:00,cnsm-web-01,"system.cpu.load[all,avg5]",0.816406
2026-07-19T08:47:18+00:00,cnsm-web-01,"system.cpu.load[all,avg5]",0.755371
2026-07-19T08:48:18+00:00,cnsm-web-01,"system.cpu.load[all,avg5]",0.754395
2026-07-19T08:49:18+00:00,cnsm-web-01,"system.cpu.load[all,avg5]",0.722656
2026-07-19T08:50:18+00:00,cnsm-web-01,"system.cpu.load[all,avg5]",0.739746
2026-07-19T08:51:18+00:00,cnsm-web-01,"system.cpu.load[all,avg5]",0.728516
2026-07-19T08:52:18+00:00,cnsm-web-01,"system.cpu.load[all,avg5]",0.716309
2026-07-19T08:53:18+00:00,cnsm-web-01,"system.cpu.load[all,avg5]",0.71875
2026-07-19T08:54:18+00:00,cnsm-web-01,"system.cpu.load[all,avg5]",0.747559
2026-07-19T08:55:18+00:00,cnsm-web-01,"system.cpu.load[all,avg5]",0.777344
2026-07-19T08:56:18+00:00,cnsm-web-01,"system.cpu.load[all,avg5]",0.711914
2026-07-19T08:57:18+00:00,cnsm-web-01,"system.cpu.load[all,avg5]",0.751465
2026-07-19T08:58:18+00:00,cnsm-web-01,"system.cpu.load[all,avg5]",0.76709
2026-07-19T08:59:18+00:00,cnsm-web-01,"system.cpu.load[all,avg5]",0.791504
2026-07-19T09:00:18+00:00,cnsm-web-01,"system.cpu.load[all,avg5]",0.844238
2026-07-19T09:01:18+00:00,cnsm-web-01,"system.cpu.load[all,avg5]",0.766113
2026-07-19T09:02:18+00:00,cnsm-web-01,"system.cpu.load[all,avg5]",0.745605
2026-07-19T09:03:18+00:00,cnsm-web-01,"system.cpu.load[all,avg5]",0.733398
2026-07-19T09:04:18+00:00,cnsm-web-01,"system.cpu.load[all,avg5]",0.706055
2026-07-19T09:05:18+00:00,cnsm-web-01,"system.cpu.load[all,avg5]",0.729004
2026-07-19T09:06:18+00:00,cnsm-web-01,"system.cpu.load[all,avg5]",0.732422
2026-07-19T09:07:18+00:00,cnsm-web-01,"system.cpu.load[all,avg5]",0.777344
2026-07-19T09:08:18+00:00,cnsm-web-01,"system.cpu.load[all,avg5]",0.833496
2026-07-19T09:09:18+00:00,cnsm-web-01,"system.cpu.load[all,avg5]",0.773438
2026-07-19T09:10:18+00:00,cnsm-web-01,"system.cpu.load[all,avg5]",0.785156
2026-07-19T09:11:18+00:00,cnsm-web-01,"system.cpu.load[all,avg5]",0.80957
2026-07-19T09:12:18+00:00,cnsm-web-01,"system.cpu.load[all,avg5]",0.845703
2026-07-19T09:13:18+00:00,cnsm-web-01,"system.cpu.load[all,avg5]",0.919922
2026-07-19T09:14:18+00:00,cnsm-web-01,"system.cpu.load[all,avg5]",1.078613
2026-07-19T09:15:18+00:00,cnsm-web-01,"system.cpu.load[all,avg5]",1.019043
2026-07-19T09:16:18+00:00,cnsm-web-01,"system.cpu.load[all,avg5]",0.942383
2026-07-19T09:17:18+00:00,cnsm-web-01,"system.cpu.load[all,avg5]",0.891602
2026-07-19T09:18:18+00:00,cnsm-web-01,"system.cpu.load[all,avg5]",0.909668
2026-07-19T09:19:18+00:00,cnsm-web-01,"system.cpu.load[all,avg5]",0.912598
2026-07-19T09:20:18+00:00,cnsm-web-01,"system.cpu.load[all,avg5]",0.866699
2026-07-19T09:21:18+00:00,cnsm-web-01,"system.cpu.load[all,avg5]",0.813477
2026-07-19T09:22:18+00:00,cnsm-web-01,"system.cpu.load[all,avg5]",0.875
2026-07-19T09:23:18+00:00,cnsm-web-01,"system.cpu.load[all,avg5]",0.849609
2026-07-19T09:24:18+00:00,cnsm-web-01,"system.cpu.load[all,avg5]",0.844727
2026-07-19T09:25:18+00:00,cnsm-web-01,"system.cpu.load[all,avg5]",0.842773
2026-07-19T09:26:18+00:00,cnsm-web-01,"system.cpu.load[all,avg5]",0.842773
2026-07-19T09:27:18+00:00,cnsm-web-01,"system.cpu.load[all,avg5]",0.851562
2026-07-19T09:28:18+00:00,cnsm-web-01,"system.cpu.load[all,avg5]",0.816895
2026-07-19T09:29:18+00:00,cnsm-web-01,"system.cpu.load[all,avg5]",0.817871
2026-07-19T09:30:18+00:00,cnsm-web-01,"system.cpu.load[all,avg5]",0.775391
2026-07-19T09:31:18+00:00,cnsm-web-01,"system.cpu.load[all,avg5]",0.800781
2026-07-19T09:32:18+00:00,cnsm-web-01,"system.cpu.load[all,avg5]",0.774902
2026-07-19T09:33:18+00:00,cnsm-web-01,"system.cpu.load[all,avg5]",0.844727
2026-07-19T09:34:18+00:00,cnsm-web-01,"system.cpu.load[all,avg5]",0.825684
2026-07-19T09:35:18+00:00,cnsm-web-01,"system.cpu.load[all,avg5]",0.827637
2026-07-19T09:36:18+00:00,cnsm-web-01,"system.cpu.load[all,avg5]",0.814941
2026-07-19T09:37:18+00:00,cnsm-web-01,"system.cpu.load[all,avg5]",0.833496
2026-07-19T09:38:18+00:00,cnsm-web-01,"system.cpu.load[all,avg5]",0.86084
2026-07-19T09:39:18+00:00,cnsm-web-01,"system.cpu.load[all,avg5]",0.824219
2026-07-19T09:40:18+00:00,cnsm-web-01,"system.cpu.load[all,avg5]",0.793457
2026-07-19T09:41:18+00:00,cnsm-web-01,"system.cpu.load[all,avg5]",0.816895
2026-07-19T09:42:18+00:00,cnsm-web-01,"system.cpu.load[all,avg5]",0.819336
2026-07-19T09:43:18+00:00,cnsm-web-01,"system.cpu.load[all,avg5]",0.917969
2026-07-19T09:44:18+00:00,cnsm-web-01,"system.cpu.load[all,avg5]",0.885254
2026-07-19T09:45:18+00:00,cnsm-web-01,"system.cpu.load[all,avg5]",0.858398
2026-07-19T09:46:18+00:00,cnsm-web-01,"system.cpu.load[all,avg5]",0.851562
2026-07-19T09:47:18+00:00,cnsm-web-01,"system.cpu.load[all,avg5]",0.881836
2026-07-19T09:48:18+00:00,cnsm-web-01,"system.cpu.load[all,avg5]",0.830078
2026-07-19T09:49:18+00:00,cnsm-web-01,"system.cpu.load[all,avg5]",0.845703
2026-07-19T09:50:18+00:00,cnsm-web-01,"system.cpu.load[all,avg5]",0.84082
2026-07-19T09:51:18+00:00,cnsm-web-01,"system.cpu.load[all,avg5]",0.933594
2026-07-19T09:52:18+00:00,cnsm-web-01,"system.cpu.load[all,avg5]",0.882812
2026-07-19T09:53:18+00:00,cnsm-web-01,"system.cpu.load[all,avg5]",0.871582
2026-07-19T09:54:18+00:00,cnsm-web-01,"system.cpu.load[all,avg5]",0.878906
2026-07-19T09:55:18+00:00,cnsm-web-01,"system.cpu.load[all,avg5]",0.855469
2026-07-19T09:56:18+00:00,cnsm-web-01,"system.cpu.load[all,avg5]",0.805176
2026-07-19T09:57:18+00:00,cnsm-web-01,"system.cpu.load[all,avg5]",0.840332
2026-07-19T09:58:18+00:00,cnsm-web-01,"system.cpu.load[all,avg5]",0.825684
2026-07-19T09:59:18+00:00,cnsm-web-01,"system.cpu.load[all,avg5]",0.800781
2026-07-19T10:00:18+00:00,cnsm-web-01,"system.cpu.load[all,avg5]",0.74707
2026-07-19T08:34:05+00:00,cnsm-web-01,vm.memory.utilization,6.401391000000004
2026-07-19T08:35:05+00:00,cnsm-web-01,vm.memory.utilization,6.442060999999995
2026-07-19T08:36:05+00:00,cnsm-web-01,vm.memory.utilization,6.419987000000006
2026-07-19T08:37:05+00:00,cnsm-web-01,vm.memory.utilization,6.490491000000006
2026-07-19T08:38:05+00:00,cnsm-web-01,vm.memory.utilization,6.441405000000003
2026-07-19T08:39:05+00:00,cnsm-web-01,vm.memory.utilization,6.449922000000001
2026-07-19T08:40:05+00:00,cnsm-web-01,vm.memory.utilization,6.506365000000002
2026-07-19T08:41:05+00:00,cnsm-web-01,vm.memory.utilization,6.453299000000001
2026-07-19T08:42:05+00:00,cnsm-web-01,vm.memory.utilization,6.488021000000003
2026-07-19T08:43:05+00:00,cnsm-web-01,vm.memory.utilization,6.449720999999997
2026-07-19T08:44:05+00:00,cnsm-web-01,vm.memory.utilization,6.466955999999996
2026-07-19T08:45:05+00:00,cnsm-web-01,vm.memory.utilization,6.512110000000007
2026-07-19T08:46:05+00:00,cnsm-web-01,vm.memory.utilization,6.567796999999999
2026-07-19T08:47:05+00:00,cnsm-web-01,vm.memory.utilization,6.544967999999997
2026-07-19T08:48:05+00:00,cnsm-web-01,vm.memory.utilization,6.962746999999993
2026-07-19T08:49:05+00:00,cnsm-web-01,vm.memory.utilization,6.826426999999995
2026-07-19T08:50:05+00:00,cnsm-web-01,vm.memory.utilization,6.745340999999996
2026-07-19T08:51:05+00:00,cnsm-web-01,vm.memory.utilization,6.762324000000007
2026-07-19T08:52:05+00:00,cnsm-web-01,vm.memory.utilization,6.738084000000001
2026-07-19T08:53:05+00:00,cnsm-web-01,vm.memory.utilization,6.735816
2026-07-19T08:54:05+00:00,cnsm-web-01,vm.memory.utilization,6.672318000000004
2026-07-19T08:55:05+00:00,cnsm-web-01,vm.memory.utilization,6.65352
2026-07-19T08:56:05+00:00,cnsm-web-01,vm.memory.utilization,6.677961999999994
2026-07-19T08:57:05+00:00,cnsm-web-01,vm.memory.utilization,6.6606259999999935
2026-07-19T08:58:05+00:00,cnsm-web-01,vm.memory.utilization,6.692577
2026-07-19T08:59:05+00:00,cnsm-web-01,vm.memory.utilization,6.588408999999999
2026-07-19T09:00:05+00:00,cnsm-web-01,vm.memory.utilization,6.492607000000007
2026-07-19T09:01:05+00:00,cnsm-web-01,vm.memory.utilization,6.5980849999999975
2026-07-19T09:02:05+00:00,cnsm-web-01,vm.memory.utilization,6.588106999999994
2026-07-19T09:03:05+00:00,cnsm-web-01,vm.memory.utilization,6.681287999999995
2026-07-19T09:04:05+00:00,cnsm-web-01,vm.memory.utilization,6.613304999999997
2026-07-19T09:05:05+00:00,cnsm-web-01,vm.memory.utilization,6.655081999999993
2026-07-19T09:06:05+00:00,cnsm-web-01,vm.memory.utilization,6.668638999999999
2026-07-19T09:07:05+00:00,cnsm-web-01,vm.memory.utilization,6.625500000000002
2026-07-19T09:08:05+00:00,cnsm-web-01,vm.memory.utilization,6.6192510000000055
2026-07-19T09:09:05+00:00,cnsm-web-01,vm.memory.utilization,6.543608000000006
2026-07-19T09:10:05+00:00,cnsm-web-01,vm.memory.utilization,6.629581999999999
2026-07-19T09:11:05+00:00,cnsm-web-01,vm.memory.utilization,6.629632999999998
2026-07-19T09:12:05+00:00,cnsm-web-01,vm.memory.utilization,6.589315999999997
2026-07-19T09:13:05+00:00,cnsm-web-01,vm.memory.utilization,6.575911000000005
2026-07-19T09:14:05+00:00,cnsm-web-01,vm.memory.utilization,6.650396000000001
2026-07-19T09:15:05+00:00,cnsm-web-01,vm.memory.utilization,6.554443000000006
2026-07-19T09:16:05+00:00,cnsm-web-01,vm.memory.utilization,6.5987400000000065
2026-07-19T09:17:05+00:00,cnsm-web-01,vm.memory.utilization,6.560338999999999
2026-07-19T09:18:05+00:00,cnsm-web-01,vm.memory.utilization,6.513268999999994
2026-07-19T09:19:05+00:00,cnsm-web-01,vm.memory.utilization,6.509893000000005
2026-07-19T09:20:05+00:00,cnsm-web-01,vm.memory.utilization,6.635630000000006
2026-07-19T09:21:05+00:00,cnsm-web-01,vm.memory.utilization,6.597581000000005
2026-07-19T09:22:05+00:00,cnsm-web-01,vm.memory.utilization,6.645054000000002
2026-07-19T09:23:05+00:00,cnsm-web-01,vm.memory.utilization,6.573744000000005
2026-07-19T09:24:05+00:00,cnsm-web-01,vm.memory.utilization,6.599849000000006
2026-07-19T09:25:05+00:00,cnsm-web-01,vm.memory.utilization,6.581152000000003
2026-07-19T09:26:05+00:00,cnsm-web-01,vm.memory.utilization,6.607861999999997
2026-07-19T09:27:05+00:00,cnsm-web-01,vm.memory.utilization,6.585738000000006
2026-07-19T09:28:05+00:00,cnsm-web-01,vm.memory.utilization,6.635176000000001
2026-07-19T09:29:05+00:00,cnsm-web-01,vm.memory.utilization,6.635780999999994
2026-07-19T09:30:05+00:00,cnsm-web-01,vm.memory.utilization,6.661231000000001
2026-07-19T09:31:05+00:00,cnsm-web-01,vm.memory.utilization,6.631647999999998
2026-07-19T09:32:05+00:00,cnsm-web-01,vm.memory.utilization,6.576212999999996
2026-07-19T09:33:05+00:00,cnsm-web-01,vm.memory.utilization,6.613607000000002
2026-07-19T09:34:05+00:00,cnsm-web-01,vm.memory.utilization,6.669545999999997
2026-07-19T09:35:05+00:00,cnsm-web-01,vm.memory.utilization,6.608416000000005
2026-07-19T09:36:05+00:00,cnsm-web-01,vm.memory.utilization,6.611036999999996
2026-07-19T09:37:05+00:00,cnsm-web-01,vm.memory.utilization,6.5937509999999975
2026-07-19T09:38:05+00:00,cnsm-web-01,vm.memory.utilization,6.601915000000005
2026-07-19T09:39:05+00:00,cnsm-web-01,vm.memory.utilization,6.585183999999998
2026-07-19T09:40:05+00:00,cnsm-web-01,vm.memory.utilization,6.633663999999996
2026-07-19T09:41:05+00:00,cnsm-web-01,vm.memory.utilization,6.636486000000005
2026-07-19T09:42:05+00:00,cnsm-web-01,vm.memory.utilization,6.568855999999997
2026-07-19T09:43:05+00:00,cnsm-web-01,vm.memory.utilization,6.627970000000005
2026-07-19T09:44:05+00:00,cnsm-web-01,vm.memory.utilization,6.559734000000006
2026-07-19T09:45:05+00:00,cnsm-web-01,vm.memory.utilization,6.627263999999997
2026-07-19T09:46:05+00:00,cnsm-web-01,vm.memory.utilization,6.539726999999999
2026-07-19T09:47:05+00:00,cnsm-web-01,vm.memory.utilization,6.619150000000005
2026-07-19T09:48:05+00:00,cnsm-web-01,vm.memory.utilization,6.611490000000003
2026-07-19T09:49:05+00:00,cnsm-web-01,vm.memory.utilization,6.529346000000004
2026-07-19T09:50:05+00:00,cnsm-web-01,vm.memory.utilization,6.589315999999997
2026-07-19T09:51:05+00:00,cnsm-web-01,vm.memory.utilization,6.692627000000002
2026-07-19T09:52:05+00:00,cnsm-web-01,vm.memory.utilization,6.563160999999994
2026-07-19T09:53:05+00:00,cnsm-web-01,vm.memory.utilization,6.578028000000003
2026-07-19T09:54:05+00:00,cnsm-web-01,vm.memory.utilization,6.576818000000003
2026-07-19T09:55:05+00:00,cnsm-web-01,vm.memory.utilization,6.623484000000005
2026-07-19T09:56:05+00:00,cnsm-web-01,vm.memory.utilization,6.556961999999999
2026-07-19T09:57:05+00:00,cnsm-web-01,vm.memory.utilization,6.649941999999996
2026-07-19T09:58:05+00:00,cnsm-web-01,vm.memory.utilization,6.605140000000006
2026-07-19T09:59:05+00:00,cnsm-web-01,vm.memory.utilization,6.699582000000007
2026-07-19T10:00:05+00:00,cnsm-web-01,vm.memory.utilization,6.602873000000002
2026-07-19T08:33:14+00:00,cnsm-web-01,proc.num,143
2026-07-19T08:34:14+00:00,cnsm-web-01,proc.num,143
2026-07-19T08:35:14+00:00,cnsm-web-01,proc.num,142
2026-07-19T08:36:14+00:00,cnsm-web-01,proc.num,141
2026-07-19T08:37:14+00:00,cnsm-web-01,proc.num,142
2026-07-19T08:38:14+00:00,cnsm-web-01,proc.num,138
2026-07-19T08:39:14+00:00,cnsm-web-01,proc.num,139
2026-07-19T08:40:14+00:00,cnsm-web-01,proc.num,139
2026-07-19T08:41:14+00:00,cnsm-web-01,proc.num,139
2026-07-19T08:42:14+00:00,cnsm-web-01,proc.num,141
2026-07-19T08:43:14+00:00,cnsm-web-01,proc.num,140
2026-07-19T08:44:14+00:00,cnsm-web-01,proc.num,141
2026-07-19T08:45:14+00:00,cnsm-web-01,proc.num,137
2026-07-19T08:46:14+00:00,cnsm-web-01,proc.num,140
2026-07-19T08:47:14+00:00,cnsm-web-01,proc.num,139
2026-07-19T08:48:14+00:00,cnsm-web-01,proc.num,142
2026-07-19T08:49:14+00:00,cnsm-web-01,proc.num,142
2026-07-19T08:50:14+00:00,cnsm-web-01,proc.num,144
2026-07-19T08:51:14+00:00,cnsm-web-01,proc.num,144
2026-07-19T08:52:14+00:00,cnsm-web-01,proc.num,145
2026-07-19T08:53:14+00:00,cnsm-web-01,proc.num,143
2026-07-19T08:54:14+00:00,cnsm-web-01,proc.num,143
2026-07-19T08:55:14+00:00,cnsm-web-01,proc.num,144
2026-07-19T08:56:14+00:00,cnsm-web-01,proc.num,141
2026-07-19T08:57:14+00:00,cnsm-web-01,proc.num,140
2026-07-19T08:58:14+00:00,cnsm-web-01,proc.num,139
2026-07-19T08:59:14+00:00,cnsm-web-01,proc.num,139
2026-07-19T09:00:14+00:00,cnsm-web-01,proc.num,138
2026-07-19T09:01:14+00:00,cnsm-web-01,proc.num,139
2026-07-19T09:02:14+00:00,cnsm-web-01,proc.num,139
2026-07-19T09:03:14+00:00,cnsm-web-01,proc.num,142
2026-07-19T09:04:14+00:00,cnsm-web-01,proc.num,140
2026-07-19T09:05:14+00:00,cnsm-web-01,proc.num,141
2026-07-19T09:06:14+00:00,cnsm-web-01,proc.num,143
2026-07-19T09:07:14+00:00,cnsm-web-01,proc.num,140
2026-07-19T09:08:14+00:00,cnsm-web-01,proc.num,139
2026-07-19T09:09:14+00:00,cnsm-web-01,proc.num,140
2026-07-19T09:10:14+00:00,cnsm-web-01,proc.num,140
2026-07-19T09:11:14+00:00,cnsm-web-01,proc.num,141
2026-07-19T09:12:14+00:00,cnsm-web-01,proc.num,141
2026-07-19T09:13:14+00:00,cnsm-web-01,proc.num,142
2026-07-19T09:14:14+00:00,cnsm-web-01,proc.num,140
2026-07-19T09:15:14+00:00,cnsm-web-01,proc.num,140
2026-07-19T09:16:14+00:00,cnsm-web-01,proc.num,140
2026-07-19T09:17:14+00:00,cnsm-web-01,proc.num,139
2026-07-19T09:18:14+00:00,cnsm-web-01,proc.num,138
2026-07-19T09:19:14+00:00,cnsm-web-01,proc.num,139
2026-07-19T09:20:14+00:00,cnsm-web-01,proc.num,139
2026-07-19T09:21:14+00:00,cnsm-web-01,proc.num,137
2026-07-19T09:22:14+00:00,cnsm-web-01,proc.num,139
2026-07-19T09:23:14+00:00,cnsm-web-01,proc.num,140
2026-07-19T09:24:14+00:00,cnsm-web-01,proc.num,138
2026-07-19T09:25:14+00:00,cnsm-web-01,proc.num,139
2026-07-19T09:26:14+00:00,cnsm-web-01,proc.num,138
2026-07-19T09:27:14+00:00,cnsm-web-01,proc.num,137
2026-07-19T09:28:14+00:00,cnsm-web-01,proc.num,138
2026-07-19T09:29:14+00:00,cnsm-web-01,proc.num,140
2026-07-19T09:30:14+00:00,cnsm-web-01,proc.num,141
2026-07-19T09:31:14+00:00,cnsm-web-01,proc.num,143
2026-07-19T09:32:14+00:00,cnsm-web-01,proc.num,144
2026-07-19T09:33:14+00:00,cnsm-web-01,proc.num,141
2026-07-19T09:34:14+00:00,cnsm-web-01,proc.num,140
2026-07-19T09:35:14+00:00,cnsm-web-01,proc.num,141
2026-07-19T09:36:14+00:00,cnsm-web-01,proc.num,139
2026-07-19T09:37:14+00:00,cnsm-web-01,proc.num,139
2026-07-19T09:38:14+00:00,cnsm-web-01,proc.num,139
2026-07-19T09:39:14+00:00,cnsm-web-01,proc.num,140
2026-07-19T09:40:14+00:00,cnsm-web-01,proc.num,144
2026-07-19T09:41:14+00:00,cnsm-web-01,proc.num,145
2026-07-19T09:42:14+00:00,cnsm-web-01,proc.num,142
2026-07-19T09:43:14+00:00,cnsm-web-01,proc.num,142
2026-07-19T09:44:14+00:00,cnsm-web-01,proc.num,144
2026-07-19T09:45:14+00:00,cnsm-web-01,proc.num,139
2026-07-19T09:46:14+00:00,cnsm-web-01,proc.num,137
2026-07-19T09:47:14+00:00,cnsm-web-01,proc.num,139
2026-07-19T09:48:14+00:00,cnsm-web-01,proc.num,139
2026-07-19T09:49:14+00:00,cnsm-web-01,proc.num,137
2026-07-19T09:50:14+00:00,cnsm-web-01,proc.num,140
2026-07-19T09:51:14+00:00,cnsm-web-01,proc.num,141
2026-07-19T09:52:14+00:00,cnsm-web-01,proc.num,144
2026-07-19T09:53:14+00:00,cnsm-web-01,proc.num,141
2026-07-19T09:54:14+00:00,cnsm-web-01,proc.num,143
2026-07-19T09:55:14+00:00,cnsm-web-01,proc.num,141
2026-07-19T09:56:14+00:00,cnsm-web-01,proc.num,140
2026-07-19T09:57:14+00:00,cnsm-web-01,proc.num,142
2026-07-19T09:58:14+00:00,cnsm-web-01,proc.num,140
2026-07-19T09:59:14+00:00,cnsm-web-01,proc.num,140
2026-07-19T10:00:14+00:00,cnsm-web-01,proc.num,141
2026-07-19T08:33:15+00:00,cnsm-web-01,"proc.num[,,run]",2
2026-07-19T08:34:15+00:00,cnsm-web-01,"proc.num[,,run]",2
2026-07-19T08:35:15+00:00,cnsm-web-01,"proc.num[,,run]",0
2026-07-19T08:36:15+00:00,cnsm-web-01,"proc.num[,,run]",2
2026-07-19T08:37:15+00:00,cnsm-web-01,"proc.num[,,run]",0
2026-07-19T08:38:15+00:00,cnsm-web-01,"proc.num[,,run]",0
2026-07-19T08:39:15+00:00,cnsm-web-01,"proc.num[,,run]",2
2026-07-19T08:40:15+00:00,cnsm-web-01,"proc.num[,,run]",0
2026-07-19T08:41:15+00:00,cnsm-web-01,"proc.num[,,run]",0
2026-07-19T08:42:15+00:00,cnsm-web-01,"proc.num[,,run]",0
2026-07-19T08:43:15+00:00,cnsm-web-01,"proc.num[,,run]",0
2026-07-19T08:44:15+00:00,cnsm-web-01,"proc.num[,,run]",3
2026-07-19T08:45:15+00:00,cnsm-web-01,"proc.num[,,run]",0
2026-07-19T08:46:15+00:00,cnsm-web-01,"proc.num[,,run]",0
2026-07-19T08:47:15+00:00,cnsm-web-01,"proc.num[,,run]",2
2026-07-19T08:48:15+00:00,cnsm-web-01,"proc.num[,,run]",1
2026-07-19T08:49:15+00:00,cnsm-web-01,"proc.num[,,run]",2
2026-07-19T08:50:15+00:00,cnsm-web-01,"proc.num[,,run]",3
2026-07-19T08:51:15+00:00,cnsm-web-01,"proc.num[,,run]",0
2026-07-19T08:52:15+00:00,cnsm-web-01,"proc.num[,,run]",0
2026-07-19T08:53:15+00:00,cnsm-web-01,"proc.num[,,run]",1
2026-07-19T08:54:15+00:00,cnsm-web-01,"proc.num[,,run]",0
2026-07-19T08:55:15+00:00,cnsm-web-01,"proc.num[,,run]",0
2026-07-19T08:56:15+00:00,cnsm-web-01,"proc.num[,,run]",3
2026-07-19T08:57:15+00:00,cnsm-web-01,"proc.num[,,run]",0
2026-07-19T08:58:15+00:00,cnsm-web-01,"proc.num[,,run]",0
2026-07-19T08:59:15+00:00,cnsm-web-01,"proc.num[,,run]",1
2026-07-19T09:00:15+00:00,cnsm-web-01,"proc.num[,,run]",0
2026-07-19T09:01:15+00:00,cnsm-web-01,"proc.num[,,run]",0
2026-07-19T09:02:15+00:00,cnsm-web-01,"proc.num[,,run]",3
2026-07-19T09:03:15+00:00,cnsm-web-01,"proc.num[,,run]",0
2026-07-19T09:04:15+00:00,cnsm-web-01,"proc.num[,,run]",0
2026-07-19T09:05:15+00:00,cnsm-web-01,"proc.num[,,run]",1
2026-07-19T09:06:15+00:00,cnsm-web-01,"proc.num[,,run]",5
2026-07-19T09:07:15+00:00,cnsm-web-01,"proc.num[,,run]",0
2026-07-19T09:08:15+00:00,cnsm-web-01,"proc.num[,,run]",0
2026-07-19T09:09:15+00:00,cnsm-web-01,"proc.num[,,run]",2
2026-07-19T09:10:15+00:00,cnsm-web-01,"proc.num[,,run]",0
2026-07-19T09:11:15+00:00,cnsm-web-01,"proc.num[,,run]",1
2026-07-19T09:12:15+00:00,cnsm-web-01,"proc.num[,,run]",4
2026-07-19T09:13:15+00:00,cnsm-web-01,"proc.num[,,run]",0
2026-07-19T09:14:15+00:00,cnsm-web-01,"proc.num[,,run]",1
2026-07-19T09:15:15+00:00,cnsm-web-01,"proc.num[,,run]",3
2026-07-19T09:16:15+00:00,cnsm-web-01,"proc.num[,,run]",0
2026-07-19T09:17:15+00:00,cnsm-web-01,"proc.num[,,run]",0
2026-07-19T09:18:15+00:00,cnsm-web-01,"proc.num[,,run]",2
2026-07-19T09:19:15+00:00,cnsm-web-01,"proc.num[,,run]",0
2026-07-19T09:20:15+00:00,cnsm-web-01,"proc.num[,,run]",0
2026-07-19T09:21:15+00:00,cnsm-web-01,"proc.num[,,run]",2
2026-07-19T09:22:15+00:00,cnsm-web-01,"proc.num[,,run]",1
2026-07-19T09:23:15+00:00,cnsm-web-01,"proc.num[,,run]",0
2026-07-19T09:24:15+00:00,cnsm-web-01,"proc.num[,,run]",0
2026-07-19T09:25:15+00:00,cnsm-web-01,"proc.num[,,run]",1
2026-07-19T09:26:15+00:00,cnsm-web-01,"proc.num[,,run]",2
2026-07-19T09:27:15+00:00,cnsm-web-01,"proc.num[,,run]",0
2026-07-19T09:28:15+00:00,cnsm-web-01,"proc.num[,,run]",0
2026-07-19T09:29:15+00:00,cnsm-web-01,"proc.num[,,run]",2
2026-07-19T09:30:15+00:00,cnsm-web-01,"proc.num[,,run]",1
2026-07-19T09:31:15+00:00,cnsm-web-01,"proc.num[,,run]",0
2026-07-19T09:32:15+00:00,cnsm-web-01,"proc.num[,,run]",0
2026-07-19T09:33:15+00:00,cnsm-web-01,"proc.num[,,run]",1
2026-07-19T09:34:15+00:00,cnsm-web-01,"proc.num[,,run]",0
2026-07-19T09:35:15+00:00,cnsm-web-01,"proc.num[,,run]",0
2026-07-19T09:36:15+00:00,cnsm-web-01,"proc.num[,,run]",0
2026-07-19T09:37:15+00:00,cnsm-web-01,"proc.num[,,run]",0
2026-07-19T09:38:15+00:00,cnsm-web-01,"proc.num[,,run]",0
2026-07-19T09:39:15+00:00,cnsm-web-01,"proc.num[,,run]",0
2026-07-19T09:40:15+00:00,cnsm-web-01,"proc.num[,,run]",4
2026-07-19T09:41:15+00:00,cnsm-web-01,"proc.num[,,run]",2
2026-07-19T09:42:15+00:00,cnsm-web-01,"proc.num[,,run]",0
2026-07-19T09:43:15+00:00,cnsm-web-01,"proc.num[,,run]",0
2026-07-19T09:44:15+00:00,cnsm-web-01,"proc.num[,,run]",0
2026-07-19T09:45:15+00:00,cnsm-web-01,"proc.num[,,run]",0
2026-07-19T09:46:15+00:00,cnsm-web-01,"proc.num[,,run]",1
2026-07-19T09:47:15+00:00,cnsm-web-01,"proc.num[,,run]",1
2026-07-19T09:48:15+00:00,cnsm-web-01,"proc.num[,,run]",0
2026-07-19T09:49:15+00:00,cnsm-web-01,"proc.num[,,run]",0
2026-07-19T09:50:15+00:00,cnsm-web-01,"proc.num[,,run]",0
2026-07-19T09:51:15+00:00,cnsm-web-01,"proc.num[,,run]",0
2026-07-19T09:52:15+00:00,cnsm-web-01,"proc.num[,,run]",1
2026-07-19T09:53:15+00:00,cnsm-web-01,"proc.num[,,run]",0
2026-07-19T09:54:15+00:00,cnsm-web-01,"proc.num[,,run]",1
2026-07-19T09:55:15+00:00,cnsm-web-01,"proc.num[,,run]",0
2026-07-19T09:56:15+00:00,cnsm-web-01,"proc.num[,,run]",0
2026-07-19T09:57:15+00:00,cnsm-web-01,"proc.num[,,run]",0
2026-07-19T09:58:15+00:00,cnsm-web-01,"proc.num[,,run]",1
2026-07-19T09:59:15+00:00,cnsm-web-01,"proc.num[,,run]",0
2026-07-19T10:00:15+00:00,cnsm-web-01,"proc.num[,,run]",0
2026-07-19T08:33:41+00:00,cnsm-web-01,vfs.dev.queue_size[sda],0.000833342202483282
2026-07-19T08:34:41+00:00,cnsm-web-01,vfs.dev.queue_size[sda],0.0020166606252892097
2026-07-19T08:35:41+00:00,cnsm-web-01,vfs.dev.queue_size[sda],0.0011166717670463516
2026-07-19T08:36:41+00:00,cnsm-web-01,vfs.dev.queue_size[sda],0.0010999858563818588
2026-07-19T08:37:41+00:00,cnsm-web-01,vfs.dev.queue_size[sda],0.0011833308503896543
2026-07-19T08:38:41+00:00,cnsm-web-01,vfs.dev.queue_size[sda],0.0017165368384913404
2026-07-19T08:39:41+00:00,cnsm-web-01,vfs.dev.queue_size[sda],0.0026168965540069302
2026-07-19T08:40:41+00:00,cnsm-web-01,vfs.dev.queue_size[sda],0.002083327210851326
2026-07-19T08:41:41+00:00,cnsm-web-01,vfs.dev.queue_size[sda],0.0010166524484602351
2026-07-19T08:42:41+00:00,cnsm-web-01,vfs.dev.queue_size[sda],0.0017833501017285023
2026-07-19T08:43:41+00:00,cnsm-web-01,vfs.dev.queue_size[sda],0.002183323050791482
2026-07-19T08:44:41+00:00,cnsm-web-01,vfs.dev.queue_size[sda],0.0023333381064486527
2026-07-19T08:45:41+00:00,cnsm-web-01,vfs.dev.queue_size[sda],0.0022333616554858315
2026-07-19T08:46:41+00:00,cnsm-web-01,vfs.dev.queue_size[sda],0.0023333199428379565
2026-07-19T08:47:41+00:00,cnsm-web-01,vfs.dev.queue_size[sda],0.025950190778017544
2026-07-19T08:48:41+00:00,cnsm-web-01,vfs.dev.queue_size[sda],0.007399978008375357
2026-07-19T08:49:41+00:00,cnsm-web-01,vfs.dev.queue_size[sda],0.0012166500020493688
2026-07-19T08:50:41+00:00,cnsm-web-01,vfs.dev.queue_size[sda],0.001200009238151119
2026-07-19T08:51:41+00:00,cnsm-web-01,vfs.dev.queue_size[sda],0.0019333367320104192
2026-07-19T08:52:41+00:00,cnsm-web-01,vfs.dev.queue_size[sda],0.001266668757810119
2026-07-19T08:53:41+00:00,cnsm-web-01,vfs.dev.queue_size[sda],0.0016166489870202887
2026-07-19T08:54:41+00:00,cnsm-web-01,vfs.dev.queue_size[sda],0.0022166972364363003
2026-07-19T08:55:41+00:00,cnsm-web-01,vfs.dev.queue_size[sda],0.0019499770111360228
2026-07-19T08:56:41+00:00,cnsm-web-01,vfs.dev.queue_size[sda],0.001416687794085912
2026-07-19T08:57:41+00:00,cnsm-web-01,vfs.dev.queue_size[sda],0.0012666576754027125
2026-07-19T08:58:41+00:00,cnsm-web-01,vfs.dev.queue_size[sda],0.002400006958460175
2026-07-19T08:59:41+00:00,cnsm-web-01,vfs.dev.queue_size[sda],0.001499999666300074
2026-07-19T09:00:41+00:00,cnsm-web-01,vfs.dev.queue_size[sda],0.002450000142794175
2026-07-19T09:01:41+00:00,cnsm-web-01,vfs.dev.queue_size[sda],0.0020333336293528207
2026-07-19T09:02:41+00:00,cnsm-web-01,vfs.dev.queue_size[sda],0.0025666794929202065
2026-07-19T09:03:41+00:00,cnsm-web-01,vfs.dev.queue_size[sda],0.0024499942745675463
2026-07-19T09:04:41+00:00,cnsm-web-01,vfs.dev.queue_size[sda],0.0016166623954715622
2026-07-19T09:05:41+00:00,cnsm-web-01,vfs.dev.queue_size[sda],0.003083335031685658
2026-07-19T09:06:41+00:00,cnsm-web-01,vfs.dev.queue_size[sda],0.0010166675217179414
2026-07-19T09:07:41+00:00,cnsm-web-01,vfs.dev.queue_size[sda],0.0031000054818946937
2026-07-19T09:08:41+00:00,cnsm-web-01,vfs.dev.queue_size[sda],0.0026999647124061965
2026-07-19T09:09:41+00:00,cnsm-web-01,vfs.dev.queue_size[sda],0.002550040935382129
2026-07-19T09:10:41+00:00,cnsm-web-01,vfs.dev.queue_size[sda],0.0016999876345166116
2026-07-19T09:11:41+00:00,cnsm-web-01,vfs.dev.queue_size[sda],0.0022499940472657486
2026-07-19T09:12:41+00:00,cnsm-web-01,vfs.dev.queue_size[sda],0.001433346497522014
2026-07-19T09:13:41+00:00,cnsm-web-01,vfs.dev.queue_size[sda],0.00251665866885125
2026-07-19T09:14:41+00:00,cnsm-web-01,vfs.dev.queue_size[sda],0.0018166534529350012
2026-07-19T09:15:41+00:00,cnsm-web-01,vfs.dev.queue_size[sda],0.002166651456592887
2026-07-19T09:16:41+00:00,cnsm-web-01,vfs.dev.queue_size[sda],0.0010666812951339482
2026-07-19T09:17:41+00:00,cnsm-web-01,vfs.dev.queue_size[sda],0.0014666590403329886
2026-07-19T09:18:41+00:00,cnsm-web-01,vfs.dev.queue_size[sda],0.0018666744265255916
2026-07-19T09:19:41+00:00,cnsm-web-01,vfs.dev.queue_size[sda],0.0018000077918737297
2026-07-19T09:20:41+00:00,cnsm-web-01,vfs.dev.queue_size[sda],0.002516649242393972
2026-07-19T09:21:41+00:00,cnsm-web-01,vfs.dev.queue_size[sda],0.0015500093882001964
2026-07-19T09:22:41+00:00,cnsm-web-01,vfs.dev.queue_size[sda],0.0017833304591396324
2026-07-19T09:23:41+00:00,cnsm-web-01,vfs.dev.queue_size[sda],0.0017999851984217157
2026-07-19T09:24:41+00:00,cnsm-web-01,vfs.dev.queue_size[sda],0.0011000084085376087
2026-07-19T09:25:41+00:00,cnsm-web-01,vfs.dev.queue_size[sda],0.0012333191690532279
2026-07-19T09:26:41+00:00,cnsm-web-01,vfs.dev.queue_size[sda],0.002683350303243154
2026-07-19T09:27:41+00:00,cnsm-web-01,vfs.dev.queue_size[sda],0.0009500069622843577
2026-07-19T09:28:41+00:00,cnsm-web-01,vfs.dev.queue_size[sda],0.0016666460365331423
2026-07-19T09:29:41+00:00,cnsm-web-01,vfs.dev.queue_size[sda],0.0024333641516875344
2026-07-19T09:30:41+00:00,cnsm-web-01,vfs.dev.queue_size[sda],0.001466666934162271
2026-07-19T09:31:41+00:00,cnsm-web-01,vfs.dev.queue_size[sda],0.0025499667132445184
2026-07-19T09:32:41+00:00,cnsm-web-01,vfs.dev.queue_size[sda],0.0018000091997870198
2026-07-19T09:33:41+00:00,cnsm-web-01,vfs.dev.queue_size[sda],0.0010833187435937116
2026-07-19T09:34:41+00:00,cnsm-web-01,vfs.dev.queue_size[sda],0.0020166683035291065
2026-07-19T09:35:41+00:00,cnsm-web-01,vfs.dev.queue_size[sda],0.0012833398518014426
2026-07-19T09:36:41+00:00,cnsm-web-01,vfs.dev.queue_size[sda],0.002366694061978777
2026-07-19T09:37:41+00:00,cnsm-web-01,vfs.dev.queue_size[sda],0.0017999978174426464
2026-07-19T09:38:41+00:00,cnsm-web-01,vfs.dev.queue_size[sda],0.001583338355867321
2026-07-19T09:39:41+00:00,cnsm-web-01,vfs.dev.queue_size[sda],0.0031499521132204934
2026-07-19T09:40:41+00:00,cnsm-web-01,vfs.dev.queue_size[sda],0.0013833503789997593
2026-07-19T09:41:41+00:00,cnsm-web-01,vfs.dev.queue_size[sda],0.0026500100839508722
2026-07-19T09:42:41+00:00,cnsm-web-01,vfs.dev.queue_size[sda],0.0022166574482533367
2026-07-19T09:43:41+00:00,cnsm-web-01,vfs.dev.queue_size[sda],0.00213330393345406
2026-07-19T09:44:41+00:00,cnsm-web-01,vfs.dev.queue_size[sda],0.0013000044657753408
2026-07-19T09:45:41+00:00,cnsm-web-01,vfs.dev.queue_size[sda],0.0016833312879455408
2026-07-19T09:46:41+00:00,cnsm-web-01,vfs.dev.queue_size[sda],0.0014333315599916385
2026-07-19T09:47:41+00:00,cnsm-web-01,vfs.dev.queue_size[sda],0.0023667069215113534
2026-07-19T09:48:41+00:00,cnsm-web-01,vfs.dev.queue_size[sda],0.0018166600360997563
2026-07-19T09:49:41+00:00,cnsm-web-01,vfs.dev.queue_size[sda],0.0027000051907599795
2026-07-19T09:50:41+00:00,cnsm-web-01,vfs.dev.queue_size[sda],0.0010000026352069442
2026-07-19T09:51:41+00:00,cnsm-web-01,vfs.dev.queue_size[sda],0.002199989349961556
2026-07-19T09:52:41+00:00,cnsm-web-01,vfs.dev.queue_size[sda],0.002116664304610414
2026-07-19T09:53:41+00:00,cnsm-web-01,vfs.dev.queue_size[sda],0.0019833456293490083
2026-07-19T09:54:41+00:00,cnsm-web-01,vfs.dev.queue_size[sda],0.0014999765490416375
2026-07-19T09:55:41+00:00,cnsm-web-01,vfs.dev.queue_size[sda],0.001783341360598633
2026-07-19T09:56:41+00:00,cnsm-web-01,vfs.dev.queue_size[sda],0.0015500151840004098
2026-07-19T09:57:41+00:00,cnsm-web-01,vfs.dev.queue_size[sda],0.0011666521323394042
2026-07-19T09:58:41+00:00,cnsm-web-01,vfs.dev.queue_size[sda],0.001766665910239213
2026-07-19T09:59:41+00:00,cnsm-web-01,vfs.dev.queue_size[sda],0.0018833439551735169
2026-07-19T08:33:41+00:00,cnsm-web-01,vfs.dev.read.rate[sda],0
2026-07-19T08:34:41+00:00,cnsm-web-01,vfs.dev.read.rate[sda],0
2026-07-19T08:35:41+00:00,cnsm-web-01,vfs.dev.read.rate[sda],0
2026-07-19T08:36:41+00:00,cnsm-web-01,vfs.dev.read.rate[sda],0
2026-07-19T08:37:41+00:00,cnsm-web-01,vfs.dev.read.rate[sda],0
2026-07-19T08:38:41+00:00,cnsm-web-01,vfs.dev.read.rate[sda],0
2026-07-19T08:39:41+00:00,cnsm-web-01,vfs.dev.read.rate[sda],0
2026-07-19T08:40:41+00:00,cnsm-web-01,vfs.dev.read.rate[sda],0
2026-07-19T08:41:41+00:00,cnsm-web-01,vfs.dev.read.rate[sda],0
2026-07-19T08:42:41+00:00,cnsm-web-01,vfs.dev.read.rate[sda],0
2026-07-19T08:43:41+00:00,cnsm-web-01,vfs.dev.read.rate[sda],0
2026-07-19T08:44:41+00:00,cnsm-web-01,vfs.dev.read.rate[sda],0
2026-07-19T08:45:41+00:00,cnsm-web-01,vfs.dev.read.rate[sda],0.016666878026013666
2026-07-19T08:46:41+00:00,cnsm-web-01,vfs.dev.read.rate[sda],0
2026-07-19T08:47:41+00:00,cnsm-web-01,vfs.dev.read.rate[sda],36.51693512821865
2026-07-19T08:48:41+00:00,cnsm-web-01,vfs.dev.read.rate[sda],0.01666661713598053
2026-07-19T08:49:41+00:00,cnsm-web-01,vfs.dev.read.rate[sda],0
2026-07-19T08:50:41+00:00,cnsm-web-01,vfs.dev.read.rate[sda],0
2026-07-19T08:51:41+00:00,cnsm-web-01,vfs.dev.read.rate[sda],0
2026-07-19T08:52:41+00:00,cnsm-web-01,vfs.dev.read.rate[sda],0
2026-07-19T08:53:41+00:00,cnsm-web-01,vfs.dev.read.rate[sda],0
2026-07-19T08:54:41+00:00,cnsm-web-01,vfs.dev.read.rate[sda],0
2026-07-19T08:55:41+00:00,cnsm-web-01,vfs.dev.read.rate[sda],0
2026-07-19T08:56:41+00:00,cnsm-web-01,vfs.dev.read.rate[sda],0
2026-07-19T08:57:41+00:00,cnsm-web-01,vfs.dev.read.rate[sda],0
2026-07-19T08:58:41+00:00,cnsm-web-01,vfs.dev.read.rate[sda],0
2026-07-19T08:59:41+00:00,cnsm-web-01,vfs.dev.read.rate[sda],0
2026-07-19T09:00:41+00:00,cnsm-web-01,vfs.dev.read.rate[sda],0
2026-07-19T09:01:41+00:00,cnsm-web-01,vfs.dev.read.rate[sda],0
2026-07-19T09:02:41+00:00,cnsm-web-01,vfs.dev.read.rate[sda],0
2026-07-19T09:03:41+00:00,cnsm-web-01,vfs.dev.read.rate[sda],0
2026-07-19T09:04:41+00:00,cnsm-web-01,vfs.dev.read.rate[sda],0
2026-07-19T09:05:41+00:00,cnsm-web-01,vfs.dev.read.rate[sda],0
2026-07-19T09:06:41+00:00,cnsm-web-01,vfs.dev.read.rate[sda],0
2026-07-19T09:07:41+00:00,cnsm-web-01,vfs.dev.read.rate[sda],0
2026-07-19T09:08:41+00:00,cnsm-web-01,vfs.dev.read.rate[sda],0
2026-07-19T09:09:41+00:00,cnsm-web-01,vfs.dev.read.rate[sda],0
2026-07-19T09:10:41+00:00,cnsm-web-01,vfs.dev.read.rate[sda],0
2026-07-19T09:11:41+00:00,cnsm-web-01,vfs.dev.read.rate[sda],0
2026-07-19T09:12:41+00:00,cnsm-web-01,vfs.dev.read.rate[sda],0
2026-07-19T09:13:41+00:00,cnsm-web-01,vfs.dev.read.rate[sda],0
2026-07-19T09:14:41+00:00,cnsm-web-01,vfs.dev.read.rate[sda],0.016666545439770652
2026-07-19T09:15:41+00:00,cnsm-web-01,vfs.dev.read.rate[sda],0
2026-07-19T09:16:41+00:00,cnsm-web-01,vfs.dev.read.rate[sda],0
2026-07-19T09:17:41+00:00,cnsm-web-01,vfs.dev.read.rate[sda],0
2026-07-19T09:18:41+00:00,cnsm-web-01,vfs.dev.read.rate[sda],0
2026-07-19T09:19:41+00:00,cnsm-web-01,vfs.dev.read.rate[sda],0
2026-07-19T09:20:41+00:00,cnsm-web-01,vfs.dev.read.rate[sda],0
2026-07-19T09:21:41+00:00,cnsm-web-01,vfs.dev.read.rate[sda],0
2026-07-19T09:22:41+00:00,cnsm-web-01,vfs.dev.read.rate[sda],0
2026-07-19T09:23:41+00:00,cnsm-web-01,vfs.dev.read.rate[sda],0
2026-07-19T09:24:41+00:00,cnsm-web-01,vfs.dev.read.rate[sda],0
2026-07-19T09:25:41+00:00,cnsm-web-01,vfs.dev.read.rate[sda],0
2026-07-19T09:26:41+00:00,cnsm-web-01,vfs.dev.read.rate[sda],0
2026-07-19T09:27:41+00:00,cnsm-web-01,vfs.dev.read.rate[sda],0
2026-07-19T09:28:41+00:00,cnsm-web-01,vfs.dev.read.rate[sda],0
2026-07-19T09:29:41+00:00,cnsm-web-01,vfs.dev.read.rate[sda],0
2026-07-19T09:30:41+00:00,cnsm-web-01,vfs.dev.read.rate[sda],0
2026-07-19T09:31:41+00:00,cnsm-web-01,vfs.dev.read.rate[sda],0.016666449106173323
2026-07-19T09:32:41+00:00,cnsm-web-01,vfs.dev.read.rate[sda],0
2026-07-19T09:33:41+00:00,cnsm-web-01,vfs.dev.read.rate[sda],0
2026-07-19T09:34:41+00:00,cnsm-web-01,vfs.dev.read.rate[sda],0
2026-07-19T09:35:41+00:00,cnsm-web-01,vfs.dev.read.rate[sda],0
2026-07-19T09:36:41+00:00,cnsm-web-01,vfs.dev.read.rate[sda],0
2026-07-19T09:37:41+00:00,cnsm-web-01,vfs.dev.read.rate[sda],0
2026-07-19T09:38:41+00:00,cnsm-web-01,vfs.dev.read.rate[sda],0
2026-07-19T09:39:41+00:00,cnsm-web-01,vfs.dev.read.rate[sda],0
2026-07-19T09:40:41+00:00,cnsm-web-01,vfs.dev.read.rate[sda],0
2026-07-19T09:41:41+00:00,cnsm-web-01,vfs.dev.read.rate[sda],0
2026-07-19T09:42:41+00:00,cnsm-web-01,vfs.dev.read.rate[sda],0
2026-07-19T09:43:41+00:00,cnsm-web-01,vfs.dev.read.rate[sda],0
2026-07-19T09:44:41+00:00,cnsm-web-01,vfs.dev.read.rate[sda],0
2026-07-19T09:45:41+00:00,cnsm-web-01,vfs.dev.read.rate[sda],0
2026-07-19T09:46:41+00:00,cnsm-web-01,vfs.dev.read.rate[sda],0
2026-07-19T09:47:41+00:00,cnsm-web-01,vfs.dev.read.rate[sda],0
2026-07-19T09:48:41+00:00,cnsm-web-01,vfs.dev.read.rate[sda],0.01666660583577758
2026-07-19T09:49:41+00:00,cnsm-web-01,vfs.dev.read.rate[sda],0
2026-07-19T09:50:41+00:00,cnsm-web-01,vfs.dev.read.rate[sda],0
2026-07-19T09:51:41+00:00,cnsm-web-01,vfs.dev.read.rate[sda],0
2026-07-19T09:52:41+00:00,cnsm-web-01,vfs.dev.read.rate[sda],0
2026-07-19T09:53:41+00:00,cnsm-web-01,vfs.dev.read.rate[sda],0
2026-07-19T09:54:41+00:00,cnsm-web-01,vfs.dev.read.rate[sda],0
2026-07-19T09:55:41+00:00,cnsm-web-01,vfs.dev.read.rate[sda],0
2026-07-19T09:56:41+00:00,cnsm-web-01,vfs.dev.read.rate[sda],0
2026-07-19T09:57:41+00:00,cnsm-web-01,vfs.dev.read.rate[sda],0
2026-07-19T09:58:41+00:00,cnsm-web-01,vfs.dev.read.rate[sda],0
2026-07-19T09:59:41+00:00,cnsm-web-01,vfs.dev.read.rate[sda],0
2026-07-19T08:33:39+00:00,cnsm-web-01,vfs.dev.read.await[sda],0
2026-07-19T08:34:39+00:00,cnsm-web-01,vfs.dev.read.await[sda],0
2026-07-19T08:35:39+00:00,cnsm-web-01,vfs.dev.read.await[sda],0
2026-07-19T08:36:39+00:00,cnsm-web-01,vfs.dev.read.await[sda],0
2026-07-19T08:37:39+00:00,cnsm-web-01,vfs.dev.read.await[sda],0
2026-07-19T08:38:39+00:00,cnsm-web-01,vfs.dev.read.await[sda],0
2026-07-19T08:39:39+00:00,cnsm-web-01,vfs.dev.read.await[sda],0
2026-07-19T08:40:39+00:00,cnsm-web-01,vfs.dev.read.await[sda],0
2026-07-19T08:41:39+00:00,cnsm-web-01,vfs.dev.read.await[sda],0
2026-07-19T08:42:39+00:00,cnsm-web-01,vfs.dev.read.await[sda],0
2026-07-19T08:43:39+00:00,cnsm-web-01,vfs.dev.read.await[sda],0
2026-07-19T08:44:39+00:00,cnsm-web-01,vfs.dev.read.await[sda],0
2026-07-19T08:45:39+00:00,cnsm-web-01,vfs.dev.read.await[sda],0
2026-07-19T08:46:39+00:00,cnsm-web-01,vfs.dev.read.await[sda],1
2026-07-19T08:47:39+00:00,cnsm-web-01,vfs.dev.read.await[sda],0
2026-07-19T08:48:39+00:00,cnsm-web-01,vfs.dev.read.await[sda],0.34185303514377
2026-07-19T08:49:39+00:00,cnsm-web-01,vfs.dev.read.await[sda],0
2026-07-19T08:50:39+00:00,cnsm-web-01,vfs.dev.read.await[sda],0
2026-07-19T08:51:39+00:00,cnsm-web-01,vfs.dev.read.await[sda],0
2026-07-19T08:52:39+00:00,cnsm-web-01,vfs.dev.read.await[sda],0
2026-07-19T08:53:39+00:00,cnsm-web-01,vfs.dev.read.await[sda],0
2026-07-19T08:54:39+00:00,cnsm-web-01,vfs.dev.read.await[sda],0
2026-07-19T08:55:39+00:00,cnsm-web-01,vfs.dev.read.await[sda],0
2026-07-19T08:56:39+00:00,cnsm-web-01,vfs.dev.read.await[sda],0
2026-07-19T08:57:39+00:00,cnsm-web-01,vfs.dev.read.await[sda],0
2026-07-19T08:58:39+00:00,cnsm-web-01,vfs.dev.read.await[sda],0
2026-07-19T08:59:39+00:00,cnsm-web-01,vfs.dev.read.await[sda],0
2026-07-19T09:00:39+00:00,cnsm-web-01,vfs.dev.read.await[sda],0
2026-07-19T09:01:39+00:00,cnsm-web-01,vfs.dev.read.await[sda],0
2026-07-19T09:02:39+00:00,cnsm-web-01,vfs.dev.read.await[sda],0
2026-07-19T09:03:39+00:00,cnsm-web-01,vfs.dev.read.await[sda],0
2026-07-19T09:04:39+00:00,cnsm-web-01,vfs.dev.read.await[sda],0
2026-07-19T09:05:39+00:00,cnsm-web-01,vfs.dev.read.await[sda],0
2026-07-19T09:06:39+00:00,cnsm-web-01,vfs.dev.read.await[sda],0
2026-07-19T09:07:39+00:00,cnsm-web-01,vfs.dev.read.await[sda],0
2026-07-19T09:08:39+00:00,cnsm-web-01,vfs.dev.read.await[sda],0
2026-07-19T09:09:39+00:00,cnsm-web-01,vfs.dev.read.await[sda],0
2026-07-19T09:10:39+00:00,cnsm-web-01,vfs.dev.read.await[sda],0
2026-07-19T09:11:39+00:00,cnsm-web-01,vfs.dev.read.await[sda],0
2026-07-19T09:12:39+00:00,cnsm-web-01,vfs.dev.read.await[sda],0
2026-07-19T09:13:39+00:00,cnsm-web-01,vfs.dev.read.await[sda],0
2026-07-19T09:14:39+00:00,cnsm-web-01,vfs.dev.read.await[sda],0
2026-07-19T09:15:39+00:00,cnsm-web-01,vfs.dev.read.await[sda],1
2026-07-19T09:16:39+00:00,cnsm-web-01,vfs.dev.read.await[sda],0
2026-07-19T09:17:39+00:00,cnsm-web-01,vfs.dev.read.await[sda],0
2026-07-19T09:18:39+00:00,cnsm-web-01,vfs.dev.read.await[sda],0
2026-07-19T09:19:39+00:00,cnsm-web-01,vfs.dev.read.await[sda],0
2026-07-19T09:20:39+00:00,cnsm-web-01,vfs.dev.read.await[sda],0
2026-07-19T09:21:39+00:00,cnsm-web-01,vfs.dev.read.await[sda],0
2026-07-19T09:22:39+00:00,cnsm-web-01,vfs.dev.read.await[sda],0
2026-07-19T09:23:39+00:00,cnsm-web-01,vfs.dev.read.await[sda],0
2026-07-19T09:24:39+00:00,cnsm-web-01,vfs.dev.read.await[sda],0
2026-07-19T09:25:39+00:00,cnsm-web-01,vfs.dev.read.await[sda],0
2026-07-19T09:26:39+00:00,cnsm-web-01,vfs.dev.read.await[sda],0
2026-07-19T09:27:39+00:00,cnsm-web-01,vfs.dev.read.await[sda],0
2026-07-19T09:28:39+00:00,cnsm-web-01,vfs.dev.read.await[sda],0
2026-07-19T09:29:39+00:00,cnsm-web-01,vfs.dev.read.await[sda],0
2026-07-19T09:30:39+00:00,cnsm-web-01,vfs.dev.read.await[sda],0
2026-07-19T09:31:39+00:00,cnsm-web-01,vfs.dev.read.await[sda],0
2026-07-19T09:32:39+00:00,cnsm-web-01,vfs.dev.read.await[sda],1
2026-07-19T09:33:39+00:00,cnsm-web-01,vfs.dev.read.await[sda],0
2026-07-19T09:34:39+00:00,cnsm-web-01,vfs.dev.read.await[sda],0
2026-07-19T09:35:39+00:00,cnsm-web-01,vfs.dev.read.await[sda],0
2026-07-19T09:36:39+00:00,cnsm-web-01,vfs.dev.read.await[sda],0
2026-07-19T09:37:39+00:00,cnsm-web-01,vfs.dev.read.await[sda],0
2026-07-19T09:38:39+00:00,cnsm-web-01,vfs.dev.read.await[sda],0
2026-07-19T09:39:39+00:00,cnsm-web-01,vfs.dev.read.await[sda],0
2026-07-19T09:40:39+00:00,cnsm-web-01,vfs.dev.read.await[sda],0
2026-07-19T09:41:39+00:00,cnsm-web-01,vfs.dev.read.await[sda],0
2026-07-19T09:42:39+00:00,cnsm-web-01,vfs.dev.read.await[sda],0
2026-07-19T09:43:39+00:00,cnsm-web-01,vfs.dev.read.await[sda],0
2026-07-19T09:44:39+00:00,cnsm-web-01,vfs.dev.read.await[sda],0
2026-07-19T09:45:39+00:00,cnsm-web-01,vfs.dev.read.await[sda],0
2026-07-19T09:46:39+00:00,cnsm-web-01,vfs.dev.read.await[sda],0
2026-07-19T09:47:39+00:00,cnsm-web-01,vfs.dev.read.await[sda],0
2026-07-19T09:48:39+00:00,cnsm-web-01,vfs.dev.read.await[sda],0
2026-07-19T09:49:39+00:00,cnsm-web-01,vfs.dev.read.await[sda],1
2026-07-19T09:50:39+00:00,cnsm-web-01,vfs.dev.read.await[sda],0
2026-07-19T09:51:39+00:00,cnsm-web-01,vfs.dev.read.await[sda],0
2026-07-19T09:52:39+00:00,cnsm-web-01,vfs.dev.read.await[sda],0
2026-07-19T09:53:39+00:00,cnsm-web-01,vfs.dev.read.await[sda],0
2026-07-19T09:54:39+00:00,cnsm-web-01,vfs.dev.read.await[sda],0
2026-07-19T09:55:39+00:00,cnsm-web-01,vfs.dev.read.await[sda],0
2026-07-19T09:56:39+00:00,cnsm-web-01,vfs.dev.read.await[sda],0
2026-07-19T09:57:39+00:00,cnsm-web-01,vfs.dev.read.await[sda],0
2026-07-19T09:58:39+00:00,cnsm-web-01,vfs.dev.read.await[sda],0
2026-07-19T09:59:39+00:00,cnsm-web-01,vfs.dev.read.await[sda],0
2026-07-19T08:33:41+00:00,cnsm-web-01,vfs.dev.read.time.rate[sda],0
2026-07-19T08:34:41+00:00,cnsm-web-01,vfs.dev.read.time.rate[sda],0
2026-07-19T08:35:41+00:00,cnsm-web-01,vfs.dev.read.time.rate[sda],0
2026-07-19T08:36:41+00:00,cnsm-web-01,vfs.dev.read.time.rate[sda],0
2026-07-19T08:37:41+00:00,cnsm-web-01,vfs.dev.read.time.rate[sda],0
2026-07-19T08:38:41+00:00,cnsm-web-01,vfs.dev.read.time.rate[sda],0
2026-07-19T08:39:41+00:00,cnsm-web-01,vfs.dev.read.time.rate[sda],0
2026-07-19T08:40:41+00:00,cnsm-web-01,vfs.dev.read.time.rate[sda],0
2026-07-19T08:41:41+00:00,cnsm-web-01,vfs.dev.read.time.rate[sda],0
2026-07-19T08:42:41+00:00,cnsm-web-01,vfs.dev.read.time.rate[sda],0
2026-07-19T08:43:41+00:00,cnsm-web-01,vfs.dev.read.time.rate[sda],0
2026-07-19T08:44:41+00:00,cnsm-web-01,vfs.dev.read.time.rate[sda],0
2026-07-19T08:45:41+00:00,cnsm-web-01,vfs.dev.read.time.rate[sda],1.6666878026013667e-05
2026-07-19T08:46:41+00:00,cnsm-web-01,vfs.dev.read.time.rate[sda],0
2026-07-19T08:47:41+00:00,cnsm-web-01,vfs.dev.read.time.rate[sda],0.0124834251077297
2026-07-19T08:48:41+00:00,cnsm-web-01,vfs.dev.read.time.rate[sda],0
2026-07-19T08:49:41+00:00,cnsm-web-01,vfs.dev.read.time.rate[sda],0
2026-07-19T08:50:41+00:00,cnsm-web-01,vfs.dev.read.time.rate[sda],0
2026-07-19T08:51:41+00:00,cnsm-web-01,vfs.dev.read.time.rate[sda],0
2026-07-19T08:52:41+00:00,cnsm-web-01,vfs.dev.read.time.rate[sda],0
2026-07-19T08:53:41+00:00,cnsm-web-01,vfs.dev.read.time.rate[sda],0
2026-07-19T08:54:41+00:00,cnsm-web-01,vfs.dev.read.time.rate[sda],0
2026-07-19T08:55:41+00:00,cnsm-web-01,vfs.dev.read.time.rate[sda],0
2026-07-19T08:56:41+00:00,cnsm-web-01,vfs.dev.read.time.rate[sda],0
2026-07-19T08:57:41+00:00,cnsm-web-01,vfs.dev.read.time.rate[sda],0
2026-07-19T08:58:41+00:00,cnsm-web-01,vfs.dev.read.time.rate[sda],0
2026-07-19T08:59:41+00:00,cnsm-web-01,vfs.dev.read.time.rate[sda],0
2026-07-19T09:00:41+00:00,cnsm-web-01,vfs.dev.read.time.rate[sda],0
2026-07-19T09:01:41+00:00,cnsm-web-01,vfs.dev.read.time.rate[sda],0
2026-07-19T09:02:41+00:00,cnsm-web-01,vfs.dev.read.time.rate[sda],0
2026-07-19T09:03:41+00:00,cnsm-web-01,vfs.dev.read.time.rate[sda],0
2026-07-19T09:04:41+00:00,cnsm-web-01,vfs.dev.read.time.rate[sda],0
2026-07-19T09:05:41+00:00,cnsm-web-01,vfs.dev.read.time.rate[sda],0
2026-07-19T09:06:41+00:00,cnsm-web-01,vfs.dev.read.time.rate[sda],0
2026-07-19T09:07:41+00:00,cnsm-web-01,vfs.dev.read.time.rate[sda],0
2026-07-19T09:08:41+00:00,cnsm-web-01,vfs.dev.read.time.rate[sda],0
2026-07-19T09:09:41+00:00,cnsm-web-01,vfs.dev.read.time.rate[sda],0
2026-07-19T09:10:41+00:00,cnsm-web-01,vfs.dev.read.time.rate[sda],0
2026-07-19T09:11:41+00:00,cnsm-web-01,vfs.dev.read.time.rate[sda],0
2026-07-19T09:12:41+00:00,cnsm-web-01,vfs.dev.read.time.rate[sda],0
2026-07-19T09:13:41+00:00,cnsm-web-01,vfs.dev.read.time.rate[sda],0
2026-07-19T09:14:41+00:00,cnsm-web-01,vfs.dev.read.time.rate[sda],1.6666545439770653e-05
2026-07-19T09:15:41+00:00,cnsm-web-01,vfs.dev.read.time.rate[sda],0
2026-07-19T09:16:41+00:00,cnsm-web-01,vfs.dev.read.time.rate[sda],0
2026-07-19T09:17:41+00:00,cnsm-web-01,vfs.dev.read.time.rate[sda],0
2026-07-19T09:18:41+00:00,cnsm-web-01,vfs.dev.read.time.rate[sda],0
2026-07-19T09:19:41+00:00,cnsm-web-01,vfs.dev.read.time.rate[sda],0
2026-07-19T09:20:41+00:00,cnsm-web-01,vfs.dev.read.time.rate[sda],0
2026-07-19T09:21:41+00:00,cnsm-web-01,vfs.dev.read.time.rate[sda],0
2026-07-19T09:22:41+00:00,cnsm-web-01,vfs.dev.read.time.rate[sda],0
2026-07-19T09:23:41+00:00,cnsm-web-01,vfs.dev.read.time.rate[sda],0
2026-07-19T09:24:41+00:00,cnsm-web-01,vfs.dev.read.time.rate[sda],0
2026-07-19T09:25:41+00:00,cnsm-web-01,vfs.dev.read.time.rate[sda],0
2026-07-19T09:26:41+00:00,cnsm-web-01,vfs.dev.read.time.rate[sda],0
2026-07-19T09:27:41+00:00,cnsm-web-01,vfs.dev.read.time.rate[sda],0
2026-07-19T09:28:41+00:00,cnsm-web-01,vfs.dev.read.time.rate[sda],0
2026-07-19T09:29:41+00:00,cnsm-web-01,vfs.dev.read.time.rate[sda],0
2026-07-19T09:30:41+00:00,cnsm-web-01,vfs.dev.read.time.rate[sda],0
2026-07-19T09:31:41+00:00,cnsm-web-01,vfs.dev.read.time.rate[sda],1.6666449106173324e-05
2026-07-19T09:32:41+00:00,cnsm-web-01,vfs.dev.read.time.rate[sda],0
2026-07-19T09:33:41+00:00,cnsm-web-01,vfs.dev.read.time.rate[sda],0
2026-07-19T09:34:41+00:00,cnsm-web-01,vfs.dev.read.time.rate[sda],0
2026-07-19T09:35:41+00:00,cnsm-web-01,vfs.dev.read.time.rate[sda],0
2026-07-19T09:36:41+00:00,cnsm-web-01,vfs.dev.read.time.rate[sda],0
2026-07-19T09:37:41+00:00,cnsm-web-01,vfs.dev.read.time.rate[sda],0
2026-07-19T09:38:41+00:00,cnsm-web-01,vfs.dev.read.time.rate[sda],0
2026-07-19T09:39:41+00:00,cnsm-web-01,vfs.dev.read.time.rate[sda],0
2026-07-19T09:40:41+00:00,cnsm-web-01,vfs.dev.read.time.rate[sda],0
2026-07-19T09:41:41+00:00,cnsm-web-01,vfs.dev.read.time.rate[sda],0
2026-07-19T09:42:41+00:00,cnsm-web-01,vfs.dev.read.time.rate[sda],0
2026-07-19T09:43:41+00:00,cnsm-web-01,vfs.dev.read.time.rate[sda],0
2026-07-19T09:44:41+00:00,cnsm-web-01,vfs.dev.read.time.rate[sda],0
2026-07-19T09:45:41+00:00,cnsm-web-01,vfs.dev.read.time.rate[sda],0
2026-07-19T09:46:41+00:00,cnsm-web-01,vfs.dev.read.time.rate[sda],0
2026-07-19T09:47:41+00:00,cnsm-web-01,vfs.dev.read.time.rate[sda],0
2026-07-19T09:48:41+00:00,cnsm-web-01,vfs.dev.read.time.rate[sda],1.666660583577758e-05
2026-07-19T09:49:41+00:00,cnsm-web-01,vfs.dev.read.time.rate[sda],0
2026-07-19T09:50:41+00:00,cnsm-web-01,vfs.dev.read.time.rate[sda],0
2026-07-19T09:51:41+00:00,cnsm-web-01,vfs.dev.read.time.rate[sda],0
2026-07-19T09:52:41+00:00,cnsm-web-01,vfs.dev.read.time.rate[sda],0
2026-07-19T09:53:41+00:00,cnsm-web-01,vfs.dev.read.time.rate[sda],0
2026-07-19T09:54:41+00:00,cnsm-web-01,vfs.dev.read.time.rate[sda],0
2026-07-19T09:55:41+00:00,cnsm-web-01,vfs.dev.read.time.rate[sda],0
2026-07-19T09:56:41+00:00,cnsm-web-01,vfs.dev.read.time.rate[sda],0
2026-07-19T09:57:41+00:00,cnsm-web-01,vfs.dev.read.time.rate[sda],0
2026-07-19T09:58:41+00:00,cnsm-web-01,vfs.dev.read.time.rate[sda],0
2026-07-19T09:59:41+00:00,cnsm-web-01,vfs.dev.read.time.rate[sda],0
2026-07-19T08:33:41+00:00,cnsm-web-01,vfs.dev.util[sda],0.015000159644699078
2026-07-19T08:34:41+00:00,cnsm-web-01,vfs.dev.util[sda],0.028333248454476496
2026-07-19T08:35:41+00:00,cnsm-web-01,vfs.dev.util[sda],0.013333394233389272
2026-07-19T08:36:41+00:00,cnsm-web-01,vfs.dev.util[sda],0.018333097606364313
2026-07-19T08:37:41+00:00,cnsm-web-01,vfs.dev.util[sda],0.01999995803475472
2026-07-19T08:38:41+00:00,cnsm-web-01,vfs.dev.util[sda],0.023331568678523075
2026-07-19T08:39:41+00:00,cnsm-web-01,vfs.dev.util[sda],0.02833582255931071
2026-07-19T08:40:41+00:00,cnsm-web-01,vfs.dev.util[sda],0.021666602992853792
2026-07-19T08:41:41+00:00,cnsm-web-01,vfs.dev.util[sda],0.01666643358131533
2026-07-19T08:42:41+00:00,cnsm-web-01,vfs.dev.util[sda],0.025000235070960317
2026-07-19T08:43:41+00:00,cnsm-web-01,vfs.dev.util[sda],0.021666564626175014
2026-07-19T08:44:41+00:00,cnsm-web-01,vfs.dev.util[sda],0.03666674167276454
2026-07-19T08:45:41+00:00,cnsm-web-01,vfs.dev.util[sda],0.0250003170390205
2026-07-19T08:46:41+00:00,cnsm-web-01,vfs.dev.util[sda],0.03333314204054224
2026-07-19T08:47:41+00:00,cnsm-web-01,vfs.dev.util[sda],1.1433417388387948
2026-07-19T08:48:41+00:00,cnsm-web-01,vfs.dev.util[sda],0.10166636452948125
2026-07-19T08:49:41+00:00,cnsm-web-01,vfs.dev.util[sda],0.01833308222266172
2026-07-19T08:50:41+00:00,cnsm-web-01,vfs.dev.util[sda],0.015000115476888988
2026-07-19T08:51:41+00:00,cnsm-web-01,vfs.dev.util[sda],0.025000043948410596
2026-07-19T08:52:41+00:00,cnsm-web-01,vfs.dev.util[sda],0.02166670243622572
2026-07-19T08:53:41+00:00,cnsm-web-01,vfs.dev.util[sda],0.023333078163179425
2026-07-19T08:54:41+00:00,cnsm-web-01,vfs.dev.util[sda],0.01666689651455865
2026-07-19T08:55:41+00:00,cnsm-web-01,vfs.dev.util[sda],0.023333058252909673
2026-07-19T08:56:41+00:00,cnsm-web-01,vfs.dev.util[sda],0.018333606746994153
2026-07-19T08:57:41+00:00,cnsm-web-01,vfs.dev.util[sda],0.014999893524505809
2026-07-19T08:58:41+00:00,cnsm-web-01,vfs.dev.util[sda],0.028333415481821514
2026-07-19T08:59:41+00:00,cnsm-web-01,vfs.dev.util[sda],0.016666662958889713
2026-07-19T09:00:41+00:00,cnsm-web-01,vfs.dev.util[sda],0.030000001748500107
2026-07-19T09:01:41+00:00,cnsm-web-01,vfs.dev.util[sda],0.026666670548889455
2026-07-19T09:02:41+00:00,cnsm-web-01,vfs.dev.util[sda],0.035000174903457366
2026-07-19T09:03:41+00:00,cnsm-web-01,vfs.dev.util[sda],0.028333267120849177
2026-07-19T09:04:41+00:00,cnsm-web-01,vfs.dev.util[sda],0.018333284897100188
2026-07-19T09:05:41+00:00,cnsm-web-01,vfs.dev.util[sda],0.033333351693899005
2026-07-19T09:06:41+00:00,cnsm-web-01,vfs.dev.util[sda],0.01333334454712054
2026-07-19T09:07:41+00:00,cnsm-web-01,vfs.dev.util[sda],0.030000053050593813
2026-07-19T09:08:41+00:00,cnsm-web-01,vfs.dev.util[sda],0.03499954256822848
2026-07-19T09:09:41+00:00,cnsm-web-01,vfs.dev.util[sda],0.03166717501454932
2026-07-19T09:10:41+00:00,cnsm-web-01,vfs.dev.util[sda],0.024999818154656052
2026-07-19T09:11:41+00:00,cnsm-web-01,vfs.dev.util[sda],0.029999920630209988
2026-07-19T09:12:41+00:00,cnsm-web-01,vfs.dev.util[sda],0.01666681973862807
2026-07-19T09:13:41+00:00,cnsm-web-01,vfs.dev.util[sda],0.028333243291702816
2026-07-19T09:14:41+00:00,cnsm-web-01,vfs.dev.util[sda],0.026666472703633044
2026-07-19T09:15:41+00:00,cnsm-web-01,vfs.dev.util[sda],0.028333134432368526
2026-07-19T09:16:41+00:00,cnsm-web-01,vfs.dev.util[sda],0.02166696380740832
2026-07-19T09:17:41+00:00,cnsm-web-01,vfs.dev.util[sda],0.019999896004540756
2026-07-19T09:18:41+00:00,cnsm-web-01,vfs.dev.util[sda],0.018333409546233487
2026-07-19T09:19:41+00:00,cnsm-web-01,vfs.dev.util[sda],0.020000086576374775
2026-07-19T09:20:41+00:00,cnsm-web-01,vfs.dev.util[sda],0.021666516656371943
2026-07-19T09:21:41+00:00,cnsm-web-01,vfs.dev.util[sda],0.016666767615055877
2026-07-19T09:22:41+00:00,cnsm-web-01,vfs.dev.util[sda],0.02333329572706061
2026-07-19T09:23:41+00:00,cnsm-web-01,vfs.dev.util[sda],0.02499979442252383
2026-07-19T09:24:41+00:00,cnsm-web-01,vfs.dev.util[sda],0.01333343525500132
2026-07-19T09:25:41+00:00,cnsm-web-01,vfs.dev.util[sda],0.014999827731728447
2026-07-19T09:26:41+00:00,cnsm-web-01,vfs.dev.util[sda],0.030000189725699858
2026-07-19T09:27:41+00:00,cnsm-web-01,vfs.dev.util[sda],0.0183334676932069
2026-07-19T09:28:41+00:00,cnsm-web-01,vfs.dev.util[sda],0.013333168292265139
2026-07-19T09:29:41+00:00,cnsm-web-01,vfs.dev.util[sda],0.016666877751284483
2026-07-19T09:30:41+00:00,cnsm-web-01,vfs.dev.util[sda],0.013333335765111554
2026-07-19T09:31:41+00:00,cnsm-web-01,vfs.dev.util[sda],0.02833296348049465
2026-07-19T09:32:41+00:00,cnsm-web-01,vfs.dev.util[sda],0.02333345258983174
2026-07-19T09:33:41+00:00,cnsm-web-01,vfs.dev.util[sda],0.01499979798822062
2026-07-19T09:34:41+00:00,cnsm-web-01,vfs.dev.util[sda],0.023333352272237595
2026-07-19T09:35:41+00:00,cnsm-web-01,vfs.dev.util[sda],0.013333401057677325
2026-07-19T09:36:41+00:00,cnsm-web-01,vfs.dev.util[sda],0.03166703322365969
2026-07-19T09:37:41+00:00,cnsm-web-01,vfs.dev.util[sda],0.014999981812022055
2026-07-19T09:38:41+00:00,cnsm-web-01,vfs.dev.util[sda],0.016666719535445487
2026-07-19T09:39:41+00:00,cnsm-web-01,vfs.dev.util[sda],0.02833290260568698
2026-07-19T09:40:41+00:00,cnsm-web-01,vfs.dev.util[sda],0.020000246443370014
2026-07-19T09:41:41+00:00,cnsm-web-01,vfs.dev.util[sda],0.03166678716670853
2026-07-19T09:42:41+00:00,cnsm-web-01,vfs.dev.util[sda],0.026666555768461192
2026-07-19T09:43:41+00:00,cnsm-web-01,vfs.dev.util[sda],0.029999586564197718
2026-07-19T09:44:41+00:00,cnsm-web-01,vfs.dev.util[sda],0.015000051528177011
2026-07-19T09:45:41+00:00,cnsm-web-01,vfs.dev.util[sda],0.023333304981423338
2026-07-19T09:46:41+00:00,cnsm-web-01,vfs.dev.util[sda],0.014999981441772961
2026-07-19T09:47:41+00:00,cnsm-web-01,vfs.dev.util[sda],0.026667120242381444
2026-07-19T09:48:41+00:00,cnsm-web-01,vfs.dev.util[sda],0.02666656933724413
2026-07-19T09:49:41+00:00,cnsm-web-01,vfs.dev.util[sda],0.04000007690014784
2026-07-19T09:50:41+00:00,cnsm-web-01,vfs.dev.util[sda],0.011666697410747684
2026-07-19T09:51:41+00:00,cnsm-web-01,vfs.dev.util[sda],0.026666537575291596
2026-07-19T09:52:41+00:00,cnsm-web-01,vfs.dev.util[sda],0.026666636908477655
2026-07-19T09:53:41+00:00,cnsm-web-01,vfs.dev.util[sda],0.021666800992888327
2026-07-19T09:54:41+00:00,cnsm-web-01,vfs.dev.util[sda],0.02166632793060143
2026-07-19T09:55:41+00:00,cnsm-web-01,vfs.dev.util[sda],0.021666764194189
2026-07-19T09:56:41+00:00,cnsm-web-01,vfs.dev.util[sda],0.020000195922585933
2026-07-19T09:57:41+00:00,cnsm-web-01,vfs.dev.util[sda],0.014999813130078055
2026-07-19T09:58:41+00:00,cnsm-web-01,vfs.dev.util[sda],0.021666657389726195
2026-07-19T09:59:41+00:00,cnsm-web-01,vfs.dev.util[sda],0.021666788864828073
2026-07-19T08:33:41+00:00,cnsm-web-01,vfs.dev.write.rate[sda],1.250013303724923
2026-07-19T08:34:41+00:00,cnsm-web-01,vfs.dev.write.rate[sda],2.666658678068376
2026-07-19T08:35:41+00:00,cnsm-web-01,vfs.dev.write.rate[sda],1.7333412503406052
2026-07-19T08:36:41+00:00,cnsm-web-01,vfs.dev.write.rate[sda],1.0333200469041703
2026-07-19T08:37:41+00:00,cnsm-web-01,vfs.dev.write.rate[sda],1.6333299061716355
2026-07-19T08:38:41+00:00,cnsm-web-01,vfs.dev.write.rate[sda],2.249829836857582
2026-07-19T08:39:41+00:00,cnsm-web-01,vfs.dev.write.rate[sda],3.5003074926207347
2026-07-19T08:40:41+00:00,cnsm-web-01,vfs.dev.write.rate[sda],2.8333250067578035
2026-07-19T08:41:41+00:00,cnsm-web-01,vfs.dev.write.rate[sda],1.2666489521799649
2026-07-19T08:42:41+00:00,cnsm-web-01,vfs.dev.write.rate[sda],2.0833529225800262
2026-07-19T08:43:41+00:00,cnsm-web-01,vfs.dev.write.rate[sda],3.166651753056348
2026-07-19T08:44:41+00:00,cnsm-web-01,vfs.dev.write.rate[sda],4.033341584004099
2026-07-19T08:45:41+00:00,cnsm-web-01,vfs.dev.write.rate[sda],3.783381311905102
2026-07-19T08:46:41+00:00,cnsm-web-01,vfs.dev.write.rate[sda],3.7499784795610016
2026-07-19T08:47:41+00:00,cnsm-web-01,vfs.dev.write.rate[sda],7.283386878608649
2026-07-19T08:48:41+00:00,cnsm-web-01,vfs.dev.write.rate[sda],5.316650866377789
2026-07-19T08:49:41+00:00,cnsm-web-01,vfs.dev.write.rate[sda],2.066638359645503
2026-07-19T08:50:41+00:00,cnsm-web-01,vfs.dev.write.rate[sda],1.6333459074834675
2026-07-19T08:51:41+00:00,cnsm-web-01,vfs.dev.write.rate[sda],2.8666717060844147
2026-07-19T08:52:41+00:00,cnsm-web-01,vfs.dev.write.rate[sda],1.9500032192603147
2026-07-19T08:53:41+00:00,cnsm-web-01,vfs.dev.write.rate[sda],2.3666407851224847
2026-07-19T08:54:41+00:00,cnsm-web-01,vfs.dev.write.rate[sda],2.10002896083439
2026-07-19T08:55:41+00:00,cnsm-web-01,vfs.dev.write.rate[sda],2.8166334605298107
2026-07-19T08:56:41+00:00,cnsm-web-01,vfs.dev.write.rate[sda],1.5000223702086126
2026-07-19T08:57:41+00:00,cnsm-web-01,vfs.dev.write.rate[sda],1.816653771301259
2026-07-19T08:58:41+00:00,cnsm-web-01,vfs.dev.write.rate[sda],3.6333438676688763
2026-07-19T08:59:41+00:00,cnsm-web-01,vfs.dev.write.rate[sda],1.6666662958889713
2026-07-19T09:00:41+00:00,cnsm-web-01,vfs.dev.write.rate[sda],3.566666874543901
2026-07-19T09:01:41+00:00,cnsm-web-01,vfs.dev.write.rate[sda],2.900000422191728
2026-07-19T09:02:41+00:00,cnsm-web-01,vfs.dev.write.rate[sda],3.266682990989354
2026-07-19T09:03:41+00:00,cnsm-web-01,vfs.dev.write.rate[sda],3.8333243751737123
2026-07-19T09:04:41+00:00,cnsm-web-01,vfs.dev.write.rate[sda],1.3999963012331054
2026-07-19T09:05:41+00:00,cnsm-web-01,vfs.dev.write.rate[sda],3.2666684660021024
2026-07-19T09:06:41+00:00,cnsm-web-01,vfs.dev.write.rate[sda],1.283334412660352
2026-07-19T09:07:41+00:00,cnsm-web-01,vfs.dev.write.rate[sda],3.3166725317045382
2026-07-19T09:08:41+00:00,cnsm-web-01,vfs.dev.write.rate[sda],2.866629200826332
2026-07-19T09:09:41+00:00,cnsm-web-01,vfs.dev.write.rate[sda],2.8167118828730704
2026-07-19T09:10:41+00:00,cnsm-web-01,vfs.dev.write.rate[sda],1.8666530888809851
2026-07-19T09:11:41+00:00,cnsm-web-01,vfs.dev.write.rate[sda],3.199991533889065
2026-07-19T09:12:41+00:00,cnsm-web-01,vfs.dev.write.rate[sda],1.9833515488967404
2026-07-19T09:13:41+00:00,cnsm-web-01,vfs.dev.write.rate[sda],3.3999891950043377
2026-07-19T09:14:41+00:00,cnsm-web-01,vfs.dev.write.rate[sda],2.1499843617304144
2026-07-19T09:15:41+00:00,cnsm-web-01,vfs.dev.write.rate[sda],3.783306774204503
2026-07-19T09:16:41+00:00,cnsm-web-01,vfs.dev.write.rate[sda],1.4666867808091786
2026-07-19T09:17:41+00:00,cnsm-web-01,vfs.dev.write.rate[sda],2.0499893404654275
2026-07-19T09:18:41+00:00,cnsm-web-01,vfs.dev.write.rate[sda],2.6166775443260524
2026-07-19T09:19:41+00:00,cnsm-web-01,vfs.dev.write.rate[sda],2.216676262214871
2026-07-19T09:20:41+00:00,cnsm-web-01,vfs.dev.write.rate[sda],3.583308523938437
2026-07-19T09:21:41+00:00,cnsm-web-01,vfs.dev.write.rate[sda],1.5333426205851406
2026-07-19T09:22:41+00:00,cnsm-web-01,vfs.dev.write.rate[sda],2.7666622076371867
2026-07-19T09:23:41+00:00,cnsm-web-01,vfs.dev.write.rate[sda],2.699977797632574
2026-07-19T09:24:41+00:00,cnsm-web-01,vfs.dev.write.rate[sda],1.4333442899126416
2026-07-19T09:25:41+00:00,cnsm-web-01,vfs.dev.write.rate[sda],1.6833140010050813
2026-07-19T09:26:41+00:00,cnsm-web-01,vfs.dev.write.rate[sda],3.6000227670839826
2026-07-19T09:27:41+00:00,cnsm-web-01,vfs.dev.write.rate[sda],0.9833405399083702
2026-07-19T09:28:41+00:00,cnsm-web-01,vfs.dev.write.rate[sda],2.3499709115117304
2026-07-19T09:29:41+00:00,cnsm-web-01,vfs.dev.write.rate[sda],2.9833711174799222
2026-07-19T09:30:41+00:00,cnsm-web-01,vfs.dev.write.rate[sda],2.750000501554258
2026-07-19T09:31:41+00:00,cnsm-web-01,vfs.dev.write.rate[sda],2.883295695367985
2026-07-19T09:32:41+00:00,cnsm-web-01,vfs.dev.write.rate[sda],2.0166769738354575
2026-07-19T09:33:41+00:00,cnsm-web-01,vfs.dev.write.rate[sda],1.5499791254494641
2026-07-19T09:34:41+00:00,cnsm-web-01,vfs.dev.write.rate[sda],2.7333355518906894
2026-07-19T09:35:41+00:00,cnsm-web-01,vfs.dev.write.rate[sda],2.0333436612957922
2026-07-19T09:36:41+00:00,cnsm-web-01,vfs.dev.write.rate[sda],3.516707373785366
2026-07-19T09:37:41+00:00,cnsm-web-01,vfs.dev.write.rate[sda],1.9333309891050647
2026-07-19T09:38:41+00:00,cnsm-web-01,vfs.dev.write.rate[sda],1.4333378800483116
2026-07-19T09:39:41+00:00,cnsm-web-01,vfs.dev.write.rate[sda],4.166603324365732
2026-07-19T09:40:41+00:00,cnsm-web-01,vfs.dev.write.rate[sda],1.2666822747467674
2026-07-19T09:41:41+00:00,cnsm-web-01,vfs.dev.write.rate[sda],4.183349252023075
2026-07-19T09:42:41+00:00,cnsm-web-01,vfs.dev.write.rate[sda],1.8666589037922836
2026-07-19T09:43:41+00:00,cnsm-web-01,vfs.dev.write.rate[sda],2.9166264715192223
2026-07-19T09:44:41+00:00,cnsm-web-01,vfs.dev.write.rate[sda],1.9333399747428146
2026-07-19T09:45:41+00:00,cnsm-web-01,vfs.dev.write.rate[sda],3.333329283060477
2026-07-19T09:46:41+00:00,cnsm-web-01,vfs.dev.write.rate[sda],1.9333309413840705
2026-07-19T09:47:41+00:00,cnsm-web-01,vfs.dev.write.rate[sda],2.900049326358982
2026-07-19T09:48:41+00:00,cnsm-web-01,vfs.dev.write.rate[sda],1.8333266419355339
2026-07-19T09:49:41+00:00,cnsm-web-01,vfs.dev.write.rate[sda],2.816672081718744
2026-07-19T09:50:41+00:00,cnsm-web-01,vfs.dev.write.rate[sda],1.9166717174799766
2026-07-19T09:51:41+00:00,cnsm-web-01,vfs.dev.write.rate[sda],3.8499813624327235
2026-07-19T09:52:41+00:00,cnsm-web-01,vfs.dev.write.rate[sda],3.216663077085117
2026-07-19T09:53:41+00:00,cnsm-web-01,vfs.dev.write.rate[sda],2.283347489250539
2026-07-19T09:54:41+00:00,cnsm-web-01,vfs.dev.write.rate[sda],2.016635138155979
2026-07-19T09:55:41+00:00,cnsm-web-01,vfs.dev.write.rate[sda],3.2666813708161873
2026-07-19T09:56:41+00:00,cnsm-web-01,vfs.dev.write.rate[sda],2.3000225310973823
2026-07-19T09:57:41+00:00,cnsm-web-01,vfs.dev.write.rate[sda],1.8666434117430468
2026-07-19T09:58:41+00:00,cnsm-web-01,vfs.dev.write.rate[sda],3.3166652465811635
2026-07-19T09:59:41+00:00,cnsm-web-01,vfs.dev.write.rate[sda],2.8166825524276495
2026-07-19T08:33:40+00:00,cnsm-web-01,vfs.dev.write.await[sda],0.6022727272727273
2026-07-19T08:34:40+00:00,cnsm-web-01,vfs.dev.write.await[sda],0.6533333333333333
2026-07-19T08:35:40+00:00,cnsm-web-01,vfs.dev.write.await[sda],0.74375
2026-07-19T08:36:40+00:00,cnsm-web-01,vfs.dev.write.await[sda],0.6346153846153846
2026-07-19T08:37:40+00:00,cnsm-web-01,vfs.dev.write.await[sda],1.0645161290322582
2026-07-19T08:38:40+00:00,cnsm-web-01,vfs.dev.write.await[sda],0.7142857142857144
2026-07-19T08:39:40+00:00,cnsm-web-01,vfs.dev.write.await[sda],0.762962962962963
2026-07-19T08:40:40+00:00,cnsm-web-01,vfs.dev.write.await[sda],0.7380952380952381
2026-07-19T08:41:40+00:00,cnsm-web-01,vfs.dev.write.await[sda],0.7294117647058823
2026-07-19T08:42:40+00:00,cnsm-web-01,vfs.dev.write.await[sda],0.7894736842105264
2026-07-19T08:43:40+00:00,cnsm-web-01,vfs.dev.write.await[sda],0.8559999999999999
2026-07-19T08:44:40+00:00,cnsm-web-01,vfs.dev.write.await[sda],0.6789473684210526
2026-07-19T08:45:40+00:00,cnsm-web-01,vfs.dev.write.await[sda],0.566115702479339
2026-07-19T08:46:40+00:00,cnsm-web-01,vfs.dev.write.await[sda],0.5903083700440529
2026-07-19T08:47:40+00:00,cnsm-web-01,vfs.dev.write.await[sda],0.6133333333333334
2026-07-19T08:48:40+00:00,cnsm-web-01,vfs.dev.write.await[sda],1.8398169336384438
2026-07-19T08:49:40+00:00,cnsm-web-01,vfs.dev.write.await[sda],1.3761755485893419
2026-07-19T08:50:40+00:00,cnsm-web-01,vfs.dev.write.await[sda],0.5806451612903225
2026-07-19T08:51:40+00:00,cnsm-web-01,vfs.dev.write.await[sda],0.7346938775510203
2026-07-19T08:52:40+00:00,cnsm-web-01,vfs.dev.write.await[sda],0.6627906976744187
2026-07-19T08:53:40+00:00,cnsm-web-01,vfs.dev.write.await[sda],0.6495726495726496
2026-07-19T08:54:40+00:00,cnsm-web-01,vfs.dev.write.await[sda],0.6619718309859154
2026-07-19T08:55:40+00:00,cnsm-web-01,vfs.dev.write.await[sda],1.0555555555555554
2026-07-19T08:56:40+00:00,cnsm-web-01,vfs.dev.write.await[sda],0.6863905325443787
2026-07-19T08:57:40+00:00,cnsm-web-01,vfs.dev.write.await[sda],0.9333333333333333
2026-07-19T08:58:40+00:00,cnsm-web-01,vfs.dev.write.await[sda],0.6880733944954129
2026-07-19T08:59:40+00:00,cnsm-web-01,vfs.dev.write.await[sda],0.6605504587155963
2026-07-19T09:00:40+00:00,cnsm-web-01,vfs.dev.write.await[sda],0.8899999999999999
2026-07-19T09:01:40+00:00,cnsm-web-01,vfs.dev.write.await[sda],0.6822429906542057
2026-07-19T09:02:40+00:00,cnsm-web-01,vfs.dev.write.await[sda],0.689655172413793
2026-07-19T09:03:40+00:00,cnsm-web-01,vfs.dev.write.await[sda],0.7755102040816327
2026-07-19T09:04:40+00:00,cnsm-web-01,vfs.dev.write.await[sda],0.6391304347826086
2026-07-19T09:05:40+00:00,cnsm-web-01,vfs.dev.write.await[sda],1.130952380952381
2026-07-19T09:06:40+00:00,cnsm-web-01,vfs.dev.write.await[sda],0.9285714285714286
2026-07-19T09:07:40+00:00,cnsm-web-01,vfs.dev.write.await[sda],0.7922077922077922
2026-07-19T09:08:40+00:00,cnsm-web-01,vfs.dev.write.await[sda],0.9346733668341708
2026-07-19T09:09:40+00:00,cnsm-web-01,vfs.dev.write.await[sda],0.930232558139535
2026-07-19T09:10:40+00:00,cnsm-web-01,vfs.dev.write.await[sda],0.8994082840236688
2026-07-19T09:11:40+00:00,cnsm-web-01,vfs.dev.write.await[sda],0.9017857142857143
2026-07-19T09:12:40+00:00,cnsm-web-01,vfs.dev.write.await[sda],0.6979166666666666
2026-07-19T09:13:40+00:00,cnsm-web-01,vfs.dev.write.await[sda],0.7142857142857144
2026-07-19T09:14:40+00:00,cnsm-web-01,vfs.dev.write.await[sda],0.7401960784313727
2026-07-19T09:15:40+00:00,cnsm-web-01,vfs.dev.write.await[sda],0.8294573643410852
2026-07-19T09:16:40+00:00,cnsm-web-01,vfs.dev.write.await[sda],0.5638766519823788
2026-07-19T09:17:40+00:00,cnsm-web-01,vfs.dev.write.await[sda],0.715909090909091
2026-07-19T09:18:40+00:00,cnsm-web-01,vfs.dev.write.await[sda],0.7073170731707317
2026-07-19T09:19:40+00:00,cnsm-web-01,vfs.dev.write.await[sda],0.713375796178344
2026-07-19T09:20:40+00:00,cnsm-web-01,vfs.dev.write.await[sda],0.8045112781954887
2026-07-19T09:21:40+00:00,cnsm-web-01,vfs.dev.write.await[sda],0.6976744186046512
2026-07-19T09:22:40+00:00,cnsm-web-01,vfs.dev.write.await[sda],1
2026-07-19T09:23:40+00:00,cnsm-web-01,vfs.dev.write.await[sda],0.6385542168674699
2026-07-19T09:24:40+00:00,cnsm-web-01,vfs.dev.write.await[sda],0.6666666666666666
2026-07-19T09:25:40+00:00,cnsm-web-01,vfs.dev.write.await[sda],0.7674418604651163
2026-07-19T09:26:40+00:00,cnsm-web-01,vfs.dev.write.await[sda],0.7128712871287128
2026-07-19T09:27:40+00:00,cnsm-web-01,vfs.dev.write.await[sda],0.7407407407407408
2026-07-19T09:28:40+00:00,cnsm-web-01,vfs.dev.write.await[sda],0.9491525423728813
2026-07-19T09:29:40+00:00,cnsm-web-01,vfs.dev.write.await[sda],0.7021276595744682
2026-07-19T09:30:40+00:00,cnsm-web-01,vfs.dev.write.await[sda],0.8156424581005587
2026-07-19T09:31:40+00:00,cnsm-web-01,vfs.dev.write.await[sda],0.5272727272727272
2026-07-19T09:32:40+00:00,cnsm-web-01,vfs.dev.write.await[sda],0.8728323699421966
2026-07-19T09:33:40+00:00,cnsm-web-01,vfs.dev.write.await[sda],0.884297520661157
2026-07-19T09:34:40+00:00,cnsm-web-01,vfs.dev.write.await[sda],0.6989247311827957
2026-07-19T09:35:40+00:00,cnsm-web-01,vfs.dev.write.await[sda],0.7317073170731708
2026-07-19T09:36:40+00:00,cnsm-web-01,vfs.dev.write.await[sda],0.6311475409836065
2026-07-19T09:37:40+00:00,cnsm-web-01,vfs.dev.write.await[sda],0.6682464454976302
2026-07-19T09:38:40+00:00,cnsm-web-01,vfs.dev.write.await[sda],0.9224137931034482
2026-07-19T09:39:40+00:00,cnsm-web-01,vfs.dev.write.await[sda],1.0930232558139534
2026-07-19T09:40:40+00:00,cnsm-web-01,vfs.dev.write.await[sda],0.7440000000000001
2026-07-19T09:41:40+00:00,cnsm-web-01,vfs.dev.write.await[sda],1.0789473684210527
2026-07-19T09:42:40+00:00,cnsm-web-01,vfs.dev.write.await[sda],0.6334661354581673
2026-07-19T09:43:40+00:00,cnsm-web-01,vfs.dev.write.await[sda],1.1785714285714288
2026-07-19T09:44:40+00:00,cnsm-web-01,vfs.dev.write.await[sda],0.7257142857142856
2026-07-19T09:45:40+00:00,cnsm-web-01,vfs.dev.write.await[sda],0.6637931034482759
2026-07-19T09:46:40+00:00,cnsm-web-01,vfs.dev.write.await[sda],0.5
2026-07-19T09:47:40+00:00,cnsm-web-01,vfs.dev.write.await[sda],0.7413793103448276
2026-07-19T09:48:40+00:00,cnsm-web-01,vfs.dev.write.await[sda],0.8160919540229885
2026-07-19T09:49:40+00:00,cnsm-web-01,vfs.dev.write.await[sda],0.9545454545454546
2026-07-19T09:50:40+00:00,cnsm-web-01,vfs.dev.write.await[sda],0.9467455621301775
2026-07-19T09:51:40+00:00,cnsm-web-01,vfs.dev.write.await[sda],0.5217391304347826
2026-07-19T09:52:40+00:00,cnsm-web-01,vfs.dev.write.await[sda],0.5670995670995671
2026-07-19T09:53:40+00:00,cnsm-web-01,vfs.dev.write.await[sda],0.6528497409326425
2026-07-19T09:54:40+00:00,cnsm-web-01,vfs.dev.write.await[sda],0.8540145985401459
2026-07-19T09:55:40+00:00,cnsm-web-01,vfs.dev.write.await[sda],0.7438016528925621
2026-07-19T09:56:40+00:00,cnsm-web-01,vfs.dev.write.await[sda],0.5408163265306123
2026-07-19T09:57:40+00:00,cnsm-web-01,vfs.dev.write.await[sda],0.6666666666666666
2026-07-19T09:58:40+00:00,cnsm-web-01,vfs.dev.write.await[sda],0.625
2026-07-19T09:59:40+00:00,cnsm-web-01,vfs.dev.write.await[sda],0.5276381909547739
2026-07-19T08:33:41+00:00,cnsm-web-01,vfs.dev.write.time.rate[sda],0.0008166753584336164
2026-07-19T08:34:41+00:00,cnsm-web-01,vfs.dev.write.time.rate[sda],0.0019833273918133548
2026-07-19T08:35:41+00:00,cnsm-web-01,vfs.dev.write.time.rate[sda],0.0011000050242546148
2026-07-19T08:36:41+00:00,cnsm-web-01,vfs.dev.write.time.rate[sda],0.0010999858563818588
2026-07-19T08:37:41+00:00,cnsm-web-01,vfs.dev.write.time.rate[sda],0.0011666642186940255
2026-07-19T08:38:41+00:00,cnsm-web-01,vfs.dev.write.time.rate[sda],0.0017165368384913404
2026-07-19T08:39:41+00:00,cnsm-web-01,vfs.dev.write.time.rate[sda],0.002583560292172447
2026-07-19T08:40:41+00:00,cnsm-web-01,vfs.dev.write.time.rate[sda],0.0020666605931645154
2026-07-19T08:41:41+00:00,cnsm-web-01,vfs.dev.write.time.rate[sda],0.0009999860148789197
2026-07-19T08:42:41+00:00,cnsm-web-01,vfs.dev.write.time.rate[sda],0.0017833501017285023
2026-07-19T08:43:41+00:00,cnsm-web-01,vfs.dev.write.time.rate[sda],0.0021499898744435204
2026-07-19T08:44:41+00:00,cnsm-web-01,vfs.dev.write.time.rate[sda],0.0022833380041676105
2026-07-19T08:45:41+00:00,cnsm-web-01,vfs.dev.write.time.rate[sda],0.0022333616554858315
2026-07-19T08:46:41+00:00,cnsm-web-01,vfs.dev.write.time.rate[sda],0.0022999868007974144
2026-07-19T08:47:41+00:00,cnsm-web-01,vfs.dev.write.time.rate[sda],0.013400098513504242
2026-07-19T08:48:41+00:00,cnsm-web-01,vfs.dev.write.time.rate[sda],0.007316644922695454
2026-07-19T08:49:41+00:00,cnsm-web-01,vfs.dev.write.time.rate[sda],0.0011999835636651306
2026-07-19T08:50:41+00:00,cnsm-web-01,vfs.dev.write.time.rate[sda],0.001200009238151119
2026-07-19T08:51:41+00:00,cnsm-web-01,vfs.dev.write.time.rate[sda],0.0019000033400792052
2026-07-19T08:52:41+00:00,cnsm-web-01,vfs.dev.write.time.rate[sda],0.001266668757810119
2026-07-19T08:53:41+00:00,cnsm-web-01,vfs.dev.write.time.rate[sda],0.0015666495338134757
2026-07-19T08:54:41+00:00,cnsm-web-01,vfs.dev.write.time.rate[sda],0.0022166972364363003
2026-07-19T08:55:41+00:00,cnsm-web-01,vfs.dev.write.time.rate[sda],0.0019333105409553729
2026-07-19T08:56:41+00:00,cnsm-web-01,vfs.dev.write.time.rate[sda],0.0014000208788613718
2026-07-19T08:57:41+00:00,cnsm-web-01,vfs.dev.write.time.rate[sda],0.0012499911270421507
2026-07-19T08:58:41+00:00,cnsm-web-01,vfs.dev.write.time.rate[sda],0.002400006958460175
2026-07-19T08:59:41+00:00,cnsm-web-01,vfs.dev.write.time.rate[sda],0.0014833330033411844
2026-07-19T09:00:41+00:00,cnsm-web-01,vfs.dev.write.time.rate[sda],0.0024333334751561195
2026-07-19T09:01:41+00:00,cnsm-web-01,vfs.dev.write.time.rate[sda],0.002000000291166709
2026-07-19T09:02:41+00:00,cnsm-web-01,vfs.dev.write.time.rate[sda],0.0025333459930121523
2026-07-19T09:03:41+00:00,cnsm-web-01,vfs.dev.write.time.rate[sda],0.0024499942745675463
2026-07-19T09:04:41+00:00,cnsm-web-01,vfs.dev.write.time.rate[sda],0.0015833291502041073
2026-07-19T09:05:41+00:00,cnsm-web-01,vfs.dev.write.time.rate[sda],0.0030333350041448093
2026-07-19T09:06:41+00:00,cnsm-web-01,vfs.dev.write.time.rate[sda],0.0010166675217179414
2026-07-19T09:07:41+00:00,cnsm-web-01,vfs.dev.write.time.rate[sda],0.0031000054818946937
2026-07-19T09:08:41+00:00,cnsm-web-01,vfs.dev.write.time.rate[sda],0.0026666318147221695
2026-07-19T09:09:41+00:00,cnsm-web-01,vfs.dev.write.time.rate[sda],0.0025333740011639454
2026-07-19T09:10:41+00:00,cnsm-web-01,vfs.dev.write.time.rate[sda],0.0016833210890801742
2026-07-19T09:11:41+00:00,cnsm-web-01,vfs.dev.write.time.rate[sda],0.00223332742469341
2026-07-19T09:12:41+00:00,cnsm-web-01,vfs.dev.write.time.rate[sda],0.0014166796777833862
2026-07-19T09:13:41+00:00,cnsm-web-01,vfs.dev.write.time.rate[sda],0.00251665866885125
2026-07-19T09:14:41+00:00,cnsm-web-01,vfs.dev.write.time.rate[sda],0.00178332036205546
2026-07-19T09:15:41+00:00,cnsm-web-01,vfs.dev.write.time.rate[sda],0.002133318357260689
2026-07-19T09:16:41+00:00,cnsm-web-01,vfs.dev.write.time.rate[sda],0.0010500143998974803
2026-07-19T09:17:41+00:00,cnsm-web-01,vfs.dev.write.time.rate[sda],0.0014499924603292047
2026-07-19T09:18:41+00:00,cnsm-web-01,vfs.dev.write.time.rate[sda],0.0018666744265255916
2026-07-19T09:19:41+00:00,cnsm-web-01,vfs.dev.write.time.rate[sda],0.001783341053060084
2026-07-19T09:20:41+00:00,cnsm-web-01,vfs.dev.write.time.rate[sda],0.0024999826911198397
2026-07-19T09:21:41+00:00,cnsm-web-01,vfs.dev.write.time.rate[sda],0.0015333426205851406
2026-07-19T09:22:41+00:00,cnsm-web-01,vfs.dev.write.time.rate[sda],0.001766663819334589
2026-07-19T09:23:41+00:00,cnsm-web-01,vfs.dev.write.time.rate[sda],0.0017999851984217157
2026-07-19T09:24:41+00:00,cnsm-web-01,vfs.dev.write.time.rate[sda],0.0011000084085376087
2026-07-19T09:25:41+00:00,cnsm-web-01,vfs.dev.write.time.rate[sda],0.0011999862185382757
2026-07-19T09:26:41+00:00,cnsm-web-01,vfs.dev.write.time.rate[sda],0.0026666835311733206
2026-07-19T09:27:41+00:00,cnsm-web-01,vfs.dev.write.time.rate[sda],0.0009333401734723513
2026-07-19T09:28:41+00:00,cnsm-web-01,vfs.dev.write.time.rate[sda],0.001649979576167811
2026-07-19T09:29:41+00:00,cnsm-web-01,vfs.dev.write.time.rate[sda],0.0024333641516875344
2026-07-19T09:30:41+00:00,cnsm-web-01,vfs.dev.write.time.rate[sda],0.0014500002644558816
2026-07-19T09:31:41+00:00,cnsm-web-01,vfs.dev.write.time.rate[sda],0.002516633815032172
2026-07-19T09:32:41+00:00,cnsm-web-01,vfs.dev.write.time.rate[sda],0.0017833424479371401
2026-07-19T09:33:41+00:00,cnsm-web-01,vfs.dev.write.time.rate[sda],0.0010833187435937116
2026-07-19T09:34:41+00:00,cnsm-web-01,vfs.dev.write.time.rate[sda],0.002000001623334651
2026-07-19T09:35:41+00:00,cnsm-web-01,vfs.dev.write.time.rate[sda],0.0012833398518014426
2026-07-19T09:36:41+00:00,cnsm-web-01,vfs.dev.write.time.rate[sda],0.002350027202387377
2026-07-19T09:37:41+00:00,cnsm-web-01,vfs.dev.write.time.rate[sda],0.001783331170984844
2026-07-19T09:38:41+00:00,cnsm-web-01,vfs.dev.write.time.rate[sda],0.0015666716363318754
2026-07-19T09:39:41+00:00,cnsm-web-01,vfs.dev.write.time.rate[sda],0.0030999528733281047
2026-07-19T09:40:41+00:00,cnsm-web-01,vfs.dev.write.time.rate[sda],0.0013666835069636174
2026-07-19T09:41:41+00:00,cnsm-web-01,vfs.dev.write.time.rate[sda],0.0026500100839508722
2026-07-19T09:42:41+00:00,cnsm-web-01,vfs.dev.write.time.rate[sda],0.002199990850898049
2026-07-19T09:43:41+00:00,cnsm-web-01,vfs.dev.write.time.rate[sda],0.00211663749647395
2026-07-19T09:44:41+00:00,cnsm-web-01,vfs.dev.write.time.rate[sda],0.0012833377418551442
2026-07-19T09:45:41+00:00,cnsm-web-01,vfs.dev.write.time.rate[sda],0.0016666646415302384
2026-07-19T09:46:41+00:00,cnsm-web-01,vfs.dev.write.time.rate[sda],0.0014333315599916385
2026-07-19T09:47:41+00:00,cnsm-web-01,vfs.dev.write.time.rate[sda],0.0023667069215113534
2026-07-19T09:48:41+00:00,cnsm-web-01,vfs.dev.write.time.rate[sda],0.001749993612756646
2026-07-19T09:49:41+00:00,cnsm-web-01,vfs.dev.write.time.rate[sda],0.0026666717933431896
2026-07-19T09:50:41+00:00,cnsm-web-01,vfs.dev.write.time.rate[sda],0.0010000026352069442
2026-07-19T09:51:41+00:00,cnsm-web-01,vfs.dev.write.time.rate[sda],0.002183322763976999
2026-07-19T09:52:41+00:00,cnsm-web-01,vfs.dev.write.time.rate[sda],0.002099997656542615
2026-07-19T09:53:41+00:00,cnsm-web-01,vfs.dev.write.time.rate[sda],0.0019500120893599497
2026-07-19T09:54:41+00:00,cnsm-web-01,vfs.dev.write.time.rate[sda],0.0014999765490416375
2026-07-19T09:55:41+00:00,cnsm-web-01,vfs.dev.write.time.rate[sda],0.0017666746189107952
2026-07-19T09:56:41+00:00,cnsm-web-01,vfs.dev.write.time.rate[sda],0.0015333483540649214
2026-07-19T09:57:41+00:00,cnsm-web-01,vfs.dev.write.time.rate[sda],0.0011666521323394042
2026-07-19T09:58:41+00:00,cnsm-web-01,vfs.dev.write.time.rate[sda],0.0017499992507086543
2026-07-19T09:59:41+00:00,cnsm-web-01,vfs.dev.write.time.rate[sda],0.0018833439551735169
2026-07-19T08:34:06+00:00,cnsm-web-01,vm.memory.size[total],8127705088
2026-07-19T08:35:06+00:00,cnsm-web-01,vm.memory.size[total],8127705088
2026-07-19T08:36:06+00:00,cnsm-web-01,vm.memory.size[total],8127705088
2026-07-19T08:37:06+00:00,cnsm-web-01,vm.memory.size[total],8127705088
2026-07-19T08:38:06+00:00,cnsm-web-01,vm.memory.size[total],8127705088
2026-07-19T08:39:06+00:00,cnsm-web-01,vm.memory.size[total],8127705088
2026-07-19T08:40:06+00:00,cnsm-web-01,vm.memory.size[total],8127705088
2026-07-19T08:41:06+00:00,cnsm-web-01,vm.memory.size[total],8127705088
2026-07-19T08:42:06+00:00,cnsm-web-01,vm.memory.size[total],8127705088
2026-07-19T08:43:06+00:00,cnsm-web-01,vm.memory.size[total],8127705088
2026-07-19T08:44:06+00:00,cnsm-web-01,vm.memory.size[total],8127705088
2026-07-19T08:45:06+00:00,cnsm-web-01,vm.memory.size[total],8127705088
2026-07-19T08:46:06+00:00,cnsm-web-01,vm.memory.size[total],8127705088
2026-07-19T08:47:06+00:00,cnsm-web-01,vm.memory.size[total],8127705088
2026-07-19T08:48:06+00:00,cnsm-web-01,vm.memory.size[total],8127705088
2026-07-19T08:49:06+00:00,cnsm-web-01,vm.memory.size[total],8127705088
2026-07-19T08:50:06+00:00,cnsm-web-01,vm.memory.size[total],8127705088
2026-07-19T08:51:06+00:00,cnsm-web-01,vm.memory.size[total],8127705088
2026-07-19T08:52:06+00:00,cnsm-web-01,vm.memory.size[total],8127705088
2026-07-19T08:53:06+00:00,cnsm-web-01,vm.memory.size[total],8127705088
2026-07-19T08:54:06+00:00,cnsm-web-01,vm.memory.size[total],8127705088
2026-07-19T08:55:06+00:00,cnsm-web-01,vm.memory.size[total],8127705088
2026-07-19T08:56:06+00:00,cnsm-web-01,vm.memory.size[total],8127705088
2026-07-19T08:57:06+00:00,cnsm-web-01,vm.memory.size[total],8127705088
2026-07-19T08:58:06+00:00,cnsm-web-01,vm.memory.size[total],8127705088
2026-07-19T08:59:06+00:00,cnsm-web-01,vm.memory.size[total],8127705088
2026-07-19T09:00:06+00:00,cnsm-web-01,vm.memory.size[total],8127705088
2026-07-19T09:01:06+00:00,cnsm-web-01,vm.memory.size[total],8127705088
2026-07-19T09:02:06+00:00,cnsm-web-01,vm.memory.size[total],8127705088
2026-07-19T09:03:06+00:00,cnsm-web-01,vm.memory.size[total],8127705088
2026-07-19T09:04:06+00:00,cnsm-web-01,vm.memory.size[total],8127705088
2026-07-19T09:05:06+00:00,cnsm-web-01,vm.memory.size[total],8127705088
2026-07-19T09:06:06+00:00,cnsm-web-01,vm.memory.size[total],8127705088
2026-07-19T09:07:06+00:00,cnsm-web-01,vm.memory.size[total],8127705088
2026-07-19T09:08:06+00:00,cnsm-web-01,vm.memory.size[total],8127705088
2026-07-19T09:09:06+00:00,cnsm-web-01,vm.memory.size[total],8127705088
2026-07-19T09:10:06+00:00,cnsm-web-01,vm.memory.size[total],8127705088
2026-07-19T09:11:06+00:00,cnsm-web-01,vm.memory.size[total],8127705088
2026-07-19T09:12:06+00:00,cnsm-web-01,vm.memory.size[total],8127705088
2026-07-19T09:13:06+00:00,cnsm-web-01,vm.memory.size[total],8127705088
2026-07-19T09:14:06+00:00,cnsm-web-01,vm.memory.size[total],8127705088
2026-07-19T09:15:06+00:00,cnsm-web-01,vm.memory.size[total],8127705088
2026-07-19T09:16:06+00:00,cnsm-web-01,vm.memory.size[total],8127705088
2026-07-19T09:17:06+00:00,cnsm-web-01,vm.memory.size[total],8127705088
2026-07-19T09:18:06+00:00,cnsm-web-01,vm.memory.size[total],8127705088
2026-07-19T09:19:06+00:00,cnsm-web-01,vm.memory.size[total],8127705088
2026-07-19T09:20:06+00:00,cnsm-web-01,vm.memory.size[total],8127705088
2026-07-19T09:21:06+00:00,cnsm-web-01,vm.memory.size[total],8127705088
2026-07-19T09:22:06+00:00,cnsm-web-01,vm.memory.size[total],8127705088
2026-07-19T09:23:06+00:00,cnsm-web-01,vm.memory.size[total],8127705088
2026-07-19T09:24:06+00:00,cnsm-web-01,vm.memory.size[total],8127705088
2026-07-19T09:25:06+00:00,cnsm-web-01,vm.memory.size[total],8127705088
2026-07-19T09:26:06+00:00,cnsm-web-01,vm.memory.size[total],8127705088
2026-07-19T09:27:06+00:00,cnsm-web-01,vm.memory.size[total],8127705088
2026-07-19T09:28:06+00:00,cnsm-web-01,vm.memory.size[total],8127705088
2026-07-19T09:29:06+00:00,cnsm-web-01,vm.memory.size[total],8127705088
2026-07-19T09:30:06+00:00,cnsm-web-01,vm.memory.size[total],8127705088
2026-07-19T09:31:06+00:00,cnsm-web-01,vm.memory.size[total],8127705088
2026-07-19T09:32:06+00:00,cnsm-web-01,vm.memory.size[total],8127705088
2026-07-19T09:33:06+00:00,cnsm-web-01,vm.memory.size[total],8127705088
2026-07-19T09:34:06+00:00,cnsm-web-01,vm.memory.size[total],8127705088
2026-07-19T09:35:06+00:00,cnsm-web-01,vm.memory.size[total],8127705088
2026-07-19T09:36:06+00:00,cnsm-web-01,vm.memory.size[total],8127705088
2026-07-19T09:37:06+00:00,cnsm-web-01,vm.memory.size[total],8127705088
2026-07-19T09:38:06+00:00,cnsm-web-01,vm.memory.size[total],8127705088
2026-07-19T09:39:06+00:00,cnsm-web-01,vm.memory.size[total],8127705088
2026-07-19T09:40:06+00:00,cnsm-web-01,vm.memory.size[total],8127705088
2026-07-19T09:41:06+00:00,cnsm-web-01,vm.memory.size[total],8127705088
2026-07-19T09:42:06+00:00,cnsm-web-01,vm.memory.size[total],8127705088
2026-07-19T09:43:06+00:00,cnsm-web-01,vm.memory.size[total],8127705088
2026-07-19T09:44:06+00:00,cnsm-web-01,vm.memory.size[total],8127705088
2026-07-19T09:45:06+00:00,cnsm-web-01,vm.memory.size[total],8127705088
2026-07-19T09:46:06+00:00,cnsm-web-01,vm.memory.size[total],8127705088
2026-07-19T09:47:06+00:00,cnsm-web-01,vm.memory.size[total],8127705088
2026-07-19T09:48:06+00:00,cnsm-web-01,vm.memory.size[total],8127705088
2026-07-19T09:49:06+00:00,cnsm-web-01,vm.memory.size[total],8127705088
2026-07-19T09:50:06+00:00,cnsm-web-01,vm.memory.size[total],8127705088
2026-07-19T09:51:06+00:00,cnsm-web-01,vm.memory.size[total],8127705088
2026-07-19T09:52:06+00:00,cnsm-web-01,vm.memory.size[total],8127705088
2026-07-19T09:53:06+00:00,cnsm-web-01,vm.memory.size[total],8127705088
2026-07-19T09:54:06+00:00,cnsm-web-01,vm.memory.size[total],8127705088
2026-07-19T09:55:06+00:00,cnsm-web-01,vm.memory.size[total],8127705088
2026-07-19T09:56:06+00:00,cnsm-web-01,vm.memory.size[total],8127705088
2026-07-19T09:57:06+00:00,cnsm-web-01,vm.memory.size[total],8127705088
2026-07-19T09:58:06+00:00,cnsm-web-01,vm.memory.size[total],8127705088
2026-07-19T09:59:06+00:00,cnsm-web-01,vm.memory.size[total],8127705088
2026-07-19T10:00:06+00:00,cnsm-web-01,vm.memory.size[total],8127705088
