timestamp_utc,host,item_key,value
2026-07-20T10:40:55+00:00,cnsm-web-04,vm.memory.size[available],7600709632
2026-07-20T10:41:55+00:00,cnsm-web-04,vm.memory.size[available],7598329856
2026-07-20T10:42:55+00:00,cnsm-web-04,vm.memory.size[available],7596642304
2026-07-20T10:43:55+00:00,cnsm-web-04,vm.memory.size[available],7598551040
2026-07-20T10:44:55+00:00,cnsm-web-04,vm.memory.size[available],7596761088
2026-07-20T10:45:55+00:00,cnsm-web-04,vm.memory.size[available],7594901504
2026-07-20T10:46:55+00:00,cnsm-web-04,vm.memory.size[available],7593988096
2026-07-20T10:47:55+00:00,cnsm-web-04,vm.memory.size[available],7597662208
2026-07-20T10:48:55+00:00,cnsm-web-04,vm.memory.size[available],7599312896
2026-07-20T10:49:55+00:00,cnsm-web-04,vm.memory.size[available],7597719552
2026-07-20T10:50:55+00:00,cnsm-web-04,vm.memory.size[available],7591976960
2026-07-20T10:51:55+00:00,cnsm-web-04,vm.memory.size[available],7596306432
2026-07-20T10:52:55+00:00,cnsm-web-04,vm.memory.size[available],7596056576
2026-07-20T10:53:55+00:00,cnsm-web-04,vm.memory.size[available],7597121536
2026-07-20T10:54:55+00:00,cnsm-web-04,vm.memory.size[available],7593123840
2026-07-20T10:55:55+00:00,cnsm-web-04,vm.memory.size[available],7595192320
2026-07-20T10:56:55+00:00,cnsm-web-04,vm.memory.size[available],7596781568
2026-07-20T10:57:55+00:00,cnsm-web-04,vm.memory.size[available],7598288896
2026-07-20T10:58:55+00:00,cnsm-web-04,vm.memory.size[available],7597907968
2026-07-20T10:59:55+00:00,cnsm-web-04,vm.memory.size[available],7590252544
2026-07-20T11:00:55+00:00,cnsm-web-04,vm.memory.size[available],7595065344
2026-07-20T11:01:55+00:00,cnsm-web-04,vm.memory.size[available],7595577344
2026-07-20T11:02:55+00:00,cnsm-web-04,vm.memory.size[available],7591014400
2026-07-20T11:03:55+00:00,cnsm-web-04,vm.memory.size[available],7597035520
2026-07-20T11:04:55+00:00,cnsm-web-04,vm.memory.size[available],7595409408
2026-07-20T11:05:55+00:00,cnsm-web-04,vm.memory.size[available],7592800256
2026-07-20T11:06:55+00:00,cnsm-web-04,vm.memory.size[available],7599648768
2026-07-20T11:07:55+00:00,cnsm-web-04,vm.memory.size[available],7591243776
2026-07-20T11:08:55+00:00,cnsm-web-04,vm.memory.size[available],7555756032
2026-07-20T11:09:55+00:00,cnsm-web-04,vm.memory.size[available],7595261952
2026-07-20T11:10:55+00:00,cnsm-web-04,vm.memory.size[available],7598673920
2026-07-20T11:11:55+00:00,cnsm-web-04,vm.memory.size[available],7594876928
2026-07-20T11:12:55+00:00,cnsm-web-04,vm.memory.size[available],7595126784
2026-07-20T11:13:55+00:00,cnsm-web-04,vm.memory.size[available],7596400640
2026-07-20T11:14:55+00:00,cnsm-web-04,vm.memory.size[available],7597137920
2026-07-20T11:15:55+00:00,cnsm-web-04,vm.memory.size[available],7593209856
2026-07-20T11:16:55+00:00,cnsm-web-04,vm.memory.size[available],7597285376
2026-07-20T11:17:55+00:00,cnsm-web-04,vm.memory.size[available],7596867584
2026-07-20T11:18:55+00:00,cnsm-web-04,vm.memory.size[available],7599583232
2026-07-20T11:19:55+00:00,cnsm-web-04,vm.memory.size[available],7597125632
2026-07-20T11:20:55+00:00,cnsm-web-04,vm.memory.size[available],7596097536
2026-07-20T11:21:55+00:00,cnsm-web-04,vm.memory.size[available],7595687936
2026-07-20T11:22:55+00:00,cnsm-web-04,vm.memory.size[available],7597588480
2026-07-20T11:23:55+00:00,cnsm-web-04,vm.memory.size[available],7592009728
2026-07-20T11:24:55+00:00,cnsm-web-04,vm.memory.size[available],7593828352
2026-07-20T11:25:55+00:00,cnsm-web-04,vm.memory.size[available],7592198144
2026-07-20T11:26:55+00:00,cnsm-web-04,vm.memory.size[available],7596228608
2026-07-20T11:27:55+00:00,cnsm-web-04,vm.memory.size[available],7594840064
2026-07-20T11:28:55+00:00,cnsm-web-04,vm.memory.size[available],7587999744
2026-07-20T11:29:55+00:00,cnsm-web-04,vm.memory.size[available],7593385984
2026-07-20T11:30:55+00:00,cnsm-web-04,vm.memory.size[available],7595614208
2026-07-20T11:31:55+00:00,cnsm-web-04,vm.memory.size[available],7603183616
2026-07-20T11:32:55+00:00,cnsm-web-04,vm.memory.size[available],7598907392
2026-07-20T11:33:55+00:00,cnsm-web-04,vm.memory.size[available],7601373184
2026-07-20T11:34:55+00:00,cnsm-web-04,vm.memory.size[available],7602511872
2026-07-20T11:35:55+00:00,cnsm-web-04,vm.memory.size[available],7597883392
2026-07-20T11:36:55+00:00,cnsm-web-04,vm.memory.size[available],7604273152
2026-07-20T11:37:55+00:00,cnsm-web-04,vm.memory.size[available],7602466816
2026-07-20T11:38:55+00:00,cnsm-web-04,vm.memory.size[available],7601057792
2026-07-20T11:39:55+00:00,cnsm-web-04,vm.memory.size[available],7597588480
2026-07-20T11:40:55+00:00,cnsm-web-04,vm.memory.size[available],7603032064
2026-07-20T11:41:55+00:00,cnsm-web-04,vm.memory.size[available],7605452800
2026-07-20T11:42:55+00:00,cnsm-web-04,vm.memory.size[available],7604166656
2026-07-20T11:43:55+00:00,cnsm-web-04,vm.memory.size[available],7601098752
2026-07-20T11:44:55+00:00,cnsm-web-04,vm.memory.size[available],7594340352
2026-07-20T11:45:55+00:00,cnsm-web-04,vm.memory.size[available],7602819072
2026-07-20T11:46:55+00:00,cnsm-web-04,vm.memory.size[available],7597555712
2026-07-20T11:47:55+00:00,cnsm-web-04,vm.memory.size[available],7602806784
2026-07-20T10:40:56+00:00,cnsm-web-04,vm.memory.size[pavailable],93.504272
2026-07-20T10:41:56+00:00,cnsm-web-04,vm.memory.size[pavailable],93.477209
2026-07-20T10:42:56+00:00,cnsm-web-04,vm.memory.size[pavailable],93.466021
2026-07-20T10:43:56+00:00,cnsm-web-04,vm.memory.size[pavailable],93.489455
2026-07-20T10:44:56+00:00,cnsm-web-04,vm.memory.size[pavailable],93.472472
2026-07-20T10:45:56+00:00,cnsm-web-04,vm.memory.size[pavailable],93.438707
2026-07-20T10:46:56+00:00,cnsm-web-04,vm.memory.size[pavailable],93.433315
2026-07-20T10:47:56+00:00,cnsm-web-04,vm.memory.size[pavailable],93.478519
2026-07-20T10:48:56+00:00,cnsm-web-04,vm.memory.size[pavailable],93.489304
2026-07-20T10:49:56+00:00,cnsm-web-04,vm.memory.size[pavailable],93.479225
2026-07-20T10:50:56+00:00,cnsm-web-04,vm.memory.size[pavailable],93.395921
2026-07-20T10:51:56+00:00,cnsm-web-04,vm.memory.size[pavailable],93.456295
2026-07-20T10:52:56+00:00,cnsm-web-04,vm.memory.size[pavailable],93.433365
2026-07-20T10:53:56+00:00,cnsm-web-04,vm.memory.size[pavailable],93.47217
2026-07-20T10:54:56+00:00,cnsm-web-04,vm.memory.size[pavailable],93.419909
2026-07-20T10:55:56+00:00,cnsm-web-04,vm.memory.size[pavailable],93.486532
2026-07-20T10:56:56+00:00,cnsm-web-04,vm.memory.size[pavailable],93.45816
2026-07-20T10:57:56+00:00,cnsm-web-04,vm.memory.size[pavailable],93.48623
2026-07-20T10:58:56+00:00,cnsm-web-04,vm.memory.size[pavailable],93.475596
2026-07-20T10:59:56+00:00,cnsm-web-04,vm.memory.size[pavailable],93.367952
2026-07-20T11:00:56+00:00,cnsm-web-04,vm.memory.size[pavailable],93.443444
2026-07-20T11:01:56+00:00,cnsm-web-04,vm.memory.size[pavailable],93.480838
2026-07-20T11:02:56+00:00,cnsm-web-04,vm.memory.size[pavailable],93.398038
2026-07-20T11:03:56+00:00,cnsm-web-04,vm.memory.size[pavailable],93.459621
2026-07-20T11:04:56+00:00,cnsm-web-04,vm.memory.size[pavailable],93.448181
2026-07-20T11:05:56+00:00,cnsm-web-04,vm.memory.size[pavailable],93.459672
2026-07-20T11:06:56+00:00,cnsm-web-04,vm.memory.size[pavailable],93.493436
2026-07-20T11:07:56+00:00,cnsm-web-04,vm.memory.size[pavailable],93.37415
2026-07-20T11:08:56+00:00,cnsm-web-04,vm.memory.size[pavailable],93.170301
2026-07-20T11:09:56+00:00,cnsm-web-04,vm.memory.size[pavailable],93.448988
2026-07-20T11:10:56+00:00,cnsm-web-04,vm.memory.size[pavailable],93.487792
2026-07-20T11:11:56+00:00,cnsm-web-04,vm.memory.size[pavailable],93.443343
2026-07-20T11:12:56+00:00,cnsm-web-04,vm.memory.size[pavailable],93.4505
2026-07-20T11:13:56+00:00,cnsm-web-04,vm.memory.size[pavailable],93.463048
2026-07-20T11:14:56+00:00,cnsm-web-04,vm.memory.size[pavailable],93.465114
2026-07-20T11:15:56+00:00,cnsm-web-04,vm.memory.size[pavailable],93.426108
2026-07-20T11:16:56+00:00,cnsm-web-04,vm.memory.size[pavailable],93.475042
2026-07-20T11:17:56+00:00,cnsm-web-04,vm.memory.size[pavailable],93.465719
2026-07-20T11:18:56+00:00,cnsm-web-04,vm.memory.size[pavailable],93.502155
2026-07-20T11:19:56+00:00,cnsm-web-04,vm.memory.size[pavailable],93.456749
2026-07-20T11:20:56+00:00,cnsm-web-04,vm.memory.size[pavailable],93.437044
2026-07-20T11:21:56+00:00,cnsm-web-04,vm.memory.size[pavailable],93.447879
2026-07-20T11:22:56+00:00,cnsm-web-04,vm.memory.size[pavailable],93.477612
2026-07-20T11:23:56+00:00,cnsm-web-04,vm.memory.size[pavailable],93.3932
2026-07-20T11:24:56+00:00,cnsm-web-04,vm.memory.size[pavailable],93.406655
2026-07-20T11:25:56+00:00,cnsm-web-04,vm.memory.size[pavailable],93.407512
2026-07-20T11:26:56+00:00,cnsm-web-04,vm.memory.size[pavailable],93.459672
2026-07-20T11:27:56+00:00,cnsm-web-04,vm.memory.size[pavailable],93.444099
2026-07-20T11:28:56+00:00,cnsm-web-04,vm.memory.size[pavailable],93.411997
2026-07-20T11:29:56+00:00,cnsm-web-04,vm.memory.size[pavailable],93.426007
2026-07-20T11:30:56+00:00,cnsm-web-04,vm.memory.size[pavailable],93.497418
2026-07-20T11:31:56+00:00,cnsm-web-04,vm.memory.size[pavailable],93.537684
2026-07-20T11:32:56+00:00,cnsm-web-04,vm.memory.size[pavailable],93.538037
2026-07-20T11:33:56+00:00,cnsm-web-04,vm.memory.size[pavailable],93.522263
2026-07-20T11:34:56+00:00,cnsm-web-04,vm.memory.size[pavailable],93.540959
2026-07-20T11:35:56+00:00,cnsm-web-04,vm.memory.size[pavailable],93.485272
2026-07-20T11:36:56+00:00,cnsm-web-04,vm.memory.size[pavailable],93.544084
2026-07-20T11:37:56+00:00,cnsm-web-04,vm.memory.size[pavailable],93.531284
2026-07-20T11:38:56+00:00,cnsm-web-04,vm.memory.size[pavailable],93.581377
2026-07-20T11:39:56+00:00,cnsm-web-04,vm.memory.size[pavailable],93.480082
2026-07-20T11:40:56+00:00,cnsm-web-04,vm.memory.size[pavailable],93.533148
2026-07-20T11:41:56+00:00,cnsm-web-04,vm.memory.size[pavailable],93.562881
2026-07-20T11:42:56+00:00,cnsm-web-04,vm.memory.size[pavailable],93.558547
2026-07-20T11:43:56+00:00,cnsm-web-04,vm.memory.size[pavailable],93.520801
2026-07-20T11:44:56+00:00,cnsm-web-04,vm.memory.size[pavailable],93.409074
2026-07-20T11:45:56+00:00,cnsm-web-04,vm.memory.size[pavailable],93.541967
2026-07-20T11:46:56+00:00,cnsm-web-04,vm.memory.size[pavailable],93.477209
2026-07-20T11:47:56+00:00,cnsm-web-04,vm.memory.size[pavailable],93.532291
2026-07-20T10:40:37+00:00,cnsm-web-04,cnsm.fault.active,0
2026-07-20T10:40:52+00:00,cnsm-web-04,cnsm.fault.active,0
2026-07-20T10:41:07+00:00,cnsm-web-04,cnsm.fault.active,0
2026-07-20T10:41:22+00:00,cnsm-web-04,cnsm.fault.active,0
2026-07-20T10:41:37+00:00,cnsm-web-04,cnsm.fault.active,0
2026-07-20T10:41:52+00:00,cnsm-web-04,cnsm.fault.active,0
2026-07-20T10:42:07+00:00,cnsm-web-04,cnsm.fault.active,0
2026-07-20T10:42:22+00:00,cnsm-web-04,cnsm.fault.active,0
2026-07-20T10:42:37+00:00,cnsm-web-04,cnsm.fault.active,0
2026-07-20T10:42:52+00:00,cnsm-web-04,cnsm.fault.active,0
2026-07-20T10:43:07+00:00,cnsm-web-04,cnsm.fault.active,0
2026-07-20T10:43:22+00:00,cnsm-web-04,cnsm.fault.active,0
2026-07-20T10:43:37+00:00,cnsm-web-04,cnsm.fault.active,0
2026-07-20T10:43:52+00:00,cnsm-web-04,cnsm.fault.active,0
2026-07-20T10:44:07+00:00,cnsm-web-04,cnsm.fault.active,0
2026-07-20T10:44:22+00:00,cnsm-web-04,cnsm.fault.active,0
2026-07-20T10:44:37+00:00,cnsm-web-04,cnsm.fault.active,0
2026-07-20T10:44:52+00:00,cnsm-web-04,cnsm.fault.active,0
2026-07-20T10:45:07+00:00,cnsm-web-04,cnsm.fault.active,0
2026-07-20T10:45:22+00:00,cnsm-web-04,cnsm.fault.active,0
2026-07-20T10:45:37+00:00,cnsm-web-04,cnsm.fault.active,0
2026-07-20T10:45:52+00:00,cnsm-web-04,cnsm.fault.active,0
2026-07-20T10:46:07+00:00,cnsm-web-04,cnsm.fault.active,0
2026-07-20T10:46:22+00:00,cnsm-web-04,cnsm.fault.active,0
2026-07-20T10:46:37+00:00,cnsm-web-04,cnsm.fault.active,0
2026-07-20T10:46:52+00:00,cnsm-web-04,cnsm.fault.active,0
2026-07-20T10:47:07+00:00,cnsm-web-04,cnsm.fault.active,0
2026-07-20T10:47:22+00:00,cnsm-web-04,cnsm.fault.active,0
2026-07-20T10:47:37+00:00,cnsm-web-04,cnsm.fault.active,0
2026-07-20T10:47:52+00:00,cnsm-web-04,cnsm.fault.active,0
2026-07-20T10:48:07+00:00,cnsm-web-04,cnsm.fault.active,0
2026-07-20T10:48:22+00:00,cnsm-web-04,cnsm.fault.active,0
2026-07-20T10:48:37+00:00,cnsm-web-04,cnsm.fault.active,0
2026-07-20T10:48:52+00:00,cnsm-web-04,cnsm.fault.active,0
2026-07-20T10:49:07+00:00,cnsm-web-04,cnsm.fault.active,0
2026-07-20T10:49:22+00:00,cnsm-web-04,cnsm.fault.active,0
2026-07-20T10:49:37+00:00,cnsm-web-04,cnsm.fault.active,0
2026-07-20T10:49:52+00:00,cnsm-web-04,cnsm.fault.active,0
2026-07-20T10:50:07+00:00,cnsm-web-04,cnsm.fault.active,0
2026-07-20T10:50:22+00:00,cnsm-web-04,cnsm.fault.active,0
2026-07-20T10:50:37+00:00,cnsm-web-04,cnsm.fault.active,0
2026-07-20T10:50:52+00:00,cnsm-web-04,cnsm.fault.active,0
2026-07-20T10:51:07+00:00,cnsm-web-04,cnsm.fault.active,0
2026-07-20T10:51:22+00:00,cnsm-web-04,cnsm.fault.active,0
2026-07-20T10:51:37+00:00,cnsm-web-04,cnsm.fault.active,0
2026-07-20T10:51:52+00:00,cnsm-web-04,cnsm.fault.active,0
2026-07-20T10:52:07+00:00,cnsm-web-04,cnsm.fault.active,0
2026-07-20T10:52:22+00:00,cnsm-web-04,cnsm.fault.active,0
2026-07-20T10:52:37+00:00,cnsm-web-04,cnsm.fault.active,0
2026-07-20T10:52:52+00:00,cnsm-web-04,cnsm.fault.active,0
2026-07-20T10:53:07+00:00,cnsm-web-04,cnsm.fault.active,0
2026-07-20T10:53:22+00:00,cnsm-web-04,cnsm.fault.active,0
2026-07-20T10:53:37+00:00,cnsm-web-04,cnsm.fault.active,0
2026-07-20T10:53:52+00:00,cnsm-web-04,cnsm.fault.active,0
2026-07-20T10:54:07+00:00,cnsm-web-04,cnsm.fault.active,0
2026-07-20T10:54:22+00:00,cnsm-web-04,cnsm.fault.active,0
2026-07-20T10:54:37+00:00,cnsm-web-04,cnsm.fault.active,0
2026-07-20T10:54:52+00:00,cnsm-web-04,cnsm.fault.active,0
2026-07-20T10:55:07+00:00,cnsm-web-04,cnsm.fault.active,0
2026-07-20T10:55:22+00:00,cnsm-web-04,cnsm.fault.active,0
2026-07-20T10:55:37+00:00,cnsm-web-04,cnsm.fault.active,0
2026-07-20T10:55:52+00:00,cnsm-web-04,cnsm.fault.active,0
2026-07-20T10:56:07+00:00,cnsm-web-04,cnsm.fault.active,0
2026-07-20T10:56:22+00:00,cnsm-web-04,cnsm.fault.active,0
2026-07-20T10:56:37+00:00,cnsm-web-04,cnsm.fault.active,0
2026-07-20T10:56:52+00:00,cnsm-web-04,cnsm.fault.active,0
2026-07-20T10:57:07+00:00,cnsm-web-04,cnsm.fault.active,0
2026-07-20T10:57:22+00:00,cnsm-web-04,cnsm.fault.active,0
2026-07-20T10:57:37+00:00,cnsm-web-04,cnsm.fault.active,0
2026-07-20T10:57:52+00:00,cnsm-web-04,cnsm.fault.active,0
2026-07-20T10:58:07+00:00,cnsm-web-04,cnsm.fault.active,0
2026-07-20T10:58:22+00:00,cnsm-web-04,cnsm.fault.active,0
2026-07-20T10:58:37+00:00,cnsm-web-04,cnsm.fault.active,0
2026-07-20T10:58:52+00:00,cnsm-web-04,cnsm.fault.active,0
2026-07-20T10:59:07+00:00,cnsm-web-04,cnsm.fault.active,0
2026-07-20T10:59:22+00:00,cnsm-web-04,cnsm.fault.active,0
2026-07-20T10:59:37+00:00,cnsm-web-04,cnsm.fault.active,0
2026-07-20T10:59:52+00:00,cnsm-web-04,cnsm.fault.active,0
2026-07-20T11:00:07+00:00,cnsm-web-04,cnsm.fault.active,0
2026-07-20T11:00:22+00:00,cnsm-web-04,cnsm.fault.active,0
2026-07-20T11:00:37+00:00,cnsm-web-04,cnsm.fault.active,0
2026-07-20T11:00:52+00:00,cnsm-web-04,cnsm.fault.active,0
2026-07-20T11:01:07+00:00,cnsm-web-04,cnsm.fault.active,0
2026-07-20T11:01:22+00:00,cnsm-web-04,cnsm.fault.active,0
2026-07-20T11:01:37+00:00,cnsm-web-04,cnsm.fault.active,0
2026-07-20T11:01:52+00:00,cnsm-web-04,cnsm.fault.active,0
2026-07-20T11:02:07+00:00,cnsm-web-04,cnsm.fault.active,0
2026-07-20T11:02:22+00:00,cnsm-web-04,cnsm.fault.active,0
2026-07-20T11:02:37+00:00,cnsm-web-04,cnsm.fault.active,0
2026-07-20T11:02:52+00:00,cnsm-web-04,cnsm.fault.active,0
2026-07-20T11:03:07+00:00,cnsm-web-04,cnsm.fault.active,0
2026-07-20T11:03:22+00:00,cnsm-web-04,cnsm.fault.active,0
2026-07-20T11:03:37+00:00,cnsm-web-04,cnsm.fault.active,0
2026-07-20T11:03:52+00:00,cnsm-web-04,cnsm.fault.active,0
2026-07-20T11:04:07+00:00,cnsm-web-04,cnsm.fault.active,0
2026-07-20T11:04:22+00:00,cnsm-web-04,cnsm.fault.active,0
2026-07-20T11:04:37+00:00,cnsm-web-04,cnsm.fault.active,0
2026-07-20T11:04:52+00:00,cnsm-web-04,cnsm.fault.active,0
2026-07-20T11:05:07+00:00,cnsm-web-04,cnsm.fault.active,0
2026-07-20T11:05:22+00:00,cnsm-web-04,cnsm.fault.active,0
2026-07-20T11:05:37+00:00,cnsm-web-04,cnsm.fault.active,0
2026-07-20T11:05:52+00:00,cnsm-web-04,cnsm.fault.active,0
2026-07-20T11:06:07+00:00,cnsm-web-04,cnsm.fault.active,0
2026-07-20T11:06:22+00:00,cnsm-web-04,cnsm.fault.active,0
2026-07-20T11:06:37+00:00,cnsm-web-04,cnsm.fault.active,0
2026-07-20T11:06:52+00:00,cnsm-web-04,cnsm.fault.active,0
2026-07-20T11:07:07+00:00,cnsm-web-04,cnsm.fault.active,0
2026-07-20T11:07:22+00:00,cnsm-web-04,cnsm.fault.active,0
2026-07-20T11:07:37+00:00,cnsm-web-04,cnsm.fault.active,0
2026-07-20T11:07:52+00:00,cnsm-web-04,cnsm.fault.active,0
2026-07-20T11:08:07+00:00,cnsm-web-04,cnsm.fault.active,0
2026-07-20T11:08:22+00:00,cnsm-web-04,cnsm.fault.active,0
2026-07-20T11:08:37+00:00,cnsm-web-04,cnsm.fault.active,0
2026-07-20T11:08:52+00:00,cnsm-web-04,cnsm.fault.active,0
2026-07-20T11:09:07+00:00,cnsm-web-04,cnsm.fault.active,0
2026-07-20T11:09:22+00:00,cnsm-web-04,cnsm.fault.active,0
2026-07-20T11:09:37+00:00,cnsm-web-04,cnsm.fault.active,0
2026-07-20T11:09:52+00:00,cnsm-web-04,cnsm.fault.active,0
2026-07-20T11:10:07+00:00,cnsm-web-04,cnsm.fault.active,0
2026-07-20T11:10:22+00:00,cnsm-web-04,cnsm.fault.active,0
2026-07-20T11:10:37+00:00,cnsm-web-04,cnsm.fault.active,0
2026-07-20T11:10:52+00:00,cnsm-web-04,cnsm.fault.active,0
2026-07-20T11:11:07+00:00,cnsm-web-04,cnsm.fault.active,0
2026-07-20T11:11:22+00:00,cnsm-web-04,cnsm.fault.active,0
2026-07-20T11:11:37+00:00,cnsm-web-04,cnsm.fault.active,0
2026-07-20T11:11:52+00:00,cnsm-web-04,cnsm.fault.active,0
2026-07-20T11:12:07+00:00,cnsm-web-04,cnsm.fault.active,0
2026-07-20T11:12:22+00:00,cnsm-web-04,cnsm.fault.active,0
2026-07-20T11:12:37+00:00,cnsm-web-04,cnsm.fault.active,0
2026-07-20T11:12:52+00:00,cnsm-web-04,cnsm.fault.active,0
2026-07-20T11:13:07+00:00,cnsm-web-04,cnsm.fault.active,0
2026-07-20T11:13:22+00:00,cnsm-web-04,cnsm.fault.active,0
2026-07-20T11:13:37+00:00,cnsm-web-04,cnsm.fault.active,0
2026-07-20T11:13:52+00:00,cnsm-web-04,cnsm.fault.active,0
2026-07-20T11:14:07+00:00,cnsm-web-04,cnsm.fault.active,0
2026-07-20T11:14:22+00:00,cnsm-web-04,cnsm.fault.active,0
2026-07-20T11:14:37+00:00,cnsm-web-04,cnsm.fault.active,0
2026-07-20T11:14:52+00:00,cnsm-web-04,cnsm.fault.active,0
2026-07-20T11:15:07+00:00,cnsm-web-04,cnsm.fault.active,0
2026-07-20T11:15:22+00:00,cnsm-web-04,cnsm.fault.active,0
2026-07-20T11:15:37+00:00,cnsm-web-04,cnsm.fault.active,0
2026-07-20T11:15:52+00:00,cnsm-web-04,cnsm.fault.active,0
2026-07-20T11:16:07+00:00,cnsm-web-04,cnsm.fault.active,0
2026-07-20T11:16:22+00:00,cnsm-web-04,cnsm.fault.active,0
2026-07-20T11:16:37+00:00,cnsm-web-04,cnsm.fault.active,0
2026-07-20T11:16:52+00:00,cnsm-web-04,cnsm.fault.active,0
2026-07-20T11:17:07+00:00,cnsm-web-04,cnsm.fault.active,0
2026-07-20T11:17:22+00:00,cnsm-web-04,cnsm.fault.active,0
2026-07-20T11:17:37+00:00,cnsm-web-04,cnsm.fault.active,0
2026-07-20T11:17:52+00:00,cnsm-web-04,cnsm.fault.active,0
2026-07-20T11:18:07+00:00,cnsm-web-04,cnsm.fault.active,0
2026-07-20T11:18:22+00:00,cnsm-web-04,cnsm.fault.active,0
2026-07-20T11:18:37+00:00,cnsm-web-04,cnsm.fault.active,0
2026-07-20T11:18:52+00:00,cnsm-web-04,cnsm.fault.active,0
2026-07-20T11:19:07+00:00,cnsm-web-04,cnsm.fault.active,0
2026-07-20T11:19:22+00:00,cnsm-web-04,cnsm.fault.active,0
2026-07-20T11:19:37+00:00,cnsm-web-04,cnsm.fault.active,0
2026-07-20T11:19:52+00:00,cnsm-web-04,cnsm.fault.active,0
2026-07-20T11:20:07+00:00,cnsm-web-04,cnsm.fault.active,0
2026-07-20T11:20:22+00:00,cnsm-web-04,cnsm.fault.active,0
2026-07-20T11:20:37+00:00,cnsm-web-04,cnsm.fault.active,0
2026-07-20T11:20:52+00:00,cnsm-web-04,cnsm.fault.active,0
2026-07-20T11:21:07+00:00,cnsm-web-04,cnsm.fault.active,0
2026-07-20T11:21:22+00:00,cnsm-web-04,cnsm.fault.active,0
2026-07-20T11:21:37+00:00,cnsm-web-04,cnsm.fault.active,0
2026-07-20T11:21:52+00:00,cnsm-web-04,cnsm.fault.active,0
2026-07-20T11:22:07+00:00,cnsm-web-04,cnsm.fault.active,0
2026-07-20T11:22:22+00:00,cnsm-web-04,cnsm.fault.active,0
2026-07-20T11:22:37+00:00,cnsm-web-04,cnsm.fault.active,0
2026-07-20T11:22:52+00:00,cnsm-web-04,cnsm.fault.active,0
2026-07-20T11:23:07+00:00,cnsm-web-04,cnsm.fault.active,0
2026-07-20T11:23:22+00:00,cnsm-web-04,cnsm.fault.active,0
2026-07-20T11:23:37+00:00,cnsm-web-04,cnsm.fault.active,0
2026-07-20T11:23:52+00:00,cnsm-web-04,cnsm.fault.active,0
2026-07-20T11:24:07+00:00,cnsm-web-04,cnsm.fault.active,0
2026-07-20T11:24:22+00:00,cnsm-web-04,cnsm.fault.active,0
2026-07-20T11:24:37+00:00,cnsm-web-04,cnsm.fault.active,0
2026-07-20T11:24:52+00:00,cnsm-web-04,cnsm.fault.active,0
2026-07-20T11:25:07+00:00,cnsm-web-04,cnsm.fault.active,0
2026-07-20T11:25:22+00:00,cnsm-web-04,cnsm.fault.active,0
2026-07-20T11:25:37+00:00,cnsm-web-04,cnsm.fault.active,0
2026-07-20T11:25:52+00:00,cnsm-web-04,cnsm.fault.active,0
2026-07-20T11:26:07+00:00,cnsm-web-04,cnsm.fault.active,0
2026-07-20T11:26:22+00:00,cnsm-web-04,cnsm.fault.active,0
2026-07-20T11:26:37+00:00,cnsm-web-04,cnsm.fault.active,0
2026-07-20T11:26:52+00:00,cnsm-web-04,cnsm.fault.active,0
2026-07-20T11:27:07+00:00,cnsm-web-04,cnsm.fault.active,0
2026-07-20T11:27:22+00:00,cnsm-web-04,cnsm.fault.active,0
2026-07-20T11:27:37+00:00,cnsm-web-04,cnsm.fault.active,0
2026-07-20T11:27:52+00:00,cnsm-web-04,cnsm.fault.active,0
2026-07-20T11:28:07+00:00,cnsm-web-04,cnsm.fault.active,0
2026-07-20T11:28:22+00:00,cnsm-web-04,cnsm.fault.active,0
2026-07-20T11:28:37+00:00,cnsm-web-04,cnsm.fault.active,0
2026-07-20T11:28:52+00:00,cnsm-web-04,cnsm.fault.active,0
2026-07-20T11:29:07+00:00,cnsm-web-04,cnsm.fault.active,0
2026-07-20T11:29:22+00:00,cnsm-web-04,cnsm.fault.active,0
2026-07-20T11:29:37+00:00,cnsm-web-04,cnsm.fault.active,0
2026-07-20T11:29:52+00:00,cnsm-web-04,cnsm.fault.active,0
2026-07-20T11:30:07+00:00,cnsm-web-04,cnsm.fault.active,0
2026-07-20T11:30:22+00:00,cnsm-web-04,cnsm.fault.active,0
2026-07-20T11:30:37+00:00,cnsm-web-04,cnsm.fault.active,0
2026-07-20T11:30:52+00:00,cnsm-web-04,cnsm.fault.active,0
2026-07-20T11:31:07+00:00,cnsm-web-04,cnsm.fault.active,0
2026-07-20T11:31:22+00:00,cnsm-web-04,cnsm.fault.active,0
2026-07-20T11:31:37+00:00,cnsm-web-04,cnsm.fault.active,0
2026-07-20T11:31:52+00:00,cnsm-web-04,cnsm.fault.active,0
2026-07-20T11:32:07+00:00,cnsm-web-04,cnsm.fault.active,0
2026-07-20T11:32:22+00:00,cnsm-web-04,cnsm.fault.active,0
2026-07-20T11:32:37+00:00,cnsm-web-04,cnsm.fault.active,0
2026-07-20T11:32:52+00:00,cnsm-web-04,cnsm.fault.active,0
2026-07-20T11:33:07+00:00,cnsm-web-04,cnsm.fault.active,0
2026-07-20T11:33:22+00:00,cnsm-web-04,cnsm.fault.active,0
2026-07-20T11:33:37+00:00,cnsm-web-04,cnsm.fault.active,0
2026-07-20T11:33:52+00:00,cnsm-web-04,cnsm.fault.active,0
2026-07-20T11:34:07+00:00,cnsm-web-04,cnsm.fault.active,0
2026-07-20T11:34:22+00:00,cnsm-web-04,cnsm.fault.active,0
2026-07-20T11:34:37+00:00,cnsm-web-04,cnsm.fault.active,0
2026-07-20T11:34:52+00:00,cnsm-web-04,cnsm.fault.active,0
2026-07-20T11:35:07+00:00,cnsm-web-04,cnsm.fault.active,0
2026-07-20T11:35:22+00:00,cnsm-web-04,cnsm.fault.active,0
2026-07-20T11:35:37+00:00,cnsm-web-04,cnsm.fault.active,0
2026-07-20T11:35:52+00:00,cnsm-web-04,cnsm.fault.active,0
2026-07-20T11:36:07+00:00,cnsm-web-04,cnsm.fault.active,0
2026-07-20T11:36:22+00:00,cnsm-web-04,cnsm.fault.active,0
2026-07-20T11:36:37+00:00,cnsm-web-04,cnsm.fault.active,0
2026-07-20T11:36:52+00:00,cnsm-web-04,cnsm.fault.active,0
2026-07-20T11:37:07+00:00,cnsm-web-04,cnsm.fault.active,0
2026-07-20T11:37:22+00:00,cnsm-web-04,cnsm.fault.active,0
2026-07-20T11:37:37+00:00,cnsm-web-04,cnsm.fault.active,0
2026-07-20T11:37:52+00:00,cnsm-web-04,cnsm.fault.active,0
2026-07-20T11:38:07+00:00,cnsm-web-04,cnsm.fault.active,0
2026-07-20T11:38:22+00:00,cnsm-web-04,cnsm.fault.active,0
2026-07-20T11:38:37+00:00,cnsm-web-04,cnsm.fault.active,0
2026-07-20T11:38:52+00:00,cnsm-web-04,cnsm.fault.active,0
2026-07-20T11:39:07+00:00,cnsm-web-04,cnsm.fault.active,0
2026-07-20T11:39:22+00:00,cnsm-web-04,cnsm.fault.active,0
2026-07-20T11:39:37+00:00,cnsm-web-04,cnsm.fault.active,0
2026-07-20T11:39:52+00:00,cnsm-web-04,cnsm.fault.active,0
2026-07-20T11:40:07+00:00,cnsm-web-04,cnsm.fault.active,0
2026-07-20T11:40:22+00:00,cnsm-web-04,cnsm.fault.active,0
2026-07-20T11:40:37+00:00,cnsm-web-04,cnsm.fault.active,0
2026-07-20T11:40:52+00:00,cnsm-web-04,cnsm.fault.active,0
2026-07-20T11:41:07+00:00,cnsm-web-04,cnsm.fault.active,0
2026-07-20T11:41:22+00:00,cnsm-web-04,cnsm.fault.active,0
2026-07-20T11:41:37+00:00,cnsm-web-04,cnsm.fault.active,0
2026-07-20T11:41:52+00:00,cnsm-web-04,cnsm.fault.active,0
2026-07-20T11:42:07+00:00,cnsm-web-04,cnsm.fault.active,0
2026-07-20T11:42:22+00:00,cnsm-web-04,cnsm.fault.active,0
2026-07-20T11:42:37+00:00,cnsm-web-04,cnsm.fault.active,0
2026-07-20T11:42:52+00:00,cnsm-web-04,cnsm.fault.active,0
2026-07-20T11:43:07+00:00,cnsm-web-04,cnsm.fault.active,0
2026-07-20T11:43:22+00:00,cnsm-web-04,cnsm.fault.active,0
2026-07-20T11:43:37+00:00,cnsm-web-04,cnsm.fault.active,0
2026-07-20T11:43:52+00:00,cnsm-web-04,cnsm.fault.active,0
2026-07-20T11:44:07+00:00,cnsm-web-04,cnsm.fault.active,0
2026-07-20T11:44:22+00:00,cnsm-web-04,cnsm.fault.active,0
2026-07-20T11:44:37+00:00,cnsm-web-04,cnsm.fault.active,0
2026-07-20T11:44:52+00:00,cnsm-web-04,cnsm.fault.active,0
2026-07-20T11:45:07+00:00,cnsm-web-04,cnsm.fault.active,0
2026-07-20T11:45:22+00:00,cnsm-web-04,cnsm.fault.active,0
2026-07-20T11:45:37+00:00,cnsm-web-04,cnsm.fault.active,0
2026-07-20T11:45:52+00:00,cnsm-web-04,cnsm.fault.active,0
2026-07-20T11:46:07+00:00,cnsm-web-04,cnsm.fault.active,0
2026-07-20T11:46:22+00:00,cnsm-web-04,cnsm.fault.active,0
2026-07-20T11:46:37+00:00,cnsm-web-04,cnsm.fault.active,0
2026-07-20T11:46:52+00:00,cnsm-web-04,cnsm.fault.active,0
2026-07-20T11:47:07+00:00,cnsm-web-04,cnsm.fault.active,0
2026-07-20T11:47:22+00:00,cnsm-web-04,cnsm.fault.active,0
2026-07-20T11:47:37+00:00,cnsm-web-04,cnsm.fault.active,0
2026-07-20T11:47:52+00:00,cnsm-web-04,cnsm.fault.active,0
2026-07-20T11:48:07+00:00,cnsm-web-04,cnsm.fault.active,0
2026-07-20T11:48:22+00:00,cnsm-web-04,cnsm.fault.active,0
2026-07-20T10:40:38+00:00,cnsm-web-04,cnsm.fault.class,none
2026-07-20T10:41:38+00:00,cnsm-web-04,cnsm.fault.class,none
2026-07-20T10:42:38+00:00,cnsm-web-04,cnsm.fault.class,none
2026-07-20T10:43:38+00:00,cnsm-web-04,cnsm.fault.class,none
2026-07-20T10:44:38+00:00,cnsm-web-04,cnsm.fault.class,none
2026-07-20T10:45:38+00:00,cnsm-web-04,cnsm.fault.class,none
2026-07-20T10:46:38+00:00,cnsm-web-04,cnsm.fault.class,none
2026-07-20T10:47:38+00:00,cnsm-web-04,cnsm.fault.class,none
2026-07-20T10:48:38+00:00,cnsm-web-04,cnsm.fault.class,none
2026-07-20T10:49:38+00:00,cnsm-web-04,cnsm.fault.class,none
2026-07-20T10:50:38+00:00,cnsm-web-04,cnsm.fault.class,none
2026-07-20T10:51:38+00:00,cnsm-web-04,cnsm.fault.class,none
2026-07-20T10:52:38+00:00,cnsm-web-04,cnsm.fault.class,none
2026-07-20T10:53:38+00:00,cnsm-web-04,cnsm.fault.class,none
2026-07-20T10:54:38+00:00,cnsm-web-04,cnsm.fault.class,none
2026-07-20T10:55:38+00:00,cnsm-web-04,cnsm.fault.class,none
2026-07-20T10:56:38+00:00,cnsm-web-04,cnsm.fault.class,none
2026-07-20T10:57:38+00:00,cnsm-web-04,cnsm.fault.class,none
2026-07-20T10:58:38+00:00,cnsm-web-04,cnsm.fault.class,none
2026-07-20T10:59:38+00:00,cnsm-web-04,cnsm.fault.class,none
2026-07-20T11:00:38+00:00,cnsm-web-04,cnsm.fault.class,none
2026-07-20T11:01:38+00:00,cnsm-web-04,cnsm.fault.class,none
2026-07-20T11:02:38+00:00,cnsm-web-04,cnsm.fault.class,none
2026-07-20T11:03:38+00:00,cnsm-web-04,cnsm.fault.class,none
2026-07-20T11:04:38+00:00,cnsm-web-04,cnsm.fault.class,none
2026-07-20T11:05:38+00:00,cnsm-web-04,cnsm.fault.class,none
2026-07-20T11:06:38+00:00,cnsm-web-04,cnsm.fault.class,none
2026-07-20T11:07:38+00:00,cnsm-web-04,cnsm.fault.class,none
2026-07-20T11:08:38+00:00,cnsm-web-04,cnsm.fault.class,none
2026-07-20T11:09:38+00:00,cnsm-web-04,cnsm.fault.class,none
2026-07-20T11:10:38+00:00,cnsm-web-04,cnsm.fault.class,none
2026-07-20T11:11:38+00:00,cnsm-web-04,cnsm.fault.class,none
2026-07-20T11:12:38+00:00,cnsm-web-04,cnsm.fault.class,none
2026-07-20T11:13:38+00:00,cnsm-web-04,cnsm.fault.class,none
2026-07-20T11:14:38+00:00,cnsm-web-04,cnsm.fault.class,none
2026-07-20T11:15:38+00:00,cnsm-web-04,cnsm.fault.class,none
2026-07-20T11:16:38+00:00,cnsm-web-04,cnsm.fault.class,none
2026-07-20T11:17:38+00:00,cnsm-web-04,cnsm.fault.class,none
2026-07-20T11:18:38+00:00,cnsm-web-04,cnsm.fault.class,none
2026-07-20T11:19:38+00:00,cnsm-web-04,cnsm.fault.class,none
2026-07-20T11:20:38+00:00,cnsm-web-04,cnsm.fault.class,none
2026-07-20T11:21:38+00:00,cnsm-web-04,cnsm.fault.class,none
2026-07-20T11:22:38+00:00,cnsm-web-04,cnsm.fault.class,none
2026-07-20T11:23:38+00:00,cnsm-web-04,cnsm.fault.class,none
2026-07-20T11:24:38+00:00,cnsm-web-04,cnsm.fault.class,none
2026-07-20T11:25:38+00:00,cnsm-web-04,cnsm.fault.class,none
2026-07-20T11:26:38+00:00,cnsm-web-04,cnsm.fault.class,none
2026-07-20T11:27:38+00:00,cnsm-web-04,cnsm.fault.class,none
2026-07-20T11:28:38+00:00,cnsm-web-04,cnsm.fault.class,none
2026-07-20T11:29:38+00:00,cnsm-web-04,cnsm.fault.class,none
2026-07-20T11:30:38+00:00,cnsm-web-04,cnsm.fault.class,none
2026-07-20T11:31:38+00:00,cnsm-web-04,cnsm.fault.class,none
2026-07-20T11:32:38+00:00,cnsm-web-04,cnsm.fault.class,none
2026-07-20T11:33:38+00:00,cnsm-web-04,cnsm.fault.class,none
2026-07-20T11:34:38+00:00,cnsm-web-04,cnsm.fault.class,none
2026-07-20T11:35:38+00:00,cnsm-web-04,cnsm.fault.class,none
2026-07-20T11:36:38+00:00,cnsm-web-04,cnsm.fault.class,none
2026-07-20T11:37:38+00:00,cnsm-web-04,cnsm.fault.class,none
2026-07-20T11:38:38+00:00,cnsm-web-04,cnsm.fault.class,none
2026-07-20T11:39:38+00:00,cnsm-web-04,cnsm.fault.class,none
2026-07-20T11:40:38+00:00,cnsm-web-04,cnsm.fault.class,none
2026-07-20T11:41:38+00:00,cnsm-web-04,cnsm.fault.class,none
2026-07-20T11:42:38+00:00,cnsm-web-04,cnsm.fault.class,none
2026-07-20T11:43:38+00:00,cnsm-web-04,cnsm.fault.class,none
2026-07-20T11:44:38+00:00,cnsm-web-04,cnsm.fault.class,none
2026-07-20T11:45:38+00:00,cnsm-web-04,cnsm.fault.class,none
2026-07-20T11:46:38+00:00,cnsm-web-04,cnsm.fault.class,none
2026-07-20T11:47:38+00:00,cnsm-web-04,cnsm.fault.class,none
2026-07-20T10:41:20+00:00,cnsm-web-04,cnsm.tcp.established,1
2026-07-20T10:42:20+00:00,cnsm-web-04,cnsm.tcp.established,1
2026-07-20T10:43:20+00:00,cnsm-web-04,cnsm.tcp.established,1
2026-07-20T10:44:20+00:00,cnsm-web-04,cnsm.tcp.established,20
2026-07-20T10:45:20+00:00,cnsm-web-04,cnsm.tcp.established,26
2026-07-20T10:46:20+00:00,cnsm-web-04,cnsm.tcp.established,24
2026-07-20T10:47:20+00:00,cnsm-web-04,cnsm.tcp.established,22
2026-07-20T10:48:20+00:00,cnsm-web-04,cnsm.tcp.established,1
2026-07-20T10:49:20+00:00,cnsm-web-04,cnsm.tcp.established,1
2026-07-20T10:50:20+00:00,cnsm-web-04,cnsm.tcp.established,1
2026-07-20T10:51:20+00:00,cnsm-web-04,cnsm.tcp.established,1
2026-07-20T10:52:20+00:00,cnsm-web-04,cnsm.tcp.established,1
2026-07-20T10:53:20+00:00,cnsm-web-04,cnsm.tcp.established,1
2026-07-20T10:54:20+00:00,cnsm-web-04,cnsm.tcp.established,17
2026-07-20T10:55:20+00:00,cnsm-web-04,cnsm.tcp.established,16
2026-07-20T10:56:20+00:00,cnsm-web-04,cnsm.tcp.established,26
2026-07-20T10:57:20+00:00,cnsm-web-04,cnsm.tcp.established,1
2026-07-20T10:58:20+00:00,cnsm-web-04,cnsm.tcp.established,1
2026-07-20T10:59:20+00:00,cnsm-web-04,cnsm.tcp.established,1
2026-07-20T11:00:20+00:00,cnsm-web-04,cnsm.tcp.established,30
2026-07-20T11:01:20+00:00,cnsm-web-04,cnsm.tcp.established,22
2026-07-20T11:02:20+00:00,cnsm-web-04,cnsm.tcp.established,22
2026-07-20T11:03:20+00:00,cnsm-web-04,cnsm.tcp.established,27
2026-07-20T11:04:20+00:00,cnsm-web-04,cnsm.tcp.established,19
2026-07-20T11:05:20+00:00,cnsm-web-04,cnsm.tcp.established,25
2026-07-20T11:06:20+00:00,cnsm-web-04,cnsm.tcp.established,24
2026-07-20T11:07:20+00:00,cnsm-web-04,cnsm.tcp.established,21
2026-07-20T11:08:20+00:00,cnsm-web-04,cnsm.tcp.established,30
2026-07-20T11:09:20+00:00,cnsm-web-04,cnsm.tcp.established,24
2026-07-20T11:10:20+00:00,cnsm-web-04,cnsm.tcp.established,1
2026-07-20T11:11:20+00:00,cnsm-web-04,cnsm.tcp.established,1
2026-07-20T11:12:20+00:00,cnsm-web-04,cnsm.tcp.established,18
2026-07-20T11:13:20+00:00,cnsm-web-04,cnsm.tcp.established,25
2026-07-20T11:14:20+00:00,cnsm-web-04,cnsm.tcp.established,25
2026-07-20T11:15:20+00:00,cnsm-web-04,cnsm.tcp.established,30
2026-07-20T11:16:20+00:00,cnsm-web-04,cnsm.tcp.established,15
2026-07-20T11:17:20+00:00,cnsm-web-04,cnsm.tcp.established,29
2026-07-20T11:18:20+00:00,cnsm-web-04,cnsm.tcp.established,1
2026-07-20T11:19:20+00:00,cnsm-web-04,cnsm.tcp.established,1
2026-07-20T11:20:20+00:00,cnsm-web-04,cnsm.tcp.established,1
2026-07-20T11:21:20+00:00,cnsm-web-04,cnsm.tcp.established,1
2026-07-20T11:22:20+00:00,cnsm-web-04,cnsm.tcp.established,1
2026-07-20T11:23:20+00:00,cnsm-web-04,cnsm.tcp.established,2
2026-07-20T11:24:20+00:00,cnsm-web-04,cnsm.tcp.established,1
2026-07-20T11:25:20+00:00,cnsm-web-04,cnsm.tcp.established,1
2026-07-20T11:26:20+00:00,cnsm-web-04,cnsm.tcp.established,27
2026-07-20T11:27:20+00:00,cnsm-web-04,cnsm.tcp.established,6
2026-07-20T11:28:20+00:00,cnsm-web-04,cnsm.tcp.established,27
2026-07-20T11:29:20+00:00,cnsm-web-04,cnsm.tcp.established,28
2026-07-20T11:30:20+00:00,cnsm-web-04,cnsm.tcp.established,26
2026-07-20T11:31:20+00:00,cnsm-web-04,cnsm.tcp.established,22
2026-07-20T11:32:20+00:00,cnsm-web-04,cnsm.tcp.established,29
2026-07-20T11:33:20+00:00,cnsm-web-04,cnsm.tcp.established,26
2026-07-20T11:34:20+00:00,cnsm-web-04,cnsm.tcp.established,21
2026-07-20T11:35:20+00:00,cnsm-web-04,cnsm.tcp.established,29
2026-07-20T11:36:20+00:00,cnsm-web-04,cnsm.tcp.established,23
2026-07-20T11:37:20+00:00,cnsm-web-04,cnsm.tcp.established,32
2026-07-20T11:38:20+00:00,cnsm-web-04,cnsm.tcp.established,23
2026-07-20T11:39:20+00:00,cnsm-web-04,cnsm.tcp.established,24
2026-07-20T11:40:20+00:00,cnsm-web-04,cnsm.tcp.established,22
2026-07-20T11:41:20+00:00,cnsm-web-04,cnsm.tcp.established,28
2026-07-20T11:42:20+00:00,cnsm-web-04,cnsm.tcp.established,27
2026-07-20T11:43:20+00:00,cnsm-web-04,cnsm.tcp.established,1
2026-07-20T11:44:20+00:00,cnsm-web-04,cnsm.tcp.established,25
2026-07-20T11:45:20+00:00,cnsm-web-04,cnsm.tcp.established,1
2026-07-20T11:46:20+00:00,cnsm-web-04,cnsm.tcp.established,1
2026-07-20T11:47:20+00:00,cnsm-web-04,cnsm.tcp.established,1
2026-07-20T11:48:20+00:00,cnsm-web-04,cnsm.tcp.established,2
2026-07-20T10:41:21+00:00,cnsm-web-04,cnsm.tcp.listen,7
2026-07-20T10:42:21+00:00,cnsm-web-04,cnsm.tcp.listen,7
2026-07-20T10:43:21+00:00,cnsm-web-04,cnsm.tcp.listen,7
2026-07-20T10:44:21+00:00,cnsm-web-04,cnsm.tcp.listen,7
2026-07-20T10:45:21+00:00,cnsm-web-04,cnsm.tcp.listen,7
2026-07-20T10:46:21+00:00,cnsm-web-04,cnsm.tcp.listen,7
2026-07-20T10:47:21+00:00,cnsm-web-04,cnsm.tcp.listen,7
2026-07-20T10:48:21+00:00,cnsm-web-04,cnsm.tcp.listen,7
2026-07-20T10:49:21+00:00,cnsm-web-04,cnsm.tcp.listen,7
2026-07-20T10:50:21+00:00,cnsm-web-04,cnsm.tcp.listen,7
2026-07-20T10:51:21+00:00,cnsm-web-04,cnsm.tcp.listen,7
2026-07-20T10:52:21+00:00,cnsm-web-04,cnsm.tcp.listen,7
2026-07-20T10:53:21+00:00,cnsm-web-04,cnsm.tcp.listen,7
2026-07-20T10:54:21+00:00,cnsm-web-04,cnsm.tcp.listen,7
2026-07-20T10:55:21+00:00,cnsm-web-04,cnsm.tcp.listen,7
2026-07-20T10:56:21+00:00,cnsm-web-04,cnsm.tcp.listen,7
2026-07-20T10:57:21+00:00,cnsm-web-04,cnsm.tcp.listen,7
2026-07-20T10:58:21+00:00,cnsm-web-04,cnsm.tcp.listen,7
2026-07-20T10:59:21+00:00,cnsm-web-04,cnsm.tcp.listen,7
2026-07-20T11:00:21+00:00,cnsm-web-04,cnsm.tcp.listen,7
2026-07-20T11:01:21+00:00,cnsm-web-04,cnsm.tcp.listen,7
2026-07-20T11:02:21+00:00,cnsm-web-04,cnsm.tcp.listen,7
2026-07-20T11:03:21+00:00,cnsm-web-04,cnsm.tcp.listen,7
2026-07-20T11:04:21+00:00,cnsm-web-04,cnsm.tcp.listen,7
2026-07-20T11:05:21+00:00,cnsm-web-04,cnsm.tcp.listen,7
2026-07-20T11:06:21+00:00,cnsm-web-04,cnsm.tcp.listen,7
2026-07-20T11:07:21+00:00,cnsm-web-04,cnsm.tcp.listen,7
2026-07-20T11:08:21+00:00,cnsm-web-04,cnsm.tcp.listen,7
2026-07-20T11:09:21+00:00,cnsm-web-04,cnsm.tcp.listen,7
2026-07-20T11:10:21+00:00,cnsm-web-04,cnsm.tcp.listen,7
2026-07-20T11:11:21+00:00,cnsm-web-04,cnsm.tcp.listen,7
2026-07-20T11:12:21+00:00,cnsm-web-04,cnsm.tcp.listen,7
2026-07-20T11:13:21+00:00,cnsm-web-04,cnsm.tcp.listen,7
2026-07-20T11:14:21+00:00,cnsm-web-04,cnsm.tcp.listen,7
2026-07-20T11:15:21+00:00,cnsm-web-04,cnsm.tcp.listen,7
2026-07-20T11:16:21+00:00,cnsm-web-04,cnsm.tcp.listen,7
2026-07-20T11:17:21+00:00,cnsm-web-04,cnsm.tcp.listen,7
2026-07-20T11:18:21+00:00,cnsm-web-04,cnsm.tcp.listen,7
2026-07-20T11:19:21+00:00,cnsm-web-04,cnsm.tcp.listen,7
2026-07-20T11:20:21+00:00,cnsm-web-04,cnsm.tcp.listen,7
2026-07-20T11:21:21+00:00,cnsm-web-04,cnsm.tcp.listen,7
2026-07-20T11:22:21+00:00,cnsm-web-04,cnsm.tcp.listen,7
2026-07-20T11:23:21+00:00,cnsm-web-04,cnsm.tcp.listen,7
2026-07-20T11:24:21+00:00,cnsm-web-04,cnsm.tcp.listen,7
2026-07-20T11:25:21+00:00,cnsm-web-04,cnsm.tcp.listen,7
2026-07-20T11:26:21+00:00,cnsm-web-04,cnsm.tcp.listen,7
2026-07-20T11:27:21+00:00,cnsm-web-04,cnsm.tcp.listen,7
2026-07-20T11:28:21+00:00,cnsm-web-04,cnsm.tcp.listen,7
2026-07-20T11:29:21+00:00,cnsm-web-04,cnsm.tcp.listen,7
2026-07-20T11:30:21+00:00,cnsm-web-04,cnsm.tcp.listen,7
2026-07-20T11:31:21+00:00,cnsm-web-04,cnsm.tcp.listen,7
2026-07-20T11:32:21+00:00,cnsm-web-04,cnsm.tcp.listen,7
2026-07-20T11:33:21+00:00,cnsm-web-04,cnsm.tcp.listen,7
2026-07-20T11:34:21+00:00,cnsm-web-04,cnsm.tcp.listen,7
2026-07-20T11:35:21+00:00,cnsm-web-04,cnsm.tcp.listen,7
2026-07-20T11:36:21+00:00,cnsm-web-04,cnsm.tcp.listen,7
2026-07-20T11:37:21+00:00,cnsm-web-04,cnsm.tcp.listen,7
2026-07-20T11:38:21+00:00,cnsm-web-04,cnsm.tcp.listen,7
2026-07-20T11:39:21+00:00,cnsm-web-04,cnsm.tcp.listen,7
2026-07-20T11:40:21+00:00,cnsm-web-04,cnsm.tcp.listen,7
2026-07-20T11:41:21+00:00,cnsm-web-04,cnsm.tcp.listen,7
2026-07-20T11:42:21+00:00,cnsm-web-04,cnsm.tcp.listen,7
2026-07-20T11:43:21+00:00,cnsm-web-04,cnsm.tcp.listen,7
2026-07-20T11:44:21+00:00,cnsm-web-04,cnsm.tcp.listen,7
2026-07-20T11:45:21+00:00,cnsm-web-04,cnsm.tcp.listen,7
2026-07-20T11:46:21+00:00,cnsm-web-04,cnsm.tcp.listen,7
2026-07-20T11:47:21+00:00,cnsm-web-04,cnsm.tcp.listen,7
2026-07-20T11:48:21+00:00,cnsm-web-04,cnsm.tcp.listen,7
2026-07-20T10:41:22+00:00,cnsm-web-04,cnsm.tcp.timewait,14101
2026-07-20T10:42:22+00:00,cnsm-web-04,cnsm.tcp.timewait,14077
2026-07-20T10:43:22+00:00,cnsm-web-04,cnsm.tcp.timewait,14084
2026-07-20T10:44:22+00:00,cnsm-web-04,cnsm.tcp.timewait,14089
2026-07-20T10:45:22+00:00,cnsm-web-04,cnsm.tcp.timewait,14113
2026-07-20T10:46:22+00:00,cnsm-web-04,cnsm.tcp.timewait,14116
2026-07-20T10:47:22+00:00,cnsm-web-04,cnsm.tcp.timewait,14097
2026-07-20T10:48:22+00:00,cnsm-web-04,cnsm.tcp.timewait,14075
2026-07-20T10:49:22+00:00,cnsm-web-04,cnsm.tcp.timewait,14092
2026-07-20T10:50:22+00:00,cnsm-web-04,cnsm.tcp.timewait,14080
2026-07-20T10:51:22+00:00,cnsm-web-04,cnsm.tcp.timewait,14076
2026-07-20T10:52:22+00:00,cnsm-web-04,cnsm.tcp.timewait,14139
2026-07-20T10:53:22+00:00,cnsm-web-04,cnsm.tcp.timewait,14098
2026-07-20T10:54:22+00:00,cnsm-web-04,cnsm.tcp.timewait,14089
2026-07-20T10:55:22+00:00,cnsm-web-04,cnsm.tcp.timewait,14128
2026-07-20T10:56:22+00:00,cnsm-web-04,cnsm.tcp.timewait,14098
2026-07-20T10:57:22+00:00,cnsm-web-04,cnsm.tcp.timewait,14109
2026-07-20T10:58:22+00:00,cnsm-web-04,cnsm.tcp.timewait,14072
2026-07-20T10:59:22+00:00,cnsm-web-04,cnsm.tcp.timewait,14087
2026-07-20T11:00:22+00:00,cnsm-web-04,cnsm.tcp.timewait,14079
2026-07-20T11:01:22+00:00,cnsm-web-04,cnsm.tcp.timewait,14120
2026-07-20T11:02:22+00:00,cnsm-web-04,cnsm.tcp.timewait,14102
2026-07-20T11:03:22+00:00,cnsm-web-04,cnsm.tcp.timewait,14116
2026-07-20T11:04:22+00:00,cnsm-web-04,cnsm.tcp.timewait,14119
2026-07-20T11:05:22+00:00,cnsm-web-04,cnsm.tcp.timewait,14094
2026-07-20T11:06:22+00:00,cnsm-web-04,cnsm.tcp.timewait,14106
2026-07-20T11:07:22+00:00,cnsm-web-04,cnsm.tcp.timewait,14085
2026-07-20T11:08:22+00:00,cnsm-web-04,cnsm.tcp.timewait,14097
2026-07-20T11:09:22+00:00,cnsm-web-04,cnsm.tcp.timewait,14112
2026-07-20T11:10:22+00:00,cnsm-web-04,cnsm.tcp.timewait,14104
2026-07-20T11:11:22+00:00,cnsm-web-04,cnsm.tcp.timewait,14128
2026-07-20T11:12:22+00:00,cnsm-web-04,cnsm.tcp.timewait,14090
2026-07-20T11:13:22+00:00,cnsm-web-04,cnsm.tcp.timewait,14069
2026-07-20T11:14:22+00:00,cnsm-web-04,cnsm.tcp.timewait,14096
2026-07-20T11:15:22+00:00,cnsm-web-04,cnsm.tcp.timewait,14086
2026-07-20T11:16:22+00:00,cnsm-web-04,cnsm.tcp.timewait,14107
2026-07-20T11:17:22+00:00,cnsm-web-04,cnsm.tcp.timewait,14116
2026-07-20T11:18:22+00:00,cnsm-web-04,cnsm.tcp.timewait,14045
2026-07-20T11:19:22+00:00,cnsm-web-04,cnsm.tcp.timewait,14069
2026-07-20T11:20:22+00:00,cnsm-web-04,cnsm.tcp.timewait,14066
2026-07-20T11:21:22+00:00,cnsm-web-04,cnsm.tcp.timewait,14085
2026-07-20T11:22:22+00:00,cnsm-web-04,cnsm.tcp.timewait,14102
2026-07-20T11:23:22+00:00,cnsm-web-04,cnsm.tcp.timewait,14068
2026-07-20T11:24:22+00:00,cnsm-web-04,cnsm.tcp.timewait,14086
2026-07-20T11:25:22+00:00,cnsm-web-04,cnsm.tcp.timewait,14072
2026-07-20T11:26:22+00:00,cnsm-web-04,cnsm.tcp.timewait,14093
2026-07-20T11:27:22+00:00,cnsm-web-04,cnsm.tcp.timewait,14063
2026-07-20T11:28:22+00:00,cnsm-web-04,cnsm.tcp.timewait,14055
2026-07-20T11:29:22+00:00,cnsm-web-04,cnsm.tcp.timewait,14081
2026-07-20T11:30:22+00:00,cnsm-web-04,cnsm.tcp.timewait,14105
2026-07-20T11:31:22+00:00,cnsm-web-04,cnsm.tcp.timewait,14100
2026-07-20T11:32:22+00:00,cnsm-web-04,cnsm.tcp.timewait,14119
2026-07-20T11:33:22+00:00,cnsm-web-04,cnsm.tcp.timewait,14084
2026-07-20T11:34:22+00:00,cnsm-web-04,cnsm.tcp.timewait,14124
2026-07-20T11:35:22+00:00,cnsm-web-04,cnsm.tcp.timewait,14113
2026-07-20T11:36:22+00:00,cnsm-web-04,cnsm.tcp.timewait,14077
2026-07-20T11:37:22+00:00,cnsm-web-04,cnsm.tcp.timewait,14086
2026-07-20T11:38:22+00:00,cnsm-web-04,cnsm.tcp.timewait,14092
2026-07-20T11:39:22+00:00,cnsm-web-04,cnsm.tcp.timewait,14107
2026-07-20T11:40:22+00:00,cnsm-web-04,cnsm.tcp.timewait,14088
2026-07-20T11:41:22+00:00,cnsm-web-04,cnsm.tcp.timewait,14080
2026-07-20T11:42:22+00:00,cnsm-web-04,cnsm.tcp.timewait,14097
2026-07-20T11:43:22+00:00,cnsm-web-04,cnsm.tcp.timewait,14111
2026-07-20T11:44:22+00:00,cnsm-web-04,cnsm.tcp.timewait,14096
2026-07-20T11:45:22+00:00,cnsm-web-04,cnsm.tcp.timewait,14085
2026-07-20T11:46:22+00:00,cnsm-web-04,cnsm.tcp.timewait,14109
2026-07-20T11:47:22+00:00,cnsm-web-04,cnsm.tcp.timewait,14094
2026-07-20T11:48:22+00:00,cnsm-web-04,cnsm.tcp.timewait,14092
2026-07-20T10:41:23+00:00,cnsm-web-04,cnsm.workload.heartbeat,1
2026-07-20T10:42:23+00:00,cnsm-web-04,cnsm.workload.heartbeat,1
2026-07-20T10:43:23+00:00,cnsm-web-04,cnsm.workload.heartbeat,1
2026-07-20T10:44:23+00:00,cnsm-web-04,cnsm.workload.heartbeat,1
2026-07-20T10:45:23+00:00,cnsm-web-04,cnsm.workload.heartbeat,1
2026-07-20T10:46:23+00:00,cnsm-web-04,cnsm.workload.heartbeat,1
2026-07-20T10:47:23+00:00,cnsm-web-04,cnsm.workload.heartbeat,1
2026-07-20T10:48:23+00:00,cnsm-web-04,cnsm.workload.heartbeat,1
2026-07-20T10:49:23+00:00,cnsm-web-04,cnsm.workload.heartbeat,1
2026-07-20T10:50:23+00:00,cnsm-web-04,cnsm.workload.heartbeat,1
2026-07-20T10:51:23+00:00,cnsm-web-04,cnsm.workload.heartbeat,1
2026-07-20T10:52:23+00:00,cnsm-web-04,cnsm.workload.heartbeat,1
2026-07-20T10:53:23+00:00,cnsm-web-04,cnsm.workload.heartbeat,1
2026-07-20T10:54:23+00:00,cnsm-web-04,cnsm.workload.heartbeat,1
2026-07-20T10:55:23+00:00,cnsm-web-04,cnsm.workload.heartbeat,1
2026-07-20T10:56:23+00:00,cnsm-web-04,cnsm.workload.heartbeat,1
2026-07-20T10:57:23+00:00,cnsm-web-04,cnsm.workload.heartbeat,1
2026-07-20T10:58:23+00:00,cnsm-web-04,cnsm.workload.heartbeat,1
2026-07-20T10:59:23+00:00,cnsm-web-04,cnsm.workload.heartbeat,1
2026-07-20T11:00:23+00:00,cnsm-web-04,cnsm.workload.heartbeat,1
2026-07-20T11:01:23+00:00,cnsm-web-04,cnsm.workload.heartbeat,1
2026-07-20T11:02:23+00:00,cnsm-web-04,cnsm.workload.heartbeat,1
2026-07-20T11:03:23+00:00,cnsm-web-04,cnsm.workload.heartbeat,1
2026-07-20T11:04:23+00:00,cnsm-web-04,cnsm.workload.heartbeat,1
2026-07-20T11:05:23+00:00,cnsm-web-04,cnsm.workload.heartbeat,1
2026-07-20T11:06:23+00:00,cnsm-web-04,cnsm.workload.heartbeat,1
2026-07-20T11:07:23+00:00,cnsm-web-04,cnsm.workload.heartbeat,1
2026-07-20T11:08:23+00:00,cnsm-web-04,cnsm.workload.heartbeat,1
2026-07-20T11:09:23+00:00,cnsm-web-04,cnsm.workload.heartbeat,1
2026-07-20T11:10:23+00:00,cnsm-web-04,cnsm.workload.heartbeat,1
2026-07-20T11:11:23+00:00,cnsm-web-04,cnsm.workload.heartbeat,1
2026-07-20T11:12:23+00:00,cnsm-web-04,cnsm.workload.heartbeat,1
2026-07-20T11:13:23+00:00,cnsm-web-04,cnsm.workload.heartbeat,1
2026-07-20T11:14:23+00:00,cnsm-web-04,cnsm.workload.heartbeat,1
2026-07-20T11:15:23+00:00,cnsm-web-04,cnsm.workload.heartbeat,1
2026-07-20T11:16:23+00:00,cnsm-web-04,cnsm.workload.heartbeat,1
2026-07-20T11:17:23+00:00,cnsm-web-04,cnsm.workload.heartbeat,1
2026-07-20T11:18:23+00:00,cnsm-web-04,cnsm.workload.heartbeat,1
2026-07-20T11:19:23+00:00,cnsm-web-04,cnsm.workload.heartbeat,1
2026-07-20T11:20:23+00:00,cnsm-web-04,cnsm.workload.heartbeat,1
2026-07-20T11:21:23+00:00,cnsm-web-04,cnsm.workload.heartbeat,1
2026-07-20T11:22:23+00:00,cnsm-web-04,cnsm.workload.heartbeat,1
2026-07-20T11:23:23+00:00,cnsm-web-04,cnsm.workload.heartbeat,1
2026-07-20T11:24:23+00:00,cnsm-web-04,cnsm.workload.heartbeat,1
2026-07-20T11:25:23+00:00,cnsm-web-04,cnsm.workload.heartbeat,1
2026-07-20T11:26:23+00:00,cnsm-web-04,cnsm.workload.heartbeat,1
2026-07-20T11:27:23+00:00,cnsm-web-04,cnsm.workload.heartbeat,1
2026-07-20T11:28:23+00:00,cnsm-web-04,cnsm.workload.heartbeat,1
2026-07-20T11:29:23+00:00,cnsm-web-04,cnsm.workload.heartbeat,1
2026-07-20T11:30:23+00:00,cnsm-web-04,cnsm.workload.heartbeat,1
2026-07-20T11:31:23+00:00,cnsm-web-04,cnsm.workload.heartbeat,1
2026-07-20T11:32:23+00:00,cnsm-web-04,cnsm.workload.heartbeat,1
2026-07-20T11:33:23+00:00,cnsm-web-04,cnsm.workload.heartbeat,1
2026-07-20T11:34:23+00:00,cnsm-web-04,cnsm.workload.heartbeat,1
2026-07-20T11:35:23+00:00,cnsm-web-04,cnsm.workload.heartbeat,1
2026-07-20T11:36:23+00:00,cnsm-web-04,cnsm.workload.heartbeat,1
2026-07-20T11:37:23+00:00,cnsm-web-04,cnsm.workload.heartbeat,1
2026-07-20T11:38:23+00:00,cnsm-web-04,cnsm.workload.heartbeat,1
2026-07-20T11:39:23+00:00,cnsm-web-04,cnsm.workload.heartbeat,1
2026-07-20T11:40:23+00:00,cnsm-web-04,cnsm.workload.heartbeat,1
2026-07-20T11:41:23+00:00,cnsm-web-04,cnsm.workload.heartbeat,1
2026-07-20T11:42:23+00:00,cnsm-web-04,cnsm.workload.heartbeat,1
2026-07-20T11:43:23+00:00,cnsm-web-04,cnsm.workload.heartbeat,1
2026-07-20T11:44:23+00:00,cnsm-web-04,cnsm.workload.heartbeat,1
2026-07-20T11:45:23+00:00,cnsm-web-04,cnsm.workload.heartbeat,1
2026-07-20T11:46:23+00:00,cnsm-web-04,cnsm.workload.heartbeat,1
2026-07-20T11:47:23+00:00,cnsm-web-04,cnsm.workload.heartbeat,1
2026-07-20T11:48:23+00:00,cnsm-web-04,cnsm.workload.heartbeat,1
2026-07-20T10:41:13+00:00,cnsm-web-04,system.cpu.switches,4635.096850443108
2026-07-20T10:42:13+00:00,cnsm-web-04,system.cpu.switches,4745.735857985715
2026-07-20T10:43:13+00:00,cnsm-web-04,system.cpu.switches,4677.801731391981
2026-07-20T10:44:13+00:00,cnsm-web-04,system.cpu.switches,4890.019548022678
2026-07-20T10:45:13+00:00,cnsm-web-04,system.cpu.switches,5053.155918626971
2026-07-20T10:46:13+00:00,cnsm-web-04,system.cpu.switches,4638.370224974662
2026-07-20T10:47:13+00:00,cnsm-web-04,system.cpu.switches,4699.984150319836
2026-07-20T10:48:13+00:00,cnsm-web-04,system.cpu.switches,4495.819437086253
2026-07-20T10:49:13+00:00,cnsm-web-04,system.cpu.switches,4717.422888993857
2026-07-20T10:50:13+00:00,cnsm-web-04,system.cpu.switches,4533.420371831114
2026-07-20T10:51:13+00:00,cnsm-web-04,system.cpu.switches,4590.318880041926
2026-07-20T10:52:13+00:00,cnsm-web-04,system.cpu.switches,7918.334179457167
2026-07-20T10:53:13+00:00,cnsm-web-04,system.cpu.switches,4749.797911571411
2026-07-20T10:54:13+00:00,cnsm-web-04,system.cpu.switches,4897.986012768692
2026-07-20T10:55:13+00:00,cnsm-web-04,system.cpu.switches,4925.313567599891
2026-07-20T10:56:13+00:00,cnsm-web-04,system.cpu.switches,4592.818592375873
2026-07-20T10:57:13+00:00,cnsm-web-04,system.cpu.switches,4681.3662661988565
2026-07-20T10:58:13+00:00,cnsm-web-04,system.cpu.switches,4557.026521515807
2026-07-20T10:59:13+00:00,cnsm-web-04,system.cpu.switches,4949.520809105354
2026-07-20T11:00:13+00:00,cnsm-web-04,system.cpu.switches,4385.3630241110495
2026-07-20T11:01:13+00:00,cnsm-web-04,system.cpu.switches,4841.177987632915
2026-07-20T11:02:13+00:00,cnsm-web-04,system.cpu.switches,4731.373846368766
2026-07-20T11:03:13+00:00,cnsm-web-04,system.cpu.switches,4414.20858008306
2026-07-20T11:04:13+00:00,cnsm-web-04,system.cpu.switches,4489.33796236401
2026-07-20T11:05:13+00:00,cnsm-web-04,system.cpu.switches,4558.329356693842
2026-07-20T11:06:13+00:00,cnsm-web-04,system.cpu.switches,4659.332546292047
2026-07-20T11:07:13+00:00,cnsm-web-04,system.cpu.switches,4626.460102182427
2026-07-20T11:08:13+00:00,cnsm-web-04,system.cpu.switches,4610.959310141641
2026-07-20T11:09:13+00:00,cnsm-web-04,system.cpu.switches,4551.717653597805
2026-07-20T11:10:13+00:00,cnsm-web-04,system.cpu.switches,4502.461200228523
2026-07-20T11:11:13+00:00,cnsm-web-04,system.cpu.switches,4711.132723028954
2026-07-20T11:12:13+00:00,cnsm-web-04,system.cpu.switches,4603.4072195084755
2026-07-20T11:13:13+00:00,cnsm-web-04,system.cpu.switches,4283.233365883604
2026-07-20T11:14:13+00:00,cnsm-web-04,system.cpu.switches,4482.202526139434
2026-07-20T11:15:13+00:00,cnsm-web-04,system.cpu.switches,4612.172940333249
2026-07-20T11:16:13+00:00,cnsm-web-04,system.cpu.switches,4666.215757933392
2026-07-20T11:17:13+00:00,cnsm-web-04,system.cpu.switches,4518.384890597778
2026-07-20T11:18:13+00:00,cnsm-web-04,system.cpu.switches,4137.42367744135
2026-07-20T11:19:13+00:00,cnsm-web-04,system.cpu.switches,4516.386831641076
2026-07-20T11:20:13+00:00,cnsm-web-04,system.cpu.switches,4541.82778556639
2026-07-20T11:21:13+00:00,cnsm-web-04,system.cpu.switches,4471.416652673469
2026-07-20T11:22:13+00:00,cnsm-web-04,system.cpu.switches,4597.938207624008
2026-07-20T11:23:13+00:00,cnsm-web-04,system.cpu.switches,4463.041172253329
2026-07-20T11:24:13+00:00,cnsm-web-04,system.cpu.switches,4581.1476610253485
2026-07-20T11:25:13+00:00,cnsm-web-04,system.cpu.switches,4652.827504593032
2026-07-20T11:26:13+00:00,cnsm-web-04,system.cpu.switches,4695.204759665494
2026-07-20T11:27:13+00:00,cnsm-web-04,system.cpu.switches,4602.7016649426305
2026-07-20T11:28:13+00:00,cnsm-web-04,system.cpu.switches,4619.299084260802
2026-07-20T11:29:13+00:00,cnsm-web-04,system.cpu.switches,4723.310885925823
2026-07-20T11:30:13+00:00,cnsm-web-04,system.cpu.switches,4820.750566459608
2026-07-20T11:31:13+00:00,cnsm-web-04,system.cpu.switches,4588.644693732961
2026-07-20T11:32:13+00:00,cnsm-web-04,system.cpu.switches,4646.651118099719
2026-07-20T11:33:13+00:00,cnsm-web-04,system.cpu.switches,4342.394709999175
2026-07-20T11:34:13+00:00,cnsm-web-04,system.cpu.switches,4565.337892154158
2026-07-20T11:35:13+00:00,cnsm-web-04,system.cpu.switches,4639.750019134398
2026-07-20T11:36:13+00:00,cnsm-web-04,system.cpu.switches,4377.0628723582995
2026-07-20T11:37:13+00:00,cnsm-web-04,system.cpu.switches,4467.091284058379
2026-07-20T11:38:13+00:00,cnsm-web-04,system.cpu.switches,4592.733148239535
2026-07-20T11:39:13+00:00,cnsm-web-04,system.cpu.switches,4840.260243548161
2026-07-20T11:40:13+00:00,cnsm-web-04,system.cpu.switches,4409.485452412806
2026-07-20T11:41:13+00:00,cnsm-web-04,system.cpu.switches,4533.352909699733
2026-07-20T11:42:13+00:00,cnsm-web-04,system.cpu.switches,4713.21326058455
2026-07-20T11:43:13+00:00,cnsm-web-04,system.cpu.switches,4568.434637800984
2026-07-20T11:44:13+00:00,cnsm-web-04,system.cpu.switches,4592.878622589932
2026-07-20T11:45:13+00:00,cnsm-web-04,system.cpu.switches,4603.226908093009
2026-07-20T11:46:13+00:00,cnsm-web-04,system.cpu.switches,4548.016111298575
2026-07-20T11:47:13+00:00,cnsm-web-04,system.cpu.switches,4579.2557783882185
2026-07-20T11:48:13+00:00,cnsm-web-04,system.cpu.switches,4482.790264922493
2026-07-20T10:41:15+00:00,cnsm-web-04,"system.cpu.util[,guest_nice]",0
2026-07-20T10:42:15+00:00,cnsm-web-04,"system.cpu.util[,guest_nice]",0
2026-07-20T10:43:15+00:00,cnsm-web-04,"system.cpu.util[,guest_nice]",0
2026-07-20T10:44:15+00:00,cnsm-web-04,"system.cpu.util[,guest_nice]",0
2026-07-20T10:45:15+00:00,cnsm-web-04,"system.cpu.util[,guest_nice]",0
2026-07-20T10:46:15+00:00,cnsm-web-04,"system.cpu.util[,guest_nice]",0
2026-07-20T10:47:15+00:00,cnsm-web-04,"system.cpu.util[,guest_nice]",0
2026-07-20T10:48:15+00:00,cnsm-web-04,"system.cpu.util[,guest_nice]",0
2026-07-20T10:49:15+00:00,cnsm-web-04,"system.cpu.util[,guest_nice]",0
2026-07-20T10:50:15+00:00,cnsm-web-04,"system.cpu.util[,guest_nice]",0
2026-07-20T10:51:15+00:00,cnsm-web-04,"system.cpu.util[,guest_nice]",0
2026-07-20T10:52:15+00:00,cnsm-web-04,"system.cpu.util[,guest_nice]",0
2026-07-20T10:53:15+00:00,cnsm-web-04,"system.cpu.util[,guest_nice]",0
2026-07-20T10:54:15+00:00,cnsm-web-04,"system.cpu.util[,guest_nice]",0
2026-07-20T10:55:15+00:00,cnsm-web-04,"system.cpu.util[,guest_nice]",0
2026-07-20T10:56:15+00:00,cnsm-web-04,"system.cpu.util[,guest_nice]",0
2026-07-20T10:57:15+00:00,cnsm-web-04,"system.cpu.util[,guest_nice]",0
2026-07-20T10:58:15+00:00,cnsm-web-04,"system.cpu.util[,guest_nice]",0
2026-07-20T10:59:15+00:00,cnsm-web-04,"system.cpu.util[,guest_nice]",0
2026-07-20T11:00:15+00:00,cnsm-web-04,"system.cpu.util[,guest_nice]",0
2026-07-20T11:01:15+00:00,cnsm-web-04,"system.cpu.util[,guest_nice]",0
2026-07-20T11:02:15+00:00,cnsm-web-04,"system.cpu.util[,guest_nice]",0
2026-07-20T11:03:15+00:00,cnsm-web-04,"system.cpu.util[,guest_nice]",0
2026-07-20T11:04:15+00:00,cnsm-web-04,"system.cpu.util[,guest_nice]",0
2026-07-20T11:05:15+00:00,cnsm-web-04,"system.cpu.util[,guest_nice]",0
2026-07-20T11:06:15+00:00,cnsm-web-04,"system.cpu.util[,guest_nice]",0
2026-07-20T11:07:15+00:00,cnsm-web-04,"system.cpu.util[,guest_nice]",0
2026-07-20T11:08:15+00:00,cnsm-web-04,"system.cpu.util[,guest_nice]",0
2026-07-20T11:09:15+00:00,cnsm-web-04,"system.cpu.util[,guest_nice]",0
2026-07-20T11:10:15+00:00,cnsm-web-04,"system.cpu.util[,guest_nice]",0
2026-07-20T11:11:15+00:00,cnsm-web-04,"system.cpu.util[,guest_nice]",0
2026-07-20T11:12:15+00:00,cnsm-web-04,"system.cpu.util[,guest_nice]",0
2026-07-20T11:13:15+00:00,cnsm-web-04,"system.cpu.util[,guest_nice]",0
2026-07-20T11:14:15+00:00,cnsm-web-04,"system.cpu.util[,guest_nice]",0
2026-07-20T11:15:15+00:00,cnsm-web-04,"system.cpu.util[,guest_nice]",0
2026-07-20T11:16:15+00:00,cnsm-web-04,"system.cpu.util[,guest_nice]",0
2026-07-20T11:17:15+00:00,cnsm-web-04,"system.cpu.util[,guest_nice]",0
2026-07-20T11:18:15+00:00,cnsm-web-04,"system.cpu.util[,guest_nice]",0
2026-07-20T11:19:15+00:00,cnsm-web-04,"system.cpu.util[,guest_nice]",0
2026-07-20T11:20:15+00:00,cnsm-web-04,"system.cpu.util[,guest_nice]",0
2026-07-20T11:21:15+00:00,cnsm-web-04,"system.cpu.util[,guest_nice]",0
2026-07-20T11:22:15+00:00,cnsm-web-04,"system.cpu.util[,guest_nice]",0
2026-07-20T11:23:15+00:00,cnsm-web-04,"system.cpu.util[,guest_nice]",0
2026-07-20T11:24:15+00:00,cnsm-web-04,"system.cpu.util[,guest_nice]",0
2026-07-20T11:25:15+00:00,cnsm-web-04,"system.cpu.util[,guest_nice]",0
2026-07-20T11:26:15+00:00,cnsm-web-04,"system.cpu.util[,guest_nice]",0
2026-07-20T11:27:15+00:00,cnsm-web-04,"system.cpu.util[,guest_nice]",0
2026-07-20T11:28:15+00:00,cnsm-web-04,"system.cpu.util[,guest_nice]",0
2026-07-20T11:29:15+00:00,cnsm-web-04,"system.cpu.util[,guest_nice]",0
2026-07-20T11:30:15+00:00,cnsm-web-04,"system.cpu.util[,guest_nice]",0
2026-07-20T11:31:15+00:00,cnsm-web-04,"system.cpu.util[,guest_nice]",0
2026-07-20T11:32:15+00:00,cnsm-web-04,"system.cpu.util[,guest_nice]",0
2026-07-20T11:33:15+00:00,cnsm-web-04,"system.cpu.util[,guest_nice]",0
2026-07-20T11:34:15+00:00,cnsm-web-04,"system.cpu.util[,guest_nice]",0
2026-07-20T11:35:15+00:00,cnsm-web-04,"system.cpu.util[,guest_nice]",0
2026-07-20T11:36:15+00:00,cnsm-web-04,"system.cpu.util[,guest_nice]",0
2026-07-20T11:37:15+00:00,cnsm-web-04,"system.cpu.util[,guest_nice]",0
2026-07-20T11:38:15+00:00,cnsm-web-04,"system.cpu.util[,guest_nice]",0
2026-07-20T11:39:15+00:00,cnsm-web-04,"system.cpu.util[,guest_nice]",0
2026-07-20T11:40:15+00:00,cnsm-web-04,"system.cpu.util[,guest_nice]",0
2026-07-20T11:41:15+00:00,cnsm-web-04,"system.cpu.util[,guest_nice]",0
2026-07-20T11:42:15+00:00,cnsm-web-04,"system.cpu.util[,guest_nice]",0
2026-07-20T11:43:15+00:00,cnsm-web-04,"system.cpu.util[,guest_nice]",0
2026-07-20T11:44:15+00:00,cnsm-web-04,"system.cpu.util[,guest_nice]",0
2026-07-20T11:45:15+00:00,cnsm-web-04,"system.cpu.util[,guest_nice]",0
2026-07-20T11:46:15+00:00,cnsm-web-04,"system.cpu.util[,guest_nice]",0
2026-07-20T11:47:15+00:00,cnsm-web-04,"system.cpu.util[,guest_nice]",0
2026-07-20T11:48:15+00:00,cnsm-web-04,"system.cpu.util[,guest_nice]",0
2026-07-20T10:41:14+00:00,cnsm-web-04,"system.cpu.util[,guest]",0
2026-07-20T10:42:14+00:00,cnsm-web-04,"system.cpu.util[,guest]",0
2026-07-20T10:43:14+00:00,cnsm-web-04,"system.cpu.util[,guest]",0
2026-07-20T10:44:14+00:00,cnsm-web-04,"system.cpu.util[,guest]",0
2026-07-20T10:45:14+00:00,cnsm-web-04,"system.cpu.util[,guest]",0
2026-07-20T10:46:14+00:00,cnsm-web-04,"system.cpu.util[,guest]",0
2026-07-20T10:47:14+00:00,cnsm-web-04,"system.cpu.util[,guest]",0
2026-07-20T10:48:14+00:00,cnsm-web-04,"system.cpu.util[,guest]",0
2026-07-20T10:49:14+00:00,cnsm-web-04,"system.cpu.util[,guest]",0
2026-07-20T10:50:14+00:00,cnsm-web-04,"system.cpu.util[,guest]",0
2026-07-20T10:51:14+00:00,cnsm-web-04,"system.cpu.util[,guest]",0
2026-07-20T10:52:14+00:00,cnsm-web-04,"system.cpu.util[,guest]",0
2026-07-20T10:53:14+00:00,cnsm-web-04,"system.cpu.util[,guest]",0
2026-07-20T10:54:14+00:00,cnsm-web-04,"system.cpu.util[,guest]",0
2026-07-20T10:55:14+00:00,cnsm-web-04,"system.cpu.util[,guest]",0
2026-07-20T10:56:14+00:00,cnsm-web-04,"system.cpu.util[,guest]",0
2026-07-20T10:57:14+00:00,cnsm-web-04,"system.cpu.util[,guest]",0
2026-07-20T10:58:14+00:00,cnsm-web-04,"system.cpu.util[,guest]",0
2026-07-20T10:59:14+00:00,cnsm-web-04,"system.cpu.util[,guest]",0
2026-07-20T11:00:14+00:00,cnsm-web-04,"system.cpu.util[,guest]",0
2026-07-20T11:01:14+00:00,cnsm-web-04,"system.cpu.util[,guest]",0
2026-07-20T11:02:14+00:00,cnsm-web-04,"system.cpu.util[,guest]",0
2026-07-20T11:03:14+00:00,cnsm-web-04,"system.cpu.util[,guest]",0
2026-07-20T11:04:14+00:00,cnsm-web-04,"system.cpu.util[,guest]",0
2026-07-20T11:05:14+00:00,cnsm-web-04,"system.cpu.util[,guest]",0
2026-07-20T11:06:14+00:00,cnsm-web-04,"system.cpu.util[,guest]",0
2026-07-20T11:07:14+00:00,cnsm-web-04,"system.cpu.util[,guest]",0
2026-07-20T11:08:14+00:00,cnsm-web-04,"system.cpu.util[,guest]",0
2026-07-20T11:09:14+00:00,cnsm-web-04,"system.cpu.util[,guest]",0
2026-07-20T11:10:14+00:00,cnsm-web-04,"system.cpu.util[,guest]",0
2026-07-20T11:11:14+00:00,cnsm-web-04,"system.cpu.util[,guest]",0
2026-07-20T11:12:14+00:00,cnsm-web-04,"system.cpu.util[,guest]",0
2026-07-20T11:13:14+00:00,cnsm-web-04,"system.cpu.util[,guest]",0
2026-07-20T11:14:14+00:00,cnsm-web-04,"system.cpu.util[,guest]",0
2026-07-20T11:15:14+00:00,cnsm-web-04,"system.cpu.util[,guest]",0
2026-07-20T11:16:14+00:00,cnsm-web-04,"system.cpu.util[,guest]",0
2026-07-20T11:17:14+00:00,cnsm-web-04,"system.cpu.util[,guest]",0
2026-07-20T11:18:14+00:00,cnsm-web-04,"system.cpu.util[,guest]",0
2026-07-20T11:19:14+00:00,cnsm-web-04,"system.cpu.util[,guest]",0
2026-07-20T11:20:14+00:00,cnsm-web-04,"system.cpu.util[,guest]",0
2026-07-20T11:21:14+00:00,cnsm-web-04,"system.cpu.util[,guest]",0
2026-07-20T11:22:14+00:00,cnsm-web-04,"system.cpu.util[,guest]",0
2026-07-20T11:23:14+00:00,cnsm-web-04,"system.cpu.util[,guest]",0
2026-07-20T11:24:14+00:00,cnsm-web-04,"system.cpu.util[,guest]",0
2026-07-20T11:25:14+00:00,cnsm-web-04,"system.cpu.util[,guest]",0
2026-07-20T11:26:14+00:00,cnsm-web-04,"system.cpu.util[,guest]",0
2026-07-20T11:27:14+00:00,cnsm-web-04,"system.cpu.util[,guest]",0
2026-07-20T11:28:14+00:00,cnsm-web-04,"system.cpu.util[,guest]",0
2026-07-20T11:29:14+00:00,cnsm-web-04,"system.cpu.util[,guest]",0
2026-07-20T11:30:14+00:00,cnsm-web-04,"system.cpu.util[,guest]",0
2026-07-20T11:31:14+00:00,cnsm-web-04,"system.cpu.util[,guest]",0
2026-07-20T11:32:14+00:00,cnsm-web-04,"system.cpu.util[,guest]",0
2026-07-20T11:33:14+00:00,cnsm-web-04,"system.cpu.util[,guest]",0
2026-07-20T11:34:14+00:00,cnsm-web-04,"system.cpu.util[,guest]",0
2026-07-20T11:35:14+00:00,cnsm-web-04,"system.cpu.util[,guest]",0
2026-07-20T11:36:14+00:00,cnsm-web-04,"system.cpu.util[,guest]",0
2026-07-20T11:37:14+00:00,cnsm-web-04,"system.cpu.util[,guest]",0
2026-07-20T11:38:14+00:00,cnsm-web-04,"system.cpu.util[,guest]",0
2026-07-20T11:39:14+00:00,cnsm-web-04,"system.cpu.util[,guest]",0
2026-07-20T11:40:14+00:00,cnsm-web-04,"system.cpu.util[,guest]",0
2026-07-20T11:41:14+00:00,cnsm-web-04,"system.cpu.util[,guest]",0
2026-07-20T11:42:14+00:00,cnsm-web-04,"system.cpu.util[,guest]",0
2026-07-20T11:43:14+00:00,cnsm-web-04,"system.cpu.util[,guest]",0
2026-07-20T11:44:14+00:00,cnsm-web-04,"system.cpu.util[,guest]",0
2026-07-20T11:45:14+00:00,cnsm-web-04,"system.cpu.util[,guest]",0
2026-07-20T11:46:14+00:00,cnsm-web-04,"system.cpu.util[,guest]",0
2026-07-20T11:47:14+00:00,cnsm-web-04,"system.cpu.util[,guest]",0
2026-07-20T11:48:14+00:00,cnsm-web-04,"system.cpu.util[,guest]",0
2026-07-20T10:41:16+00:00,cnsm-web-04,"system.cpu.util[,idle]",82.665604
2026-07-20T10:42:16+00:00,cnsm-web-04,"system.cpu.util[,idle]",81.67436
2026-07-20T10:43:16+00:00,cnsm-web-04,"system.cpu.util[,idle]",81.358278
2026-07-20T10:44:16+00:00,cnsm-web-04,"system.cpu.util[,idle]",81.625723
2026-07-20T10:45:16+00:00,cnsm-web-04,"system.cpu.util[,idle]",83.020449
2026-07-20T10:46:16+00:00,cnsm-web-04,"system.cpu.util[,idle]",82.936225
2026-07-20T10:47:16+00:00,cnsm-web-04,"system.cpu.util[,idle]",82.196319
2026-07-20T10:48:16+00:00,cnsm-web-04,"system.cpu.util[,idle]",83.880147
2026-07-20T10:49:16+00:00,cnsm-web-04,"system.cpu.util[,idle]",82.985225
2026-07-20T10:50:16+00:00,cnsm-web-04,"system.cpu.util[,idle]",82.793675
2026-07-20T10:51:16+00:00,cnsm-web-04,"system.cpu.util[,idle]",83.486085
2026-07-20T10:52:16+00:00,cnsm-web-04,"system.cpu.util[,idle]",68.373912
2026-07-20T10:53:16+00:00,cnsm-web-04,"system.cpu.util[,idle]",82.505345
2026-07-20T10:54:16+00:00,cnsm-web-04,"system.cpu.util[,idle]",84.250617
2026-07-20T10:55:16+00:00,cnsm-web-04,"system.cpu.util[,idle]",83.738169
2026-07-20T10:56:16+00:00,cnsm-web-04,"system.cpu.util[,idle]",84.334225
2026-07-20T10:57:16+00:00,cnsm-web-04,"system.cpu.util[,idle]",83.324962
2026-07-20T10:58:16+00:00,cnsm-web-04,"system.cpu.util[,idle]",81.805591
2026-07-20T10:59:16+00:00,cnsm-web-04,"system.cpu.util[,idle]",81.768582
2026-07-20T11:00:16+00:00,cnsm-web-04,"system.cpu.util[,idle]",82.438943
2026-07-20T11:01:16+00:00,cnsm-web-04,"system.cpu.util[,idle]",82.847679
2026-07-20T11:02:16+00:00,cnsm-web-04,"system.cpu.util[,idle]",82.873438
2026-07-20T11:03:16+00:00,cnsm-web-04,"system.cpu.util[,idle]",82.057085
2026-07-20T11:04:16+00:00,cnsm-web-04,"system.cpu.util[,idle]",82.824939
2026-07-20T11:05:16+00:00,cnsm-web-04,"system.cpu.util[,idle]",81.812843
2026-07-20T11:06:16+00:00,cnsm-web-04,"system.cpu.util[,idle]",82.88277
2026-07-20T11:07:16+00:00,cnsm-web-04,"system.cpu.util[,idle]",83.117699
2026-07-20T11:08:16+00:00,cnsm-web-04,"system.cpu.util[,idle]",82.625272
2026-07-20T11:09:16+00:00,cnsm-web-04,"system.cpu.util[,idle]",82.933981
2026-07-20T11:10:16+00:00,cnsm-web-04,"system.cpu.util[,idle]",82.538088
2026-07-20T11:11:16+00:00,cnsm-web-04,"system.cpu.util[,idle]",83.286546
2026-07-20T11:12:16+00:00,cnsm-web-04,"system.cpu.util[,idle]",82.639471
2026-07-20T11:13:16+00:00,cnsm-web-04,"system.cpu.util[,idle]",81.762561
2026-07-20T11:14:16+00:00,cnsm-web-04,"system.cpu.util[,idle]",82.307112
2026-07-20T11:15:16+00:00,cnsm-web-04,"system.cpu.util[,idle]",82.281187
2026-07-20T11:16:16+00:00,cnsm-web-04,"system.cpu.util[,idle]",82.845048
2026-07-20T11:17:16+00:00,cnsm-web-04,"system.cpu.util[,idle]",82.638219
2026-07-20T11:18:16+00:00,cnsm-web-04,"system.cpu.util[,idle]",82.018663
2026-07-20T11:19:16+00:00,cnsm-web-04,"system.cpu.util[,idle]",82.239269
2026-07-20T11:20:16+00:00,cnsm-web-04,"system.cpu.util[,idle]",83.163799
2026-07-20T11:21:16+00:00,cnsm-web-04,"system.cpu.util[,idle]",83.253108
2026-07-20T11:22:16+00:00,cnsm-web-04,"system.cpu.util[,idle]",82.713825
2026-07-20T11:23:16+00:00,cnsm-web-04,"system.cpu.util[,idle]",83.130966
2026-07-20T11:24:16+00:00,cnsm-web-04,"system.cpu.util[,idle]",82.150042
2026-07-20T11:25:16+00:00,cnsm-web-04,"system.cpu.util[,idle]",82.045798
2026-07-20T11:26:16+00:00,cnsm-web-04,"system.cpu.util[,idle]",83.859634
2026-07-20T11:27:16+00:00,cnsm-web-04,"system.cpu.util[,idle]",83.065394
2026-07-20T11:28:16+00:00,cnsm-web-04,"system.cpu.util[,idle]",83.132328
2026-07-20T11:29:16+00:00,cnsm-web-04,"system.cpu.util[,idle]",82.753271
2026-07-20T11:30:16+00:00,cnsm-web-04,"system.cpu.util[,idle]",83.136565
2026-07-20T11:31:16+00:00,cnsm-web-04,"system.cpu.util[,idle]",83.232129
2026-07-20T11:32:16+00:00,cnsm-web-04,"system.cpu.util[,idle]",82.802013
2026-07-20T11:33:16+00:00,cnsm-web-04,"system.cpu.util[,idle]",80.864638
2026-07-20T11:34:16+00:00,cnsm-web-04,"system.cpu.util[,idle]",82.040423
2026-07-20T11:35:16+00:00,cnsm-web-04,"system.cpu.util[,idle]",82.580645
2026-07-20T11:36:16+00:00,cnsm-web-04,"system.cpu.util[,idle]",82.229395
2026-07-20T11:37:16+00:00,cnsm-web-04,"system.cpu.util[,idle]",81.589765
2026-07-20T11:38:16+00:00,cnsm-web-04,"system.cpu.util[,idle]",81.994971
2026-07-20T11:39:16+00:00,cnsm-web-04,"system.cpu.util[,idle]",82.165632
2026-07-20T11:40:16+00:00,cnsm-web-04,"system.cpu.util[,idle]",81.54285
2026-07-20T11:41:16+00:00,cnsm-web-04,"system.cpu.util[,idle]",81.846412
2026-07-20T11:42:16+00:00,cnsm-web-04,"system.cpu.util[,idle]",83.281695
2026-07-20T11:43:16+00:00,cnsm-web-04,"system.cpu.util[,idle]",82.660681
2026-07-20T11:44:16+00:00,cnsm-web-04,"system.cpu.util[,idle]",81.702716
2026-07-20T11:45:16+00:00,cnsm-web-04,"system.cpu.util[,idle]",82.205272
2026-07-20T11:46:16+00:00,cnsm-web-04,"system.cpu.util[,idle]",82.033671
2026-07-20T11:47:16+00:00,cnsm-web-04,"system.cpu.util[,idle]",81.592957
2026-07-20T11:48:16+00:00,cnsm-web-04,"system.cpu.util[,idle]",82.006964
2026-07-20T10:41:17+00:00,cnsm-web-04,"system.cpu.util[,interrupt]",0
2026-07-20T10:42:17+00:00,cnsm-web-04,"system.cpu.util[,interrupt]",0
2026-07-20T10:43:17+00:00,cnsm-web-04,"system.cpu.util[,interrupt]",0
2026-07-20T10:44:17+00:00,cnsm-web-04,"system.cpu.util[,interrupt]",0
2026-07-20T10:45:17+00:00,cnsm-web-04,"system.cpu.util[,interrupt]",0
2026-07-20T10:46:17+00:00,cnsm-web-04,"system.cpu.util[,interrupt]",0
2026-07-20T10:47:17+00:00,cnsm-web-04,"system.cpu.util[,interrupt]",0
2026-07-20T10:48:17+00:00,cnsm-web-04,"system.cpu.util[,interrupt]",0
2026-07-20T10:49:17+00:00,cnsm-web-04,"system.cpu.util[,interrupt]",0
2026-07-20T10:50:17+00:00,cnsm-web-04,"system.cpu.util[,interrupt]",0
2026-07-20T10:51:17+00:00,cnsm-web-04,"system.cpu.util[,interrupt]",0
2026-07-20T10:52:17+00:00,cnsm-web-04,"system.cpu.util[,interrupt]",0
2026-07-20T10:53:17+00:00,cnsm-web-04,"system.cpu.util[,interrupt]",0
2026-07-20T10:54:17+00:00,cnsm-web-04,"system.cpu.util[,interrupt]",0
2026-07-20T10:55:17+00:00,cnsm-web-04,"system.cpu.util[,interrupt]",0
2026-07-20T10:56:17+00:00,cnsm-web-04,"system.cpu.util[,interrupt]",0
2026-07-20T10:57:17+00:00,cnsm-web-04,"system.cpu.util[,interrupt]",0
2026-07-20T10:58:17+00:00,cnsm-web-04,"system.cpu.util[,interrupt]",0
2026-07-20T10:59:17+00:00,cnsm-web-04,"system.cpu.util[,interrupt]",0
2026-07-20T11:00:17+00:00,cnsm-web-04,"system.cpu.util[,interrupt]",0
2026-07-20T11:01:17+00:00,cnsm-web-04,"system.cpu.util[,interrupt]",0
2026-07-20T11:02:17+00:00,cnsm-web-04,"system.cpu.util[,interrupt]",0
2026-07-20T11:03:17+00:00,cnsm-web-04,"system.cpu.util[,interrupt]",0
2026-07-20T11:04:17+00:00,cnsm-web-04,"system.cpu.util[,interrupt]",0
2026-07-20T11:05:17+00:00,cnsm-web-04,"system.cpu.util[,interrupt]",0
2026-07-20T11:06:17+00:00,cnsm-web-04,"system.cpu.util[,interrupt]",0
2026-07-20T11:07:17+00:00,cnsm-web-04,"system.cpu.util[,interrupt]",0
2026-07-20T11:08:17+00:00,cnsm-web-04,"system.cpu.util[,interrupt]",0
2026-07-20T11:09:17+00:00,cnsm-web-04,"system.cpu.util[,interrupt]",0
2026-07-20T11:10:17+00:00,cnsm-web-04,"system.cpu.util[,interrupt]",0
2026-07-20T11:11:17+00:00,cnsm-web-04,"system.cpu.util[,interrupt]",0
2026-07-20T11:12:17+00:00,cnsm-web-04,"system.cpu.util[,interrupt]",0
2026-07-20T11:13:17+00:00,cnsm-web-04,"system.cpu.util[,interrupt]",0
2026-07-20T11:14:17+00:00,cnsm-web-04,"system.cpu.util[,interrupt]",0
2026-07-20T11:15:17+00:00,cnsm-web-04,"system.cpu.util[,interrupt]",0
2026-07-20T11:16:17+00:00,cnsm-web-04,"system.cpu.util[,interrupt]",0
2026-07-20T11:17:17+00:00,cnsm-web-04,"system.cpu.util[,interrupt]",0
2026-07-20T11:18:17+00:00,cnsm-web-04,"system.cpu.util[,interrupt]",0
2026-07-20T11:19:17+00:00,cnsm-web-04,"system.cpu.util[,interrupt]",0
2026-07-20T11:20:17+00:00,cnsm-web-04,"system.cpu.util[,interrupt]",0
2026-07-20T11:21:17+00:00,cnsm-web-04,"system.cpu.util[,interrupt]",0
2026-07-20T11:22:17+00:00,cnsm-web-04,"system.cpu.util[,interrupt]",0
2026-07-20T11:23:17+00:00,cnsm-web-04,"system.cpu.util[,interrupt]",0
2026-07-20T11:24:17+00:00,cnsm-web-04,"system.cpu.util[,interrupt]",0
2026-07-20T11:25:17+00:00,cnsm-web-04,"system.cpu.util[,interrupt]",0
2026-07-20T11:26:17+00:00,cnsm-web-04,"system.cpu.util[,interrupt]",0
2026-07-20T11:27:17+00:00,cnsm-web-04,"system.cpu.util[,interrupt]",0
2026-07-20T11:28:17+00:00,cnsm-web-04,"system.cpu.util[,interrupt]",0
2026-07-20T11:29:17+00:00,cnsm-web-04,"system.cpu.util[,interrupt]",0
2026-07-20T11:30:17+00:00,cnsm-web-04,"system.cpu.util[,interrupt]",0
2026-07-20T11:31:17+00:00,cnsm-web-04,"system.cpu.util[,interrupt]",0
2026-07-20T11:32:17+00:00,cnsm-web-04,"system.cpu.util[,interrupt]",0
2026-07-20T11:33:17+00:00,cnsm-web-04,"system.cpu.util[,interrupt]",0
2026-07-20T11:34:17+00:00,cnsm-web-04,"system.cpu.util[,interrupt]",0
2026-07-20T11:35:17+00:00,cnsm-web-04,"system.cpu.util[,interrupt]",0
2026-07-20T11:36:17+00:00,cnsm-web-04,"system.cpu.util[,interrupt]",0
2026-07-20T11:37:17+00:00,cnsm-web-04,"system.cpu.util[,interrupt]",0
2026-07-20T11:38:17+00:00,cnsm-web-04,"system.cpu.util[,interrupt]",0
2026-07-20T11:39:17+00:00,cnsm-web-04,"system.cpu.util[,interrupt]",0
2026-07-20T11:40:17+00:00,cnsm-web-04,"system.cpu.util[,interrupt]",0
2026-07-20T11:41:17+00:00,cnsm-web-04,"system.cpu.util[,interrupt]",0
2026-07-20T11:42:17+00:00,cnsm-web-04,"system.cpu.util[,interrupt]",0
2026-07-20T11:43:17+00:00,cnsm-web-04,"system.cpu.util[,interrupt]",0
2026-07-20T11:44:17+00:00,cnsm-web-04,"system.cpu.util[,interrupt]",0
2026-07-20T11:45:17+00:00,cnsm-web-04,"system.cpu.util[,interrupt]",0
2026-07-20T11:46:17+00:00,cnsm-web-04,"system.cpu.util[,interrupt]",0
2026-07-20T11:47:17+00:00,cnsm-web-04,"system.cpu.util[,interrupt]",0
2026-07-20T11:48:17+00:00,cnsm-web-04,"system.cpu.util[,interrupt]",0
2026-07-20T10:41:10+00:00,cnsm-web-04,"system.cpu.util[,iowait]",0
2026-07-20T10:42:10+00:00,cnsm-web-04,"system.cpu.util[,iowait]",0.004196
2026-07-20T10:43:10+00:00,cnsm-web-04,"system.cpu.util[,iowait]",0
2026-07-20T10:44:10+00:00,cnsm-web-04,"system.cpu.util[,iowait]",0.004193
2026-07-20T10:45:10+00:00,cnsm-web-04,"system.cpu.util[,iowait]",0
2026-07-20T10:46:10+00:00,cnsm-web-04,"system.cpu.util[,iowait]",0.004188
2026-07-20T10:47:10+00:00,cnsm-web-04,"system.cpu.util[,iowait]",0
2026-07-20T10:48:10+00:00,cnsm-web-04,"system.cpu.util[,iowait]",0
2026-07-20T10:49:10+00:00,cnsm-web-04,"system.cpu.util[,iowait]",0.004186
2026-07-20T10:50:10+00:00,cnsm-web-04,"system.cpu.util[,iowait]",0
2026-07-20T10:51:10+00:00,cnsm-web-04,"system.cpu.util[,iowait]",0.004185
2026-07-20T10:52:10+00:00,cnsm-web-04,"system.cpu.util[,iowait]",0.004205
2026-07-20T10:53:10+00:00,cnsm-web-04,"system.cpu.util[,iowait]",0
2026-07-20T10:54:10+00:00,cnsm-web-04,"system.cpu.util[,iowait]",0.004186
2026-07-20T10:55:10+00:00,cnsm-web-04,"system.cpu.util[,iowait]",0
2026-07-20T10:56:10+00:00,cnsm-web-04,"system.cpu.util[,iowait]",0
2026-07-20T10:57:10+00:00,cnsm-web-04,"system.cpu.util[,iowait]",0.004186
2026-07-20T10:58:10+00:00,cnsm-web-04,"system.cpu.util[,iowait]",0
2026-07-20T10:59:10+00:00,cnsm-web-04,"system.cpu.util[,iowait]",0.004198
2026-07-20T11:00:10+00:00,cnsm-web-04,"system.cpu.util[,iowait]",0
2026-07-20T11:01:10+00:00,cnsm-web-04,"system.cpu.util[,iowait]",0.004191
2026-07-20T11:02:10+00:00,cnsm-web-04,"system.cpu.util[,iowait]",0
2026-07-20T11:03:10+00:00,cnsm-web-04,"system.cpu.util[,iowait]",0.004191
2026-07-20T11:04:10+00:00,cnsm-web-04,"system.cpu.util[,iowait]",0.00419
2026-07-20T11:05:10+00:00,cnsm-web-04,"system.cpu.util[,iowait]",0
2026-07-20T11:06:10+00:00,cnsm-web-04,"system.cpu.util[,iowait]",0
2026-07-20T11:07:10+00:00,cnsm-web-04,"system.cpu.util[,iowait]",0.004187
2026-07-20T11:08:10+00:00,cnsm-web-04,"system.cpu.util[,iowait]",0
2026-07-20T11:09:10+00:00,cnsm-web-04,"system.cpu.util[,iowait]",0
2026-07-20T11:10:10+00:00,cnsm-web-04,"system.cpu.util[,iowait]",0.004186
2026-07-20T11:11:10+00:00,cnsm-web-04,"system.cpu.util[,iowait]",0
2026-07-20T11:12:10+00:00,cnsm-web-04,"system.cpu.util[,iowait]",0.004187
2026-07-20T11:13:10+00:00,cnsm-web-04,"system.cpu.util[,iowait]",0
2026-07-20T11:14:10+00:00,cnsm-web-04,"system.cpu.util[,iowait]",0.004191
2026-07-20T11:15:10+00:00,cnsm-web-04,"system.cpu.util[,iowait]",0.004191
2026-07-20T11:16:10+00:00,cnsm-web-04,"system.cpu.util[,iowait]",0
2026-07-20T11:17:10+00:00,cnsm-web-04,"system.cpu.util[,iowait]",0
2026-07-20T11:18:10+00:00,cnsm-web-04,"system.cpu.util[,iowait]",0
2026-07-20T11:19:10+00:00,cnsm-web-04,"system.cpu.util[,iowait]",0.004191
2026-07-20T11:20:10+00:00,cnsm-web-04,"system.cpu.util[,iowait]",0
2026-07-20T11:21:10+00:00,cnsm-web-04,"system.cpu.util[,iowait]",0.004185
2026-07-20T11:22:10+00:00,cnsm-web-04,"system.cpu.util[,iowait]",0
2026-07-20T11:23:10+00:00,cnsm-web-04,"system.cpu.util[,iowait]",0
2026-07-20T11:24:10+00:00,cnsm-web-04,"system.cpu.util[,iowait]",0.00419
2026-07-20T11:25:10+00:00,cnsm-web-04,"system.cpu.util[,iowait]",0
2026-07-20T11:26:10+00:00,cnsm-web-04,"system.cpu.util[,iowait]",0.004185
2026-07-20T11:27:10+00:00,cnsm-web-04,"system.cpu.util[,iowait]",0.004185
2026-07-20T11:28:10+00:00,cnsm-web-04,"system.cpu.util[,iowait]",0.004187
2026-07-20T11:29:10+00:00,cnsm-web-04,"system.cpu.util[,iowait]",0
2026-07-20T11:30:10+00:00,cnsm-web-04,"system.cpu.util[,iowait]",0.004188
2026-07-20T11:31:10+00:00,cnsm-web-04,"system.cpu.util[,iowait]",0.004189
2026-07-20T11:32:10+00:00,cnsm-web-04,"system.cpu.util[,iowait]",0
2026-07-20T11:33:10+00:00,cnsm-web-04,"system.cpu.util[,iowait]",0.004196
2026-07-20T11:34:10+00:00,cnsm-web-04,"system.cpu.util[,iowait]",0
2026-07-20T11:35:10+00:00,cnsm-web-04,"system.cpu.util[,iowait]",0.004187
2026-07-20T11:36:10+00:00,cnsm-web-04,"system.cpu.util[,iowait]",0
2026-07-20T11:37:10+00:00,cnsm-web-04,"system.cpu.util[,iowait]",0.004192
2026-07-20T11:38:10+00:00,cnsm-web-04,"system.cpu.util[,iowait]",0
2026-07-20T11:39:10+00:00,cnsm-web-04,"system.cpu.util[,iowait]",0.004193
2026-07-20T11:40:10+00:00,cnsm-web-04,"system.cpu.util[,iowait]",0.0042
2026-07-20T11:41:10+00:00,cnsm-web-04,"system.cpu.util[,iowait]",0.004193
2026-07-20T11:42:10+00:00,cnsm-web-04,"system.cpu.util[,iowait]",0.004189
2026-07-20T11:43:10+00:00,cnsm-web-04,"system.cpu.util[,iowait]",0
2026-07-20T11:44:10+00:00,cnsm-web-04,"system.cpu.util[,iowait]",0.004191
2026-07-20T11:45:10+00:00,cnsm-web-04,"system.cpu.util[,iowait]",0.004191
2026-07-20T11:46:10+00:00,cnsm-web-04,"system.cpu.util[,iowait]",0
2026-07-20T11:47:10+00:00,cnsm-web-04,"system.cpu.util[,iowait]",0.004192
2026-07-20T11:48:10+00:00,cnsm-web-04,"system.cpu.util[,iowait]",0.004194
2026-07-20T10:40:59+00:00,cnsm-web-04,"system.cpu.util[,nice]",0
2026-07-20T10:41:59+00:00,cnsm-web-04,"system.cpu.util[,nice]",0
2026-07-20T10:42:59+00:00,cnsm-web-04,"system.cpu.util[,nice]",0
2026-07-20T10:43:59+00:00,cnsm-web-04,"system.cpu.util[,nice]",0
2026-07-20T10:44:59+00:00,cnsm-web-04,"system.cpu.util[,nice]",0
2026-07-20T10:45:59+00:00,cnsm-web-04,"system.cpu.util[,nice]",0
2026-07-20T10:46:59+00:00,cnsm-web-04,"system.cpu.util[,nice]",0
2026-07-20T10:47:59+00:00,cnsm-web-04,"system.cpu.util[,nice]",0
2026-07-20T10:48:59+00:00,cnsm-web-04,"system.cpu.util[,nice]",0
2026-07-20T10:49:59+00:00,cnsm-web-04,"system.cpu.util[,nice]",0
2026-07-20T10:50:59+00:00,cnsm-web-04,"system.cpu.util[,nice]",0
2026-07-20T10:51:59+00:00,cnsm-web-04,"system.cpu.util[,nice]",0
2026-07-20T10:52:59+00:00,cnsm-web-04,"system.cpu.util[,nice]",0
2026-07-20T10:53:59+00:00,cnsm-web-04,"system.cpu.util[,nice]",0
2026-07-20T10:54:59+00:00,cnsm-web-04,"system.cpu.util[,nice]",0
2026-07-20T10:55:59+00:00,cnsm-web-04,"system.cpu.util[,nice]",0
2026-07-20T10:56:59+00:00,cnsm-web-04,"system.cpu.util[,nice]",0
2026-07-20T10:57:59+00:00,cnsm-web-04,"system.cpu.util[,nice]",0
2026-07-20T10:58:59+00:00,cnsm-web-04,"system.cpu.util[,nice]",0
2026-07-20T10:59:59+00:00,cnsm-web-04,"system.cpu.util[,nice]",0
2026-07-20T11:00:59+00:00,cnsm-web-04,"system.cpu.util[,nice]",0
2026-07-20T11:01:59+00:00,cnsm-web-04,"system.cpu.util[,nice]",0
2026-07-20T11:02:59+00:00,cnsm-web-04,"system.cpu.util[,nice]",0
2026-07-20T11:03:59+00:00,cnsm-web-04,"system.cpu.util[,nice]",0
2026-07-20T11:04:59+00:00,cnsm-web-04,"system.cpu.util[,nice]",0
2026-07-20T11:05:59+00:00,cnsm-web-04,"system.cpu.util[,nice]",0
2026-07-20T11:06:59+00:00,cnsm-web-04,"system.cpu.util[,nice]",0
2026-07-20T11:07:59+00:00,cnsm-web-04,"system.cpu.util[,nice]",0
2026-07-20T11:08:59+00:00,cnsm-web-04,"system.cpu.util[,nice]",0
2026-07-20T11:09:59+00:00,cnsm-web-04,"system.cpu.util[,nice]",0
2026-07-20T11:10:59+00:00,cnsm-web-04,"system.cpu.util[,nice]",0
2026-07-20T11:11:59+00:00,cnsm-web-04,"system.cpu.util[,nice]",0
2026-07-20T11:12:59+00:00,cnsm-web-04,"system.cpu.util[,nice]",0
2026-07-20T11:13:59+00:00,cnsm-web-04,"system.cpu.util[,nice]",0
2026-07-20T11:14:59+00:00,cnsm-web-04,"system.cpu.util[,nice]",0
2026-07-20T11:15:59+00:00,cnsm-web-04,"system.cpu.util[,nice]",0
2026-07-20T11:16:59+00:00,cnsm-web-04,"system.cpu.util[,nice]",0
2026-07-20T11:17:59+00:00,cnsm-web-04,"system.cpu.util[,nice]",0
2026-07-20T11:18:59+00:00,cnsm-web-04,"system.cpu.util[,nice]",0
2026-07-20T11:19:59+00:00,cnsm-web-04,"system.cpu.util[,nice]",0
2026-07-20T11:20:59+00:00,cnsm-web-04,"system.cpu.util[,nice]",0
2026-07-20T11:21:59+00:00,cnsm-web-04,"system.cpu.util[,nice]",0
2026-07-20T11:22:59+00:00,cnsm-web-04,"system.cpu.util[,nice]",0
2026-07-20T11:23:59+00:00,cnsm-web-04,"system.cpu.util[,nice]",0
2026-07-20T11:24:59+00:00,cnsm-web-04,"system.cpu.util[,nice]",0
2026-07-20T11:25:59+00:00,cnsm-web-04,"system.cpu.util[,nice]",0
2026-07-20T11:26:59+00:00,cnsm-web-04,"system.cpu.util[,nice]",0
2026-07-20T11:27:59+00:00,cnsm-web-04,"system.cpu.util[,nice]",0
2026-07-20T11:28:59+00:00,cnsm-web-04,"system.cpu.util[,nice]",0
2026-07-20T11:29:59+00:00,cnsm-web-04,"system.cpu.util[,nice]",0
2026-07-20T11:30:59+00:00,cnsm-web-04,"system.cpu.util[,nice]",0
2026-07-20T11:31:59+00:00,cnsm-web-04,"system.cpu.util[,nice]",0
2026-07-20T11:32:59+00:00,cnsm-web-04,"system.cpu.util[,nice]",0
2026-07-20T11:33:59+00:00,cnsm-web-04,"system.cpu.util[,nice]",0
2026-07-20T11:34:59+00:00,cnsm-web-04,"system.cpu.util[,nice]",0
2026-07-20T11:35:59+00:00,cnsm-web-04,"system.cpu.util[,nice]",0
2026-07-20T11:36:59+00:00,cnsm-web-04,"system.cpu.util[,nice]",0
2026-07-20T11:37:59+00:00,cnsm-web-04,"system.cpu.util[,nice]",0
2026-07-20T11:38:59+00:00,cnsm-web-04,"system.cpu.util[,nice]",0
2026-07-20T11:39:59+00:00,cnsm-web-04,"system.cpu.util[,nice]",0
2026-07-20T11:40:59+00:00,cnsm-web-04,"system.cpu.util[,nice]",0
2026-07-20T11:41:59+00:00,cnsm-web-04,"system.cpu.util[,nice]",0
2026-07-20T11:42:59+00:00,cnsm-web-04,"system.cpu.util[,nice]",0
2026-07-20T11:43:59+00:00,cnsm-web-04,"system.cpu.util[,nice]",0
2026-07-20T11:44:59+00:00,cnsm-web-04,"system.cpu.util[,nice]",0
2026-07-20T11:45:59+00:00,cnsm-web-04,"system.cpu.util[,nice]",0
2026-07-20T11:46:59+00:00,cnsm-web-04,"system.cpu.util[,nice]",0
2026-07-20T11:47:59+00:00,cnsm-web-04,"system.cpu.util[,nice]",0
2026-07-20T10:40:49+00:00,cnsm-web-04,"system.cpu.util[,softirq]",3.51186
2026-07-20T10:41:49+00:00,cnsm-web-04,"system.cpu.util[,softirq]",3.606172
2026-07-20T10:42:49+00:00,cnsm-web-04,"system.cpu.util[,softirq]",3.629878
2026-07-20T10:43:49+00:00,cnsm-web-04,"system.cpu.util[,softirq]",3.834053
2026-07-20T10:44:49+00:00,cnsm-web-04,"system.cpu.util[,softirq]",3.638193
2026-07-20T10:45:49+00:00,cnsm-web-04,"system.cpu.util[,softirq]",3.460411
2026-07-20T10:46:49+00:00,cnsm-web-04,"system.cpu.util[,softirq]",3.255541
2026-07-20T10:47:49+00:00,cnsm-web-04,"system.cpu.util[,softirq]",3.641163
2026-07-20T10:48:49+00:00,cnsm-web-04,"system.cpu.util[,softirq]",3.304195
2026-07-20T10:49:49+00:00,cnsm-web-04,"system.cpu.util[,softirq]",3.541082
2026-07-20T10:50:49+00:00,cnsm-web-04,"system.cpu.util[,softirq]",3.418124
2026-07-20T10:51:49+00:00,cnsm-web-04,"system.cpu.util[,softirq]",5.553691
2026-07-20T10:52:49+00:00,cnsm-web-04,"system.cpu.util[,softirq]",4.201822
2026-07-20T10:53:49+00:00,cnsm-web-04,"system.cpu.util[,softirq]",3.478334
2026-07-20T10:54:49+00:00,cnsm-web-04,"system.cpu.util[,softirq]",3.273884
2026-07-20T10:55:49+00:00,cnsm-web-04,"system.cpu.util[,softirq]",3.29399
2026-07-20T10:56:49+00:00,cnsm-web-04,"system.cpu.util[,softirq]",3.229315
2026-07-20T10:57:49+00:00,cnsm-web-04,"system.cpu.util[,softirq]",3.346597
2026-07-20T10:58:49+00:00,cnsm-web-04,"system.cpu.util[,softirq]",3.743068
2026-07-20T10:59:49+00:00,cnsm-web-04,"system.cpu.util[,softirq]",3.692527
2026-07-20T11:00:49+00:00,cnsm-web-04,"system.cpu.util[,softirq]",3.537894
2026-07-20T11:01:49+00:00,cnsm-web-04,"system.cpu.util[,softirq]",3.531435
2026-07-20T11:02:49+00:00,cnsm-web-04,"system.cpu.util[,softirq]",3.578612
2026-07-20T11:03:49+00:00,cnsm-web-04,"system.cpu.util[,softirq]",3.642842
2026-07-20T11:04:49+00:00,cnsm-web-04,"system.cpu.util[,softirq]",3.627443
2026-07-20T11:05:49+00:00,cnsm-web-04,"system.cpu.util[,softirq]",3.550916
2026-07-20T11:06:49+00:00,cnsm-web-04,"system.cpu.util[,softirq]",3.579353
2026-07-20T11:07:49+00:00,cnsm-web-04,"system.cpu.util[,softirq]",3.708826
2026-07-20T11:08:49+00:00,cnsm-web-04,"system.cpu.util[,softirq]",3.36768
2026-07-20T11:09:49+00:00,cnsm-web-04,"system.cpu.util[,softirq]",3.65092
2026-07-20T11:10:49+00:00,cnsm-web-04,"system.cpu.util[,softirq]",3.401247
2026-07-20T11:11:49+00:00,cnsm-web-04,"system.cpu.util[,softirq]",3.800863
2026-07-20T11:12:49+00:00,cnsm-web-04,"system.cpu.util[,softirq]",3.675332
2026-07-20T11:13:49+00:00,cnsm-web-04,"system.cpu.util[,softirq]",3.601375
2026-07-20T11:14:49+00:00,cnsm-web-04,"system.cpu.util[,softirq]",3.70448
2026-07-20T11:15:49+00:00,cnsm-web-04,"system.cpu.util[,softirq]",3.494218
2026-07-20T11:16:49+00:00,cnsm-web-04,"system.cpu.util[,softirq]",3.539526
2026-07-20T11:17:49+00:00,cnsm-web-04,"system.cpu.util[,softirq]",3.576508
2026-07-20T11:18:49+00:00,cnsm-web-04,"system.cpu.util[,softirq]",3.599715
2026-07-20T11:19:49+00:00,cnsm-web-04,"system.cpu.util[,softirq]",3.505466
2026-07-20T11:20:49+00:00,cnsm-web-04,"system.cpu.util[,softirq]",3.537933
2026-07-20T11:21:49+00:00,cnsm-web-04,"system.cpu.util[,softirq]",3.488421
2026-07-20T11:22:49+00:00,cnsm-web-04,"system.cpu.util[,softirq]",3.642689
2026-07-20T11:23:49+00:00,cnsm-web-04,"system.cpu.util[,softirq]",3.442499
2026-07-20T11:24:49+00:00,cnsm-web-04,"system.cpu.util[,softirq]",3.563045
2026-07-20T11:25:49+00:00,cnsm-web-04,"system.cpu.util[,softirq]",3.674068
2026-07-20T11:26:49+00:00,cnsm-web-04,"system.cpu.util[,softirq]",3.580991
2026-07-20T11:27:49+00:00,cnsm-web-04,"system.cpu.util[,softirq]",3.48292
2026-07-20T11:28:49+00:00,cnsm-web-04,"system.cpu.util[,softirq]",3.477605
2026-07-20T11:29:49+00:00,cnsm-web-04,"system.cpu.util[,softirq]",3.539971
2026-07-20T11:30:49+00:00,cnsm-web-04,"system.cpu.util[,softirq]",3.503265
2026-07-20T11:31:49+00:00,cnsm-web-04,"system.cpu.util[,softirq]",3.43585
2026-07-20T11:32:49+00:00,cnsm-web-04,"system.cpu.util[,softirq]",3.649023
2026-07-20T11:33:49+00:00,cnsm-web-04,"system.cpu.util[,softirq]",3.764795
2026-07-20T11:34:49+00:00,cnsm-web-04,"system.cpu.util[,softirq]",3.443509
2026-07-20T11:35:49+00:00,cnsm-web-04,"system.cpu.util[,softirq]",3.730874
2026-07-20T11:36:49+00:00,cnsm-web-04,"system.cpu.util[,softirq]",3.732752
2026-07-20T11:37:49+00:00,cnsm-web-04,"system.cpu.util[,softirq]",3.735692
2026-07-20T11:38:49+00:00,cnsm-web-04,"system.cpu.util[,softirq]",3.683372
2026-07-20T11:39:49+00:00,cnsm-web-04,"system.cpu.util[,softirq]",3.775407
2026-07-20T11:40:49+00:00,cnsm-web-04,"system.cpu.util[,softirq]",3.69454
2026-07-20T11:41:49+00:00,cnsm-web-04,"system.cpu.util[,softirq]",3.64734
2026-07-20T11:42:49+00:00,cnsm-web-04,"system.cpu.util[,softirq]",3.386847
2026-07-20T11:43:49+00:00,cnsm-web-04,"system.cpu.util[,softirq]",3.688799
2026-07-20T11:44:49+00:00,cnsm-web-04,"system.cpu.util[,softirq]",3.69423
2026-07-20T11:45:49+00:00,cnsm-web-04,"system.cpu.util[,softirq]",3.569184
2026-07-20T11:46:49+00:00,cnsm-web-04,"system.cpu.util[,softirq]",3.770423
2026-07-20T11:47:49+00:00,cnsm-web-04,"system.cpu.util[,softirq]",3.593291
2026-07-20T10:40:58+00:00,cnsm-web-04,"system.cpu.util[,steal]",0.054512
2026-07-20T10:41:58+00:00,cnsm-web-04,"system.cpu.util[,steal]",0.029362
2026-07-20T10:42:58+00:00,cnsm-web-04,"system.cpu.util[,steal]",0.029362
2026-07-20T10:43:58+00:00,cnsm-web-04,"system.cpu.util[,steal]",0.020971
2026-07-20T10:44:58+00:00,cnsm-web-04,"system.cpu.util[,steal]",0.020956
2026-07-20T10:45:58+00:00,cnsm-web-04,"system.cpu.util[,steal]",0.025124
2026-07-20T10:46:58+00:00,cnsm-web-04,"system.cpu.util[,steal]",0.025163
2026-07-20T10:47:58+00:00,cnsm-web-04,"system.cpu.util[,steal]",0.037673
2026-07-20T10:48:58+00:00,cnsm-web-04,"system.cpu.util[,steal]",0.050234
2026-07-20T10:49:58+00:00,cnsm-web-04,"system.cpu.util[,steal]",0.04185
2026-07-20T10:50:58+00:00,cnsm-web-04,"system.cpu.util[,steal]",0.138006
2026-07-20T10:51:58+00:00,cnsm-web-04,"system.cpu.util[,steal]",0.071489
2026-07-20T10:52:58+00:00,cnsm-web-04,"system.cpu.util[,steal]",0.037714
2026-07-20T10:53:58+00:00,cnsm-web-04,"system.cpu.util[,steal]",0.029312
2026-07-20T10:54:58+00:00,cnsm-web-04,"system.cpu.util[,steal]",0.033492
2026-07-20T10:55:58+00:00,cnsm-web-04,"system.cpu.util[,steal]",0.041853
2026-07-20T10:56:58+00:00,cnsm-web-04,"system.cpu.util[,steal]",0.050216
2026-07-20T10:57:58+00:00,cnsm-web-04,"system.cpu.util[,steal]",0.041904
2026-07-20T10:58:58+00:00,cnsm-web-04,"system.cpu.util[,steal]",0.025207
2026-07-20T10:59:58+00:00,cnsm-web-04,"system.cpu.util[,steal]",0.025132
2026-07-20T11:00:58+00:00,cnsm-web-04,"system.cpu.util[,steal]",0.029334
2026-07-20T11:01:58+00:00,cnsm-web-04,"system.cpu.util[,steal]",0.025183
2026-07-20T11:02:58+00:00,cnsm-web-04,"system.cpu.util[,steal]",0.041904
2026-07-20T11:03:58+00:00,cnsm-web-04,"system.cpu.util[,steal]",0.033532
2026-07-20T11:04:58+00:00,cnsm-web-04,"system.cpu.util[,steal]",0.037736
2026-07-20T11:05:58+00:00,cnsm-web-04,"system.cpu.util[,steal]",0.046129
2026-07-20T11:06:58+00:00,cnsm-web-04,"system.cpu.util[,steal]",0.033492
2026-07-20T11:07:58+00:00,cnsm-web-04,"system.cpu.util[,steal]",0.037701
2026-07-20T11:08:58+00:00,cnsm-web-04,"system.cpu.util[,steal]",0.037696
2026-07-20T11:09:58+00:00,cnsm-web-04,"system.cpu.util[,steal]",0.041892
2026-07-20T11:10:58+00:00,cnsm-web-04,"system.cpu.util[,steal]",0.062783
2026-07-20T11:11:58+00:00,cnsm-web-04,"system.cpu.util[,steal]",0.054475
2026-07-20T11:12:58+00:00,cnsm-web-04,"system.cpu.util[,steal]",0.033494
2026-07-20T11:13:58+00:00,cnsm-web-04,"system.cpu.util[,steal]",0.033519
2026-07-20T11:14:58+00:00,cnsm-web-04,"system.cpu.util[,steal]",0.037739
2026-07-20T11:15:58+00:00,cnsm-web-04,"system.cpu.util[,steal]",0.029334
2026-07-20T11:16:58+00:00,cnsm-web-04,"system.cpu.util[,steal]",0.04611
2026-07-20T11:17:58+00:00,cnsm-web-04,"system.cpu.util[,steal]",0.041853
2026-07-20T11:18:58+00:00,cnsm-web-04,"system.cpu.util[,steal]",0.033529
2026-07-20T11:19:58+00:00,cnsm-web-04,"system.cpu.util[,steal]",0.037682
2026-07-20T11:20:58+00:00,cnsm-web-04,"system.cpu.util[,steal]",0.054425
2026-07-20T11:21:58+00:00,cnsm-web-04,"system.cpu.util[,steal]",0.046081
2026-07-20T11:22:58+00:00,cnsm-web-04,"system.cpu.util[,steal]",0.033508
2026-07-20T11:23:58+00:00,cnsm-web-04,"system.cpu.util[,steal]",0.037714
2026-07-20T11:24:58+00:00,cnsm-web-04,"system.cpu.util[,steal]",0.033522
2026-07-20T11:25:58+00:00,cnsm-web-04,"system.cpu.util[,steal]",0.037687
2026-07-20T11:26:58+00:00,cnsm-web-04,"system.cpu.util[,steal]",0.041845
2026-07-20T11:27:58+00:00,cnsm-web-04,"system.cpu.util[,steal]",0.029313
2026-07-20T11:28:58+00:00,cnsm-web-04,"system.cpu.util[,steal]",0.041922
2026-07-20T11:29:58+00:00,cnsm-web-04,"system.cpu.util[,steal]",0.046093
2026-07-20T11:30:58+00:00,cnsm-web-04,"system.cpu.util[,steal]",0.08794
2026-07-20T11:31:58+00:00,cnsm-web-04,"system.cpu.util[,steal]",0.033525
2026-07-20T11:32:58+00:00,cnsm-web-04,"system.cpu.util[,steal]",0.029365
2026-07-20T11:33:58+00:00,cnsm-web-04,"system.cpu.util[,steal]",0.033581
2026-07-20T11:34:58+00:00,cnsm-web-04,"system.cpu.util[,steal]",0.029311
2026-07-20T11:35:58+00:00,cnsm-web-04,"system.cpu.util[,steal]",0.029353
2026-07-20T11:36:58+00:00,cnsm-web-04,"system.cpu.util[,steal]",0.029343
2026-07-20T11:37:58+00:00,cnsm-web-04,"system.cpu.util[,steal]",0.029356
2026-07-20T11:38:58+00:00,cnsm-web-04,"system.cpu.util[,steal]",0.041938
2026-07-20T11:39:58+00:00,cnsm-web-04,"system.cpu.util[,steal]",0.033591
2026-07-20T11:40:58+00:00,cnsm-web-04,"system.cpu.util[,steal]",0.046116
2026-07-20T11:41:58+00:00,cnsm-web-04,"system.cpu.util[,steal]",0.025152
2026-07-20T11:42:58+00:00,cnsm-web-04,"system.cpu.util[,steal]",0.029343
2026-07-20T11:43:58+00:00,cnsm-web-04,"system.cpu.util[,steal]",0.025151
2026-07-20T11:44:58+00:00,cnsm-web-04,"system.cpu.util[,steal]",0.033537
2026-07-20T11:45:58+00:00,cnsm-web-04,"system.cpu.util[,steal]",0.04189
2026-07-20T11:46:58+00:00,cnsm-web-04,"system.cpu.util[,steal]",0.033529
2026-07-20T11:47:58+00:00,cnsm-web-04,"system.cpu.util[,steal]",0.029349
2026-07-20T10:40:41+00:00,cnsm-web-04,"system.cpu.util[,system]",10.163317
2026-07-20T10:41:41+00:00,cnsm-web-04,"system.cpu.util[,system]",10.912599
2026-07-20T10:42:41+00:00,cnsm-web-04,"system.cpu.util[,system]",11.373652
2026-07-20T10:43:41+00:00,cnsm-web-04,"system.cpu.util[,system]",11.624297
2026-07-20T10:44:41+00:00,cnsm-web-04,"system.cpu.util[,system]",11.713184
2026-07-20T10:45:41+00:00,cnsm-web-04,"system.cpu.util[,system]",10.525875
2026-07-20T10:46:41+00:00,cnsm-web-04,"system.cpu.util[,system]",10.047747
2026-07-20T10:47:41+00:00,cnsm-web-04,"system.cpu.util[,system]",11.351442
2026-07-20T10:48:41+00:00,cnsm-web-04,"system.cpu.util[,system]",9.893328
2026-07-20T10:49:41+00:00,cnsm-web-04,"system.cpu.util[,system]",10.559578
2026-07-20T10:50:41+00:00,cnsm-web-04,"system.cpu.util[,system]",10.377872
2026-07-20T10:51:41+00:00,cnsm-web-04,"system.cpu.util[,system]",14.280327
2026-07-20T10:52:41+00:00,cnsm-web-04,"system.cpu.util[,system]",15.229535
2026-07-20T10:53:41+00:00,cnsm-web-04,"system.cpu.util[,system]",10.883327
2026-07-20T10:54:41+00:00,cnsm-web-04,"system.cpu.util[,system]",10.097502
2026-07-20T10:55:41+00:00,cnsm-web-04,"system.cpu.util[,system]",10.082063
2026-07-20T10:56:41+00:00,cnsm-web-04,"system.cpu.util[,system]",9.574201
2026-07-20T10:57:41+00:00,cnsm-web-04,"system.cpu.util[,system]",10.182975
2026-07-20T10:58:41+00:00,cnsm-web-04,"system.cpu.util[,system]",11.857857
2026-07-20T10:59:41+00:00,cnsm-web-04,"system.cpu.util[,system]",11.47713
2026-07-20T11:00:41+00:00,cnsm-web-04,"system.cpu.util[,system]",10.639812
2026-07-20T11:01:41+00:00,cnsm-web-04,"system.cpu.util[,system]",10.625891
2026-07-20T11:02:41+00:00,cnsm-web-04,"system.cpu.util[,system]",10.717727
2026-07-20T11:03:41+00:00,cnsm-web-04,"system.cpu.util[,system]",11.124618
2026-07-20T11:04:41+00:00,cnsm-web-04,"system.cpu.util[,system]",10.938221
2026-07-20T11:05:41+00:00,cnsm-web-04,"system.cpu.util[,system]",10.76549
2026-07-20T11:06:41+00:00,cnsm-web-04,"system.cpu.util[,system]",10.359266
2026-07-20T11:07:41+00:00,cnsm-web-04,"system.cpu.util[,system]",10.842869
2026-07-20T11:08:41+00:00,cnsm-web-04,"system.cpu.util[,system]",10.457078
2026-07-20T11:09:41+00:00,cnsm-web-04,"system.cpu.util[,system]",10.85372
2026-07-20T11:10:41+00:00,cnsm-web-04,"system.cpu.util[,system]",9.850609
2026-07-20T11:11:41+00:00,cnsm-web-04,"system.cpu.util[,system]",10.772971
2026-07-20T11:12:41+00:00,cnsm-web-04,"system.cpu.util[,system]",10.936715
2026-07-20T11:13:41+00:00,cnsm-web-04,"system.cpu.util[,system]",11.019826
2026-07-20T11:14:41+00:00,cnsm-web-04,"system.cpu.util[,system]",11.191215
2026-07-20T11:15:41+00:00,cnsm-web-04,"system.cpu.util[,system]",10.810811
2026-07-20T11:16:41+00:00,cnsm-web-04,"system.cpu.util[,system]",10.649176
2026-07-20T11:17:41+00:00,cnsm-web-04,"system.cpu.util[,system]",10.754804
2026-07-20T11:18:41+00:00,cnsm-web-04,"system.cpu.util[,system]",10.820661
2026-07-20T11:19:41+00:00,cnsm-web-04,"system.cpu.util[,system]",10.68811
2026-07-20T11:20:41+00:00,cnsm-web-04,"system.cpu.util[,system]",10.762012
2026-07-20T11:21:41+00:00,cnsm-web-04,"system.cpu.util[,system]",10.200067
2026-07-20T11:22:41+00:00,cnsm-web-04,"system.cpu.util[,system]",10.860999
2026-07-20T11:23:41+00:00,cnsm-web-04,"system.cpu.util[,system]",10.625733
2026-07-20T11:24:41+00:00,cnsm-web-04,"system.cpu.util[,system]",10.988182
2026-07-20T11:25:41+00:00,cnsm-web-04,"system.cpu.util[,system]",10.882957
2026-07-20T11:26:41+00:00,cnsm-web-04,"system.cpu.util[,system]",10.050609
2026-07-20T11:27:41+00:00,cnsm-web-04,"system.cpu.util[,system]",10.552764
2026-07-20T11:28:41+00:00,cnsm-web-04,"system.cpu.util[,system]",10.364756
2026-07-20T11:29:41+00:00,cnsm-web-04,"system.cpu.util[,system]",10.941892
2026-07-20T11:30:41+00:00,cnsm-web-04,"system.cpu.util[,system]",10.25523
2026-07-20T11:31:41+00:00,cnsm-web-04,"system.cpu.util[,system]",10.556091
2026-07-20T11:32:41+00:00,cnsm-web-04,"system.cpu.util[,system]",11.222949
2026-07-20T11:33:41+00:00,cnsm-web-04,"system.cpu.util[,system]",11.739769
2026-07-20T11:34:41+00:00,cnsm-web-04,"system.cpu.util[,system]",10.76936
2026-07-20T11:35:41+00:00,cnsm-web-04,"system.cpu.util[,system]",11.043588
2026-07-20T11:36:41+00:00,cnsm-web-04,"system.cpu.util[,system]",11.007173
2026-07-20T11:37:41+00:00,cnsm-web-04,"system.cpu.util[,system]",11.418148
2026-07-20T11:38:41+00:00,cnsm-web-04,"system.cpu.util[,system]",10.800168
2026-07-20T11:39:41+00:00,cnsm-web-04,"system.cpu.util[,system]",11.428451
2026-07-20T11:40:41+00:00,cnsm-web-04,"system.cpu.util[,system]",11.259694
2026-07-20T11:41:41+00:00,cnsm-web-04,"system.cpu.util[,system]",11.016523
2026-07-20T11:42:41+00:00,cnsm-web-04,"system.cpu.util[,system]",10.063262
2026-07-20T11:43:41+00:00,cnsm-web-04,"system.cpu.util[,system]",11.209427
2026-07-20T11:44:41+00:00,cnsm-web-04,"system.cpu.util[,system]",11.028672
2026-07-20T11:45:41+00:00,cnsm-web-04,"system.cpu.util[,system]",11.220044
2026-07-20T11:46:41+00:00,cnsm-web-04,"system.cpu.util[,system]",11.118096
2026-07-20T11:47:41+00:00,cnsm-web-04,"system.cpu.util[,system]",11.007752
2026-07-20T10:40:42+00:00,cnsm-web-04,"system.cpu.util[,user]",2.860014
2026-07-20T10:41:42+00:00,cnsm-web-04,"system.cpu.util[,user]",3.14191
2026-07-20T10:42:42+00:00,cnsm-web-04,"system.cpu.util[,user]",3.168807
2026-07-20T10:43:42+00:00,cnsm-web-04,"system.cpu.util[,user]",3.158955
2026-07-20T10:44:42+00:00,cnsm-web-04,"system.cpu.util[,user]",3.196481
2026-07-20T10:45:42+00:00,cnsm-web-04,"system.cpu.util[,user]",3.004526
2026-07-20T10:46:42+00:00,cnsm-web-04,"system.cpu.util[,user]",2.835483
2026-07-20T10:47:42+00:00,cnsm-web-04,"system.cpu.util[,user]",3.152247
2026-07-20T10:48:42+00:00,cnsm-web-04,"system.cpu.util[,user]",2.898854
2026-07-20T10:49:42+00:00,cnsm-web-04,"system.cpu.util[,user]",2.996944
2026-07-20T10:50:42+00:00,cnsm-web-04,"system.cpu.util[,user]",3.037657
2026-07-20T10:51:42+00:00,cnsm-web-04,"system.cpu.util[,user]",4.128075
2026-07-20T10:52:42+00:00,cnsm-web-04,"system.cpu.util[,user]",4.226358
2026-07-20T10:53:42+00:00,cnsm-web-04,"system.cpu.util[,user]",2.958555
2026-07-20T10:54:42+00:00,cnsm-web-04,"system.cpu.util[,user]",2.841599
2026-07-20T10:55:42+00:00,cnsm-web-04,"system.cpu.util[,user]",2.855468
2026-07-20T10:56:42+00:00,cnsm-web-04,"system.cpu.util[,user]",2.785562
2026-07-20T10:57:42+00:00,cnsm-web-04,"system.cpu.util[,user]",3.091229
2026-07-20T10:58:42+00:00,cnsm-web-04,"system.cpu.util[,user]",3.183269
2026-07-20T10:59:42+00:00,cnsm-web-04,"system.cpu.util[,user]",3.105199
2026-07-20T11:00:42+00:00,cnsm-web-04,"system.cpu.util[,user]",3.027004
2026-07-20T11:01:42+00:00,cnsm-web-04,"system.cpu.util[,user]",2.953392
2026-07-20T11:02:42+00:00,cnsm-web-04,"system.cpu.util[,user]",3.154852
2026-07-20T11:03:42+00:00,cnsm-web-04,"system.cpu.util[,user]",3.143731
2026-07-20T11:04:42+00:00,cnsm-web-04,"system.cpu.util[,user]",2.986076
2026-07-20T11:05:42+00:00,cnsm-web-04,"system.cpu.util[,user]",3.047707
2026-07-20T11:06:42+00:00,cnsm-web-04,"system.cpu.util[,user]",2.839196
2026-07-20T11:07:42+00:00,cnsm-web-04,"system.cpu.util[,user]",3.105616
2026-07-20T11:08:42+00:00,cnsm-web-04,"system.cpu.util[,user]",2.907537
2026-07-20T11:09:42+00:00,cnsm-web-04,"system.cpu.util[,user]",3.171079
2026-07-20T11:10:42+00:00,cnsm-web-04,"system.cpu.util[,user]",2.783009
2026-07-20T11:11:42+00:00,cnsm-web-04,"system.cpu.util[,user]",2.97175
2026-07-20T11:12:42+00:00,cnsm-web-04,"system.cpu.util[,user]",3.151683
2026-07-20T11:13:42+00:00,cnsm-web-04,"system.cpu.util[,user]",3.05977
2026-07-20T11:14:42+00:00,cnsm-web-04,"system.cpu.util[,user]",3.11439
2026-07-20T11:15:42+00:00,cnsm-web-04,"system.cpu.util[,user]",2.987764
2026-07-20T11:16:42+00:00,cnsm-web-04,"system.cpu.util[,user]",3.029922
2026-07-20T11:17:42+00:00,cnsm-web-04,"system.cpu.util[,user]",3.047938
2026-07-20T11:18:42+00:00,cnsm-web-04,"system.cpu.util[,user]",3.071572
2026-07-20T11:19:42+00:00,cnsm-web-04,"system.cpu.util[,user]",2.926891
2026-07-20T11:20:42+00:00,cnsm-web-04,"system.cpu.util[,user]",2.986638
2026-07-20T11:21:42+00:00,cnsm-web-04,"system.cpu.util[,user]",2.917905
2026-07-20T11:22:42+00:00,cnsm-web-04,"system.cpu.util[,user]",3.064219
2026-07-20T11:23:42+00:00,cnsm-web-04,"system.cpu.util[,user]",2.981575
2026-07-20T11:24:42+00:00,cnsm-web-04,"system.cpu.util[,user]",3.030684
2026-07-20T11:25:42+00:00,cnsm-web-04,"system.cpu.util[,user]",2.903469
2026-07-20T11:26:42+00:00,cnsm-web-04,"system.cpu.util[,user]",2.856306
2026-07-20T11:27:42+00:00,cnsm-web-04,"system.cpu.util[,user]",3.002638
2026-07-20T11:28:42+00:00,cnsm-web-04,"system.cpu.util[,user]",2.927258
2026-07-20T11:29:42+00:00,cnsm-web-04,"system.cpu.util[,user]",2.970297
2026-07-20T11:30:42+00:00,cnsm-web-04,"system.cpu.util[,user]",2.882966
2026-07-20T11:31:42+00:00,cnsm-web-04,"system.cpu.util[,user]",3.033859
2026-07-20T11:32:42+00:00,cnsm-web-04,"system.cpu.util[,user]",3.078343
2026-07-20T11:33:42+00:00,cnsm-web-04,"system.cpu.util[,user]",3.269537
2026-07-20T11:34:42+00:00,cnsm-web-04,"system.cpu.util[,user]",3.00859
2026-07-20T11:35:42+00:00,cnsm-web-04,"system.cpu.util[,user]",3.080599
2026-07-20T11:36:42+00:00,cnsm-web-04,"system.cpu.util[,user]",3.104287
2026-07-20T11:37:42+00:00,cnsm-web-04,"system.cpu.util[,user]",3.216068
2026-07-20T11:38:42+00:00,cnsm-web-04,"system.cpu.util[,user]",3.020781
2026-07-20T11:39:42+00:00,cnsm-web-04,"system.cpu.util[,user]",3.275797
2026-07-20T11:40:42+00:00,cnsm-web-04,"system.cpu.util[,user]",3.148187
2026-07-20T11:41:42+00:00,cnsm-web-04,"system.cpu.util[,user]",3.132601
2026-07-20T11:42:42+00:00,cnsm-web-04,"system.cpu.util[,user]",2.802916
2026-07-20T11:43:42+00:00,cnsm-web-04,"system.cpu.util[,user]",3.136926
2026-07-20T11:44:42+00:00,cnsm-web-04,"system.cpu.util[,user]",3.089111
2026-07-20T11:45:42+00:00,cnsm-web-04,"system.cpu.util[,user]",3.272164
2026-07-20T11:46:42+00:00,cnsm-web-04,"system.cpu.util[,user]",3.151586
2026-07-20T11:47:42+00:00,cnsm-web-04,"system.cpu.util[,user]",3.164557
2026-07-20T10:41:16+00:00,cnsm-web-04,system.cpu.util,17.334395999999998
2026-07-20T10:42:16+00:00,cnsm-web-04,system.cpu.util,18.325640000000007
2026-07-20T10:43:16+00:00,cnsm-web-04,system.cpu.util,18.641722
2026-07-20T10:44:16+00:00,cnsm-web-04,system.cpu.util,18.374277000000006
2026-07-20T10:45:16+00:00,cnsm-web-04,system.cpu.util,16.979551
2026-07-20T10:46:16+00:00,cnsm-web-04,system.cpu.util,17.063775000000007
2026-07-20T10:47:16+00:00,cnsm-web-04,system.cpu.util,17.803680999999997
2026-07-20T10:48:16+00:00,cnsm-web-04,system.cpu.util,16.119853000000006
2026-07-20T10:49:16+00:00,cnsm-web-04,system.cpu.util,17.014775
2026-07-20T10:50:16+00:00,cnsm-web-04,system.cpu.util,17.206325000000007
2026-07-20T10:51:16+00:00,cnsm-web-04,system.cpu.util,16.513914999999997
2026-07-20T10:52:16+00:00,cnsm-web-04,system.cpu.util,31.626087999999996
2026-07-20T10:53:16+00:00,cnsm-web-04,system.cpu.util,17.494654999999995
2026-07-20T10:54:16+00:00,cnsm-web-04,system.cpu.util,15.749382999999995
2026-07-20T10:55:16+00:00,cnsm-web-04,system.cpu.util,16.261831
2026-07-20T10:56:16+00:00,cnsm-web-04,system.cpu.util,15.665774999999996
2026-07-20T10:57:16+00:00,cnsm-web-04,system.cpu.util,16.675038
2026-07-20T10:58:16+00:00,cnsm-web-04,system.cpu.util,18.194408999999993
2026-07-20T10:59:16+00:00,cnsm-web-04,system.cpu.util,18.231418000000005
2026-07-20T11:00:16+00:00,cnsm-web-04,system.cpu.util,17.561057000000005
2026-07-20T11:01:16+00:00,cnsm-web-04,system.cpu.util,17.152321
2026-07-20T11:02:16+00:00,cnsm-web-04,system.cpu.util,17.126562000000007
2026-07-20T11:03:16+00:00,cnsm-web-04,system.cpu.util,17.942915
2026-07-20T11:04:16+00:00,cnsm-web-04,system.cpu.util,17.175061
2026-07-20T11:05:16+00:00,cnsm-web-04,system.cpu.util,18.187157
2026-07-20T11:06:16+00:00,cnsm-web-04,system.cpu.util,17.117230000000006
2026-07-20T11:07:16+00:00,cnsm-web-04,system.cpu.util,16.882301
2026-07-20T11:08:16+00:00,cnsm-web-04,system.cpu.util,17.374728000000005
2026-07-20T11:09:16+00:00,cnsm-web-04,system.cpu.util,17.066018999999997
2026-07-20T11:10:16+00:00,cnsm-web-04,system.cpu.util,17.461911999999998
2026-07-20T11:11:16+00:00,cnsm-web-04,system.cpu.util,16.713454
2026-07-20T11:12:16+00:00,cnsm-web-04,system.cpu.util,17.360529
2026-07-20T11:13:16+00:00,cnsm-web-04,system.cpu.util,18.237438999999995
2026-07-20T11:14:16+00:00,cnsm-web-04,system.cpu.util,17.692887999999996
2026-07-20T11:15:16+00:00,cnsm-web-04,system.cpu.util,17.718812999999997
2026-07-20T11:16:16+00:00,cnsm-web-04,system.cpu.util,17.154951999999994
2026-07-20T11:17:16+00:00,cnsm-web-04,system.cpu.util,17.361780999999993
2026-07-20T11:18:16+00:00,cnsm-web-04,system.cpu.util,17.981336999999996
2026-07-20T11:19:16+00:00,cnsm-web-04,system.cpu.util,17.760731000000007
2026-07-20T11:20:16+00:00,cnsm-web-04,system.cpu.util,16.836201000000003
2026-07-20T11:21:16+00:00,cnsm-web-04,system.cpu.util,16.746892000000003
2026-07-20T11:22:16+00:00,cnsm-web-04,system.cpu.util,17.286175
2026-07-20T11:23:16+00:00,cnsm-web-04,system.cpu.util,16.869034
2026-07-20T11:24:16+00:00,cnsm-web-04,system.cpu.util,17.849958
2026-07-20T11:25:16+00:00,cnsm-web-04,system.cpu.util,17.954201999999995
2026-07-20T11:26:16+00:00,cnsm-web-04,system.cpu.util,16.140366
2026-07-20T11:27:16+00:00,cnsm-web-04,system.cpu.util,16.934606000000002
2026-07-20T11:28:16+00:00,cnsm-web-04,system.cpu.util,16.867672
2026-07-20T11:29:16+00:00,cnsm-web-04,system.cpu.util,17.246729000000002
2026-07-20T11:30:16+00:00,cnsm-web-04,system.cpu.util,16.863434999999996
2026-07-20T11:31:16+00:00,cnsm-web-04,system.cpu.util,16.767871
2026-07-20T11:32:16+00:00,cnsm-web-04,system.cpu.util,17.197986999999998
2026-07-20T11:33:16+00:00,cnsm-web-04,system.cpu.util,19.135362
2026-07-20T11:34:16+00:00,cnsm-web-04,system.cpu.util,17.959576999999996
2026-07-20T11:35:16+00:00,cnsm-web-04,system.cpu.util,17.419354999999996
2026-07-20T11:36:16+00:00,cnsm-web-04,system.cpu.util,17.770605000000003
2026-07-20T11:37:16+00:00,cnsm-web-04,system.cpu.util,18.410235
2026-07-20T11:38:16+00:00,cnsm-web-04,system.cpu.util,18.005028999999993
2026-07-20T11:39:16+00:00,cnsm-web-04,system.cpu.util,17.834367999999998
2026-07-20T11:40:16+00:00,cnsm-web-04,system.cpu.util,18.45715
2026-07-20T11:41:16+00:00,cnsm-web-04,system.cpu.util,18.153588
2026-07-20T11:42:16+00:00,cnsm-web-04,system.cpu.util,16.718305
2026-07-20T11:43:16+00:00,cnsm-web-04,system.cpu.util,17.339319000000003
2026-07-20T11:44:16+00:00,cnsm-web-04,system.cpu.util,18.297284000000005
2026-07-20T11:45:16+00:00,cnsm-web-04,system.cpu.util,17.794728000000006
2026-07-20T11:46:16+00:00,cnsm-web-04,system.cpu.util,17.966329
2026-07-20T11:47:16+00:00,cnsm-web-04,system.cpu.util,18.407043
2026-07-20T11:48:16+00:00,cnsm-web-04,system.cpu.util,17.993036000000004
2026-07-20T10:41:08+00:00,cnsm-web-04,system.cpu.intr,4018.8965195741634
2026-07-20T10:42:08+00:00,cnsm-web-04,system.cpu.intr,4022.1410876861723
2026-07-20T10:43:08+00:00,cnsm-web-04,system.cpu.intr,4010.6659196801393
2026-07-20T10:44:08+00:00,cnsm-web-04,system.cpu.intr,3867.1239117019313
2026-07-20T10:45:08+00:00,cnsm-web-04,system.cpu.intr,3804.605728339543
2026-07-20T10:46:08+00:00,cnsm-web-04,system.cpu.intr,3655.617992247518
2026-07-20T10:47:08+00:00,cnsm-web-04,system.cpu.intr,3830.8038929149325
2026-07-20T10:48:08+00:00,cnsm-web-04,system.cpu.intr,3729.602356549249
2026-07-20T10:49:08+00:00,cnsm-web-04,system.cpu.intr,4003.2204838471566
2026-07-20T10:50:08+00:00,cnsm-web-04,system.cpu.intr,3483.375145608165
2026-07-20T10:51:08+00:00,cnsm-web-04,system.cpu.intr,3889.598219601242
2026-07-20T10:52:08+00:00,cnsm-web-04,system.cpu.intr,6767.48445637323
2026-07-20T10:53:08+00:00,cnsm-web-04,system.cpu.intr,3803.541442673866
2026-07-20T10:54:08+00:00,cnsm-web-04,system.cpu.intr,3710.804068401887
2026-07-20T10:55:08+00:00,cnsm-web-04,system.cpu.intr,3585.6335371032187
2026-07-20T10:56:08+00:00,cnsm-web-04,system.cpu.intr,3738.859479083204
2026-07-20T10:57:08+00:00,cnsm-web-04,system.cpu.intr,3783.4041877725
2026-07-20T10:58:08+00:00,cnsm-web-04,system.cpu.intr,4108.26183466221
2026-07-20T10:59:08+00:00,cnsm-web-04,system.cpu.intr,4054.752475211556
2026-07-20T11:00:08+00:00,cnsm-web-04,system.cpu.intr,3547.140814040272
2026-07-20T11:01:08+00:00,cnsm-web-04,system.cpu.intr,3717.249938970306
2026-07-20T11:02:08+00:00,cnsm-web-04,system.cpu.intr,3992.3775071867144
2026-07-20T11:03:08+00:00,cnsm-web-04,system.cpu.intr,3690.3314018138776
2026-07-20T11:04:08+00:00,cnsm-web-04,system.cpu.intr,3645.2302583768164
2026-07-20T11:05:08+00:00,cnsm-web-04,system.cpu.intr,3901.6419913622826
2026-07-20T11:06:08+00:00,cnsm-web-04,system.cpu.intr,3887.8813316906976
2026-07-20T11:07:08+00:00,cnsm-web-04,system.cpu.intr,3824.8477898077094
2026-07-20T11:08:08+00:00,cnsm-web-04,system.cpu.intr,3858.778773990611
2026-07-20T11:09:08+00:00,cnsm-web-04,system.cpu.intr,3746.140699893534
2026-07-20T11:10:08+00:00,cnsm-web-04,system.cpu.intr,3741.863183587183
2026-07-20T11:11:08+00:00,cnsm-web-04,system.cpu.intr,3929.7379372970727
2026-07-20T11:12:08+00:00,cnsm-web-04,system.cpu.intr,3424.9927238312907
2026-07-20T11:13:08+00:00,cnsm-web-04,system.cpu.intr,3646.9514054286465
2026-07-20T11:14:08+00:00,cnsm-web-04,system.cpu.intr,3676.652496625687
2026-07-20T11:15:08+00:00,cnsm-web-04,system.cpu.intr,3798.322094794614
2026-07-20T11:16:08+00:00,cnsm-web-04,system.cpu.intr,3649.1703040988064
2026-07-20T11:17:08+00:00,cnsm-web-04,system.cpu.intr,3728.1365738296436
2026-07-20T11:18:08+00:00,cnsm-web-04,system.cpu.intr,3573.965564336554
2026-07-20T11:19:08+00:00,cnsm-web-04,system.cpu.intr,3718.58892346535
2026-07-20T11:20:08+00:00,cnsm-web-04,system.cpu.intr,3767.751994993248
2026-07-20T11:21:08+00:00,cnsm-web-04,system.cpu.intr,3383.195981129576
2026-07-20T11:22:08+00:00,cnsm-web-04,system.cpu.intr,3863.975216505694
2026-07-20T11:23:08+00:00,cnsm-web-04,system.cpu.intr,3693.497278569647
2026-07-20T11:24:08+00:00,cnsm-web-04,system.cpu.intr,3914.2118226272114
2026-07-20T11:25:08+00:00,cnsm-web-04,system.cpu.intr,3922.229698210849
2026-07-20T11:26:08+00:00,cnsm-web-04,system.cpu.intr,3714.633048655306
2026-07-20T11:27:08+00:00,cnsm-web-04,system.cpu.intr,3771.378215999146
2026-07-20T11:28:08+00:00,cnsm-web-04,system.cpu.intr,3600.7718908465645
2026-07-20T11:29:08+00:00,cnsm-web-04,system.cpu.intr,3797.353425669294
2026-07-20T11:30:08+00:00,cnsm-web-04,system.cpu.intr,3733.540290170553
2026-07-20T11:31:08+00:00,cnsm-web-04,system.cpu.intr,3835.3734487449583
2026-07-20T11:32:08+00:00,cnsm-web-04,system.cpu.intr,3678.921839768352
2026-07-20T11:33:08+00:00,cnsm-web-04,system.cpu.intr,3771.3289872841906
2026-07-20T11:34:08+00:00,cnsm-web-04,system.cpu.intr,3756.8339624615182
2026-07-20T11:35:08+00:00,cnsm-web-04,system.cpu.intr,3604.531835793565
2026-07-20T11:36:08+00:00,cnsm-web-04,system.cpu.intr,3697.1352016241403
2026-07-20T11:37:08+00:00,cnsm-web-04,system.cpu.intr,3717.3598885959595
2026-07-20T11:38:08+00:00,cnsm-web-04,system.cpu.intr,3826.7481674644546
2026-07-20T11:39:08+00:00,cnsm-web-04,system.cpu.intr,3827.7873729887374
2026-07-20T11:40:08+00:00,cnsm-web-04,system.cpu.intr,3856.499237759379
2026-07-20T11:41:08+00:00,cnsm-web-04,system.cpu.intr,3717.74400705751
2026-07-20T11:42:08+00:00,cnsm-web-04,system.cpu.intr,3727.595621421545
2026-07-20T11:43:08+00:00,cnsm-web-04,system.cpu.intr,3905.4380366018436
2026-07-20T11:44:08+00:00,cnsm-web-04,system.cpu.intr,3697.58494806868
2026-07-20T11:45:08+00:00,cnsm-web-04,system.cpu.intr,3892.5781422100513
2026-07-20T11:46:08+00:00,cnsm-web-04,system.cpu.intr,3859.8761508764396
2026-07-20T11:47:08+00:00,cnsm-web-04,system.cpu.intr,4054.640472408108
2026-07-20T11:48:08+00:00,cnsm-web-04,system.cpu.intr,3797.8749820963453
2026-07-20T10:41:11+00:00,cnsm-web-04,"system.cpu.load[all,avg15]",0.75
2026-07-20T10:42:11+00:00,cnsm-web-04,"system.cpu.load[all,avg15]",0.748047
2026-07-20T10:43:11+00:00,cnsm-web-04,"system.cpu.load[all,avg15]",0.740234
2026-07-20T10:44:11+00:00,cnsm-web-04,"system.cpu.load[all,avg15]",0.749023
2026-07-20T10:45:11+00:00,cnsm-web-04,"system.cpu.load[all,avg15]",0.757812
2026-07-20T10:46:11+00:00,cnsm-web-04,"system.cpu.load[all,avg15]",0.750488
2026-07-20T10:47:11+00:00,cnsm-web-04,"system.cpu.load[all,avg15]",0.737793
2026-07-20T10:48:11+00:00,cnsm-web-04,"system.cpu.load[all,avg15]",0.725586
2026-07-20T10:49:11+00:00,cnsm-web-04,"system.cpu.load[all,avg15]",0.751953
2026-07-20T10:50:11+00:00,cnsm-web-04,"system.cpu.load[all,avg15]",0.771484
2026-07-20T10:51:11+00:00,cnsm-web-04,"system.cpu.load[all,avg15]",0.76416
2026-07-20T10:52:11+00:00,cnsm-web-04,"system.cpu.load[all,avg15]",0.795898
2026-07-20T10:53:11+00:00,cnsm-web-04,"system.cpu.load[all,avg15]",0.793945
2026-07-20T10:54:11+00:00,cnsm-web-04,"system.cpu.load[all,avg15]",0.786621
2026-07-20T10:55:11+00:00,cnsm-web-04,"system.cpu.load[all,avg15]",0.79541
2026-07-20T10:56:11+00:00,cnsm-web-04,"system.cpu.load[all,avg15]",0.798828
2026-07-20T10:57:11+00:00,cnsm-web-04,"system.cpu.load[all,avg15]",0.796875
2026-07-20T10:58:11+00:00,cnsm-web-04,"system.cpu.load[all,avg15]",0.77832
2026-07-20T10:59:11+00:00,cnsm-web-04,"system.cpu.load[all,avg15]",0.781738
2026-07-20T11:00:11+00:00,cnsm-web-04,"system.cpu.load[all,avg15]",0.779785
2026-07-20T11:01:11+00:00,cnsm-web-04,"system.cpu.load[all,avg15]",0.815918
2026-07-20T11:02:11+00:00,cnsm-web-04,"system.cpu.load[all,avg15]",0.812988
2026-07-20T11:03:11+00:00,cnsm-web-04,"system.cpu.load[all,avg15]",0.824707
2026-07-20T11:04:11+00:00,cnsm-web-04,"system.cpu.load[all,avg15]",0.82373
2026-07-20T11:05:11+00:00,cnsm-web-04,"system.cpu.load[all,avg15]",0.822266
2026-07-20T11:06:11+00:00,cnsm-web-04,"system.cpu.load[all,avg15]",0.8125
2026-07-20T11:07:11+00:00,cnsm-web-04,"system.cpu.load[all,avg15]",0.821777
2026-07-20T11:08:11+00:00,cnsm-web-04,"system.cpu.load[all,avg15]",0.817871
2026-07-20T11:09:11+00:00,cnsm-web-04,"system.cpu.load[all,avg15]",0.815918
2026-07-20T11:10:11+00:00,cnsm-web-04,"system.cpu.load[all,avg15]",0.827637
2026-07-20T11:11:11+00:00,cnsm-web-04,"system.cpu.load[all,avg15]",0.826172
2026-07-20T11:12:11+00:00,cnsm-web-04,"system.cpu.load[all,avg15]",0.834961
2026-07-20T11:13:11+00:00,cnsm-web-04,"system.cpu.load[all,avg15]",0.83252
2026-07-20T11:14:11+00:00,cnsm-web-04,"system.cpu.load[all,avg15]",0.825195
2026-07-20T11:15:11+00:00,cnsm-web-04,"system.cpu.load[all,avg15]",0.805176
2026-07-20T11:16:11+00:00,cnsm-web-04,"system.cpu.load[all,avg15]",0.821289
2026-07-20T11:17:11+00:00,cnsm-web-04,"system.cpu.load[all,avg15]",0.820312
2026-07-20T11:18:11+00:00,cnsm-web-04,"system.cpu.load[all,avg15]",0.855957
2026-07-20T11:19:11+00:00,cnsm-web-04,"system.cpu.load[all,avg15]",0.842773
2026-07-20T11:20:11+00:00,cnsm-web-04,"system.cpu.load[all,avg15]",0.834961
2026-07-20T11:21:11+00:00,cnsm-web-04,"system.cpu.load[all,avg15]",0.859863
2026-07-20T11:22:11+00:00,cnsm-web-04,"system.cpu.load[all,avg15]",0.835449
2026-07-20T11:23:11+00:00,cnsm-web-04,"system.cpu.load[all,avg15]",0.827637
2026-07-20T11:24:11+00:00,cnsm-web-04,"system.cpu.load[all,avg15]",0.857422
2026-07-20T11:25:11+00:00,cnsm-web-04,"system.cpu.load[all,avg15]",0.833496
2026-07-20T11:26:11+00:00,cnsm-web-04,"system.cpu.load[all,avg15]",0.815918
2026-07-20T11:27:11+00:00,cnsm-web-04,"system.cpu.load[all,avg15]",0.813477
2026-07-20T11:28:11+00:00,cnsm-web-04,"system.cpu.load[all,avg15]",0.790039
2026-07-20T11:29:11+00:00,cnsm-web-04,"system.cpu.load[all,avg15]",0.777344
2026-07-20T11:30:11+00:00,cnsm-web-04,"system.cpu.load[all,avg15]",0.780762
2026-07-20T11:31:11+00:00,cnsm-web-04,"system.cpu.load[all,avg15]",0.794922
2026-07-20T11:32:11+00:00,cnsm-web-04,"system.cpu.load[all,avg15]",0.809082
2026-07-20T11:33:11+00:00,cnsm-web-04,"system.cpu.load[all,avg15]",0.806641
2026-07-20T11:34:11+00:00,cnsm-web-04,"system.cpu.load[all,avg15]",0.793945
2026-07-20T11:35:11+00:00,cnsm-web-04,"system.cpu.load[all,avg15]",0.797363
2026-07-20T11:36:11+00:00,cnsm-web-04,"system.cpu.load[all,avg15]",0.811523
2026-07-20T11:37:11+00:00,cnsm-web-04,"system.cpu.load[all,avg15]",0.813477
2026-07-20T11:38:11+00:00,cnsm-web-04,"system.cpu.load[all,avg15]",0.818359
2026-07-20T11:39:11+00:00,cnsm-web-04,"system.cpu.load[all,avg15]",0.819336
2026-07-20T11:40:11+00:00,cnsm-web-04,"system.cpu.load[all,avg15]",0.81543
2026-07-20T11:41:11+00:00,cnsm-web-04,"system.cpu.load[all,avg15]",0.818359
2026-07-20T11:42:11+00:00,cnsm-web-04,"system.cpu.load[all,avg15]",0.82373
2026-07-20T11:43:11+00:00,cnsm-web-04,"system.cpu.load[all,avg15]",0.818359
2026-07-20T11:44:11+00:00,cnsm-web-04,"system.cpu.load[all,avg15]",0.818848
2026-07-20T11:45:11+00:00,cnsm-web-04,"system.cpu.load[all,avg15]",0.823242
2026-07-20T11:46:11+00:00,cnsm-web-04,"system.cpu.load[all,avg15]",0.842773
2026-07-20T11:47:11+00:00,cnsm-web-04,"system.cpu.load[all,avg15]",0.840332
2026-07-20T11:48:11+00:00,cnsm-web-04,"system.cpu.load[all,avg15]",0.83252
2026-07-20T10:41:01+00:00,cnsm-web-04,"system.cpu.load[all,avg1]",0.600098
2026-07-20T10:42:01+00:00,cnsm-web-04,"system.cpu.load[all,avg1]",0.743652
2026-07-20T10:43:01+00:00,cnsm-web-04,"system.cpu.load[all,avg1]",0.797363
2026-07-20T10:44:01+00:00,cnsm-web-04,"system.cpu.load[all,avg1]",0.78418
2026-07-20T10:45:01+00:00,cnsm-web-04,"system.cpu.load[all,avg1]",0.712402
2026-07-20T10:46:01+00:00,cnsm-web-04,"system.cpu.load[all,avg1]",0.708496
2026-07-20T10:47:01+00:00,cnsm-web-04,"system.cpu.load[all,avg1]",0.614746
2026-07-20T10:48:01+00:00,cnsm-web-04,"system.cpu.load[all,avg1]",0.594238
2026-07-20T10:49:01+00:00,cnsm-web-04,"system.cpu.load[all,avg1]",1.032715
2026-07-20T10:50:01+00:00,cnsm-web-04,"system.cpu.load[all,avg1]",1.018066
2026-07-20T10:51:01+00:00,cnsm-web-04,"system.cpu.load[all,avg1]",0.856934
2026-07-20T10:52:01+00:00,cnsm-web-04,"system.cpu.load[all,avg1]",1.28125
2026-07-20T10:53:01+00:00,cnsm-web-04,"system.cpu.load[all,avg1]",0.990234
2026-07-20T10:54:01+00:00,cnsm-web-04,"system.cpu.load[all,avg1]",0.682617
2026-07-20T10:55:01+00:00,cnsm-web-04,"system.cpu.load[all,avg1]",0.797363
2026-07-20T10:56:01+00:00,cnsm-web-04,"system.cpu.load[all,avg1]",0.844727
2026-07-20T10:57:01+00:00,cnsm-web-04,"system.cpu.load[all,avg1]",0.781738
2026-07-20T10:58:01+00:00,cnsm-web-04,"system.cpu.load[all,avg1]",0.734375
2026-07-20T10:59:01+00:00,cnsm-web-04,"system.cpu.load[all,avg1]",0.744141
2026-07-20T11:00:01+00:00,cnsm-web-04,"system.cpu.load[all,avg1]",0.702148
2026-07-20T11:01:01+00:00,cnsm-web-04,"system.cpu.load[all,avg1]",1.047852
2026-07-20T11:02:01+00:00,cnsm-web-04,"system.cpu.load[all,avg1]",0.966797
2026-07-20T11:03:01+00:00,cnsm-web-04,"system.cpu.load[all,avg1]",0.944336
2026-07-20T11:04:01+00:00,cnsm-web-04,"system.cpu.load[all,avg1]",0.868652
2026-07-20T11:05:01+00:00,cnsm-web-04,"system.cpu.load[all,avg1]",0.760742
2026-07-20T11:06:01+00:00,cnsm-web-04,"system.cpu.load[all,avg1]",0.652832
2026-07-20T11:07:01+00:00,cnsm-web-04,"system.cpu.load[all,avg1]",0.918457
2026-07-20T11:08:01+00:00,cnsm-web-04,"system.cpu.load[all,avg1]",0.790527
2026-07-20T11:09:01+00:00,cnsm-web-04,"system.cpu.load[all,avg1]",0.636719
2026-07-20T11:10:01+00:00,cnsm-web-04,"system.cpu.load[all,avg1]",0.87793
2026-07-20T11:11:01+00:00,cnsm-web-04,"system.cpu.load[all,avg1]",0.819336
2026-07-20T11:12:01+00:00,cnsm-web-04,"system.cpu.load[all,avg1]",0.97998
2026-07-20T11:13:01+00:00,cnsm-web-04,"system.cpu.load[all,avg1]",0.832031
2026-07-20T11:14:01+00:00,cnsm-web-04,"system.cpu.load[all,avg1]",0.716797
2026-07-20T11:15:01+00:00,cnsm-web-04,"system.cpu.load[all,avg1]",0.633789
2026-07-20T11:16:01+00:00,cnsm-web-04,"system.cpu.load[all,avg1]",0.844727
2026-07-20T11:17:01+00:00,cnsm-web-04,"system.cpu.load[all,avg1]",0.897461
2026-07-20T11:18:01+00:00,cnsm-web-04,"system.cpu.load[all,avg1]",1.005371
2026-07-20T11:19:01+00:00,cnsm-web-04,"system.cpu.load[all,avg1]",0.966797
2026-07-20T11:20:01+00:00,cnsm-web-04,"system.cpu.load[all,avg1]",0.90332
2026-07-20T11:21:01+00:00,cnsm-web-04,"system.cpu.load[all,avg1]",1.12207
2026-07-20T11:22:01+00:00,cnsm-web-04,"system.cpu.load[all,avg1]",0.838867
2026-07-20T11:23:01+00:00,cnsm-web-04,"system.cpu.load[all,avg1]",0.833984
2026-07-20T11:24:01+00:00,cnsm-web-04,"system.cpu.load[all,avg1]",1.286621
2026-07-20T11:25:01+00:00,cnsm-web-04,"system.cpu.load[all,avg1]",0.74707
2026-07-20T11:26:01+00:00,cnsm-web-04,"system.cpu.load[all,avg1]",0.581543
2026-07-20T11:27:01+00:00,cnsm-web-04,"system.cpu.load[all,avg1]",0.605469
2026-07-20T11:28:01+00:00,cnsm-web-04,"system.cpu.load[all,avg1]",0.529785
2026-07-20T11:29:01+00:00,cnsm-web-04,"system.cpu.load[all,avg1]",0.543457
2026-07-20T11:30:01+00:00,cnsm-web-04,"system.cpu.load[all,avg1]",0.749512
2026-07-20T11:31:01+00:00,cnsm-web-04,"system.cpu.load[all,avg1]",0.894043
2026-07-20T11:32:01+00:00,cnsm-web-04,"system.cpu.load[all,avg1]",0.955078
2026-07-20T11:33:01+00:00,cnsm-web-04,"system.cpu.load[all,avg1]",0.770996
2026-07-20T11:34:01+00:00,cnsm-web-04,"system.cpu.load[all,avg1]",0.689453
2026-07-20T11:35:01+00:00,cnsm-web-04,"system.cpu.load[all,avg1]",0.834961
2026-07-20T11:36:01+00:00,cnsm-web-04,"system.cpu.load[all,avg1]",0.853516
2026-07-20T11:37:01+00:00,cnsm-web-04,"system.cpu.load[all,avg1]",0.912598
2026-07-20T11:38:01+00:00,cnsm-web-04,"system.cpu.load[all,avg1]",0.82959
2026-07-20T11:39:01+00:00,cnsm-web-04,"system.cpu.load[all,avg1]",0.739746
2026-07-20T11:40:01+00:00,cnsm-web-04,"system.cpu.load[all,avg1]",0.77832
2026-07-20T11:41:01+00:00,cnsm-web-04,"system.cpu.load[all,avg1]",0.692383
2026-07-20T11:42:01+00:00,cnsm-web-04,"system.cpu.load[all,avg1]",0.979492
2026-07-20T11:43:01+00:00,cnsm-web-04,"system.cpu.load[all,avg1]",0.872559
2026-07-20T11:44:01+00:00,cnsm-web-04,"system.cpu.load[all,avg1]",0.875488
2026-07-20T11:45:01+00:00,cnsm-web-04,"system.cpu.load[all,avg1]",0.856934
2026-07-20T11:46:01+00:00,cnsm-web-04,"system.cpu.load[all,avg1]",0.986328
2026-07-20T11:47:01+00:00,cnsm-web-04,"system.cpu.load[all,avg1]",0.893555
2026-07-20T11:48:01+00:00,cnsm-web-04,"system.cpu.load[all,avg1]",0.92627
2026-07-20T10:41:09+00:00,cnsm-web-04,"system.cpu.load[all,avg5]",0.725586
2026-07-20T10:42:09+00:00,cnsm-web-04,"system.cpu.load[all,avg5]",0.731934
2026-07-20T10:43:09+00:00,cnsm-web-04,"system.cpu.load[all,avg5]",0.717285
2026-07-20T10:44:09+00:00,cnsm-web-04,"system.cpu.load[all,avg5]",0.747559
2026-07-20T10:45:09+00:00,cnsm-web-04,"system.cpu.load[all,avg5]",0.776367
2026-07-20T10:46:09+00:00,cnsm-web-04,"system.cpu.load[all,avg5]",0.75293
2026-07-20T10:47:09+00:00,cnsm-web-04,"system.cpu.load[all,avg5]",0.720215
2026-07-20T10:48:09+00:00,cnsm-web-04,"system.cpu.load[all,avg5]",0.694336
2026-07-20T10:49:09+00:00,cnsm-web-04,"system.cpu.load[all,avg5]",0.780273
2026-07-20T10:50:09+00:00,cnsm-web-04,"system.cpu.load[all,avg5]",0.834473
2026-07-20T10:51:09+00:00,cnsm-web-04,"system.cpu.load[all,avg5]",0.803711
2026-07-20T10:52:09+00:00,cnsm-web-04,"system.cpu.load[all,avg5]",0.88623
2026-07-20T10:53:09+00:00,cnsm-web-04,"system.cpu.load[all,avg5]",0.858887
2026-07-20T10:54:09+00:00,cnsm-web-04,"system.cpu.load[all,avg5]",0.823242
2026-07-20T10:55:09+00:00,cnsm-web-04,"system.cpu.load[all,avg5]",0.838379
2026-07-20T10:56:09+00:00,cnsm-web-04,"system.cpu.load[all,avg5]",0.834961
2026-07-20T10:57:09+00:00,cnsm-web-04,"system.cpu.load[all,avg5]",0.822266
2026-07-20T10:58:09+00:00,cnsm-web-04,"system.cpu.load[all,avg5]",0.763184
2026-07-20T10:59:09+00:00,cnsm-web-04,"system.cpu.load[all,avg5]",0.772949
2026-07-20T11:00:09+00:00,cnsm-web-04,"system.cpu.load[all,avg5]",0.776855
2026-07-20T11:01:09+00:00,cnsm-web-04,"system.cpu.load[all,avg5]",0.884277
2026-07-20T11:02:09+00:00,cnsm-web-04,"system.cpu.load[all,avg5]",0.845215
2026-07-20T11:03:09+00:00,cnsm-web-04,"system.cpu.load[all,avg5]",0.889648
2026-07-20T11:04:09+00:00,cnsm-web-04,"system.cpu.load[all,avg5]",0.865723
2026-07-20T11:05:09+00:00,cnsm-web-04,"system.cpu.load[all,avg5]",0.876953
2026-07-20T11:06:09+00:00,cnsm-web-04,"system.cpu.load[all,avg5]",0.791504
2026-07-20T11:07:09+00:00,cnsm-web-04,"system.cpu.load[all,avg5]",0.852539
2026-07-20T11:08:09+00:00,cnsm-web-04,"system.cpu.load[all,avg5]",0.818359
2026-07-20T11:09:09+00:00,cnsm-web-04,"system.cpu.load[all,avg5]",0.789062
2026-07-20T11:10:09+00:00,cnsm-web-04,"system.cpu.load[all,avg5]",0.823242
2026-07-20T11:11:09+00:00,cnsm-web-04,"system.cpu.load[all,avg5]",0.820312
2026-07-20T11:12:09+00:00,cnsm-web-04,"system.cpu.load[all,avg5]",0.897949
2026-07-20T11:13:09+00:00,cnsm-web-04,"system.cpu.load[all,avg5]",0.886719
2026-07-20T11:14:09+00:00,cnsm-web-04,"system.cpu.load[all,avg5]",0.865723
2026-07-20T11:15:09+00:00,cnsm-web-04,"system.cpu.load[all,avg5]",0.799316
2026-07-20T11:16:09+00:00,cnsm-web-04,"system.cpu.load[all,avg5]",0.851074
2026-07-20T11:17:09+00:00,cnsm-web-04,"system.cpu.load[all,avg5]",0.850098
2026-07-20T11:18:09+00:00,cnsm-web-04,"system.cpu.load[all,avg5]",0.958496
2026-07-20T11:19:09+00:00,cnsm-web-04,"system.cpu.load[all,avg5]",0.90332
2026-07-20T11:20:09+00:00,cnsm-web-04,"system.cpu.load[all,avg5]",0.876465
2026-07-20T11:21:09+00:00,cnsm-web-04,"system.cpu.load[all,avg5]",0.916504
2026-07-20T11:22:09+00:00,cnsm-web-04,"system.cpu.load[all,avg5]",0.869141
2026-07-20T11:23:09+00:00,cnsm-web-04,"system.cpu.load[all,avg5]",0.847168
2026-07-20T11:24:09+00:00,cnsm-web-04,"system.cpu.load[all,avg5]",0.939453
2026-07-20T11:25:09+00:00,cnsm-web-04,"system.cpu.load[all,avg5]",0.860352
2026-07-20T11:26:09+00:00,cnsm-web-04,"system.cpu.load[all,avg5]",0.8125
2026-07-20T11:27:09+00:00,cnsm-web-04,"system.cpu.load[all,avg5]",0.804199
2026-07-20T11:28:09+00:00,cnsm-web-04,"system.cpu.load[all,avg5]",0.733887
2026-07-20T11:29:09+00:00,cnsm-web-04,"system.cpu.load[all,avg5]",0.706543
2026-07-20T11:30:09+00:00,cnsm-web-04,"system.cpu.load[all,avg5]",0.731445
2026-07-20T11:31:09+00:00,cnsm-web-04,"system.cpu.load[all,avg5]",0.783691
2026-07-20T11:32:09+00:00,cnsm-web-04,"system.cpu.load[all,avg5]",0.791504
2026-07-20T11:33:09+00:00,cnsm-web-04,"system.cpu.load[all,avg5]",0.812012
2026-07-20T11:34:09+00:00,cnsm-web-04,"system.cpu.load[all,avg5]",0.771484
2026-07-20T11:35:09+00:00,cnsm-web-04,"system.cpu.load[all,avg5]",0.785645
2026-07-20T11:36:09+00:00,cnsm-web-04,"system.cpu.load[all,avg5]",0.828613
2026-07-20T11:37:09+00:00,cnsm-web-04,"system.cpu.load[all,avg5]",0.830078
2026-07-20T11:38:09+00:00,cnsm-web-04,"system.cpu.load[all,avg5]",0.845703
2026-07-20T11:39:09+00:00,cnsm-web-04,"system.cpu.load[all,avg5]",0.84668
2026-07-20T11:40:09+00:00,cnsm-web-04,"system.cpu.load[all,avg5]",0.832031
2026-07-20T11:41:09+00:00,cnsm-web-04,"system.cpu.load[all,avg5]",0.837891
2026-07-20T11:42:09+00:00,cnsm-web-04,"system.cpu.load[all,avg5]",0.85498
2026-07-20T11:43:09+00:00,cnsm-web-04,"system.cpu.load[all,avg5]",0.821289
2026-07-20T11:44:09+00:00,cnsm-web-04,"system.cpu.load[all,avg5]",0.822754
2026-07-20T11:45:09+00:00,cnsm-web-04,"system.cpu.load[all,avg5]",0.822754
2026-07-20T11:46:09+00:00,cnsm-web-04,"system.cpu.load[all,avg5]",0.853516
2026-07-20T11:47:09+00:00,cnsm-web-04,"system.cpu.load[all,avg5]",0.858887
2026-07-20T11:48:09+00:00,cnsm-web-04,"system.cpu.load[all,avg5]",0.866699
2026-07-20T10:40:56+00:00,cnsm-web-04,vm.memory.utilization,6.495728
2026-07-20T10:41:56+00:00,cnsm-web-04,vm.memory.utilization,6.522790999999998
2026-07-20T10:42:56+00:00,cnsm-web-04,vm.memory.utilization,6.533979000000002
2026-07-20T10:43:56+00:00,cnsm-web-04,vm.memory.utilization,6.510544999999993
2026-07-20T10:44:56+00:00,cnsm-web-04,vm.memory.utilization,6.527528000000004
2026-07-20T10:45:56+00:00,cnsm-web-04,vm.memory.utilization,6.561293000000006
2026-07-20T10:46:56+00:00,cnsm-web-04,vm.memory.utilization,6.566685000000007
2026-07-20T10:47:56+00:00,cnsm-web-04,vm.memory.utilization,6.521480999999994
2026-07-20T10:48:56+00:00,cnsm-web-04,vm.memory.utilization,6.510695999999996
2026-07-20T10:49:56+00:00,cnsm-web-04,vm.memory.utilization,6.520775
2026-07-20T10:50:56+00:00,cnsm-web-04,vm.memory.utilization,6.604078999999999
2026-07-20T10:51:56+00:00,cnsm-web-04,vm.memory.utilization,6.543705000000003
2026-07-20T10:52:56+00:00,cnsm-web-04,vm.memory.utilization,6.566635000000005
2026-07-20T10:53:56+00:00,cnsm-web-04,vm.memory.utilization,6.5278299999999945
2026-07-20T10:54:56+00:00,cnsm-web-04,vm.memory.utilization,6.580090999999996
2026-07-20T10:55:56+00:00,cnsm-web-04,vm.memory.utilization,6.513468000000003
2026-07-20T10:56:56+00:00,cnsm-web-04,vm.memory.utilization,6.541839999999993
2026-07-20T10:57:56+00:00,cnsm-web-04,vm.memory.utilization,6.513769999999994
2026-07-20T10:58:56+00:00,cnsm-web-04,vm.memory.utilization,6.524404000000004
2026-07-20T10:59:56+00:00,cnsm-web-04,vm.memory.utilization,6.6320479999999975
2026-07-20T11:00:56+00:00,cnsm-web-04,vm.memory.utilization,6.5565560000000005
2026-07-20T11:01:56+00:00,cnsm-web-04,vm.memory.utilization,6.519161999999994
2026-07-20T11:02:56+00:00,cnsm-web-04,vm.memory.utilization,6.601962
2026-07-20T11:03:56+00:00,cnsm-web-04,vm.memory.utilization,6.5403790000000015
2026-07-20T11:04:56+00:00,cnsm-web-04,vm.memory.utilization,6.551818999999995
2026-07-20T11:05:56+00:00,cnsm-web-04,vm.memory.utilization,6.540328000000002
2026-07-20T11:06:56+00:00,cnsm-web-04,vm.memory.utilization,6.506563999999997
2026-07-20T11:07:56+00:00,cnsm-web-04,vm.memory.utilization,6.62585
2026-07-20T11:08:56+00:00,cnsm-web-04,vm.memory.utilization,6.829699000000005
2026-07-20T11:09:56+00:00,cnsm-web-04,vm.memory.utilization,6.551012
2026-07-20T11:10:56+00:00,cnsm-web-04,vm.memory.utilization,6.512208000000001
2026-07-20T11:11:56+00:00,cnsm-web-04,vm.memory.utilization,6.556657000000001
2026-07-20T11:12:56+00:00,cnsm-web-04,vm.memory.utilization,6.549499999999995
2026-07-20T11:13:56+00:00,cnsm-web-04,vm.memory.utilization,6.536951999999999
2026-07-20T11:14:56+00:00,cnsm-web-04,vm.memory.utilization,6.534886
2026-07-20T11:15:56+00:00,cnsm-web-04,vm.memory.utilization,6.573892000000001
2026-07-20T11:16:56+00:00,cnsm-web-04,vm.memory.utilization,6.524957999999998
2026-07-20T11:17:56+00:00,cnsm-web-04,vm.memory.utilization,6.534280999999993
2026-07-20T11:18:56+00:00,cnsm-web-04,vm.memory.utilization,6.497844999999998
2026-07-20T11:19:56+00:00,cnsm-web-04,vm.memory.utilization,6.543250999999998
2026-07-20T11:20:56+00:00,cnsm-web-04,vm.memory.utilization,6.562956
2026-07-20T11:21:56+00:00,cnsm-web-04,vm.memory.utilization,6.552121
2026-07-20T11:22:56+00:00,cnsm-web-04,vm.memory.utilization,6.5223880000000065
2026-07-20T11:23:56+00:00,cnsm-web-04,vm.memory.utilization,6.606800000000007
2026-07-20T11:24:56+00:00,cnsm-web-04,vm.memory.utilization,6.593344999999999
2026-07-20T11:25:56+00:00,cnsm-web-04,vm.memory.utilization,6.592488000000003
2026-07-20T11:26:56+00:00,cnsm-web-04,vm.memory.utilization,6.540328000000002
2026-07-20T11:27:56+00:00,cnsm-web-04,vm.memory.utilization,6.555901000000006
2026-07-20T11:28:56+00:00,cnsm-web-04,vm.memory.utilization,6.5880030000000005
2026-07-20T11:29:56+00:00,cnsm-web-04,vm.memory.utilization,6.5739930000000015
2026-07-20T11:30:56+00:00,cnsm-web-04,vm.memory.utilization,6.502582000000004
2026-07-20T11:31:56+00:00,cnsm-web-04,vm.memory.utilization,6.462316000000001
2026-07-20T11:32:56+00:00,cnsm-web-04,vm.memory.utilization,6.461962999999997
2026-07-20T11:33:56+00:00,cnsm-web-04,vm.memory.utilization,6.477737000000005
2026-07-20T11:34:56+00:00,cnsm-web-04,vm.memory.utilization,6.459040999999999
2026-07-20T11:35:56+00:00,cnsm-web-04,vm.memory.utilization,6.514728000000005
2026-07-20T11:36:56+00:00,cnsm-web-04,vm.memory.utilization,6.455916000000002
2026-07-20T11:37:56+00:00,cnsm-web-04,vm.memory.utilization,6.468716000000001
2026-07-20T11:38:56+00:00,cnsm-web-04,vm.memory.utilization,6.418622999999997
2026-07-20T11:39:56+00:00,cnsm-web-04,vm.memory.utilization,6.519918000000004
2026-07-20T11:40:56+00:00,cnsm-web-04,vm.memory.utilization,6.466852000000003
2026-07-20T11:41:56+00:00,cnsm-web-04,vm.memory.utilization,6.437118999999996
2026-07-20T11:42:56+00:00,cnsm-web-04,vm.memory.utilization,6.441452999999996
2026-07-20T11:43:56+00:00,cnsm-web-04,vm.memory.utilization,6.479198999999994
2026-07-20T11:44:56+00:00,cnsm-web-04,vm.memory.utilization,6.590925999999996
2026-07-20T11:45:56+00:00,cnsm-web-04,vm.memory.utilization,6.458033
2026-07-20T11:46:56+00:00,cnsm-web-04,vm.memory.utilization,6.522790999999998
2026-07-20T11:47:56+00:00,cnsm-web-04,vm.memory.utilization,6.467708999999999
2026-07-20T10:41:05+00:00,cnsm-web-04,proc.num,139
2026-07-20T10:42:05+00:00,cnsm-web-04,proc.num,140
2026-07-20T10:43:05+00:00,cnsm-web-04,proc.num,140
2026-07-20T10:44:05+00:00,cnsm-web-04,proc.num,143
2026-07-20T10:45:05+00:00,cnsm-web-04,proc.num,143
2026-07-20T10:46:05+00:00,cnsm-web-04,proc.num,139
2026-07-20T10:47:05+00:00,cnsm-web-04,proc.num,138
2026-07-20T10:48:05+00:00,cnsm-web-04,proc.num,138
2026-07-20T10:49:05+00:00,cnsm-web-04,proc.num,138
2026-07-20T10:50:05+00:00,cnsm-web-04,proc.num,138
2026-07-20T10:51:05+00:00,cnsm-web-04,proc.num,141
2026-07-20T10:52:05+00:00,cnsm-web-04,proc.num,139
2026-07-20T10:53:05+00:00,cnsm-web-04,proc.num,139
2026-07-20T10:54:05+00:00,cnsm-web-04,proc.num,139
2026-07-20T10:55:05+00:00,cnsm-web-04,proc.num,138
2026-07-20T10:56:05+00:00,cnsm-web-04,proc.num,137
2026-07-20T10:57:05+00:00,cnsm-web-04,proc.num,137
2026-07-20T10:58:05+00:00,cnsm-web-04,proc.num,138
2026-07-20T10:59:05+00:00,cnsm-web-04,proc.num,140
2026-07-20T11:00:05+00:00,cnsm-web-04,proc.num,141
2026-07-20T11:01:05+00:00,cnsm-web-04,proc.num,143
2026-07-20T11:02:05+00:00,cnsm-web-04,proc.num,142
2026-07-20T11:03:05+00:00,cnsm-web-04,proc.num,142
2026-07-20T11:04:05+00:00,cnsm-web-04,proc.num,141
2026-07-20T11:05:05+00:00,cnsm-web-04,proc.num,140
2026-07-20T11:06:05+00:00,cnsm-web-04,proc.num,142
2026-07-20T11:07:05+00:00,cnsm-web-04,proc.num,142
2026-07-20T11:08:05+00:00,cnsm-web-04,proc.num,140
2026-07-20T11:09:05+00:00,cnsm-web-04,proc.num,139
2026-07-20T11:10:05+00:00,cnsm-web-04,proc.num,140
2026-07-20T11:11:05+00:00,cnsm-web-04,proc.num,139
2026-07-20T11:12:05+00:00,cnsm-web-04,proc.num,138
2026-07-20T11:13:05+00:00,cnsm-web-04,proc.num,139
2026-07-20T11:14:05+00:00,cnsm-web-04,proc.num,140
2026-07-20T11:15:05+00:00,cnsm-web-04,proc.num,140
2026-07-20T11:16:05+00:00,cnsm-web-04,proc.num,139
2026-07-20T11:17:05+00:00,cnsm-web-04,proc.num,139
2026-07-20T11:18:05+00:00,cnsm-web-04,proc.num,138
2026-07-20T11:19:05+00:00,cnsm-web-04,proc.num,138
2026-07-20T11:20:05+00:00,cnsm-web-04,proc.num,141
2026-07-20T11:21:05+00:00,cnsm-web-04,proc.num,140
2026-07-20T11:22:05+00:00,cnsm-web-04,proc.num,140
2026-07-20T11:23:05+00:00,cnsm-web-04,proc.num,140
2026-07-20T11:24:05+00:00,cnsm-web-04,proc.num,141
2026-07-20T11:25:05+00:00,cnsm-web-04,proc.num,140
2026-07-20T11:26:05+00:00,cnsm-web-04,proc.num,141
2026-07-20T11:27:05+00:00,cnsm-web-04,proc.num,141
2026-07-20T11:28:05+00:00,cnsm-web-04,proc.num,144
2026-07-20T11:29:05+00:00,cnsm-web-04,proc.num,144
2026-07-20T11:30:05+00:00,cnsm-web-04,proc.num,142
2026-07-20T11:31:05+00:00,cnsm-web-04,proc.num,142
2026-07-20T11:32:05+00:00,cnsm-web-04,proc.num,139
2026-07-20T11:33:05+00:00,cnsm-web-04,proc.num,140
2026-07-20T11:34:05+00:00,cnsm-web-04,proc.num,139
2026-07-20T11:35:05+00:00,cnsm-web-04,proc.num,139
2026-07-20T11:36:05+00:00,cnsm-web-04,proc.num,138
2026-07-20T11:37:05+00:00,cnsm-web-04,proc.num,138
2026-07-20T11:38:05+00:00,cnsm-web-04,proc.num,139
2026-07-20T11:39:05+00:00,cnsm-web-04,proc.num,138
2026-07-20T11:40:05+00:00,cnsm-web-04,proc.num,141
2026-07-20T11:41:05+00:00,cnsm-web-04,proc.num,141
2026-07-20T11:42:05+00:00,cnsm-web-04,proc.num,141
2026-07-20T11:43:05+00:00,cnsm-web-04,proc.num,142
2026-07-20T11:44:05+00:00,cnsm-web-04,proc.num,144
2026-07-20T11:45:05+00:00,cnsm-web-04,proc.num,139
2026-07-20T11:46:05+00:00,cnsm-web-04,proc.num,138
2026-07-20T11:47:05+00:00,cnsm-web-04,proc.num,138
2026-07-20T11:48:05+00:00,cnsm-web-04,proc.num,139
2026-07-20T10:41:06+00:00,cnsm-web-04,"proc.num[,,run]",0
2026-07-20T10:42:06+00:00,cnsm-web-04,"proc.num[,,run]",0
2026-07-20T10:43:06+00:00,cnsm-web-04,"proc.num[,,run]",3
2026-07-20T10:44:06+00:00,cnsm-web-04,"proc.num[,,run]",2
2026-07-20T10:45:06+00:00,cnsm-web-04,"proc.num[,,run]",0
2026-07-20T10:46:06+00:00,cnsm-web-04,"proc.num[,,run]",0
2026-07-20T10:47:06+00:00,cnsm-web-04,"proc.num[,,run]",0
2026-07-20T10:48:06+00:00,cnsm-web-04,"proc.num[,,run]",0
2026-07-20T10:49:06+00:00,cnsm-web-04,"proc.num[,,run]",0
2026-07-20T10:50:06+00:00,cnsm-web-04,"proc.num[,,run]",0
2026-07-20T10:51:06+00:00,cnsm-web-04,"proc.num[,,run]",0
2026-07-20T10:52:06+00:00,cnsm-web-04,"proc.num[,,run]",1
2026-07-20T10:53:06+00:00,cnsm-web-04,"proc.num[,,run]",2
2026-07-20T10:54:06+00:00,cnsm-web-04,"proc.num[,,run]",1
2026-07-20T10:55:06+00:00,cnsm-web-04,"proc.num[,,run]",0
2026-07-20T10:56:06+00:00,cnsm-web-04,"proc.num[,,run]",0
2026-07-20T10:57:06+00:00,cnsm-web-04,"proc.num[,,run]",0
2026-07-20T10:58:06+00:00,cnsm-web-04,"proc.num[,,run]",2
2026-07-20T10:59:06+00:00,cnsm-web-04,"proc.num[,,run]",5
2026-07-20T11:00:06+00:00,cnsm-web-04,"proc.num[,,run]",4
2026-07-20T11:01:06+00:00,cnsm-web-04,"proc.num[,,run]",0
2026-07-20T11:02:06+00:00,cnsm-web-04,"proc.num[,,run]",1
2026-07-20T11:03:06+00:00,cnsm-web-04,"proc.num[,,run]",0
2026-07-20T11:04:06+00:00,cnsm-web-04,"proc.num[,,run]",0
2026-07-20T11:05:06+00:00,cnsm-web-04,"proc.num[,,run]",0
2026-07-20T11:06:06+00:00,cnsm-web-04,"proc.num[,,run]",1
2026-07-20T11:07:06+00:00,cnsm-web-04,"proc.num[,,run]",0
2026-07-20T11:08:06+00:00,cnsm-web-04,"proc.num[,,run]",0
2026-07-20T11:09:06+00:00,cnsm-web-04,"proc.num[,,run]",0
2026-07-20T11:10:06+00:00,cnsm-web-04,"proc.num[,,run]",0
2026-07-20T11:11:06+00:00,cnsm-web-04,"proc.num[,,run]",1
2026-07-20T11:12:06+00:00,cnsm-web-04,"proc.num[,,run]",0
2026-07-20T11:13:06+00:00,cnsm-web-04,"proc.num[,,run]",0
2026-07-20T11:14:06+00:00,cnsm-web-04,"proc.num[,,run]",0
2026-07-20T11:15:06+00:00,cnsm-web-04,"proc.num[,,run]",1
2026-07-20T11:16:06+00:00,cnsm-web-04,"proc.num[,,run]",0
2026-07-20T11:17:06+00:00,cnsm-web-04,"proc.num[,,run]",0
2026-07-20T11:18:06+00:00,cnsm-web-04,"proc.num[,,run]",3
2026-07-20T11:19:06+00:00,cnsm-web-04,"proc.num[,,run]",1
2026-07-20T11:20:06+00:00,cnsm-web-04,"proc.num[,,run]",3
2026-07-20T11:21:06+00:00,cnsm-web-04,"proc.num[,,run]",4
2026-07-20T11:22:06+00:00,cnsm-web-04,"proc.num[,,run]",1
2026-07-20T11:23:06+00:00,cnsm-web-04,"proc.num[,,run]",2
2026-07-20T11:24:06+00:00,cnsm-web-04,"proc.num[,,run]",3
2026-07-20T11:25:06+00:00,cnsm-web-04,"proc.num[,,run]",2
2026-07-20T11:26:06+00:00,cnsm-web-04,"proc.num[,,run]",2
2026-07-20T11:27:06+00:00,cnsm-web-04,"proc.num[,,run]",4
2026-07-20T11:28:06+00:00,cnsm-web-04,"proc.num[,,run]",1
2026-07-20T11:29:06+00:00,cnsm-web-04,"proc.num[,,run]",3
2026-07-20T11:30:06+00:00,cnsm-web-04,"proc.num[,,run]",0
2026-07-20T11:31:06+00:00,cnsm-web-04,"proc.num[,,run]",0
2026-07-20T11:32:06+00:00,cnsm-web-04,"proc.num[,,run]",0
2026-07-20T11:33:06+00:00,cnsm-web-04,"proc.num[,,run]",0
2026-07-20T11:34:06+00:00,cnsm-web-04,"proc.num[,,run]",0
2026-07-20T11:35:06+00:00,cnsm-web-04,"proc.num[,,run]",0
2026-07-20T11:36:06+00:00,cnsm-web-04,"proc.num[,,run]",0
2026-07-20T11:37:06+00:00,cnsm-web-04,"proc.num[,,run]",1
2026-07-20T11:38:06+00:00,cnsm-web-04,"proc.num[,,run]",1
2026-07-20T11:39:06+00:00,cnsm-web-04,"proc.num[,,run]",0
2026-07-20T11:40:06+00:00,cnsm-web-04,"proc.num[,,run]",0
2026-07-20T11:41:06+00:00,cnsm-web-04,"proc.num[,,run]",1
2026-07-20T11:42:06+00:00,cnsm-web-04,"proc.num[,,run]",0
2026-07-20T11:43:06+00:00,cnsm-web-04,"proc.num[,,run]",0
2026-07-20T11:44:06+00:00,cnsm-web-04,"proc.num[,,run]",0
2026-07-20T11:45:06+00:00,cnsm-web-04,"proc.num[,,run]",0
2026-07-20T11:46:06+00:00,cnsm-web-04,"proc.num[,,run]",0
2026-07-20T11:47:06+00:00,cnsm-web-04,"proc.num[,,run]",0
2026-07-20T11:48:06+00:00,cnsm-web-04,"proc.num[,,run]",1
2026-07-20T10:41:35+00:00,cnsm-web-04,vfs.dev.queue_size[sda],0.0009333263901005413
2026-07-20T10:42:35+00:00,cnsm-web-04,vfs.dev.queue_size[sda],0.0022000187561499046
2026-07-20T10:43:35+00:00,cnsm-web-04,vfs.dev.queue_size[sda],0.0014000095323849042
2026-07-20T10:44:35+00:00,cnsm-web-04,vfs.dev.queue_size[sda],0.0008166616115312914
2026-07-20T10:45:35+00:00,cnsm-web-04,vfs.dev.queue_size[sda],0.0019333346823498302
2026-07-20T10:46:35+00:00,cnsm-web-04,vfs.dev.queue_size[sda],0.0005833293225553545
2026-07-20T10:47:35+00:00,cnsm-web-04,vfs.dev.queue_size[sda],0.0015833362002538021
2026-07-20T10:48:35+00:00,cnsm-web-04,vfs.dev.queue_size[sda],0.0012500039996586312
2026-07-20T10:49:35+00:00,cnsm-web-04,vfs.dev.queue_size[sda],0.0025000033650045294
2026-07-20T10:50:35+00:00,cnsm-web-04,vfs.dev.queue_size[sda],0.0012333357057573414
2026-07-20T10:51:35+00:00,cnsm-web-04,vfs.dev.queue_size[sda],0.002949988510532249
2026-07-20T10:52:35+00:00,cnsm-web-04,vfs.dev.queue_size[sda],0.0015166835064289166
2026-07-20T10:53:35+00:00,cnsm-web-04,vfs.dev.queue_size[sda],0.0013166710171013188
2026-07-20T10:54:35+00:00,cnsm-web-04,vfs.dev.queue_size[sda],0.00041666301073346723
2026-07-20T10:55:35+00:00,cnsm-web-04,vfs.dev.queue_size[sda],0.0010833431669837058
2026-07-20T10:56:35+00:00,cnsm-web-04,vfs.dev.queue_size[sda],0.0011833195837711516
2026-07-20T10:57:35+00:00,cnsm-web-04,vfs.dev.queue_size[sda],0.0020833579303251248
2026-07-20T10:58:35+00:00,cnsm-web-04,vfs.dev.queue_size[sda],0.0008833307349129214
2026-07-20T10:59:35+00:00,cnsm-web-04,vfs.dev.queue_size[sda],0.003149940688611796
2026-07-20T11:00:35+00:00,cnsm-web-04,vfs.dev.queue_size[sda],0.001250002681839087
2026-07-20T11:01:35+00:00,cnsm-web-04,vfs.dev.queue_size[sda],0.0007666818103830118
2026-07-20T11:02:35+00:00,cnsm-web-04,vfs.dev.queue_size[sda],0.001533302776960053
2026-07-20T11:03:35+00:00,cnsm-web-04,vfs.dev.queue_size[sda],0.002216666943528368
2026-07-20T11:04:35+00:00,cnsm-web-04,vfs.dev.queue_size[sda],0.0014500294261238246
2026-07-20T11:05:35+00:00,cnsm-web-04,vfs.dev.queue_size[sda],0.0014666618945399716
2026-07-20T11:06:35+00:00,cnsm-web-04,vfs.dev.queue_size[sda],0.001033315309472719
2026-07-20T11:07:35+00:00,cnsm-web-04,vfs.dev.queue_size[sda],0.0008333389734131723
2026-07-20T11:08:35+00:00,cnsm-web-04,vfs.dev.queue_size[sda],0.0009000008034907173
2026-07-20T11:09:35+00:00,cnsm-web-04,vfs.dev.queue_size[sda],0.0020833357980584713
2026-07-20T11:10:35+00:00,cnsm-web-04,vfs.dev.queue_size[sda],0.002233359841751303
2026-07-20T11:11:35+00:00,cnsm-web-04,vfs.dev.queue_size[sda],0.00198330571629706
2026-07-20T11:12:35+00:00,cnsm-web-04,vfs.dev.queue_size[sda],0.001516685941469954
2026-07-20T11:13:35+00:00,cnsm-web-04,vfs.dev.queue_size[sda],0.0009333284201836411
2026-07-20T11:14:35+00:00,cnsm-web-04,vfs.dev.queue_size[sda],0.002766644832397871
2026-07-20T11:15:35+00:00,cnsm-web-04,vfs.dev.queue_size[sda],0.0019500232592599292
2026-07-20T11:16:35+00:00,cnsm-web-04,vfs.dev.queue_size[sda],0.002066661531667203
2026-07-20T11:17:35+00:00,cnsm-web-04,vfs.dev.queue_size[sda],0.00103332923418515
2026-07-20T11:18:35+00:00,cnsm-web-04,vfs.dev.queue_size[sda],0.0009666664018000726
2026-07-20T11:19:35+00:00,cnsm-web-04,vfs.dev.queue_size[sda],0.0006999950672397604
2026-07-20T11:20:35+00:00,cnsm-web-04,vfs.dev.queue_size[sda],0.001650016750035037
2026-07-20T11:21:35+00:00,cnsm-web-04,vfs.dev.queue_size[sda],0.0018833095678812849
2026-07-20T11:22:35+00:00,cnsm-web-04,vfs.dev.queue_size[sda],0.0014666889264333895
2026-07-20T11:23:35+00:00,cnsm-web-04,vfs.dev.queue_size[sda],0.0009666670492734848
2026-07-20T11:24:35+00:00,cnsm-web-04,vfs.dev.queue_size[sda],0.001699991984452794
2026-07-20T11:25:35+00:00,cnsm-web-04,vfs.dev.queue_size[sda],0.0013666621440627442
2026-07-20T11:26:35+00:00,cnsm-web-04,vfs.dev.queue_size[sda],0.0009666731746810368
2026-07-20T11:27:35+00:00,cnsm-web-04,vfs.dev.queue_size[sda],0.0027833180030033275
2026-07-20T11:28:35+00:00,cnsm-web-04,vfs.dev.queue_size[sda],0.0011666741607398046
2026-07-20T11:29:35+00:00,cnsm-web-04,vfs.dev.queue_size[sda],0.0018333379195503616
2026-07-20T11:30:35+00:00,cnsm-web-04,vfs.dev.queue_size[sda],0.00264996760944591
2026-07-20T11:31:35+00:00,cnsm-web-04,vfs.dev.queue_size[sda],0.00135001888334413
2026-07-20T11:32:35+00:00,cnsm-web-04,vfs.dev.queue_size[sda],0.0009833299391897711
2026-07-20T11:33:35+00:00,cnsm-web-04,vfs.dev.queue_size[sda],0.0021333282652564846
2026-07-20T11:34:35+00:00,cnsm-web-04,vfs.dev.queue_size[sda],0.0011333339470336657
2026-07-20T11:35:35+00:00,cnsm-web-04,vfs.dev.queue_size[sda],0.002216655680514727
2026-07-20T11:36:35+00:00,cnsm-web-04,vfs.dev.queue_size[sda],0.000849994521898639
2026-07-20T11:37:35+00:00,cnsm-web-04,vfs.dev.queue_size[sda],0.0029833427074933442
2026-07-20T11:38:35+00:00,cnsm-web-04,vfs.dev.queue_size[sda],0.0008166720622148138
2026-07-20T11:39:35+00:00,cnsm-web-04,vfs.dev.queue_size[sda],0.002999974720513019
2026-07-20T11:40:35+00:00,cnsm-web-04,vfs.dev.queue_size[sda],0.001533336516284385
2026-07-20T11:41:35+00:00,cnsm-web-04,vfs.dev.queue_size[sda],0.001983359272333961
2026-07-20T11:42:35+00:00,cnsm-web-04,vfs.dev.queue_size[sda],0.001899974814408854
2026-07-20T11:43:35+00:00,cnsm-web-04,vfs.dev.queue_size[sda],0.0014666510497662888
2026-07-20T11:44:35+00:00,cnsm-web-04,vfs.dev.queue_size[sda],0.002666682000043722
2026-07-20T11:45:35+00:00,cnsm-web-04,vfs.dev.queue_size[sda],0.0023833377635610127
2026-07-20T11:46:35+00:00,cnsm-web-04,vfs.dev.queue_size[sda],0.0015833547301558146
2026-07-20T11:47:35+00:00,cnsm-web-04,vfs.dev.queue_size[sda],0.0029166022645401328
2026-07-20T11:48:35+00:00,cnsm-web-04,vfs.dev.queue_size[sda],0.002383342880051574
2026-07-20T10:41:35+00:00,cnsm-web-04,vfs.dev.read.rate[sda],0
2026-07-20T10:42:35+00:00,cnsm-web-04,vfs.dev.read.rate[sda],0
2026-07-20T10:43:35+00:00,cnsm-web-04,vfs.dev.read.rate[sda],0
2026-07-20T10:44:35+00:00,cnsm-web-04,vfs.dev.read.rate[sda],0
2026-07-20T10:45:35+00:00,cnsm-web-04,vfs.dev.read.rate[sda],0
2026-07-20T10:46:35+00:00,cnsm-web-04,vfs.dev.read.rate[sda],0
2026-07-20T10:47:35+00:00,cnsm-web-04,vfs.dev.read.rate[sda],0
2026-07-20T10:48:35+00:00,cnsm-web-04,vfs.dev.read.rate[sda],0
2026-07-20T10:49:35+00:00,cnsm-web-04,vfs.dev.read.rate[sda],0
2026-07-20T10:50:35+00:00,cnsm-web-04,vfs.dev.read.rate[sda],0
2026-07-20T10:51:35+00:00,cnsm-web-04,vfs.dev.read.rate[sda],0
2026-07-20T10:52:35+00:00,cnsm-web-04,vfs.dev.read.rate[sda],0
2026-07-20T10:53:35+00:00,cnsm-web-04,vfs.dev.read.rate[sda],0
2026-07-20T10:54:35+00:00,cnsm-web-04,vfs.dev.read.rate[sda],0
2026-07-20T10:55:35+00:00,cnsm-web-04,vfs.dev.read.rate[sda],0
2026-07-20T10:56:35+00:00,cnsm-web-04,vfs.dev.read.rate[sda],0
2026-07-20T10:57:35+00:00,cnsm-web-04,vfs.dev.read.rate[sda],0.016666863442600998
2026-07-20T10:58:35+00:00,cnsm-web-04,vfs.dev.read.rate[sda],0
2026-07-20T10:59:35+00:00,cnsm-web-04,vfs.dev.read.rate[sda],0
2026-07-20T11:00:35+00:00,cnsm-web-04,vfs.dev.read.rate[sda],0
2026-07-20T11:01:35+00:00,cnsm-web-04,vfs.dev.read.rate[sda],0
2026-07-20T11:02:35+00:00,cnsm-web-04,vfs.dev.read.rate[sda],0
2026-07-20T11:03:35+00:00,cnsm-web-04,vfs.dev.read.rate[sda],0
2026-07-20T11:04:35+00:00,cnsm-web-04,vfs.dev.read.rate[sda],0
2026-07-20T11:05:35+00:00,cnsm-web-04,vfs.dev.read.rate[sda],0
2026-07-20T11:06:35+00:00,cnsm-web-04,vfs.dev.read.rate[sda],0
2026-07-20T11:07:35+00:00,cnsm-web-04,vfs.dev.read.rate[sda],0
2026-07-20T11:08:35+00:00,cnsm-web-04,vfs.dev.read.rate[sda],0
2026-07-20T11:09:35+00:00,cnsm-web-04,vfs.dev.read.rate[sda],0
2026-07-20T11:10:35+00:00,cnsm-web-04,vfs.dev.read.rate[sda],0
2026-07-20T11:11:35+00:00,cnsm-web-04,vfs.dev.read.rate[sda],0
2026-07-20T11:12:35+00:00,cnsm-web-04,vfs.dev.read.rate[sda],0
2026-07-20T11:13:35+00:00,cnsm-web-04,vfs.dev.read.rate[sda],0
2026-07-20T11:14:35+00:00,cnsm-web-04,vfs.dev.read.rate[sda],0.016666535134926934
2026-07-20T11:15:35+00:00,cnsm-web-04,vfs.dev.read.rate[sda],0
2026-07-20T11:16:35+00:00,cnsm-web-04,vfs.dev.read.rate[sda],0
2026-07-20T11:17:35+00:00,cnsm-web-04,vfs.dev.read.rate[sda],0
2026-07-20T11:18:35+00:00,cnsm-web-04,vfs.dev.read.rate[sda],0
2026-07-20T11:19:35+00:00,cnsm-web-04,vfs.dev.read.rate[sda],0
2026-07-20T11:20:35+00:00,cnsm-web-04,vfs.dev.read.rate[sda],0
2026-07-20T11:21:35+00:00,cnsm-web-04,vfs.dev.read.rate[sda],0
2026-07-20T11:22:35+00:00,cnsm-web-04,vfs.dev.read.rate[sda],0
2026-07-20T11:23:35+00:00,cnsm-web-04,vfs.dev.read.rate[sda],0
2026-07-20T11:24:35+00:00,cnsm-web-04,vfs.dev.read.rate[sda],0
2026-07-20T11:25:35+00:00,cnsm-web-04,vfs.dev.read.rate[sda],0
2026-07-20T11:26:35+00:00,cnsm-web-04,vfs.dev.read.rate[sda],0
2026-07-20T11:27:35+00:00,cnsm-web-04,vfs.dev.read.rate[sda],0
2026-07-20T11:28:35+00:00,cnsm-web-04,vfs.dev.read.rate[sda],0
2026-07-20T11:29:35+00:00,cnsm-web-04,vfs.dev.read.rate[sda],0
2026-07-20T11:30:35+00:00,cnsm-web-04,vfs.dev.read.rate[sda],0
2026-07-20T11:31:35+00:00,cnsm-web-04,vfs.dev.read.rate[sda],0
2026-07-20T11:32:35+00:00,cnsm-web-04,vfs.dev.read.rate[sda],0
2026-07-20T11:33:35+00:00,cnsm-web-04,vfs.dev.read.rate[sda],0.016666627072316285
2026-07-20T11:34:35+00:00,cnsm-web-04,vfs.dev.read.rate[sda],0
2026-07-20T11:35:35+00:00,cnsm-web-04,vfs.dev.read.rate[sda],0
2026-07-20T11:36:35+00:00,cnsm-web-04,vfs.dev.read.rate[sda],0
2026-07-20T11:37:35+00:00,cnsm-web-04,vfs.dev.read.rate[sda],0
2026-07-20T11:38:35+00:00,cnsm-web-04,vfs.dev.read.rate[sda],0
2026-07-20T11:39:35+00:00,cnsm-web-04,vfs.dev.read.rate[sda],0
2026-07-20T11:40:35+00:00,cnsm-web-04,vfs.dev.read.rate[sda],0
2026-07-20T11:41:35+00:00,cnsm-web-04,vfs.dev.read.rate[sda],0
2026-07-20T11:42:35+00:00,cnsm-web-04,vfs.dev.read.rate[sda],0
2026-07-20T11:43:35+00:00,cnsm-web-04,vfs.dev.read.rate[sda],0
2026-07-20T11:44:35+00:00,cnsm-web-04,vfs.dev.read.rate[sda],0
2026-07-20T11:45:35+00:00,cnsm-web-04,vfs.dev.read.rate[sda],0
2026-07-20T11:46:35+00:00,cnsm-web-04,vfs.dev.read.rate[sda],0
2026-07-20T11:47:35+00:00,cnsm-web-04,vfs.dev.read.rate[sda],0
2026-07-20T11:48:35+00:00,cnsm-web-04,vfs.dev.read.rate[sda],0
2026-07-20T10:41:33+00:00,cnsm-web-04,vfs.dev.read.await[sda],0
2026-07-20T10:42:33+00:00,cnsm-web-04,vfs.dev.read.await[sda],0
2026-07-20T10:43:33+00:00,cnsm-web-04,vfs.dev.read.await[sda],0
2026-07-20T10:44:33+00:00,cnsm-web-04,vfs.dev.read.await[sda],0
2026-07-20T10:45:33+00:00,cnsm-web-04,vfs.dev.read.await[sda],0
2026-07-20T10:46:33+00:00,cnsm-web-04,vfs.dev.read.await[sda],0
2026-07-20T10:47:33+00:00,cnsm-web-04,vfs.dev.read.await[sda],0
2026-07-20T10:48:33+00:00,cnsm-web-04,vfs.dev.read.await[sda],0
2026-07-20T10:49:33+00:00,cnsm-web-04,vfs.dev.read.await[sda],0
2026-07-20T10:50:33+00:00,cnsm-web-04,vfs.dev.read.await[sda],0
2026-07-20T10:51:33+00:00,cnsm-web-04,vfs.dev.read.await[sda],0
2026-07-20T10:52:33+00:00,cnsm-web-04,vfs.dev.read.await[sda],0
2026-07-20T10:53:33+00:00,cnsm-web-04,vfs.dev.read.await[sda],0
2026-07-20T10:54:33+00:00,cnsm-web-04,vfs.dev.read.await[sda],0
2026-07-20T10:55:33+00:00,cnsm-web-04,vfs.dev.read.await[sda],0
2026-07-20T10:56:33+00:00,cnsm-web-04,vfs.dev.read.await[sda],0
2026-07-20T10:57:33+00:00,cnsm-web-04,vfs.dev.read.await[sda],0
2026-07-20T10:58:33+00:00,cnsm-web-04,vfs.dev.read.await[sda],2
2026-07-20T10:59:33+00:00,cnsm-web-04,vfs.dev.read.await[sda],0
2026-07-20T11:00:33+00:00,cnsm-web-04,vfs.dev.read.await[sda],0
2026-07-20T11:01:33+00:00,cnsm-web-04,vfs.dev.read.await[sda],0
2026-07-20T11:02:33+00:00,cnsm-web-04,vfs.dev.read.await[sda],0
2026-07-20T11:03:33+00:00,cnsm-web-04,vfs.dev.read.await[sda],0
2026-07-20T11:04:33+00:00,cnsm-web-04,vfs.dev.read.await[sda],0
2026-07-20T11:05:33+00:00,cnsm-web-04,vfs.dev.read.await[sda],0
2026-07-20T11:06:33+00:00,cnsm-web-04,vfs.dev.read.await[sda],0
2026-07-20T11:07:33+00:00,cnsm-web-04,vfs.dev.read.await[sda],0
2026-07-20T11:08:33+00:00,cnsm-web-04,vfs.dev.read.await[sda],0
2026-07-20T11:09:33+00:00,cnsm-web-04,vfs.dev.read.await[sda],0
2026-07-20T11:10:33+00:00,cnsm-web-04,vfs.dev.read.await[sda],0
2026-07-20T11:11:33+00:00,cnsm-web-04,vfs.dev.read.await[sda],0
2026-07-20T11:12:33+00:00,cnsm-web-04,vfs.dev.read.await[sda],0
2026-07-20T11:13:33+00:00,cnsm-web-04,vfs.dev.read.await[sda],0
2026-07-20T11:14:33+00:00,cnsm-web-04,vfs.dev.read.await[sda],0
2026-07-20T11:15:33+00:00,cnsm-web-04,vfs.dev.read.await[sda],2
2026-07-20T11:16:33+00:00,cnsm-web-04,vfs.dev.read.await[sda],0
2026-07-20T11:17:33+00:00,cnsm-web-04,vfs.dev.read.await[sda],0
2026-07-20T11:18:33+00:00,cnsm-web-04,vfs.dev.read.await[sda],0
2026-07-20T11:19:33+00:00,cnsm-web-04,vfs.dev.read.await[sda],0
2026-07-20T11:20:33+00:00,cnsm-web-04,vfs.dev.read.await[sda],0
2026-07-20T11:21:33+00:00,cnsm-web-04,vfs.dev.read.await[sda],0
2026-07-20T11:22:33+00:00,cnsm-web-04,vfs.dev.read.await[sda],0
2026-07-20T11:23:33+00:00,cnsm-web-04,vfs.dev.read.await[sda],0
2026-07-20T11:24:33+00:00,cnsm-web-04,vfs.dev.read.await[sda],0
2026-07-20T11:25:33+00:00,cnsm-web-04,vfs.dev.read.await[sda],0
2026-07-20T11:26:33+00:00,cnsm-web-04,vfs.dev.read.await[sda],0
2026-07-20T11:27:33+00:00,cnsm-web-04,vfs.dev.read.await[sda],0
2026-07-20T11:28:33+00:00,cnsm-web-04,vfs.dev.read.await[sda],0
2026-07-20T11:29:33+00:00,cnsm-web-04,vfs.dev.read.await[sda],0
2026-07-20T11:30:33+00:00,cnsm-web-04,vfs.dev.read.await[sda],0
2026-07-20T11:31:33+00:00,cnsm-web-04,vfs.dev.read.await[sda],0
2026-07-20T11:32:33+00:00,cnsm-web-04,vfs.dev.read.await[sda],0
2026-07-20T11:33:33+00:00,cnsm-web-04,vfs.dev.read.await[sda],0
2026-07-20T11:34:33+00:00,cnsm-web-04,vfs.dev.read.await[sda],1
2026-07-20T11:35:33+00:00,cnsm-web-04,vfs.dev.read.await[sda],0
2026-07-20T11:36:33+00:00,cnsm-web-04,vfs.dev.read.await[sda],0
2026-07-20T11:37:33+00:00,cnsm-web-04,vfs.dev.read.await[sda],0
2026-07-20T11:38:33+00:00,cnsm-web-04,vfs.dev.read.await[sda],0
2026-07-20T11:39:33+00:00,cnsm-web-04,vfs.dev.read.await[sda],0
2026-07-20T11:40:33+00:00,cnsm-web-04,vfs.dev.read.await[sda],0
2026-07-20T11:41:33+00:00,cnsm-web-04,vfs.dev.read.await[sda],0
2026-07-20T11:42:33+00:00,cnsm-web-04,vfs.dev.read.await[sda],0
2026-07-20T11:43:33+00:00,cnsm-web-04,vfs.dev.read.await[sda],0
2026-07-20T11:44:33+00:00,cnsm-web-04,vfs.dev.read.await[sda],0
2026-07-20T11:45:33+00:00,cnsm-web-04,vfs.dev.read.await[sda],0
2026-07-20T11:46:33+00:00,cnsm-web-04,vfs.dev.read.await[sda],0
2026-07-20T11:47:33+00:00,cnsm-web-04,vfs.dev.read.await[sda],0
2026-07-20T11:48:33+00:00,cnsm-web-04,vfs.dev.read.await[sda],0
2026-07-20T10:41:35+00:00,cnsm-web-04,vfs.dev.read.time.rate[sda],0
2026-07-20T10:42:35+00:00,cnsm-web-04,vfs.dev.read.time.rate[sda],0
2026-07-20T10:43:35+00:00,cnsm-web-04,vfs.dev.read.time.rate[sda],0
2026-07-20T10:44:35+00:00,cnsm-web-04,vfs.dev.read.time.rate[sda],0
2026-07-20T10:45:35+00:00,cnsm-web-04,vfs.dev.read.time.rate[sda],0
2026-07-20T10:46:35+00:00,cnsm-web-04,vfs.dev.read.time.rate[sda],0
2026-07-20T10:47:35+00:00,cnsm-web-04,vfs.dev.read.time.rate[sda],0
2026-07-20T10:48:35+00:00,cnsm-web-04,vfs.dev.read.time.rate[sda],0
2026-07-20T10:49:35+00:00,cnsm-web-04,vfs.dev.read.time.rate[sda],0
2026-07-20T10:50:35+00:00,cnsm-web-04,vfs.dev.read.time.rate[sda],0
2026-07-20T10:51:35+00:00,cnsm-web-04,vfs.dev.read.time.rate[sda],0
2026-07-20T10:52:35+00:00,cnsm-web-04,vfs.dev.read.time.rate[sda],0
2026-07-20T10:53:35+00:00,cnsm-web-04,vfs.dev.read.time.rate[sda],0
2026-07-20T10:54:35+00:00,cnsm-web-04,vfs.dev.read.time.rate[sda],0
2026-07-20T10:55:35+00:00,cnsm-web-04,vfs.dev.read.time.rate[sda],0
2026-07-20T10:56:35+00:00,cnsm-web-04,vfs.dev.read.time.rate[sda],0
2026-07-20T10:57:35+00:00,cnsm-web-04,vfs.dev.read.time.rate[sda],3.3333726885201994e-05
2026-07-20T10:58:35+00:00,cnsm-web-04,vfs.dev.read.time.rate[sda],0
2026-07-20T10:59:35+00:00,cnsm-web-04,vfs.dev.read.time.rate[sda],0
2026-07-20T11:00:35+00:00,cnsm-web-04,vfs.dev.read.time.rate[sda],0
2026-07-20T11:01:35+00:00,cnsm-web-04,vfs.dev.read.time.rate[sda],0
2026-07-20T11:02:35+00:00,cnsm-web-04,vfs.dev.read.time.rate[sda],0
2026-07-20T11:03:35+00:00,cnsm-web-04,vfs.dev.read.time.rate[sda],0
2026-07-20T11:04:35+00:00,cnsm-web-04,vfs.dev.read.time.rate[sda],0
2026-07-20T11:05:35+00:00,cnsm-web-04,vfs.dev.read.time.rate[sda],0
2026-07-20T11:06:35+00:00,cnsm-web-04,vfs.dev.read.time.rate[sda],0
2026-07-20T11:07:35+00:00,cnsm-web-04,vfs.dev.read.time.rate[sda],0
2026-07-20T11:08:35+00:00,cnsm-web-04,vfs.dev.read.time.rate[sda],0
2026-07-20T11:09:35+00:00,cnsm-web-04,vfs.dev.read.time.rate[sda],0
2026-07-20T11:10:35+00:00,cnsm-web-04,vfs.dev.read.time.rate[sda],0
2026-07-20T11:11:35+00:00,cnsm-web-04,vfs.dev.read.time.rate[sda],0
2026-07-20T11:12:35+00:00,cnsm-web-04,vfs.dev.read.time.rate[sda],0
2026-07-20T11:13:35+00:00,cnsm-web-04,vfs.dev.read.time.rate[sda],0
2026-07-20T11:14:35+00:00,cnsm-web-04,vfs.dev.read.time.rate[sda],3.333307026985387e-05
2026-07-20T11:15:35+00:00,cnsm-web-04,vfs.dev.read.time.rate[sda],0
2026-07-20T11:16:35+00:00,cnsm-web-04,vfs.dev.read.time.rate[sda],0
2026-07-20T11:17:35+00:00,cnsm-web-04,vfs.dev.read.time.rate[sda],0
2026-07-20T11:18:35+00:00,cnsm-web-04,vfs.dev.read.time.rate[sda],0
2026-07-20T11:19:35+00:00,cnsm-web-04,vfs.dev.read.time.rate[sda],0
2026-07-20T11:20:35+00:00,cnsm-web-04,vfs.dev.read.time.rate[sda],0
2026-07-20T11:21:35+00:00,cnsm-web-04,vfs.dev.read.time.rate[sda],0
2026-07-20T11:22:35+00:00,cnsm-web-04,vfs.dev.read.time.rate[sda],0
2026-07-20T11:23:35+00:00,cnsm-web-04,vfs.dev.read.time.rate[sda],0
2026-07-20T11:24:35+00:00,cnsm-web-04,vfs.dev.read.time.rate[sda],0
2026-07-20T11:25:35+00:00,cnsm-web-04,vfs.dev.read.time.rate[sda],0
2026-07-20T11:26:35+00:00,cnsm-web-04,vfs.dev.read.time.rate[sda],0
2026-07-20T11:27:35+00:00,cnsm-web-04,vfs.dev.read.time.rate[sda],0
2026-07-20T11:28:35+00:00,cnsm-web-04,vfs.dev.read.time.rate[sda],0
2026-07-20T11:29:35+00:00,cnsm-web-04,vfs.dev.read.time.rate[sda],0
2026-07-20T11:30:35+00:00,cnsm-web-04,vfs.dev.read.time.rate[sda],0
2026-07-20T11:31:35+00:00,cnsm-web-04,vfs.dev.read.time.rate[sda],0
2026-07-20T11:32:35+00:00,cnsm-web-04,vfs.dev.read.time.rate[sda],0
2026-07-20T11:33:35+00:00,cnsm-web-04,vfs.dev.read.time.rate[sda],1.6666627072316286e-05
2026-07-20T11:34:35+00:00,cnsm-web-04,vfs.dev.read.time.rate[sda],0
2026-07-20T11:35:35+00:00,cnsm-web-04,vfs.dev.read.time.rate[sda],0
2026-07-20T11:36:35+00:00,cnsm-web-04,vfs.dev.read.time.rate[sda],0
2026-07-20T11:37:35+00:00,cnsm-web-04,vfs.dev.read.time.rate[sda],0
2026-07-20T11:38:35+00:00,cnsm-web-04,vfs.dev.read.time.rate[sda],0
2026-07-20T11:39:35+00:00,cnsm-web-04,vfs.dev.read.time.rate[sda],0
2026-07-20T11:40:35+00:00,cnsm-web-04,vfs.dev.read.time.rate[sda],0
2026-07-20T11:41:35+00:00,cnsm-web-04,vfs.dev.read.time.rate[sda],0
2026-07-20T11:42:35+00:00,cnsm-web-04,vfs.dev.read.time.rate[sda],0
2026-07-20T11:43:35+00:00,cnsm-web-04,vfs.dev.read.time.rate[sda],0
2026-07-20T11:44:35+00:00,cnsm-web-04,vfs.dev.read.time.rate[sda],0
2026-07-20T11:45:35+00:00,cnsm-web-04,vfs.dev.read.time.rate[sda],0
2026-07-20T11:46:35+00:00,cnsm-web-04,vfs.dev.read.time.rate[sda],0
2026-07-20T11:47:35+00:00,cnsm-web-04,vfs.dev.read.time.rate[sda],0
2026-07-20T11:48:35+00:00,cnsm-web-04,vfs.dev.read.time.rate[sda],0
2026-07-20T10:41:35+00:00,cnsm-web-04,vfs.dev.util[sda],0.013333234144293446
2026-07-20T10:42:35+00:00,cnsm-web-04,vfs.dev.util[sda],0.03000025576568052
2026-07-20T10:43:35+00:00,cnsm-web-04,vfs.dev.util[sda],0.016666780147439338
2026-07-20T10:44:35+00:00,cnsm-web-04,vfs.dev.util[sda],0.014999907150574738
2026-07-20T10:45:35+00:00,cnsm-web-04,vfs.dev.util[sda],0.023333349614566914
2026-07-20T10:46:35+00:00,cnsm-web-04,vfs.dev.util[sda],0.008333276036505065
2026-07-20T10:47:35+00:00,cnsm-web-04,vfs.dev.util[sda],0.026666714951642984
2026-07-20T10:48:35+00:00,cnsm-web-04,vfs.dev.util[sda],0.016666719995448415
2026-07-20T10:49:35+00:00,cnsm-web-04,vfs.dev.util[sda],0.025000033650045297
2026-07-20T10:50:35+00:00,cnsm-web-04,vfs.dev.util[sda],0.013333358981160448
2026-07-20T10:51:35+00:00,cnsm-web-04,vfs.dev.util[sda],0.02666656280707118
2026-07-20T10:52:35+00:00,cnsm-web-04,vfs.dev.util[sda],0.023333592406598717
2026-07-20T10:53:35+00:00,cnsm-web-04,vfs.dev.util[sda],0.01666672173545973
2026-07-20T10:54:35+00:00,cnsm-web-04,vfs.dev.util[sda],0.009999912257603214
2026-07-20T10:55:35+00:00,cnsm-web-04,vfs.dev.util[sda],0.016666817953595477
2026-07-20T10:56:35+00:00,cnsm-web-04,vfs.dev.util[sda],0.014999825709775164
2026-07-20T10:57:35+00:00,cnsm-web-04,vfs.dev.util[sda],0.0233336088196414
2026-07-20T10:58:35+00:00,cnsm-web-04,vfs.dev.util[sda],0.016666617639866443
2026-07-20T10:59:35+00:00,cnsm-web-04,vfs.dev.util[sda],0.04333251740947444
2026-07-20T11:00:35+00:00,cnsm-web-04,vfs.dev.util[sda],0.020000042909425395
2026-07-20T11:01:35+00:00,cnsm-web-04,vfs.dev.util[sda],0.015000296290102405
2026-07-20T11:02:35+00:00,cnsm-web-04,vfs.dev.util[sda],0.018332967985391937
2026-07-20T11:03:35+00:00,cnsm-web-04,vfs.dev.util[sda],0.030000003747000473
2026-07-20T11:04:35+00:00,cnsm-web-04,vfs.dev.util[sda],0.021667106367367496
2026-07-20T11:05:35+00:00,cnsm-web-04,vfs.dev.util[sda],0.013333289950363378
2026-07-20T11:06:35+00:00,cnsm-web-04,vfs.dev.util[sda],0.016666375959237405
2026-07-20T11:07:35+00:00,cnsm-web-04,vfs.dev.util[sda],0.015000101521437104
2026-07-20T11:08:35+00:00,cnsm-web-04,vfs.dev.util[sda],0.010000008927674636
2026-07-20T11:09:35+00:00,cnsm-web-04,vfs.dev.util[sda],0.021666692299808103
2026-07-20T11:10:35+00:00,cnsm-web-04,vfs.dev.util[sda],0.02500029673602205
2026-07-20T11:11:35+00:00,cnsm-web-04,vfs.dev.util[sda],0.026666295345170562
2026-07-20T11:12:35+00:00,cnsm-web-04,vfs.dev.util[sda],0.021666942020999343
2026-07-20T11:13:35+00:00,cnsm-web-04,vfs.dev.util[sda],0.011666605252295514
2026-07-20T11:14:35+00:00,cnsm-web-04,vfs.dev.util[sda],0.03333307026985387
2026-07-20T11:15:35+00:00,cnsm-web-04,vfs.dev.util[sda],0.01666686546376008
2026-07-20T11:16:35+00:00,cnsm-web-04,vfs.dev.util[sda],0.021666612831994874
2026-07-20T11:17:35+00:00,cnsm-web-04,vfs.dev.util[sda],0.01333328044109871
2026-07-20T11:18:35+00:00,cnsm-web-04,vfs.dev.util[sda],0.014999995890001125
2026-07-20T11:19:35+00:00,cnsm-web-04,vfs.dev.util[sda],0.014999894297994868
2026-07-20T11:20:35+00:00,cnsm-web-04,vfs.dev.util[sda],0.023333570202515672
2026-07-20T11:21:35+00:00,cnsm-web-04,vfs.dev.util[sda],0.01999974762351807
2026-07-20T11:22:35+00:00,cnsm-web-04,vfs.dev.util[sda],0.020000303542273494
2026-07-20T11:23:35+00:00,cnsm-web-04,vfs.dev.util[sda],0.010000003958001567
2026-07-20T11:24:35+00:00,cnsm-web-04,vfs.dev.util[sda],0.02333322331601874
2026-07-20T11:25:35+00:00,cnsm-web-04,vfs.dev.util[sda],0.018333272664256325
2026-07-20T11:26:35+00:00,cnsm-web-04,vfs.dev.util[sda],0.021666812535954275
2026-07-20T11:27:35+00:00,cnsm-web-04,vfs.dev.util[sda],0.0416664371707085
2026-07-20T11:28:35+00:00,cnsm-web-04,vfs.dev.util[sda],0.018333451097339786
2026-07-20T11:29:35+00:00,cnsm-web-04,vfs.dev.util[sda],0.021666720867413364
2026-07-20T11:30:35+00:00,cnsm-web-04,vfs.dev.util[sda],0.024999694428735
2026-07-20T11:31:35+00:00,cnsm-web-04,vfs.dev.util[sda],0.02500034969155797
2026-07-20T11:32:35+00:00,cnsm-web-04,vfs.dev.util[sda],0.01666660913880968
2026-07-20T11:33:35+00:00,cnsm-web-04,vfs.dev.util[sda],0.03166659143740094
2026-07-20T11:34:35+00:00,cnsm-web-04,vfs.dev.util[sda],0.021666678399173023
2026-07-20T11:35:35+00:00,cnsm-web-04,vfs.dev.util[sda],0.019999900876824607
2026-07-20T11:36:35+00:00,cnsm-web-04,vfs.dev.util[sda],0.01833321517820594
2026-07-20T11:37:35+00:00,cnsm-web-04,vfs.dev.util[sda],0.0400001256870616
2026-07-20T11:38:35+00:00,cnsm-web-04,vfs.dev.util[sda],0.01166674374592591
2026-07-20T11:39:35+00:00,cnsm-web-04,vfs.dev.util[sda],0.03833301031766636
2026-07-20T11:40:35+00:00,cnsm-web-04,vfs.dev.util[sda],0.023333381769544994
2026-07-20T11:41:35+00:00,cnsm-web-04,vfs.dev.util[sda],0.025000326962192784
2026-07-20T11:42:35+00:00,cnsm-web-04,vfs.dev.util[sda],0.028332957758728523
2026-07-20T11:43:35+00:00,cnsm-web-04,vfs.dev.util[sda],0.019999787042267576
2026-07-20T11:44:35+00:00,cnsm-web-04,vfs.dev.util[sda],0.03833355375062851
2026-07-20T11:45:35+00:00,cnsm-web-04,vfs.dev.util[sda],0.031666725529831644
2026-07-20T11:46:35+00:00,cnsm-web-04,vfs.dev.util[sda],0.021666959465290098
2026-07-20T11:47:35+00:00,cnsm-web-04,vfs.dev.util[sda],0.04166574663628761
2026-07-20T11:48:35+00:00,cnsm-web-04,vfs.dev.util[sda],0.03000012016848135
2026-07-20T10:41:35+00:00,cnsm-web-04,vfs.dev.write.rate[sda],1.316656871748978
2026-07-20T10:42:35+00:00,cnsm-web-04,vfs.dev.write.rate[sda],3.166693664155166
2026-07-20T10:43:35+00:00,cnsm-web-04,vfs.dev.write.rate[sda],1.50001021326954
2026-07-20T10:44:35+00:00,cnsm-web-04,vfs.dev.write.rate[sda],1.1333263180434248
2026-07-20T10:45:35+00:00,cnsm-web-04,vfs.dev.write.rate[sda],3.3500023375199643
2026-07-20T10:46:35+00:00,cnsm-web-04,vfs.dev.write.rate[sda],0.5833293225553545
2026-07-20T10:47:35+00:00,cnsm-web-04,vfs.dev.write.rate[sda],2.1666705898209924
2026-07-20T10:48:35+00:00,cnsm-web-04,vfs.dev.write.rate[sda],1.6333385595539447
2026-07-20T10:49:35+00:00,cnsm-web-04,vfs.dev.write.rate[sda],3.6833382911066734
2026-07-20T10:50:35+00:00,cnsm-web-04,vfs.dev.write.rate[sda],1.2666691032102426
2026-07-20T10:51:35+00:00,cnsm-web-04,vfs.dev.write.rate[sda],4.583315482465358
2026-07-20T10:52:35+00:00,cnsm-web-04,vfs.dev.write.rate[sda],2.00002220627989
2026-07-20T10:53:35+00:00,cnsm-web-04,vfs.dev.write.rate[sda],2.0666734951970067
2026-07-20T10:54:35+00:00,cnsm-web-04,vfs.dev.write.rate[sda],0.46666257202148326
2026-07-20T10:55:35+00:00,cnsm-web-04,vfs.dev.write.rate[sda],1.6666817953595474
2026-07-20T10:56:35+00:00,cnsm-web-04,vfs.dev.write.rate[sda],2.233307383455413
2026-07-20T10:57:35+00:00,cnsm-web-04,vfs.dev.write.rate[sda],3.0167022831107806
2026-07-20T10:58:35+00:00,cnsm-web-04,vfs.dev.write.rate[sda],1.5666620581474455
2026-07-20T10:59:35+00:00,cnsm-web-04,vfs.dev.write.rate[sda],1.8666315191773606
2026-07-20T11:00:35+00:00,cnsm-web-04,vfs.dev.write.rate[sda],2.1000045054896663
2026-07-20T11:01:35+00:00,cnsm-web-04,vfs.dev.write.rate[sda],0.6666798351156625
2026-07-20T11:02:35+00:00,cnsm-web-04,vfs.dev.write.rate[sda],2.149957154650509
2026-07-20T11:03:35+00:00,cnsm-web-04,vfs.dev.write.rate[sda],3.7833338058717256
2026-07-20T11:04:35+00:00,cnsm-web-04,vfs.dev.write.rate[sda],2.4333827151043494
2026-07-20T11:05:35+00:00,cnsm-web-04,vfs.dev.write.rate[sda],1.4833285069779258
2026-07-20T11:06:35+00:00,cnsm-web-04,vfs.dev.write.rate[sda],1.2499781969428052
2026-07-20T11:07:35+00:00,cnsm-web-04,vfs.dev.write.rate[sda],1.3166755779928123
2026-07-20T11:08:35+00:00,cnsm-web-04,vfs.dev.write.rate[sda],1.2666677975054539
2026-07-20T11:09:35+00:00,cnsm-web-04,vfs.dev.write.rate[sda],2.6666698215148434
2026-07-20T11:10:35+00:00,cnsm-web-04,vfs.dev.write.rate[sda],3.3167060336455916
2026-07-20T11:11:35+00:00,cnsm-web-04,vfs.dev.write.rate[sda],3.6332827407794883
2026-07-20T11:12:35+00:00,cnsm-web-04,vfs.dev.write.rate[sda],1.3666840351707277
2026-07-20T11:13:35+00:00,cnsm-web-04,vfs.dev.write.rate[sda],1.4666589460028647
2026-07-20T11:14:35+00:00,cnsm-web-04,vfs.dev.write.rate[sda],2.49998027023904
2026-07-20T11:15:35+00:00,cnsm-web-04,vfs.dev.write.rate[sda],1.933356393796169
2026-07-20T11:16:35+00:00,cnsm-web-04,vfs.dev.write.rate[sda],2.2499944094763906
2026-07-20T11:17:35+00:00,cnsm-web-04,vfs.dev.write.rate[sda],1.4166610468667378
2026-07-20T11:18:35+00:00,cnsm-web-04,vfs.dev.write.rate[sda],1.399999616400105
2026-07-20T11:19:35+00:00,cnsm-web-04,vfs.dev.write.rate[sda],0.7666612641197376
2026-07-20T11:20:35+00:00,cnsm-web-04,vfs.dev.write.rate[sda],1.6833504217529163
2026-07-20T11:21:35+00:00,cnsm-web-04,vfs.dev.write.rate[sda],2.466635540233895
2026-07-20T11:22:35+00:00,cnsm-web-04,vfs.dev.write.rate[sda],2.166699550412962
2026-07-20T11:23:35+00:00,cnsm-web-04,vfs.dev.write.rate[sda],1.3333338610668755
2026-07-20T11:24:35+00:00,cnsm-web-04,vfs.dev.write.rate[sda],2.883319738336601
2026-07-20T11:25:35+00:00,cnsm-web-04,vfs.dev.write.rate[sda],1.6166613167571484
2026-07-20T11:26:35+00:00,cnsm-web-04,vfs.dev.write.rate[sda],1.350009088778689
2026-07-20T11:27:35+00:00,cnsm-web-04,vfs.dev.write.rate[sda],4.116643992465999
2026-07-20T11:28:35+00:00,cnsm-web-04,vfs.dev.write.rate[sda],1.8333451097339786
2026-07-20T11:29:35+00:00,cnsm-web-04,vfs.dev.write.rate[sda],3.2000080050333586
2026-07-20T11:30:35+00:00,cnsm-web-04,vfs.dev.write.rate[sda],3.2832932016405296
2026-07-20T11:31:35+00:00,cnsm-web-04,vfs.dev.write.rate[sda],2.0000279753246373
2026-07-20T11:32:35+00:00,cnsm-web-04,vfs.dev.write.rate[sda],1.2833289036883453
2026-07-20T11:33:35+00:00,cnsm-web-04,vfs.dev.write.rate[sda],2.9333263647276664
2026-07-20T11:34:35+00:00,cnsm-web-04,vfs.dev.write.rate[sda],1.233334001183695
2026-07-20T11:35:35+00:00,cnsm-web-04,vfs.dev.write.rate[sda],1.4166596454417428
2026-07-20T11:36:35+00:00,cnsm-web-04,vfs.dev.write.rate[sda],1.2833250624744157
2026-07-20T11:37:35+00:00,cnsm-web-04,vfs.dev.write.rate[sda],4.350013668467949
2026-07-20T11:38:35+00:00,cnsm-web-04,vfs.dev.write.rate[sda],0.7833385086550253
2026-07-20T11:39:35+00:00,cnsm-web-04,vfs.dev.write.rate[sda],4.249964187393444
2026-07-20T11:40:35+00:00,cnsm-web-04,vfs.dev.write.rate[sda],2.2000045668428134
2026-07-20T11:41:35+00:00,cnsm-web-04,vfs.dev.write.rate[sda],3.433378236141142
2026-07-20T11:42:35+00:00,cnsm-web-04,vfs.dev.write.rate[sda],2.3499688494004247
2026-07-20T11:43:35+00:00,cnsm-web-04,vfs.dev.write.rate[sda],2.0499781718324264
2026-07-20T11:44:35+00:00,cnsm-web-04,vfs.dev.write.rate[sda],2.966683725048641
2026-07-20T11:45:35+00:00,cnsm-web-04,vfs.dev.write.rate[sda],3.1000057623940447
2026-07-20T11:46:35+00:00,cnsm-web-04,vfs.dev.write.rate[sda],1.9333594599797317
2026-07-20T11:47:35+00:00,cnsm-web-04,vfs.dev.write.rate[sda],3.2832608349394636
2026-07-20T11:48:35+00:00,cnsm-web-04,vfs.dev.write.rate[sda],2.9500118165673324
2026-07-20T10:41:34+00:00,cnsm-web-04,vfs.dev.write.await[sda],0.7387387387387387
2026-07-20T10:42:34+00:00,cnsm-web-04,vfs.dev.write.await[sda],0.7088607594936709
2026-07-20T10:43:34+00:00,cnsm-web-04,vfs.dev.write.await[sda],0.6842105263157894
2026-07-20T10:44:34+00:00,cnsm-web-04,vfs.dev.write.await[sda],0.9333333333333335
2026-07-20T10:45:34+00:00,cnsm-web-04,vfs.dev.write.await[sda],0.7205882352941178
2026-07-20T10:46:34+00:00,cnsm-web-04,vfs.dev.write.await[sda],0.5721393034825871
2026-07-20T10:47:34+00:00,cnsm-web-04,vfs.dev.write.await[sda],0.9714285714285715
2026-07-20T10:48:34+00:00,cnsm-web-04,vfs.dev.write.await[sda],0.7230769230769231
2026-07-20T10:49:34+00:00,cnsm-web-04,vfs.dev.write.await[sda],0.7551020408163266
2026-07-20T10:50:34+00:00,cnsm-web-04,vfs.dev.write.await[sda],0.6787330316742081
2026-07-20T10:51:34+00:00,cnsm-web-04,vfs.dev.write.await[sda],0.9605263157894736
2026-07-20T10:52:34+00:00,cnsm-web-04,vfs.dev.write.await[sda],0.6363636363636364
2026-07-20T10:53:34+00:00,cnsm-web-04,vfs.dev.write.await[sda],0.7583333333333333
2026-07-20T10:54:34+00:00,cnsm-web-04,vfs.dev.write.await[sda],0.6290322580645162
2026-07-20T10:55:34+00:00,cnsm-web-04,vfs.dev.write.await[sda],0.8571428571428572
2026-07-20T10:56:34+00:00,cnsm-web-04,vfs.dev.write.await[sda],0.65
2026-07-20T10:57:34+00:00,cnsm-web-04,vfs.dev.write.await[sda],0.5223880597014925
2026-07-20T10:58:34+00:00,cnsm-web-04,vfs.dev.write.await[sda],0.6740331491712706
2026-07-20T10:59:34+00:00,cnsm-web-04,vfs.dev.write.await[sda],0.553191489361702
2026-07-20T11:00:34+00:00,cnsm-web-04,vfs.dev.write.await[sda],1.6785714285714286
2026-07-20T11:01:34+00:00,cnsm-web-04,vfs.dev.write.await[sda],0.5952380952380952
2026-07-20T11:02:34+00:00,cnsm-web-04,vfs.dev.write.await[sda],1.125
2026-07-20T11:03:34+00:00,cnsm-web-04,vfs.dev.write.await[sda],0.7054263565891473
2026-07-20T11:04:34+00:00,cnsm-web-04,vfs.dev.write.await[sda],0.5859030837004405
2026-07-20T11:05:34+00:00,cnsm-web-04,vfs.dev.write.await[sda],0.5890410958904111
2026-07-20T11:06:34+00:00,cnsm-web-04,vfs.dev.write.await[sda],0.9775280898876406
2026-07-20T11:07:34+00:00,cnsm-web-04,vfs.dev.write.await[sda],0.8266666666666668
2026-07-20T11:08:34+00:00,cnsm-web-04,vfs.dev.write.await[sda],0.620253164556962
2026-07-20T11:09:34+00:00,cnsm-web-04,vfs.dev.write.await[sda],0.6973684210526316
2026-07-20T11:10:34+00:00,cnsm-web-04,vfs.dev.write.await[sda],0.775
2026-07-20T11:11:34+00:00,cnsm-web-04,vfs.dev.write.await[sda],0.6683417085427136
2026-07-20T11:12:34+00:00,cnsm-web-04,vfs.dev.write.await[sda],0.5458715596330275
2026-07-20T11:13:34+00:00,cnsm-web-04,vfs.dev.write.await[sda],1.097560975609756
2026-07-20T11:14:34+00:00,cnsm-web-04,vfs.dev.write.await[sda],0.6363636363636362
2026-07-20T11:15:34+00:00,cnsm-web-04,vfs.dev.write.await[sda],1.08
2026-07-20T11:16:34+00:00,cnsm-web-04,vfs.dev.write.await[sda],1.0086206896551724
2026-07-20T11:17:34+00:00,cnsm-web-04,vfs.dev.write.await[sda],0.9111111111111109
2026-07-20T11:18:34+00:00,cnsm-web-04,vfs.dev.write.await[sda],0.7176470588235294
2026-07-20T11:19:34+00:00,cnsm-web-04,vfs.dev.write.await[sda],0.6904761904761906
2026-07-20T11:20:34+00:00,cnsm-web-04,vfs.dev.write.await[sda],0.891304347826087
2026-07-20T11:21:34+00:00,cnsm-web-04,vfs.dev.write.await[sda],0.9801980198019802
2026-07-20T11:22:34+00:00,cnsm-web-04,vfs.dev.write.await[sda],0.7567567567567568
2026-07-20T11:23:34+00:00,cnsm-web-04,vfs.dev.write.await[sda],0.6692307692307692
2026-07-20T11:24:34+00:00,cnsm-web-04,vfs.dev.write.await[sda],0.7250000000000001
2026-07-20T11:25:34+00:00,cnsm-web-04,vfs.dev.write.await[sda],0.5838150289017342
2026-07-20T11:26:34+00:00,cnsm-web-04,vfs.dev.write.await[sda],0.8350515463917526
2026-07-20T11:27:34+00:00,cnsm-web-04,vfs.dev.write.await[sda],0.7037037037037038
2026-07-20T11:28:34+00:00,cnsm-web-04,vfs.dev.write.await[sda],0.6720647773279353
2026-07-20T11:29:34+00:00,cnsm-web-04,vfs.dev.write.await[sda],0.6272727272727272
2026-07-20T11:30:34+00:00,cnsm-web-04,vfs.dev.write.await[sda],0.5729166666666666
2026-07-20T11:31:34+00:00,cnsm-web-04,vfs.dev.write.await[sda],0.7969543147208121
2026-07-20T11:32:34+00:00,cnsm-web-04,vfs.dev.write.await[sda],0.6583333333333332
2026-07-20T11:33:34+00:00,cnsm-web-04,vfs.dev.write.await[sda],0.7662337662337663
2026-07-20T11:34:34+00:00,cnsm-web-04,vfs.dev.write.await[sda],0.7215909090909092
2026-07-20T11:35:34+00:00,cnsm-web-04,vfs.dev.write.await[sda],0.9054054054054053
2026-07-20T11:36:34+00:00,cnsm-web-04,vfs.dev.write.await[sda],1.5529411764705883
2026-07-20T11:37:34+00:00,cnsm-web-04,vfs.dev.write.await[sda],0.6493506493506495
2026-07-20T11:38:34+00:00,cnsm-web-04,vfs.dev.write.await[sda],0.6819923371647509
2026-07-20T11:39:34+00:00,cnsm-web-04,vfs.dev.write.await[sda],1.0425531914893618
2026-07-20T11:40:34+00:00,cnsm-web-04,vfs.dev.write.await[sda],0.6980392156862744
2026-07-20T11:41:34+00:00,cnsm-web-04,vfs.dev.write.await[sda],0.6969696969696969
2026-07-20T11:42:34+00:00,cnsm-web-04,vfs.dev.write.await[sda],0.5728155339805826
2026-07-20T11:43:34+00:00,cnsm-web-04,vfs.dev.write.await[sda],0.801418439716312
2026-07-20T11:44:34+00:00,cnsm-web-04,vfs.dev.write.await[sda],0.7073170731707318
2026-07-20T11:45:34+00:00,cnsm-web-04,vfs.dev.write.await[sda],0.8932584269662922
2026-07-20T11:46:34+00:00,cnsm-web-04,vfs.dev.write.await[sda],0.7688172043010753
2026-07-20T11:47:34+00:00,cnsm-web-04,vfs.dev.write.await[sda],0.8189655172413792
2026-07-20T11:48:34+00:00,cnsm-web-04,vfs.dev.write.await[sda],0.8781725888324874
2026-07-20T10:41:35+00:00,cnsm-web-04,vfs.dev.write.time.rate[sda],0.0009333263901005413
2026-07-20T10:42:35+00:00,cnsm-web-04,vfs.dev.write.time.rate[sda],0.0021666851386324816
2026-07-20T10:43:35+00:00,cnsm-web-04,vfs.dev.write.time.rate[sda],0.0014000095323849042
2026-07-20T10:44:35+00:00,cnsm-web-04,vfs.dev.write.time.rate[sda],0.0008166616115312914
2026-07-20T10:45:35+00:00,cnsm-web-04,vfs.dev.write.time.rate[sda],0.001916668004053711
2026-07-20T10:46:35+00:00,cnsm-web-04,vfs.dev.write.time.rate[sda],0.0005666627704823445
2026-07-20T10:47:35+00:00,cnsm-web-04,vfs.dev.write.time.rate[sda],0.0015666695034090253
2026-07-20T10:48:35+00:00,cnsm-web-04,vfs.dev.write.time.rate[sda],0.0012333372796631827
2026-07-20T10:49:35+00:00,cnsm-web-04,vfs.dev.write.time.rate[sda],0.0025000033650045294
2026-07-20T10:50:35+00:00,cnsm-web-04,vfs.dev.write.time.rate[sda],0.0012166690070308907
2026-07-20T10:51:35+00:00,cnsm-web-04,vfs.dev.write.time.rate[sda],0.00291665530702341
2026-07-20T10:52:35+00:00,cnsm-web-04,vfs.dev.write.time.rate[sda],0.0015166835064289166
2026-07-20T10:53:35+00:00,cnsm-web-04,vfs.dev.write.time.rate[sda],0.0013000042953658592
2026-07-20T10:54:35+00:00,cnsm-web-04,vfs.dev.write.time.rate[sda],0.0003999964903041285
2026-07-20T10:55:35+00:00,cnsm-web-04,vfs.dev.write.time.rate[sda],0.0010833431669837058
2026-07-20T10:56:35+00:00,cnsm-web-04,vfs.dev.write.time.rate[sda],0.0011666531107602904
2026-07-20T10:57:35+00:00,cnsm-web-04,vfs.dev.write.time.rate[sda],0.0020333573399973215
2026-07-20T10:58:35+00:00,cnsm-web-04,vfs.dev.write.time.rate[sda],0.0008666641172730549
2026-07-20T10:59:35+00:00,cnsm-web-04,vfs.dev.write.time.rate[sda],0.003133274335761998
2026-07-20T11:00:35+00:00,cnsm-web-04,vfs.dev.write.time.rate[sda],0.001250002681839087
2026-07-20T11:01:35+00:00,cnsm-web-04,vfs.dev.write.time.rate[sda],0.0007500148145051203
2026-07-20T11:02:35+00:00,cnsm-web-04,vfs.dev.write.time.rate[sda],0.0015166364424278784
2026-07-20T11:03:35+00:00,cnsm-web-04,vfs.dev.write.time.rate[sda],0.002216666943528368
2026-07-20T11:04:35+00:00,cnsm-web-04,vfs.dev.write.time.rate[sda],0.0014333624212258499
2026-07-20T11:05:35+00:00,cnsm-web-04,vfs.dev.write.time.rate[sda],0.0014499952821020175
2026-07-20T11:06:35+00:00,cnsm-web-04,vfs.dev.write.time.rate[sda],0.001033315309472719
2026-07-20T11:07:35+00:00,cnsm-web-04,vfs.dev.write.time.rate[sda],0.0008166721939449089
2026-07-20T11:08:35+00:00,cnsm-web-04,vfs.dev.write.time.rate[sda],0.0008833341219445929
2026-07-20T11:09:35+00:00,cnsm-web-04,vfs.dev.write.time.rate[sda],0.0020666691116740035
2026-07-20T11:10:35+00:00,cnsm-web-04,vfs.dev.write.time.rate[sda],0.0022166929772606215
2026-07-20T11:11:35+00:00,cnsm-web-04,vfs.dev.write.time.rate[sda],0.00198330571629706
2026-07-20T11:12:35+00:00,cnsm-web-04,vfs.dev.write.time.rate[sda],0.001500019062992262
2026-07-20T11:13:35+00:00,cnsm-web-04,vfs.dev.write.time.rate[sda],0.0009333284201836411
2026-07-20T11:14:35+00:00,cnsm-web-04,vfs.dev.write.time.rate[sda],0.0026999786918581632
2026-07-20T11:15:35+00:00,cnsm-web-04,vfs.dev.write.time.rate[sda],0.0019500232592599292
2026-07-20T11:16:35+00:00,cnsm-web-04,vfs.dev.write.time.rate[sda],0.002049994906411822
2026-07-20T11:17:35+00:00,cnsm-web-04,vfs.dev.write.time.rate[sda],0.0010166626336337765
2026-07-20T11:18:35+00:00,cnsm-web-04,vfs.dev.write.time.rate[sda],0.0009666664018000726
2026-07-20T11:19:35+00:00,cnsm-web-04,vfs.dev.write.time.rate[sda],0.0006833285180197662
2026-07-20T11:20:35+00:00,cnsm-web-04,vfs.dev.write.time.rate[sda],0.001650016750035037
2026-07-20T11:21:35+00:00,cnsm-web-04,vfs.dev.write.time.rate[sda],0.001866643111528353
2026-07-20T11:22:35+00:00,cnsm-web-04,vfs.dev.write.time.rate[sda],0.0014500220068148282
2026-07-20T11:23:35+00:00,cnsm-web-04,vfs.dev.write.time.rate[sda],0.0009666670492734848
2026-07-20T11:24:35+00:00,cnsm-web-04,vfs.dev.write.time.rate[sda],0.0016833253963699233
2026-07-20T11:25:35+00:00,cnsm-web-04,vfs.dev.write.time.rate[sda],0.0013499955325497839
2026-07-20T11:26:35+00:00,cnsm-web-04,vfs.dev.write.time.rate[sda],0.0009500063958072257
2026-07-20T11:27:35+00:00,cnsm-web-04,vfs.dev.write.time.rate[sda],0.002766651428135044
2026-07-20T11:28:35+00:00,cnsm-web-04,vfs.dev.write.time.rate[sda],0.00115000738701495
2026-07-20T11:29:35+00:00,cnsm-web-04,vfs.dev.write.time.rate[sda],0.0018333379195503616
2026-07-20T11:30:35+00:00,cnsm-web-04,vfs.dev.write.time.rate[sda],0.0026166346835409296
2026-07-20T11:31:35+00:00,cnsm-web-04,vfs.dev.write.time.rate[sda],0.001316685083755386
2026-07-20T11:32:35+00:00,cnsm-web-04,vfs.dev.write.time.rate[sda],0.0009833299391897711
2026-07-20T11:33:35+00:00,cnsm-web-04,vfs.dev.write.time.rate[sda],0.0021166616381841684
2026-07-20T11:34:35+00:00,cnsm-web-04,vfs.dev.write.time.rate[sda],0.001116667271341994
2026-07-20T11:35:35+00:00,cnsm-web-04,vfs.dev.write.time.rate[sda],0.0021999890964507066
2026-07-20T11:36:35+00:00,cnsm-web-04,vfs.dev.write.time.rate[sda],0.0008333279626457246
2026-07-20T11:37:35+00:00,cnsm-web-04,vfs.dev.write.time.rate[sda],0.0029666759884570686
2026-07-20T11:38:35+00:00,cnsm-web-04,vfs.dev.write.time.rate[sda],0.0008166720622148138
2026-07-20T11:39:35+00:00,cnsm-web-04,vfs.dev.write.time.rate[sda],0.0029666416680628744
2026-07-20T11:40:35+00:00,cnsm-web-04,vfs.dev.write.time.rate[sda],0.001533336516284385
2026-07-20T11:41:35+00:00,cnsm-web-04,vfs.dev.write.time.rate[sda],0.001966692387692499
2026-07-20T11:42:35+00:00,cnsm-web-04,vfs.dev.write.time.rate[sda],0.0018833083686684254
2026-07-20T11:43:35+00:00,cnsm-web-04,vfs.dev.write.time.rate[sda],0.0014499845605643992
2026-07-20T11:44:35+00:00,cnsm-web-04,vfs.dev.write.time.rate[sda],0.0026500152375434492
2026-07-20T11:45:35+00:00,cnsm-web-04,vfs.dev.write.time.rate[sda],0.0023833377635610127
2026-07-20T11:46:35+00:00,cnsm-web-04,vfs.dev.write.time.rate[sda],0.0015833547301558146
2026-07-20T11:47:35+00:00,cnsm-web-04,vfs.dev.write.time.rate[sda],0.0028832696672311028
2026-07-20T11:48:35+00:00,cnsm-web-04,vfs.dev.write.time.rate[sda],0.002383342880051574
2026-07-20T10:40:57+00:00,cnsm-web-04,vm.memory.size[total],8127709184
2026-07-20T10:41:57+00:00,cnsm-web-04,vm.memory.size[total],8127709184
2026-07-20T10:42:57+00:00,cnsm-web-04,vm.memory.size[total],8127709184
2026-07-20T10:43:57+00:00,cnsm-web-04,vm.memory.size[total],8127709184
2026-07-20T10:44:57+00:00,cnsm-web-04,vm.memory.size[total],8127709184
2026-07-20T10:45:57+00:00,cnsm-web-04,vm.memory.size[total],8127709184
2026-07-20T10:46:57+00:00,cnsm-web-04,vm.memory.size[total],8127709184
2026-07-20T10:47:57+00:00,cnsm-web-04,vm.memory.size[total],8127709184
2026-07-20T10:48:57+00:00,cnsm-web-04,vm.memory.size[total],8127709184
2026-07-20T10:49:57+00:00,cnsm-web-04,vm.memory.size[total],8127709184
2026-07-20T10:50:57+00:00,cnsm-web-04,vm.memory.size[total],8127709184
2026-07-20T10:51:57+00:00,cnsm-web-04,vm.memory.size[total],8127709184
2026-07-20T10:52:57+00:00,cnsm-web-04,vm.memory.size[total],8127709184
2026-07-20T10:53:57+00:00,cnsm-web-04,vm.memory.size[total],8127709184
2026-07-20T10:54:57+00:00,cnsm-web-04,vm.memory.size[total],8127709184
2026-07-20T10:55:57+00:00,cnsm-web-04,vm.memory.size[total],8127709184
2026-07-20T10:56:57+00:00,cnsm-web-04,vm.memory.size[total],8127709184
2026-07-20T10:57:57+00:00,cnsm-web-04,vm.memory.size[total],8127709184
2026-07-20T10:58:57+00:00,cnsm-web-04,vm.memory.size[total],8127709184
2026-07-20T10:59:57+00:00,cnsm-web-04,vm.memory.size[total],8127709184
2026-07-20T11:00:57+00:00,cnsm-web-04,vm.memory.size[total],8127709184
2026-07-20T11:01:57+00:00,cnsm-web-04,vm.memory.size[total],8127709184
2026-07-20T11:02:57+00:00,cnsm-web-04,vm.memory.size[total],8127709184
2026-07-20T11:03:57+00:00,cnsm-web-04,vm.memory.size[total],8127709184
2026-07-20T11:04:57+00:00,cnsm-web-04,vm.memory.size[total],8127709184
2026-07-20T11:05:57+00:00,cnsm-web-04,vm.memory.size[total],8127709184
2026-07-20T11:06:57+00:00,cnsm-web-04,vm.memory.size[total],8127709184
2026-07-20T11:07:57+00:00,cnsm-web-04,vm.memory.size[total],8127709184
2026-07-20T11:08:57+00:00,cnsm-web-04,vm.memory.size[total],8127709184
2026-07-20T11:09:57+00:00,cnsm-web-04,vm.memory.size[total],8127709184
2026-07-20T11:10:57+00:00,cnsm-web-04,vm.memory.size[total],8127709184
2026-07-20T11:11:57+00:00,cnsm-web-04,vm.memory.size[total],8127709184
2026-07-20T11:12:57+00:00,cnsm-web-04,vm.memory.size[total],8127709184
2026-07-20T11:13:57+00:00,cnsm-web-04,vm.memory.size[total],8127709184
2026-07-20T11:14:57+00:00,cnsm-web-04,vm.memory.size[total],8127709184
2026-07-20T11:15:57+00:00,cnsm-web-04,vm.memory.size[total],8127709184
2026-07-20T11:16:57+00:00,cnsm-web-04,vm.memory.size[total],8127709184
2026-07-20T11:17:57+00:00,cnsm-web-04,vm.memory.size[total],8127709184
2026-07-20T11:18:57+00:00,cnsm-web-04,vm.memory.size[total],8127709184
2026-07-20T11:19:57+00:00,cnsm-web-04,vm.memory.size[total],8127709184
2026-07-20T11:20:57+00:00,cnsm-web-04,vm.memory.size[total],8127709184
2026-07-20T11:21:57+00:00,cnsm-web-04,vm.memory.size[total],8127709184
2026-07-20T11:22:57+00:00,cnsm-web-04,vm.memory.size[total],8127709184
2026-07-20T11:23:57+00:00,cnsm-web-04,vm.memory.size[total],8127709184
2026-07-20T11:24:57+00:00,cnsm-web-04,vm.memory.size[total],8127709184
2026-07-20T11:25:57+00:00,cnsm-web-04,vm.memory.size[total],8127709184
2026-07-20T11:26:57+00:00,cnsm-web-04,vm.memory.size[total],8127709184
2026-07-20T11:27:57+00:00,cnsm-web-04,vm.memory.size[total],8127709184
2026-07-20T11:28:57+00:00,cnsm-web-04,vm.memory.size[total],8127709184
2026-07-20T11:29:57+00:00,cnsm-web-04,vm.memory.size[total],8127709184
2026-07-20T11:30:57+00:00,cnsm-web-04,vm.memory.size[total],8127709184
2026-07-20T11:31:57+00:00,cnsm-web-04,vm.memory.size[total],8127709184
2026-07-20T11:32:57+00:00,cnsm-web-04,vm.memory.size[total],8127709184
2026-07-20T11:33:57+00:00,cnsm-web-04,vm.memory.size[total],8127709184
2026-07-20T11:34:57+00:00,cnsm-web-04,vm.memory.size[total],8127709184
2026-07-20T11:35:57+00:00,cnsm-web-04,vm.memory.size[total],8127709184
2026-07-20T11:36:57+00:00,cnsm-web-04,vm.memory.size[total],8127709184
2026-07-20T11:37:57+00:00,cnsm-web-04,vm.memory.size[total],8127709184
2026-07-20T11:38:57+00:00,cnsm-web-04,vm.memory.size[total],8127709184
2026-07-20T11:39:57+00:00,cnsm-web-04,vm.memory.size[total],8127709184
2026-07-20T11:40:57+00:00,cnsm-web-04,vm.memory.size[total],8127709184
2026-07-20T11:41:57+00:00,cnsm-web-04,vm.memory.size[total],8127709184
2026-07-20T11:42:57+00:00,cnsm-web-04,vm.memory.size[total],8127709184
2026-07-20T11:43:57+00:00,cnsm-web-04,vm.memory.size[total],8127709184
2026-07-20T11:44:57+00:00,cnsm-web-04,vm.memory.size[total],8127709184
2026-07-20T11:45:57+00:00,cnsm-web-04,vm.memory.size[total],8127709184
2026-07-20T11:46:57+00:00,cnsm-web-04,vm.memory.size[total],8127709184
2026-07-20T11:47:57+00:00,cnsm-web-04,vm.memory.size[total],8127709184
