scheduled_iso,host,fault_class,scheduled_duration_s,observed_start,observed_end,observed_duration_s,start_deviation_s,duration_error_s,status
2026-05-15T06:14:05+00:00,cnsm-web-04,cpu_spike,1136,2026-05-15T06:14:01.640408+00:00,2026-05-15T06:32:57.718379+00:00,1136.08,-3.36,+0.08,executed
2026-05-15T10:22:09+00:00,cnsm-mem-01,disk_io,1021,2026-05-15T10:22:02.055839+00:00,2026-05-15T10:39:03.172049+00:00,1021.12,-6.94,+0.12,executed
2026-05-15T12:05:13+00:00,cnsm-web-03,disk_io,547,2026-05-15T12:05:01.551593+00:00,2026-05-15T12:14:08.718835+00:00,547.17,-11.45,+0.17,executed
2026-05-15T15:24:28+00:00,cnsm-db-redis-02,disk_io,844,2026-05-15T15:24:01.860142+00:00,2026-05-15T15:38:06.095811+00:00,844.24,-26.14,+0.24,executed
2026-05-15T15:54:55+00:00,cnsm-db-redis-01,memory_pressure,1668,2026-05-15T15:54:01.925817+00:00,2026-05-15T16:21:50.671016+00:00,1668.75,-53.07,+0.75,executed
2026-05-15T16:45:21+00:00,cnsm-web-01,disk_io,372,2026-05-15T16:45:01.320791+00:00,2026-05-15T16:51:13.573580+00:00,372.25,-19.68,+0.25,executed
2026-05-15T19:44:51+00:00,cnsm-io-01,disk_io,924,2026-05-15T19:44:01.779209+00:00,2026-05-15T19:59:26.066770+00:00,924.29,-49.22,+0.29,executed
2026-05-15T21:18:04+00:00,cnsm-db-redis-02,disk_io,523,2026-05-15T21:18:01.523262+00:00,2026-05-15T21:26:44.772360+00:00,523.25,-2.48,+0.25,executed
2026-05-15T21:38:24+00:00,cnsm-io-01,disk_io,308,2026-05-15T21:38:01.535832+00:00,2026-05-15T21:43:09.929554+00:00,308.39,-22.46,+0.39,executed
2026-05-16T09:16:41+00:00,cnsm-mem-01,memory_pressure,1509,2026-05-16T09:16:01.249581+00:00,2026-05-16T09:41:10.567670+00:00,1509.32,-39.75,+0.32,executed
2026-05-16T10:44:41+00:00,cnsm-io-01,process_leak,311,2026-05-16T10:44:01.592278+00:00,2026-05-16T10:49:12.680825+00:00,311.09,-39.41,+0.09,executed
2026-05-16T11:45:44+00:00,cnsm-web-04,network_latency,1779,2026-05-16T11:45:01.536830+00:00,2026-05-16T12:14:40.564150+00:00,1779.03,-42.46,+0.03,executed
2026-05-16T13:47:42+00:00,cnsm-db-redis-02,memory_pressure,1668,2026-05-16T13:47:01.659638+00:00,2026-05-16T14:14:50.024399+00:00,1668.36,-40.34,+0.36,executed
2026-05-16T13:56:17+00:00,cnsm-io-01,cpu_spike,554,2026-05-16T13:56:01.760471+00:00,2026-05-16T14:05:15.825960+00:00,554.07,-15.24,+0.07,executed
2026-05-16T15:56:42+00:00,cnsm-db-redis-02,disk_io,814,2026-05-16T15:56:02.065776+00:00,2026-05-16T16:09:36.234266+00:00,814.17,-39.93,+0.17,executed
2026-05-16T19:40:15+00:00,cnsm-web-06,memory_pressure,2483,2026-05-16T19:40:01.256846+00:00,2026-05-16T20:21:24.548840+00:00,2483.29,-13.74,+0.29,executed
2026-05-16T21:23:02+00:00,cnsm-web-01,disk_io,414,2026-05-16T21:23:01.974357+00:00,2026-05-16T21:29:56.115451+00:00,414.14,-0.03,+0.14,executed
2026-05-17T07:50:59+00:00,cnsm-web-05,disk_io,641,2026-05-17T07:50:01.318952+00:00,2026-05-17T08:00:42.560066+00:00,641.24,-57.68,+0.24,executed
2026-05-17T08:54:55+00:00,cnsm-web-02,network_latency,394,2026-05-17T08:54:01.802784+00:00,2026-05-17T09:00:35.836103+00:00,394.03,-53.20,+0.03,executed
2026-05-17T09:45:23+00:00,cnsm-web-02,memory_pressure,1334,2026-05-17T09:45:01.193098+00:00,2026-05-17T10:07:15.720433+00:00,1334.53,-21.81,+0.53,executed
2026-05-17T12:16:10+00:00,cnsm-web-04,cpu_spike,487,2026-05-17T12:16:01.337180+00:00,2026-05-17T12:24:08.423227+00:00,487.09,-8.66,+0.09,executed
2026-05-17T13:10:33+00:00,cnsm-web-06,cpu_spike,1547,2026-05-17T13:10:01.627580+00:00,2026-05-17T13:35:48.732262+00:00,1547.10,-31.37,+0.10,executed
2026-05-17T13:11:40+00:00,cnsm-mem-01,cpu_spike,483,2026-05-17T13:11:01.280028+00:00,2026-05-17T13:19:04.406580+00:00,483.13,-38.72,+0.13,executed
2026-05-17T14:08:45+00:00,cnsm-db-postgres-01,cpu_spike,1149,2026-05-17T14:08:01.521910+00:00,2026-05-17T14:27:10.609979+00:00,1149.09,-43.48,+0.09,executed
2026-05-17T16:41:37+00:00,cnsm-mem-01,disk_io,411,2026-05-17T16:41:01.111151+00:00,2026-05-17T16:47:52.403522+00:00,411.29,-35.89,+0.29,executed
2026-05-17T18:16:43+00:00,cnsm-db-redis-01,disk_io,1136,2026-05-17T18:16:01.325153+00:00,2026-05-17T18:34:57.501014+00:00,1136.18,-41.67,+0.18,executed
2026-05-17T18:17:22+00:00,cnsm-web-05,cpu_spike,316,2026-05-17T18:17:01.524806+00:00,2026-05-17T18:22:17.614846+00:00,316.09,-20.48,+0.09,executed
2026-05-17T21:01:58+00:00,cnsm-db-redis-02,process_leak,579,2026-05-17T21:01:01.890347+00:00,2026-05-17T21:10:40.973546+00:00,579.08,-56.11,+0.08,executed
2026-05-18T06:05:22+00:00,cnsm-db-postgres-02,cpu_spike,393,2026-05-18T06:05:01.117238+00:00,2026-05-18T06:11:34.189725+00:00,393.07,-20.88,+0.07,executed
2026-05-18T09:05:14+00:00,cnsm-db-postgres-01,network_latency,558,2026-05-18T09:05:01.133707+00:00,2026-05-18T09:14:19.164544+00:00,558.03,-12.87,+0.03,executed
2026-05-18T09:12:52+00:00,cnsm-db-postgres-02,network_latency,338,2026-05-18T09:12:02.259170+00:00,2026-05-18T09:17:40.419834+00:00,338.16,-49.74,+0.16,executed
2026-05-18T10:54:46+00:00,cnsm-db-postgres-01,network_latency,1544,2026-05-18T10:54:01.094747+00:00,2026-05-18T11:19:45.111826+00:00,1544.02,-44.91,+0.02,executed
2026-05-18T14:42:37+00:00,cnsm-web-05,memory_pressure,1846,2026-05-18T14:42:01.751956+00:00,2026-05-18T15:12:48.681755+00:00,1846.93,-35.25,+0.93,executed
2026-05-18T17:08:44+00:00,cnsm-web-02,disk_io,411,2026-05-18T17:08:01.838196+00:00,2026-05-18T17:14:53.377719+00:00,411.54,-42.16,+0.54,executed
2026-05-18T17:13:04+00:00,cnsm-web-05,disk_io,754,2026-05-18T17:13:02.036295+00:00,2026-05-18T17:25:36.288314+00:00,754.25,-1.96,+0.25,executed
2026-05-18T19:51:40+00:00,cnsm-web-05,cpu_spike,932,2026-05-18T19:51:01.994764+00:00,2026-05-18T20:06:34.072134+00:00,932.08,-38.01,+0.08,executed
2026-05-18T20:48:11+00:00,cnsm-io-01,network_latency,423,2026-05-18T20:48:01.575354+00:00,2026-05-18T20:55:04.605608+00:00,423.03,-9.42,+0.03,executed
2026-05-18T21:44:47+00:00,cnsm-web-04,cpu_spike,658,2026-05-18T21:44:01.530026+00:00,2026-05-18T21:54:59.624610+00:00,658.09,-45.47,+0.09,executed
2026-05-18T21:48:29+00:00,cnsm-web-03,cpu_spike,363,2026-05-18T21:48:01.529976+00:00,2026-05-18T21:54:04.602111+00:00,363.07,-27.47,+0.07,executed
2026-05-19T06:04:33+00:00,cnsm-db-postgres-01,disk_io,1110,2026-05-19T06:04:01.979183+00:00,2026-05-19T06:22:32.164706+00:00,1110.19,-31.02,+0.19,executed
2026-05-19T07:18:34+00:00,cnsm-db-postgres-01,disk_io,660,2026-05-19T07:18:01.087816+00:00,2026-05-19T07:29:01.354993+00:00,660.27,-32.91,+0.27,executed
2026-05-19T10:46:42+00:00,cnsm-web-01,cpu_spike,1654,2026-05-19T10:46:02.030677+00:00,2026-05-19T11:13:36.131402+00:00,1654.10,-39.97,+0.10,executed
2026-05-19T12:23:21+00:00,cnsm-db-postgres-02,disk_io,866,2026-05-19T12:23:01.298143+00:00,2026-05-19T12:37:27.497037+00:00,866.20,-19.70,+0.20,executed
2026-05-19T13:40:31+00:00,cnsm-db-redis-01,cpu_spike,776,2026-05-19T13:40:02.105092+00:00,2026-05-19T13:52:58.204641+00:00,776.10,-28.89,+0.10,executed
2026-05-19T14:55:59+00:00,cnsm-web-03,process_leak,789,2026-05-19T14:55:01.943828+00:00,2026-05-19T15:08:11.029318+00:00,789.09,-57.06,+0.09,executed
2026-05-19T15:38:40+00:00,cnsm-web-05,process_leak,619,2026-05-19T15:38:01.628542+00:00,2026-05-19T15:48:20.692940+00:00,619.06,-38.37,+0.06,executed
2026-05-19T16:47:20+00:00,cnsm-web-04,disk_io,784,2026-05-19T16:47:01.309003+00:00,2026-05-19T17:00:05.647341+00:00,784.34,-18.69,+0.34,executed
2026-05-19T19:23:38+00:00,cnsm-db-postgres-01,cpu_spike,1685,2026-05-19T19:23:02.005218+00:00,2026-05-19T19:51:07.079895+00:00,1685.07,-35.99,+0.07,executed
2026-05-19T20:50:24+00:00,cnsm-web-01,process_leak,898,2026-05-19T20:50:02.032137+00:00,2026-05-19T21:05:00.073984+00:00,898.04,-21.97,+0.04,executed
2026-05-19T21:52:45+00:00,cnsm-web-01,process_leak,853,2026-05-19T21:52:01.290992+00:00,2026-05-19T22:06:14.358064+00:00,853.07,-43.71,+0.07,executed
2026-05-20T07:39:04+00:00,cnsm-web-06,cpu_spike,315,2026-05-20T07:39:02.053108+00:00,2026-05-20T07:44:17.117582+00:00,315.06,-1.95,+0.06,executed
2026-05-20T10:47:54+00:00,cnsm-web-05,disk_io,731,2026-05-20T10:47:01.172493+00:00,2026-05-20T10:59:12.352335+00:00,731.18,-52.83,+0.18,executed
2026-05-20T11:40:29+00:00,cnsm-db-redis-02,cpu_spike,1690,2026-05-20T11:40:01.901243+00:00,2026-05-20T12:08:11.989541+00:00,1690.09,-27.10,+0.09,executed
2026-05-20T12:32:20+00:00,cnsm-web-01,process_leak,820,2026-05-20T12:32:01.520328+00:00,2026-05-20T12:45:41.607885+00:00,820.09,-18.48,+0.09,executed
2026-05-20T12:33:48+00:00,cnsm-web-06,disk_io,677,2026-05-20T12:33:01.612597+00:00,2026-05-20T12:44:18.764887+00:00,677.15,-46.39,+0.15,executed
2026-05-20T12:36:24+00:00,cnsm-db-redis-01,disk_io,849,2026-05-20T12:36:01.523049+00:00,2026-05-20T12:50:10.723898+00:00,849.20,-22.48,+0.20,executed
2026-05-20T18:40:23+00:00,cnsm-io-01,memory_pressure,1851,2026-05-20T18:40:01.464647+00:00,2026-05-20T19:10:52.743998+00:00,1851.28,-21.54,+0.28,executed
2026-05-20T21:05:30+00:00,cnsm-web-05,disk_io,707,2026-05-20T21:05:01.308843+00:00,2026-05-20T21:16:48.618493+00:00,707.31,-28.69,+0.31,executed
2026-05-20T21:14:15+00:00,cnsm-web-01,network_latency,1124,2026-05-20T21:14:01.128719+00:00,2026-05-20T21:32:45.164036+00:00,1124.04,-13.87,+0.04,executed
2026-05-20T21:44:00+00:00,cnsm-web-05,network_latency,1280,2026-05-20T21:43:01.476562+00:00,2026-05-20T22:04:21.548740+00:00,1280.07,-58.52,+0.07,executed
2026-05-21T07:10:49+00:00,cnsm-web-04,cpu_spike,929,2026-05-21T07:10:01.784383+00:00,2026-05-21T07:25:30.869688+00:00,929.09,-47.22,+0.09,executed
2026-05-21T09:03:02+00:00,cnsm-web-05,network_latency,558,2026-05-21T09:03:01.439933+00:00,2026-05-21T09:12:19.458151+00:00,558.02,-0.56,+0.02,executed
2026-05-21T09:35:08+00:00,cnsm-web-06,network_latency,975,2026-05-21T09:35:01.147481+00:00,2026-05-21T09:51:16.186822+00:00,975.04,-6.85,+0.04,executed
2026-05-21T09:53:04+00:00,cnsm-db-postgres-01,memory_pressure,2647,2026-05-21T09:53:01.582161+00:00,2026-05-21T10:37:08.740599+00:00,2647.16,-2.42,+0.16,executed
2026-05-21T13:03:14+00:00,cnsm-web-01,disk_io,332,2026-05-21T13:03:01.838287+00:00,2026-05-21T13:08:34.002239+00:00,332.16,-12.16,+0.16,executed
2026-05-21T14:21:37+00:00,cnsm-web-02,cpu_spike,1682,2026-05-21T14:21:01.219801+00:00,2026-05-21T14:49:03.311573+00:00,1682.09,-35.78,+0.09,executed
2026-05-21T14:22:36+00:00,cnsm-db-redis-02,disk_io,1024,2026-05-21T14:22:02.018836+00:00,2026-05-21T14:39:06.096240+00:00,1024.08,-33.98,+0.08,executed
2026-05-21T15:07:06+00:00,cnsm-web-06,disk_io,780,2026-05-21T15:07:01.629686+00:00,2026-05-21T15:20:01.761947+00:00,780.13,-4.37,+0.13,executed
2026-05-21T15:24:38+00:00,cnsm-io-01,disk_io,843,2026-05-21T15:24:01.520475+00:00,2026-05-21T15:38:04.718408+00:00,843.20,-36.48,+0.20,executed
2026-05-21T16:01:28+00:00,cnsm-web-01,disk_io,902,2026-05-21T16:01:01.617908+00:00,2026-05-21T16:16:03.938287+00:00,902.32,-26.38,+0.32,executed
2026-05-21T18:55:53+00:00,cnsm-web-06,memory_pressure,773,2026-05-21T18:55:01.470748+00:00,2026-05-21T19:07:57.459123+00:00,775.99,-51.53,+2.99,executed
2026-05-21T19:26:50+00:00,cnsm-web-03,cpu_spike,977,2026-05-21T19:26:01.109607+00:00,2026-05-21T19:42:18.228764+00:00,977.12,-48.89,+0.12,executed
2026-05-21T20:02:05+00:00,cnsm-db-postgres-01,disk_io,600,2026-05-21T20:02:01.253017+00:00,2026-05-21T20:12:01.379689+00:00,600.13,-3.75,+0.13,executed
2026-05-21T20:06:34+00:00,cnsm-web-06,network_latency,1003,2026-05-21T20:06:01.853520+00:00,2026-05-21T20:22:44.896236+00:00,1003.04,-32.15,+0.04,executed
2026-05-21T21:06:34+00:00,cnsm-web-01,disk_io,826,2026-05-21T21:06:01.407575+00:00,2026-05-21T21:19:47.674575+00:00,826.27,-32.59,+0.27,executed
2026-05-22T06:21:44+00:00,cnsm-web-04,network_latency,1261,2026-05-22T06:21:01.520845+00:00,2026-05-22T06:42:02.533623+00:00,1261.01,-42.48,+0.01,executed
2026-05-22T06:51:30+00:00,cnsm-db-postgres-01,network_latency,1674,2026-05-22T06:51:01.926293+00:00,2026-05-22T07:18:55.939985+00:00,1674.01,-28.07,+0.01,executed
2026-05-22T07:27:16+00:00,cnsm-db-redis-01,network_latency,1005,2026-05-22T07:27:01.716306+00:00,2026-05-22T07:43:46.752252+00:00,1005.04,-14.28,+0.04,executed
2026-05-22T07:27:36+00:00,cnsm-web-05,cpu_spike,588,2026-05-22T07:27:01.866084+00:00,2026-05-22T07:36:49.950350+00:00,588.08,-34.13,+0.08,executed
2026-05-22T07:35:09+00:00,cnsm-web-06,disk_io,481,2026-05-22T07:35:01.209807+00:00,2026-05-22T07:43:02.512314+00:00,481.30,-7.79,+0.30,executed
2026-05-22T08:20:44+00:00,cnsm-web-05,network_latency,1545,2026-05-22T08:20:01.143384+00:00,2026-05-22T08:45:46.163273+00:00,1545.02,-42.86,+0.02,executed
2026-05-22T09:05:04+00:00,cnsm-web-03,memory_pressure,3025,2026-05-22T09:05:01.110755+00:00,2026-05-22T09:55:26.250017+00:00,3025.14,-2.89,+0.14,executed
2026-05-22T09:58:36+00:00,cnsm-web-06,disk_io,822,2026-05-22T09:58:01.229370+00:00,2026-05-22T10:11:43.368309+00:00,822.14,-34.77,+0.14,executed
2026-05-22T10:47:46+00:00,cnsm-web-06,disk_io,960,2026-05-22T10:47:02.011006+00:00,2026-05-22T11:03:02.195942+00:00,960.18,-43.99,+0.18,executed
2026-05-22T11:16:38+00:00,cnsm-db-redis-02,network_latency,912,2026-05-22T11:16:01.353226+00:00,2026-05-22T11:31:13.381480+00:00,912.03,-36.65,+0.03,executed
2026-05-22T12:32:35+00:00,cnsm-web-02,cpu_spike,843,2026-05-22T12:32:01.657677+00:00,2026-05-22T12:46:04.716114+00:00,843.06,-33.34,+0.06,executed
2026-05-22T13:59:33+00:00,cnsm-db-redis-01,disk_io,877,2026-05-22T13:59:01.404609+00:00,2026-05-22T14:13:38.520346+00:00,877.12,-31.60,+0.12,executed
2026-05-22T15:31:02+00:00,cnsm-web-01,disk_io,387,2026-05-22T15:31:01.891662+00:00,2026-05-22T15:37:29.006385+00:00,387.11,-0.11,+0.11,executed
2026-05-22T15:37:03+00:00,cnsm-web-01,cpu_spike,1430,,,,,,missing
2026-05-22T16:09:06+00:00,cnsm-db-redis-01,cpu_spike,1009,2026-05-22T16:09:01.146337+00:00,2026-05-22T16:25:50.222103+00:00,1009.08,-4.85,+0.08,executed
2026-05-22T17:14:16+00:00,cnsm-db-postgres-01,cpu_spike,357,2026-05-22T17:14:01.351861+00:00,2026-05-22T17:19:58.441516+00:00,357.09,-14.65,+0.09,executed
2026-05-22T17:55:43+00:00,cnsm-web-01,cpu_spike,776,2026-05-22T17:55:01.458857+00:00,2026-05-22T18:07:57.559673+00:00,776.10,-41.54,+0.10,executed
2026-05-22T18:32:29+00:00,cnsm-db-postgres-02,disk_io,761,2026-05-22T18:32:01.484633+00:00,2026-05-22T18:44:42.778939+00:00,761.29,-27.52,+0.29,executed
2026-05-22T18:59:45+00:00,cnsm-db-redis-01,network_latency,1698,2026-05-22T18:59:01.419237+00:00,2026-05-22T19:27:19.451939+00:00,1698.03,-43.58,+0.03,executed
2026-05-22T19:26:35+00:00,cnsm-web-04,cpu_spike,1524,2026-05-22T19:26:01.990761+00:00,2026-05-22T19:51:26.087224+00:00,1524.10,-33.01,+0.10,executed
2026-05-22T20:38:04+00:00,cnsm-mem-01,memory_pressure,2562,2026-05-22T20:38:01.703495+00:00,2026-05-22T21:20:44.494004+00:00,2562.79,-2.30,+0.79,executed
2026-05-23T09:59:51+00:00,cnsm-io-01,disk_io,402,2026-05-23T09:59:01.600660+00:00,2026-05-23T10:05:43.760357+00:00,402.16,-49.40,+0.16,executed
2026-05-23T10:06:49+00:00,cnsm-db-redis-01,memory_pressure,2241,2026-05-23T10:06:01.162556+00:00,2026-05-23T10:43:22.382527+00:00,2241.22,-47.84,+0.22,executed
2026-05-23T13:21:27+00:00,cnsm-web-06,memory_pressure,2388,2026-05-23T13:21:01.583342+00:00,2026-05-23T14:00:50.223977+00:00,2388.64,-25.42,+0.64,executed
2026-05-23T17:42:13+00:00,cnsm-io-01,memory_pressure,3257,2026-05-23T17:42:01.299816+00:00,2026-05-23T18:36:18.481420+00:00,3257.18,-11.70,+0.18,executed
2026-05-23T18:01:33+00:00,cnsm-web-05,cpu_spike,904,2026-05-23T18:01:01.205858+00:00,2026-05-23T18:16:05.310180+00:00,904.10,-31.79,+0.10,executed
2026-05-23T19:54:33+00:00,cnsm-db-redis-01,disk_io,822,2026-05-23T19:54:01.710395+00:00,2026-05-23T20:07:43.945713+00:00,822.24,-31.29,+0.24,executed
2026-05-23T20:34:08+00:00,cnsm-web-05,process_leak,387,2026-05-23T20:34:01.417553+00:00,2026-05-23T20:40:28.509252+00:00,387.09,-6.58,+0.09,executed
2026-05-23T20:36:36+00:00,cnsm-web-04,cpu_spike,1262,2026-05-23T20:36:01.643497+00:00,2026-05-23T20:57:03.707346+00:00,1262.06,-34.36,+0.06,executed
2026-05-23T21:36:52+00:00,cnsm-web-05,disk_io,978,2026-05-23T21:36:01.187582+00:00,2026-05-23T21:52:19.431501+00:00,978.24,-50.81,+0.24,executed
2026-05-23T21:42:29+00:00,cnsm-db-postgres-01,cpu_spike,754,2026-05-23T21:42:01.508787+00:00,2026-05-23T21:54:35.590538+00:00,754.08,-27.49,+0.08,executed
2026-05-24T08:24:01+00:00,cnsm-web-01,cpu_spike,498,2026-05-24T08:23:01.317611+00:00,2026-05-24T08:31:19.414614+00:00,498.10,-59.68,+0.10,executed
2026-05-24T09:35:15+00:00,cnsm-db-postgres-02,memory_pressure,807,2026-05-24T09:35:01.951217+00:00,2026-05-24T09:48:29.299185+00:00,807.35,-13.05,+0.35,executed
2026-05-24T11:37:27+00:00,cnsm-db-redis-02,network_latency,1195,2026-05-24T11:37:01.881636+00:00,2026-05-24T11:56:56.902174+00:00,1195.02,-25.12,+0.02,executed
2026-05-24T13:10:04+00:00,cnsm-web-01,process_leak,716,2026-05-24T13:10:01.559263+00:00,2026-05-24T13:21:57.601167+00:00,716.04,-2.44,+0.04,executed
2026-05-24T13:43:28+00:00,cnsm-web-02,network_latency,935,2026-05-24T13:43:01.796521+00:00,2026-05-24T13:58:36.824985+00:00,935.03,-26.20,+0.03,executed
2026-05-24T15:06:09+00:00,cnsm-web-05,network_latency,1737,2026-05-24T15:06:01.184707+00:00,2026-05-24T15:34:58.216790+00:00,1737.03,-7.82,+0.03,executed
2026-05-24T15:14:48+00:00,cnsm-web-03,disk_io,714,2026-05-24T15:14:01.343577+00:00,2026-05-24T15:25:55.463508+00:00,714.12,-46.66,+0.12,executed
2026-05-24T16:20:42+00:00,cnsm-web-04,network_latency,1377,2026-05-24T16:20:01.993237+00:00,2026-05-24T16:42:59.018049+00:00,1377.02,-40.01,+0.02,executed
2026-05-24T16:55:19+00:00,cnsm-mem-01,cpu_spike,1088,2026-05-24T16:55:01.223498+00:00,2026-05-24T17:13:09.304907+00:00,1088.08,-17.78,+0.08,executed
2026-05-24T18:14:34+00:00,cnsm-web-03,network_latency,697,2026-05-24T18:14:01.235716+00:00,2026-05-24T18:25:38.279961+00:00,697.04,-32.76,+0.04,executed
2026-05-24T20:40:08+00:00,cnsm-io-01,cpu_spike,1660,2026-05-24T20:40:01.113324+00:00,2026-05-24T21:07:41.202465+00:00,1660.09,-6.89,+0.09,executed
2026-05-24T21:26:50+00:00,cnsm-web-03,memory_pressure,3455,2026-05-24T21:26:01.689248+00:00,2026-05-24T22:23:37.687478+00:00,3456.00,-48.31,+1.00,executed
2026-05-25T08:16:53+00:00,cnsm-db-redis-02,process_leak,393,2026-05-25T08:16:01.083729+00:00,2026-05-25T08:22:34.193230+00:00,393.11,-51.92,+0.11,executed
2026-05-25T09:15:49+00:00,cnsm-mem-01,cpu_spike,577,2026-05-25T09:15:01.421207+00:00,2026-05-25T09:24:38.529128+00:00,577.11,-47.58,+0.11,executed
2026-05-25T09:21:58+00:00,cnsm-db-redis-02,disk_io,398,2026-05-25T09:21:01.359222+00:00,2026-05-25T09:27:39.502277+00:00,398.14,-56.64,+0.14,executed
2026-05-25T11:53:18+00:00,cnsm-web-03,memory_pressure,2970,2026-05-25T11:53:02.077518+00:00,2026-05-25T12:42:32.192816+00:00,2970.12,-15.92,+0.12,executed
2026-05-25T12:09:24+00:00,cnsm-web-05,process_leak,793,2026-05-25T12:09:01.337044+00:00,2026-05-25T12:22:14.432032+00:00,793.09,-22.66,+0.09,executed
2026-05-25T12:27:52+00:00,cnsm-web-05,memory_pressure,3364,2026-05-25T12:27:01.920620+00:00,2026-05-25T13:23:06.266762+00:00,3364.35,-50.08,+0.35,executed
2026-05-25T15:26:03+00:00,cnsm-mem-01,disk_io,387,2026-05-25T15:26:01.724425+00:00,2026-05-25T15:32:28.934452+00:00,387.21,-1.28,+0.21,executed
2026-05-25T16:23:37+00:00,cnsm-io-01,disk_io,606,2026-05-25T16:23:01.255111+00:00,2026-05-25T16:33:07.428495+00:00,606.17,-35.74,+0.17,executed
2026-05-25T19:05:02+00:00,cnsm-db-postgres-01,cpu_spike,890,2026-05-25T19:05:01.528883+00:00,2026-05-25T19:19:51.630644+00:00,890.10,-0.47,+0.10,executed
2026-05-25T19:23:24+00:00,cnsm-web-03,disk_io,950,2026-05-25T19:23:01.304852+00:00,2026-05-25T19:38:51.410504+00:00,950.11,-22.70,+0.11,executed
2026-05-25T19:56:07+00:00,cnsm-web-01,disk_io,600,2026-05-25T19:56:01.621413+00:00,2026-05-25T20:06:01.765797+00:00,600.14,-5.38,+0.14,executed
2026-05-26T06:07:00+00:00,cnsm-web-04,memory_pressure,2255,2026-05-26T06:06:01.307469+00:00,2026-05-26T06:43:36.540040+00:00,2255.23,-58.69,+0.23,executed
2026-05-26T06:16:05+00:00,cnsm-io-01,process_leak,764,2026-05-26T06:16:01.371729+00:00,2026-05-26T06:28:45.493540+00:00,764.12,-3.63,+0.12,executed
2026-05-26T06:34:49+00:00,cnsm-web-05,memory_pressure,998,2026-05-26T06:34:01.351066+00:00,2026-05-26T06:50:39.474142+00:00,998.12,-47.65,+0.12,executed
2026-05-26T06:51:31+00:00,cnsm-db-redis-01,disk_io,996,2026-05-26T06:51:01.623156+00:00,2026-05-26T07:07:37.733915+00:00,996.11,-29.38,+0.11,executed
2026-05-26T08:30:19+00:00,cnsm-web-05,disk_io,759,2026-05-26T08:30:02.036259+00:00,2026-05-26T08:42:41.125763+00:00,759.09,-16.96,+0.09,executed
2026-05-26T08:30:38+00:00,cnsm-mem-01,network_latency,674,2026-05-26T08:30:02.085709+00:00,2026-05-26T08:41:16.130389+00:00,674.04,-35.91,+0.04,executed
2026-05-26T09:35:54+00:00,cnsm-db-redis-01,disk_io,954,2026-05-26T09:35:01.643594+00:00,2026-05-26T09:50:55.748421+00:00,954.10,-52.36,+0.10,executed
2026-05-26T09:42:57+00:00,cnsm-web-04,disk_io,963,2026-05-26T09:42:01.588336+00:00,2026-05-26T09:58:04.701536+00:00,963.11,-55.41,+0.11,executed
2026-05-26T10:24:10+00:00,cnsm-db-postgres-01,process_leak,568,2026-05-26T10:24:01.981044+00:00,2026-05-26T10:33:30.057271+00:00,568.08,-8.02,+0.08,executed
2026-05-26T10:38:15+00:00,cnsm-mem-01,network_latency,788,2026-05-26T10:38:01.906725+00:00,2026-05-26T10:51:09.927650+00:00,788.02,-13.09,+0.02,executed
2026-05-26T12:00:43+00:00,cnsm-web-03,process_leak,871,2026-05-26T12:00:01.642429+00:00,2026-05-26T12:14:32.717066+00:00,871.07,-41.36,+0.07,executed
2026-05-26T12:57:04+00:00,cnsm-web-06,disk_io,1094,2026-05-26T12:57:01.352910+00:00,2026-05-26T13:15:15.560595+00:00,1094.21,-2.65,+0.21,executed
2026-05-26T14:42:03+00:00,cnsm-mem-01,disk_io,1183,2026-05-26T14:42:02.036283+00:00,2026-05-26T15:01:45.245894+00:00,1183.21,-0.96,+0.21,executed
2026-05-26T15:21:21+00:00,cnsm-web-02,cpu_spike,1466,2026-05-26T15:21:01.560553+00:00,2026-05-26T15:45:27.694759+00:00,1466.13,-19.44,+0.13,executed
2026-05-26T17:57:36+00:00,cnsm-web-01,disk_io,553,2026-05-26T17:57:01.956019+00:00,2026-05-26T18:06:15.071706+00:00,553.12,-34.04,+0.12,executed
2026-05-26T18:47:42+00:00,cnsm-db-postgres-02,cpu_spike,711,2026-05-26T18:47:01.575934+00:00,2026-05-26T18:58:52.776919+00:00,711.20,-40.42,+0.20,executed
2026-05-26T18:56:35+00:00,cnsm-web-04,memory_pressure,718,2026-05-26T18:56:01.657686+00:00,2026-05-26T19:07:59.908532+00:00,718.25,-33.34,+0.25,executed
2026-05-26T18:57:27+00:00,cnsm-web-02,disk_io,890,2026-05-26T18:57:01.439118+00:00,2026-05-26T19:11:51.663109+00:00,890.22,-25.56,+0.22,executed
2026-05-26T19:55:38+00:00,cnsm-db-postgres-01,memory_pressure,795,2026-05-26T19:55:01.982247+00:00,2026-05-26T20:08:17.950037+00:00,795.97,-36.02,+0.97,executed
2026-05-27T06:10:30+00:00,cnsm-web-04,network_latency,1328,2026-05-27T06:10:02.001598+00:00,2026-05-27T06:32:10.016484+00:00,1328.01,-28.00,+0.01,executed
2026-05-27T11:10:25+00:00,cnsm-web-01,disk_io,975,2026-05-27T11:10:01.245662+00:00,2026-05-27T11:26:16.433220+00:00,975.19,-23.75,+0.19,executed
2026-05-27T12:04:26+00:00,cnsm-web-05,disk_io,1149,2026-05-27T12:04:01.729583+00:00,2026-05-27T12:23:10.844694+00:00,1149.12,-24.27,+0.12,executed
2026-05-27T12:28:44+00:00,cnsm-web-06,process_leak,386,2026-05-27T12:28:01.938423+00:00,2026-05-27T12:34:27.984043+00:00,386.05,-42.06,+0.05,executed
2026-05-27T16:41:57+00:00,cnsm-db-postgres-02,cpu_spike,451,2026-05-27T16:41:02.154149+00:00,2026-05-27T16:48:33.367142+00:00,451.21,-54.85,+0.21,executed
2026-05-27T16:42:25+00:00,cnsm-db-postgres-02,memory_pressure,2117,,,,,,missing
2026-05-27T17:21:59+00:00,cnsm-web-06,process_leak,685,2026-05-27T17:21:01.497567+00:00,2026-05-27T17:32:26.628933+00:00,685.13,-57.50,+0.13,executed
2026-05-27T19:27:09+00:00,cnsm-db-redis-01,disk_io,825,2026-05-27T19:27:01.223002+00:00,2026-05-27T19:40:46.381742+00:00,825.16,-7.78,+0.16,executed
2026-05-27T19:59:25+00:00,cnsm-io-01,disk_io,789,2026-05-27T19:59:01.565955+00:00,2026-05-27T20:12:10.722131+00:00,789.16,-23.43,+0.16,executed
2026-05-27T20:45:49+00:00,cnsm-db-redis-02,process_leak,389,2026-05-27T20:45:01.318755+00:00,2026-05-27T20:51:30.415591+00:00,389.10,-47.68,+0.10,executed
2026-05-27T21:12:46+00:00,cnsm-io-01,memory_pressure,3031,2026-05-27T21:12:01.157136+00:00,2026-05-27T22:02:32.362727+00:00,3031.21,-44.84,+0.21,executed
2026-05-28T09:45:19+00:00,cnsm-db-postgres-02,process_leak,831,2026-05-28T09:45:02.173845+00:00,2026-05-28T09:58:53.379540+00:00,831.21,-16.83,+0.21,executed
2026-05-28T11:31:14+00:00,cnsm-mem-01,cpu_spike,850,2026-05-28T11:31:01.225543+00:00,2026-05-28T11:45:11.327595+00:00,850.10,-12.77,+0.10,executed
2026-05-28T12:18:39+00:00,cnsm-mem-01,memory_pressure,3194,2026-05-28T12:18:01.778582+00:00,2026-05-28T13:11:15.988374+00:00,3194.21,-37.22,+0.21,executed
2026-05-28T13:08:48+00:00,cnsm-web-01,cpu_spike,509,2026-05-28T13:08:01.947341+00:00,2026-05-28T13:16:31.012151+00:00,509.06,-46.05,+0.06,executed
2026-05-28T14:38:54+00:00,cnsm-web-01,network_latency,1164,2026-05-28T14:38:01.602371+00:00,2026-05-28T14:57:25.686156+00:00,1164.08,-52.40,+0.08,executed
2026-05-28T14:46:27+00:00,cnsm-db-postgres-02,disk_io,674,2026-05-28T14:46:01.546230+00:00,2026-05-28T14:57:15.874295+00:00,674.33,-25.45,+0.33,executed
2026-05-28T20:54:53+00:00,cnsm-web-01,memory_pressure,1684,2026-05-28T20:54:01.154432+00:00,2026-05-28T21:22:05.567887+00:00,1684.41,-51.85,+0.41,executed
2026-05-29T08:20:32+00:00,cnsm-db-postgres-02,network_latency,1694,2026-05-29T08:20:02.071989+00:00,2026-05-29T08:48:16.179581+00:00,1694.11,-29.93,+0.11,executed
2026-05-29T10:57:22+00:00,cnsm-db-redis-02,disk_io,546,2026-05-29T10:57:01.753015+00:00,2026-05-29T11:06:07.843088+00:00,546.09,-20.25,+0.09,executed
2026-05-29T13:33:07+00:00,cnsm-web-04,process_leak,721,2026-05-29T13:33:01.369724+00:00,2026-05-29T13:45:02.414220+00:00,721.04,-5.63,+0.04,executed
2026-05-29T18:25:51+00:00,cnsm-web-04,network_latency,1314,2026-05-29T18:25:01.752394+00:00,2026-05-29T18:46:55.769615+00:00,1314.02,-49.25,+0.02,executed
2026-05-29T20:08:45+00:00,cnsm-web-01,memory_pressure,3170,2026-05-29T20:08:01.927021+00:00,2026-05-29T21:00:52.778341+00:00,3170.85,-43.07,+0.85,executed
2026-05-29T20:33:06+00:00,cnsm-db-postgres-02,cpu_spike,922,2026-05-29T20:33:01.332355+00:00,2026-05-29T20:48:23.445984+00:00,922.11,-4.67,+0.11,executed
2026-05-29T20:56:53+00:00,cnsm-db-redis-01,disk_io,765,2026-05-29T20:56:02.122800+00:00,2026-05-29T21:08:47.607231+00:00,765.48,-50.88,+0.48,executed
2026-05-29T20:58:50+00:00,cnsm-db-redis-02,cpu_spike,418,2026-05-29T20:58:01.078059+00:00,2026-05-29T21:04:59.159304+00:00,418.08,-48.92,+0.08,executed
2026-05-30T08:01:45+00:00,cnsm-db-redis-01,cpu_spike,1133,2026-05-30T08:01:01.480990+00:00,2026-05-30T08:19:54.550451+00:00,1133.07,-43.52,+0.07,executed
2026-05-30T08:06:35+00:00,cnsm-web-05,cpu_spike,451,2026-05-30T08:06:01.313305+00:00,2026-05-30T08:13:32.407876+00:00,451.09,-33.69,+0.09,executed
2026-05-30T08:18:54+00:00,cnsm-web-06,process_leak,403,2026-05-30T08:18:01.511214+00:00,2026-05-30T08:24:44.611964+00:00,403.10,-52.49,+0.10,executed
2026-05-30T08:32:03+00:00,cnsm-web-01,disk_io,764,2026-05-30T08:32:01.720189+00:00,2026-05-30T08:44:45.888805+00:00,764.17,-1.28,+0.17,executed
2026-05-30T10:26:39+00:00,cnsm-io-01,memory_pressure,1722,2026-05-30T10:26:01.283540+00:00,2026-05-30T10:54:43.420898+00:00,1722.14,-37.72,+0.14,executed
2026-05-30T13:11:10+00:00,cnsm-web-04,cpu_spike,1430,2026-05-30T13:11:01.593300+00:00,2026-05-30T13:34:51.630576+00:00,1430.04,-8.41,+0.04,executed
2026-05-30T14:18:11+00:00,cnsm-web-02,cpu_spike,1538,2026-05-30T14:18:01.163761+00:00,2026-05-30T14:43:39.259152+00:00,1538.10,-9.84,+0.10,executed
2026-05-30T16:54:57+00:00,cnsm-db-redis-01,disk_io,832,2026-05-30T16:54:01.732340+00:00,2026-05-30T17:07:53.883934+00:00,832.15,-55.27,+0.15,executed
2026-05-30T18:03:48+00:00,cnsm-db-postgres-01,cpu_spike,670,2026-05-30T18:03:01.383450+00:00,2026-05-30T18:14:11.467590+00:00,670.08,-46.62,+0.08,executed
2026-05-30T18:38:20+00:00,cnsm-db-redis-01,cpu_spike,1797,2026-05-30T18:38:01.181299+00:00,2026-05-30T19:07:58.248664+00:00,1797.07,-18.82,+0.07,executed
2026-05-30T18:39:25+00:00,cnsm-db-postgres-02,network_latency,1104,2026-05-30T18:39:02.234032+00:00,2026-05-30T18:57:26.271692+00:00,1104.04,-22.77,+0.04,executed
2026-05-30T20:22:09+00:00,cnsm-io-01,disk_io,1039,2026-05-30T20:22:01.299174+00:00,2026-05-30T20:39:20.449766+00:00,1039.15,-7.70,+0.15,executed
2026-05-31T06:58:37+00:00,cnsm-web-03,memory_pressure,3081,2026-05-31T06:58:01.218593+00:00,2026-05-31T07:49:22.825843+00:00,3081.61,-35.78,+0.61,executed
2026-05-31T07:36:48+00:00,cnsm-mem-01,memory_pressure,3242,2026-05-31T07:36:01.955253+00:00,2026-05-31T08:30:04.288362+00:00,3242.33,-46.04,+0.33,executed
2026-05-31T07:57:19+00:00,cnsm-mem-01,process_leak,768,,,,,,missing
2026-05-31T08:57:00+00:00,cnsm-db-postgres-02,cpu_spike,1512,2026-05-31T08:56:01.671987+00:00,2026-05-31T09:21:13.860505+00:00,1512.19,-58.33,+0.19,executed
2026-05-31T10:25:03+00:00,cnsm-db-redis-02,memory_pressure,1173,2026-05-31T10:25:01.397486+00:00,2026-05-31T10:44:35.968986+00:00,1174.57,-1.60,+1.57,executed
2026-05-31T11:09:24+00:00,cnsm-mem-01,cpu_spike,1703,2026-05-31T11:09:01.540107+00:00,2026-05-31T11:37:24.624272+00:00,1703.08,-22.46,+0.08,executed
2026-05-31T14:55:34+00:00,cnsm-db-postgres-02,cpu_spike,1649,2026-05-31T14:55:01.541111+00:00,2026-05-31T15:22:30.718037+00:00,1649.18,-32.46,+0.18,executed
2026-05-31T15:21:09+00:00,cnsm-db-redis-02,disk_io,384,2026-05-31T15:21:01.878219+00:00,2026-05-31T15:27:25.955840+00:00,384.08,-7.12,+0.08,executed
2026-05-31T15:57:28+00:00,cnsm-web-04,process_leak,329,2026-05-31T15:57:01.269592+00:00,2026-05-31T16:02:30.349953+00:00,329.08,-26.73,+0.08,executed
2026-05-31T16:29:36+00:00,cnsm-web-06,memory_pressure,3131,2026-05-31T16:29:01.516791+00:00,2026-05-31T17:21:14.380061+00:00,3132.86,-34.48,+1.86,executed
2026-05-31T18:19:06+00:00,cnsm-db-postgres-01,process_leak,755,2026-05-31T18:19:01.489257+00:00,2026-05-31T18:31:36.565902+00:00,755.08,-4.51,+0.08,executed
2026-05-31T20:22:37+00:00,cnsm-db-postgres-01,network_latency,1215,2026-05-31T20:22:01.381937+00:00,2026-05-31T20:42:16.396024+00:00,1215.01,-35.62,+0.01,executed
2026-05-31T20:44:14+00:00,cnsm-db-postgres-01,disk_io,790,2026-05-31T20:44:01.584492+00:00,2026-05-31T20:57:11.880037+00:00,790.30,-12.42,+0.30,executed
2026-06-01T07:52:25+00:00,cnsm-db-redis-01,network_latency,1400,2026-06-01T07:52:01.090731+00:00,2026-06-01T08:15:21.122570+00:00,1400.03,-23.91,+0.03,executed
2026-06-01T08:05:35+00:00,cnsm-web-02,disk_io,894,2026-06-01T08:05:01.187011+00:00,2026-06-01T08:19:55.558359+00:00,894.37,-33.81,+0.37,executed
2026-06-01T09:55:34+00:00,cnsm-db-redis-02,network_latency,944,2026-06-01T09:55:01.313216+00:00,2026-06-01T10:10:45.329558+00:00,944.02,-32.69,+0.02,executed
2026-06-01T10:30:17+00:00,cnsm-db-redis-01,memory_pressure,1925,2026-06-01T10:30:02.087061+00:00,2026-06-01T11:02:07.303741+00:00,1925.22,-14.91,+0.22,executed
2026-06-01T14:39:43+00:00,cnsm-web-03,disk_io,1127,2026-06-01T14:39:01.270389+00:00,2026-06-01T14:57:48.386869+00:00,1127.12,-41.73,+0.12,executed
2026-06-01T14:42:20+00:00,cnsm-web-06,cpu_spike,593,2026-06-01T14:42:01.178634+00:00,2026-06-01T14:51:54.287415+00:00,593.11,-18.82,+0.11,executed
2026-06-01T15:27:33+00:00,cnsm-web-03,cpu_spike,402,2026-06-01T15:27:01.692190+00:00,2026-06-01T15:33:43.762993+00:00,402.07,-31.31,+0.07,executed
2026-06-01T16:00:17+00:00,cnsm-db-postgres-02,cpu_spike,564,2026-06-01T16:00:02.068343+00:00,2026-06-01T16:09:26.304782+00:00,564.24,-14.93,+0.24,executed
2026-06-01T16:44:18+00:00,cnsm-db-postgres-01,disk_io,1130,2026-06-01T16:44:01.497443+00:00,2026-06-01T17:02:51.657800+00:00,1130.16,-16.50,+0.16,executed
2026-06-01T20:03:44+00:00,cnsm-web-02,process_leak,870,2026-06-01T20:03:01.161758+00:00,2026-06-01T20:17:31.206328+00:00,870.04,-42.84,+0.04,executed
2026-06-01T20:51:44+00:00,cnsm-db-redis-02,memory_pressure,2820,2026-06-01T20:51:01.853551+00:00,2026-06-01T21:38:02.515222+00:00,2820.66,-42.15,+0.66,executed
2026-06-02T06:27:08+00:00,cnsm-db-redis-02,cpu_spike,1503,2026-06-02T06:27:01.160207+00:00,2026-06-02T06:52:04.231653+00:00,1503.07,-6.84,+0.07,executed
2026-06-02T07:11:28+00:00,cnsm-db-redis-01,process_leak,415,2026-06-02T07:11:01.225201+00:00,2026-06-02T07:17:56.320052+00:00,415.09,-26.77,+0.09,executed
2026-06-02T08:33:22+00:00,cnsm-db-postgres-01,memory_pressure,2077,2026-06-02T08:33:02.055199+00:00,2026-06-02T09:07:39.140564+00:00,2077.09,-19.94,+0.09,executed
2026-06-02T10:17:09+00:00,cnsm-web-05,disk_io,425,2026-06-02T10:17:01.590338+00:00,2026-06-02T10:24:06.807958+00:00,425.22,-7.41,+0.22,executed
2026-06-02T11:41:14+00:00,cnsm-web-01,network_latency,493,2026-06-02T11:41:01.894111+00:00,2026-06-02T11:49:14.915248+00:00,493.02,-12.11,+0.02,executed
2026-06-02T12:09:15+00:00,cnsm-web-04,disk_io,913,2026-06-02T12:09:01.750923+00:00,2026-06-02T12:24:14.876892+00:00,913.13,-13.25,+0.13,executed
2026-06-02T13:18:11+00:00,cnsm-db-postgres-01,disk_io,592,2026-06-02T13:18:01.411883+00:00,2026-06-02T13:27:53.482923+00:00,592.07,-9.59,+0.07,executed
2026-06-02T14:19:22+00:00,cnsm-web-03,network_latency,743,2026-06-02T14:19:01.714280+00:00,2026-06-02T14:31:24.787932+00:00,743.07,-20.29,+0.07,executed
2026-06-02T14:26:14+00:00,cnsm-web-01,network_latency,689,2026-06-02T14:26:01.179051+00:00,2026-06-02T14:37:30.200115+00:00,689.02,-12.82,+0.02,executed
2026-06-02T15:01:11+00:00,cnsm-web-02,network_latency,1161,2026-06-02T15:01:01.176276+00:00,2026-06-02T15:20:22.195784+00:00,1161.02,-9.82,+0.02,executed
2026-06-02T15:24:16+00:00,cnsm-web-06,process_leak,531,2026-06-02T15:24:01.946466+00:00,2026-06-02T15:32:53.039516+00:00,531.09,-14.05,+0.09,executed
2026-06-02T15:56:15+00:00,cnsm-db-redis-01,cpu_spike,376,2026-06-02T15:56:01.125376+00:00,2026-06-02T16:02:17.212749+00:00,376.09,-13.87,+0.09,executed
2026-06-02T17:20:52+00:00,cnsm-mem-01,disk_io,501,2026-06-02T17:20:01.130103+00:00,2026-06-02T17:28:22.233357+00:00,501.10,-50.87,+0.10,executed
2026-06-02T18:01:30+00:00,cnsm-web-02,disk_io,708,2026-06-02T18:01:01.571028+00:00,2026-06-02T18:12:49.867035+00:00,708.30,-28.43,+0.30,executed
2026-06-02T18:05:01+00:00,cnsm-db-redis-02,process_leak,602,2026-06-02T18:04:01.178794+00:00,2026-06-02T18:14:03.270875+00:00,602.09,-59.82,+0.09,executed
2026-06-02T21:33:24+00:00,cnsm-db-postgres-01,process_leak,696,2026-06-02T21:33:02.025454+00:00,2026-06-02T21:44:38.101892+00:00,696.08,-21.97,+0.08,executed
2026-06-02T21:40:14+00:00,cnsm-mem-01,network_latency,1400,2026-06-02T21:40:01.292560+00:00,2026-06-02T22:03:21.321954+00:00,1400.03,-12.71,+0.03,executed
2026-06-02T21:44:56+00:00,cnsm-db-postgres-01,disk_io,809,,,,,,missing
2026-06-03T07:50:18+00:00,cnsm-db-postgres-02,disk_io,916,2026-06-03T07:50:01.356869+00:00,2026-06-03T08:05:18.163577+00:00,916.81,-16.64,+0.81,executed
2026-06-03T09:02:18+00:00,cnsm-web-02,disk_io,1136,2026-06-03T09:02:01.712203+00:00,2026-06-03T09:20:58.122809+00:00,1136.41,-16.29,+0.41,executed
2026-06-03T14:08:59+00:00,cnsm-db-postgres-02,cpu_spike,1580,2026-06-03T14:08:02.061144+00:00,2026-06-03T14:34:22.275031+00:00,1580.21,-56.94,+0.21,executed
2026-06-03T14:48:45+00:00,cnsm-mem-01,disk_io,1020,2026-06-03T14:48:01.791480+00:00,2026-06-03T15:05:01.942406+00:00,1020.15,-43.21,+0.15,executed
2026-06-03T15:26:08+00:00,cnsm-io-01,memory_pressure,3420,2026-06-03T15:26:01.979677+00:00,2026-06-03T16:23:02.135320+00:00,3420.16,-6.02,+0.16,executed
2026-06-04T08:06:17+00:00,cnsm-db-redis-01,process_leak,334,2026-06-04T08:06:01.182074+00:00,2026-06-04T08:11:35.277218+00:00,334.10,-15.82,+0.10,executed
2026-06-04T09:30:49+00:00,cnsm-web-02,memory_pressure,3393,2026-06-04T09:30:01.116377+00:00,2026-06-04T10:26:34.366949+00:00,3393.25,-47.88,+0.25,executed
2026-06-04T10:48:48+00:00,cnsm-db-redis-02,network_latency,1759,2026-06-04T10:48:01.888239+00:00,2026-06-04T11:17:20.914526+00:00,1759.03,-46.11,+0.03,executed
2026-06-04T11:43:27+00:00,cnsm-web-04,cpu_spike,841,2026-06-04T11:43:01.170058+00:00,2026-06-04T11:57:02.249071+00:00,841.08,-25.83,+0.08,executed
2026-06-04T12:12:39+00:00,cnsm-web-06,cpu_spike,581,2026-06-04T12:12:01.596727+00:00,2026-06-04T12:21:42.697696+00:00,581.10,-37.40,+0.10,executed
2026-06-04T12:52:41+00:00,cnsm-web-05,disk_io,1190,2026-06-04T12:52:01.379602+00:00,2026-06-04T13:11:51.533742+00:00,1190.15,-39.62,+0.15,executed
2026-06-04T13:32:52+00:00,cnsm-db-redis-02,cpu_spike,689,2026-06-04T13:32:01.251930+00:00,2026-06-04T13:43:30.327221+00:00,689.08,-50.75,+0.08,executed
2026-06-04T15:27:20+00:00,cnsm-web-01,cpu_spike,1642,2026-06-04T15:27:01.556529+00:00,2026-06-04T15:54:23.636161+00:00,1642.08,-18.44,+0.08,executed
2026-06-04T17:18:26+00:00,cnsm-io-01,memory_pressure,2553,2026-06-04T17:18:01.208345+00:00,2026-06-04T18:00:34.411464+00:00,2553.20,-24.79,+0.20,executed
2026-06-04T19:06:18+00:00,cnsm-web-06,process_leak,649,2026-06-04T19:06:01.441657+00:00,2026-06-04T19:16:50.536327+00:00,649.09,-16.56,+0.09,executed
2026-06-04T21:20:32+00:00,cnsm-db-redis-01,cpu_spike,1282,2026-06-04T21:20:01.831071+00:00,2026-06-04T21:41:23.928601+00:00,1282.10,-30.17,+0.10,executed
2026-06-05T06:19:03+00:00,cnsm-web-05,cpu_spike,1603,2026-06-05T06:19:01.765366+00:00,2026-06-05T06:45:44.814262+00:00,1603.05,-1.23,+0.05,executed
2026-06-05T06:36:23+00:00,cnsm-db-redis-01,disk_io,436,2026-06-05T06:36:01.935743+00:00,2026-06-05T06:43:18.135489+00:00,436.20,-21.06,+0.20,executed
2026-06-05T07:08:26+00:00,cnsm-db-redis-01,process_leak,815,2026-06-05T07:08:02.108834+00:00,2026-06-05T07:21:37.218118+00:00,815.11,-23.89,+0.11,executed
2026-06-05T07:37:47+00:00,cnsm-web-01,process_leak,855,2026-06-05T07:37:01.568119+00:00,2026-06-05T07:51:16.633102+00:00,855.06,-45.43,+0.06,executed
2026-06-05T12:18:01+00:00,cnsm-web-06,disk_io,641,2026-06-05T12:17:01.843741+00:00,2026-06-05T12:27:42.976781+00:00,641.13,-59.16,+0.13,executed
2026-06-05T15:26:58+00:00,cnsm-web-02,disk_io,324,2026-06-05T15:26:01.962557+00:00,2026-06-05T15:31:26.440565+00:00,324.48,-56.04,+0.48,executed
2026-06-05T18:28:31+00:00,cnsm-web-03,cpu_spike,1631,2026-06-05T18:28:01.720450+00:00,2026-06-05T18:55:12.803320+00:00,1631.08,-29.28,+0.08,executed
2026-06-05T19:52:49+00:00,cnsm-io-01,cpu_spike,733,2026-06-05T19:52:01.509894+00:00,2026-06-05T20:04:14.572019+00:00,733.06,-47.49,+0.06,executed
2026-06-05T19:55:23+00:00,cnsm-mem-01,process_leak,850,2026-06-05T19:55:01.177853+00:00,2026-06-05T20:09:11.281339+00:00,850.10,-21.82,+0.10,executed
2026-06-06T07:23:41+00:00,cnsm-db-redis-02,network_latency,732,2026-06-06T07:23:01.513579+00:00,2026-06-06T07:35:13.527367+00:00,732.01,-39.49,+0.01,executed
2026-06-06T08:12:22+00:00,cnsm-web-01,disk_io,902,2026-06-06T08:12:02.059707+00:00,2026-06-06T08:27:04.144886+00:00,902.09,-19.94,+0.09,executed
2026-06-06T08:27:53+00:00,cnsm-web-04,process_leak,400,2026-06-06T08:27:01.712299+00:00,2026-06-06T08:33:41.764042+00:00,400.05,-51.29,+0.05,executed
2026-06-06T09:11:33+00:00,cnsm-web-03,network_latency,547,2026-06-06T09:11:02.034009+00:00,2026-06-06T09:20:09.057439+00:00,547.02,-30.97,+0.02,executed
2026-06-06T11:22:43+00:00,cnsm-web-04,cpu_spike,890,2026-06-06T11:22:01.471715+00:00,2026-06-06T11:36:51.562371+00:00,890.09,-41.53,+0.09,executed
2026-06-06T12:15:45+00:00,cnsm-mem-01,disk_io,1116,2026-06-06T12:15:02.100333+00:00,2026-06-06T12:33:38.505409+00:00,1116.41,-42.90,+0.41,executed
2026-06-06T13:02:17+00:00,cnsm-web-04,process_leak,772,2026-06-06T13:02:01.983136+00:00,2026-06-06T13:14:54.038687+00:00,772.06,-15.02,+0.06,executed
2026-06-06T15:55:00+00:00,cnsm-web-04,cpu_spike,841,2026-06-06T15:54:01.578434+00:00,2026-06-06T16:08:02.669227+00:00,841.09,-58.42,+0.09,executed
2026-06-06T17:06:56+00:00,cnsm-web-05,disk_io,1002,2026-06-06T17:06:01.142965+00:00,2026-06-06T17:22:43.259725+00:00,1002.12,-54.86,+0.12,executed
2026-06-06T17:11:27+00:00,cnsm-web-03,network_latency,919,2026-06-06T17:11:01.713450+00:00,2026-06-06T17:26:20.752247+00:00,919.04,-25.29,+0.04,executed
2026-06-06T17:38:09+00:00,cnsm-db-redis-01,process_leak,889,2026-06-06T17:38:01.913699+00:00,2026-06-06T17:52:51.011882+00:00,889.10,-7.09,+0.10,executed
2026-06-06T18:05:05+00:00,cnsm-io-01,disk_io,1048,2026-06-06T18:05:01.376927+00:00,2026-06-06T18:22:29.540316+00:00,1048.16,-3.62,+0.16,executed
2026-06-06T20:48:15+00:00,cnsm-db-redis-01,memory_pressure,2429,2026-06-06T20:48:02.058555+00:00,2026-06-06T21:28:31.674178+00:00,2429.62,-12.94,+0.62,executed
2026-06-06T21:54:32+00:00,cnsm-db-postgres-01,network_latency,1621,2026-06-06T21:54:01.780030+00:00,2026-06-06T22:21:02.797710+00:00,1621.02,-30.22,+0.02,executed
2026-06-07T07:15:51+00:00,cnsm-web-01,disk_io,1199,2026-06-07T07:15:01.683827+00:00,2026-06-07T07:35:00.908917+00:00,1199.23,-49.32,+0.23,executed
2026-06-07T08:33:19+00:00,cnsm-db-postgres-01,memory_pressure,2937,2026-06-07T08:33:01.929713+00:00,2026-06-07T09:21:59.552867+00:00,2937.62,-17.07,+0.62,executed
2026-06-07T09:29:47+00:00,cnsm-db-redis-02,cpu_spike,761,2026-06-07T09:29:01.482157+00:00,2026-06-07T09:41:42.589183+00:00,761.11,-45.52,+0.11,executed
2026-06-07T09:51:50+00:00,cnsm-db-postgres-01,disk_io,1050,2026-06-07T09:51:01.195099+00:00,2026-06-07T10:08:31.457805+00:00,1050.26,-48.80,+0.26,executed
2026-06-07T10:30:00+00:00,cnsm-web-03,memory_pressure,3342,2026-06-07T10:29:01.317092+00:00,2026-06-07T11:24:43.475096+00:00,3342.16,-58.68,+0.16,executed
2026-06-07T11:57:00+00:00,cnsm-mem-01,memory_pressure,1634,2026-06-07T11:56:01.778038+00:00,2026-06-07T12:23:15.975121+00:00,1634.20,-58.22,+0.20,executed
2026-06-07T14:47:01+00:00,cnsm-web-01,memory_pressure,2994,2026-06-07T14:46:01.405256+00:00,2026-06-07T15:35:57.031683+00:00,2995.63,-59.59,+1.63,executed
2026-06-07T14:56:31+00:00,cnsm-web-03,disk_io,613,2026-06-07T14:56:02.039906+00:00,2026-06-07T15:06:15.151207+00:00,613.11,-28.96,+0.11,executed
2026-06-07T14:58:06+00:00,cnsm-web-06,memory_pressure,2384,2026-06-07T14:58:01.225562+00:00,2026-06-07T15:37:48.232509+00:00,2387.01,-4.77,+3.01,executed
2026-06-07T15:51:10+00:00,cnsm-db-postgres-01,cpu_spike,1260,2026-06-07T15:51:01.907880+00:00,2026-06-07T16:12:01.996535+00:00,1260.09,-8.09,+0.09,executed
2026-06-07T16:21:30+00:00,cnsm-mem-01,disk_io,828,2026-06-07T16:21:01.382027+00:00,2026-06-07T16:34:49.540903+00:00,828.16,-28.62,+0.16,executed
2026-06-07T17:40:44+00:00,cnsm-io-01,process_leak,388,2026-06-07T17:40:01.275487+00:00,2026-06-07T17:46:29.347215+00:00,388.07,-42.72,+0.07,executed
2026-06-07T18:14:26+00:00,cnsm-web-04,disk_io,1176,2026-06-07T18:14:01.793376+00:00,2026-06-07T18:33:37.972560+00:00,1176.18,-24.21,+0.18,executed
2026-06-07T18:36:24+00:00,cnsm-db-postgres-02,memory_pressure,3405,2026-06-07T18:36:01.652054+00:00,2026-06-07T19:32:47.172171+00:00,3405.52,-22.35,+0.52,executed
2026-06-08T08:00:09+00:00,cnsm-web-05,cpu_spike,1688,2026-06-08T08:00:02.063299+00:00,2026-06-08T08:28:10.142103+00:00,1688.08,-6.94,+0.08,executed
2026-06-08T09:09:17+00:00,cnsm-web-02,cpu_spike,404,2026-06-08T09:09:01.514499+00:00,2026-06-08T09:15:45.567757+00:00,404.05,-15.49,+0.05,executed
2026-06-08T11:00:14+00:00,cnsm-db-redis-01,memory_pressure,1980,2026-06-08T11:00:01.439237+00:00,2026-06-08T11:33:01.837338+00:00,1980.40,-12.56,+0.40,executed
2026-06-08T11:50:06+00:00,cnsm-web-03,cpu_spike,467,2026-06-08T11:50:01.368571+00:00,2026-06-08T11:57:48.457572+00:00,467.09,-4.63,+0.09,executed
2026-06-08T14:41:02+00:00,cnsm-io-01,disk_io,386,,,,,,missing
2026-06-08T15:02:52+00:00,cnsm-db-postgres-01,memory_pressure,666,2026-06-08T15:02:01.098577+00:00,2026-06-08T15:13:07.308467+00:00,666.21,-50.90,+0.21,executed
2026-06-08T15:48:36+00:00,cnsm-web-04,process_leak,770,2026-06-08T15:48:01.310114+00:00,2026-06-08T16:00:51.393450+00:00,770.08,-34.69,+0.08,executed
2026-06-08T17:32:47+00:00,cnsm-web-02,disk_io,345,2026-06-08T17:32:01.218349+00:00,2026-06-08T17:37:47.013983+00:00,345.80,-45.78,+0.80,executed
2026-06-08T17:56:10+00:00,cnsm-web-05,process_leak,683,2026-06-08T17:56:01.705562+00:00,2026-06-08T18:07:24.800654+00:00,683.10,-8.29,+0.10,executed
2026-06-08T20:20:45+00:00,cnsm-db-postgres-01,cpu_spike,741,2026-06-08T20:20:01.752089+00:00,2026-06-08T20:32:22.840115+00:00,741.09,-43.25,+0.09,executed
2026-06-08T20:22:41+00:00,cnsm-db-redis-01,process_leak,458,2026-06-08T20:22:01.525640+00:00,2026-06-08T20:29:39.623894+00:00,458.10,-39.47,+0.10,executed
2026-06-08T20:26:57+00:00,cnsm-web-06,disk_io,502,2026-06-08T20:26:02.043656+00:00,2026-06-08T20:34:24.178645+00:00,502.13,-54.96,+0.13,executed
2026-06-08T21:33:27+00:00,cnsm-db-redis-01,cpu_spike,1281,2026-06-08T21:33:01.310164+00:00,2026-06-08T21:54:22.393434+00:00,1281.08,-25.69,+0.08,executed
2026-06-08T21:46:53+00:00,cnsm-db-redis-02,memory_pressure,3228,2026-06-08T21:46:01.929028+00:00,2026-06-08T22:39:52.523489+00:00,3230.59,-51.07,+2.59,executed
2026-06-09T06:11:54+00:00,cnsm-web-06,cpu_spike,859,2026-06-09T06:11:01.878127+00:00,2026-06-09T06:25:20.954329+00:00,859.08,-52.12,+0.08,executed
2026-06-09T06:18:26+00:00,cnsm-web-04,disk_io,1043,2026-06-09T06:18:01.134487+00:00,2026-06-09T06:35:24.256801+00:00,1043.12,-24.87,+0.12,executed
2026-06-09T08:13:53+00:00,cnsm-web-01,cpu_spike,1461,,,,,,missing
2026-06-09T09:08:16+00:00,cnsm-io-01,cpu_spike,1142,2026-06-09T09:08:02.026894+00:00,2026-06-09T09:27:04.116164+00:00,1142.09,-13.97,+0.09,executed
2026-06-09T09:27:46+00:00,cnsm-db-redis-01,memory_pressure,3277,2026-06-09T09:27:01.436578+00:00,2026-06-09T10:21:40.038588+00:00,3278.60,-44.56,+1.60,executed
2026-06-09T09:28:57+00:00,cnsm-db-redis-02,cpu_spike,1036,2026-06-09T09:28:02.056676+00:00,2026-06-09T09:45:18.173749+00:00,1036.12,-54.94,+0.12,executed
2026-06-09T10:59:10+00:00,cnsm-web-04,memory_pressure,1779,2026-06-09T10:59:01.698819+00:00,2026-06-09T11:28:43.259107+00:00,1781.56,-8.30,+2.56,executed
2026-06-09T11:23:21+00:00,cnsm-io-01,process_leak,429,2026-06-09T11:23:01.708371+00:00,2026-06-09T11:30:10.798870+00:00,429.09,-19.29,+0.09,executed
2026-06-09T13:53:36+00:00,cnsm-web-02,process_leak,583,2026-06-09T13:53:01.721879+00:00,2026-06-09T14:02:44.915476+00:00,583.19,-34.28,+0.19,executed
2026-06-09T16:13:59+00:00,cnsm-web-05,cpu_spike,1398,2026-06-09T16:13:01.273567+00:00,2026-06-09T16:36:19.362647+00:00,1398.09,-57.73,+0.09,executed
2026-06-09T16:41:34+00:00,cnsm-db-postgres-02,cpu_spike,1633,2026-06-09T16:41:01.193204+00:00,2026-06-09T17:08:14.280735+00:00,1633.09,-32.81,+0.09,executed
2026-06-09T17:58:04+00:00,cnsm-web-01,process_leak,765,,,,,,missing
2026-06-09T21:30:15+00:00,cnsm-db-postgres-01,disk_io,1120,2026-06-09T21:30:01.139317+00:00,2026-06-09T21:48:41.293677+00:00,1120.15,-13.86,+0.15,executed
2026-06-09T21:42:08+00:00,cnsm-web-02,memory_pressure,1252,2026-06-09T21:42:01.774193+00:00,2026-06-09T22:02:53.901199+00:00,1252.13,-6.23,+0.13,executed
2026-06-10T07:41:50+00:00,cnsm-db-redis-02,network_latency,395,2026-06-10T07:41:01.529326+00:00,2026-06-10T07:47:36.550340+00:00,395.02,-48.47,+0.02,executed
2026-06-10T08:19:48+00:00,cnsm-io-01,network_latency,461,2026-06-10T08:19:01.571878+00:00,2026-06-10T08:26:42.594849+00:00,461.02,-46.43,+0.02,executed
2026-06-10T10:08:49+00:00,cnsm-web-05,disk_io,853,2026-06-10T10:08:01.964820+00:00,2026-06-10T10:22:15.123624+00:00,853.16,-47.04,+0.16,executed
2026-06-10T11:45:23+00:00,cnsm-db-redis-01,cpu_spike,694,2026-06-10T11:45:01.485108+00:00,2026-06-10T11:56:35.553686+00:00,694.07,-21.51,+0.07,executed
2026-06-10T15:11:30+00:00,cnsm-web-03,network_latency,393,2026-06-10T15:11:01.759367+00:00,2026-06-10T15:17:34.819459+00:00,393.06,-28.24,+0.06,executed
2026-06-10T15:45:37+00:00,cnsm-db-postgres-01,network_latency,1609,2026-06-10T15:45:01.208486+00:00,2026-06-10T16:11:50.227031+00:00,1609.02,-35.79,+0.02,executed
2026-06-10T16:11:32+00:00,cnsm-db-redis-02,disk_io,848,2026-06-10T16:11:01.437323+00:00,2026-06-10T16:25:09.574963+00:00,848.14,-30.56,+0.14,executed
2026-06-10T19:24:22+00:00,cnsm-io-01,cpu_spike,1225,2026-06-10T19:24:01.238921+00:00,2026-06-10T19:44:26.343181+00:00,1225.10,-20.76,+0.10,executed
2026-06-10T20:17:26+00:00,cnsm-web-03,network_latency,1783,2026-06-10T20:17:02.079686+00:00,2026-06-10T20:46:45.123899+00:00,1783.04,-23.92,+0.04,executed
2026-06-10T20:40:31+00:00,cnsm-web-01,cpu_spike,1047,,,,,,missing
2026-06-11T07:36:28+00:00,cnsm-db-postgres-02,disk_io,806,2026-06-11T07:36:01.358245+00:00,2026-06-11T07:49:27.779214+00:00,806.42,-26.64,+0.42,executed
2026-06-11T08:49:31+00:00,cnsm-web-02,disk_io,585,2026-06-11T08:49:01.443685+00:00,2026-06-11T08:58:46.989754+00:00,585.55,-29.56,+0.55,executed
2026-06-11T09:08:47+00:00,cnsm-db-postgres-02,disk_io,399,2026-06-11T09:08:02.687696+00:00,2026-06-11T09:14:42.106026+00:00,399.42,-44.31,+0.42,executed
2026-06-11T13:07:39+00:00,cnsm-db-postgres-01,process_leak,326,2026-06-11T13:07:01.427355+00:00,2026-06-11T13:12:27.495122+00:00,326.07,-37.57,+0.07,executed
2026-06-11T14:33:31+00:00,cnsm-web-03,process_leak,780,2026-06-11T14:33:01.600750+00:00,2026-06-11T14:46:01.665511+00:00,780.06,-29.40,+0.06,executed
2026-06-11T16:04:07+00:00,cnsm-web-02,cpu_spike,623,2026-06-11T16:04:02.003891+00:00,2026-06-11T16:14:25.047868+00:00,623.04,-5.00,+0.04,executed
2026-06-11T17:47:41+00:00,cnsm-web-03,cpu_spike,780,2026-06-11T17:47:01.202895+00:00,2026-06-11T18:00:01.298855+00:00,780.10,-39.80,+0.10,executed
2026-06-11T18:23:48+00:00,cnsm-mem-01,cpu_spike,533,2026-06-11T18:23:01.223592+00:00,2026-06-11T18:31:54.316698+00:00,533.09,-46.78,+0.09,executed
2026-06-11T20:15:26+00:00,cnsm-web-01,network_latency,454,,,,,,missing
2026-06-11T20:15:59+00:00,cnsm-web-03,disk_io,1068,2026-06-11T20:15:01.512970+00:00,2026-06-11T20:32:49.622757+00:00,1068.11,-57.49,+0.11,executed
2026-06-11T20:28:38+00:00,cnsm-db-postgres-01,cpu_spike,1267,2026-06-11T20:28:01.907566+00:00,2026-06-11T20:49:09.011452+00:00,1267.10,-36.09,+0.10,executed
2026-06-11T21:13:56+00:00,cnsm-web-01,network_latency,1404,,,,,,missing
2026-06-12T07:07:24+00:00,cnsm-mem-01,cpu_spike,1723,2026-06-12T07:07:01.154032+00:00,2026-06-12T07:35:44.279038+00:00,1723.13,-22.85,+0.13,executed
2026-06-12T08:37:07+00:00,cnsm-mem-01,process_leak,333,2026-06-12T08:37:01.716230+00:00,2026-06-12T08:42:34.825803+00:00,333.11,-5.28,+0.11,executed
2026-06-12T09:25:09+00:00,cnsm-web-06,memory_pressure,685,2026-06-12T09:25:01.486945+00:00,2026-06-12T09:36:26.967038+00:00,685.48,-7.51,+0.48,executed
2026-06-12T10:11:01+00:00,cnsm-mem-01,network_latency,944,2026-06-12T10:10:01.384139+00:00,2026-06-12T10:25:45.406423+00:00,944.02,-59.62,+0.02,executed
2026-06-12T12:09:36+00:00,cnsm-web-01,disk_io,682,,,,,,missing
2026-06-12T13:19:12+00:00,cnsm-db-postgres-02,process_leak,595,2026-06-12T13:19:01.626474+00:00,2026-06-12T13:28:56.881035+00:00,595.25,-10.37,+0.25,executed
2026-06-12T15:50:52+00:00,cnsm-db-redis-02,memory_pressure,1224,2026-06-12T15:50:01.277310+00:00,2026-06-12T16:10:27.087175+00:00,1225.81,-50.72,+1.81,executed
2026-06-12T16:55:35+00:00,cnsm-web-02,disk_io,867,2026-06-12T16:55:01.123667+00:00,2026-06-12T17:09:28.626564+00:00,867.50,-33.88,+0.50,executed
2026-06-12T21:04:16+00:00,cnsm-db-postgres-02,memory_pressure,2457,2026-06-12T21:04:01.376035+00:00,2026-06-12T21:44:59.146103+00:00,2457.77,-14.62,+0.77,executed
2026-06-13T09:56:10+00:00,cnsm-web-02,cpu_spike,575,2026-06-13T09:56:01.568767+00:00,2026-06-13T10:05:36.667252+00:00,575.10,-8.43,+0.10,executed
2026-06-13T11:59:17+00:00,cnsm-web-03,process_leak,387,2026-06-13T11:59:01.561897+00:00,2026-06-13T12:05:28.628916+00:00,387.07,-15.44,+0.07,executed
2026-06-13T12:04:47+00:00,cnsm-web-02,network_latency,887,2026-06-13T12:04:02.025368+00:00,2026-06-13T12:18:49.042140+00:00,887.02,-44.97,+0.02,executed
2026-06-13T12:35:01+00:00,cnsm-web-04,cpu_spike,1733,2026-06-13T12:34:01.420653+00:00,2026-06-13T13:02:54.503819+00:00,1733.08,-59.58,+0.08,executed
2026-06-13T17:57:38+00:00,cnsm-web-02,memory_pressure,763,2026-06-13T17:57:01.676993+00:00,2026-06-13T18:09:45.065319+00:00,763.39,-36.32,+0.39,executed
2026-06-13T18:11:13+00:00,cnsm-db-postgres-01,network_latency,1213,2026-06-13T18:11:01.146053+00:00,2026-06-13T18:31:14.160356+00:00,1213.01,-11.85,+0.01,executed
2026-06-13T18:54:38+00:00,cnsm-db-redis-01,memory_pressure,1254,2026-06-13T18:54:01.610048+00:00,2026-06-13T19:14:56.006352+00:00,1254.40,-36.39,+0.40,executed
2026-06-13T20:23:54+00:00,cnsm-db-redis-02,process_leak,576,2026-06-13T20:23:01.467473+00:00,2026-06-13T20:32:37.586078+00:00,576.12,-52.53,+0.12,executed
2026-06-14T06:54:47+00:00,cnsm-web-03,memory_pressure,2958,2026-06-14T06:54:01.478960+00:00,2026-06-14T07:43:21.297239+00:00,2959.82,-45.52,+1.82,executed
2026-06-14T08:22:12+00:00,cnsm-db-postgres-02,memory_pressure,3542,2026-06-14T08:22:01.642993+00:00,2026-06-14T09:21:09.298191+00:00,3547.66,-10.36,+5.66,executed
2026-06-14T08:40:42+00:00,cnsm-db-postgres-02,disk_io,494,,,,,,missing
2026-06-14T10:57:23+00:00,cnsm-db-postgres-02,process_leak,728,2026-06-14T10:57:01.378356+00:00,2026-06-14T11:09:09.482691+00:00,728.10,-21.62,+0.10,executed
2026-06-14T11:05:47+00:00,cnsm-db-postgres-02,process_leak,477,,,,,,missing
2026-06-14T11:28:35+00:00,cnsm-web-02,disk_io,979,2026-06-14T11:28:01.938790+00:00,2026-06-14T11:44:21.071044+00:00,979.13,-33.06,+0.13,executed
2026-06-14T12:06:00+00:00,cnsm-mem-01,cpu_spike,663,2026-06-14T12:05:01.591823+00:00,2026-06-14T12:16:04.686324+00:00,663.09,-58.41,+0.09,executed
2026-06-14T13:29:38+00:00,cnsm-db-postgres-02,memory_pressure,1101,2026-06-14T13:29:02.206367+00:00,2026-06-14T13:47:26.074693+00:00,1103.87,-35.79,+2.87,executed
2026-06-14T15:16:48+00:00,cnsm-web-03,network_latency,544,2026-06-14T15:16:01.344826+00:00,2026-06-14T15:25:05.382813+00:00,544.04,-46.66,+0.04,executed
2026-06-14T16:39:25+00:00,cnsm-web-06,disk_io,454,2026-06-14T16:39:01.217425+00:00,2026-06-14T16:46:35.383120+00:00,454.17,-23.78,+0.17,executed
2026-06-14T17:26:05+00:00,cnsm-io-01,network_latency,570,2026-06-14T17:26:01.996407+00:00,2026-06-14T17:35:32.015026+00:00,570.02,-3.00,+0.02,executed
2026-06-14T17:52:26+00:00,cnsm-web-04,network_latency,1583,2026-06-14T17:52:01.564739+00:00,2026-06-14T18:18:24.585932+00:00,1583.02,-24.44,+0.02,executed
2026-06-14T19:20:07+00:00,cnsm-web-02,disk_io,712,2026-06-14T19:20:01.296905+00:00,2026-06-14T19:31:53.897417+00:00,712.60,-5.70,+0.60,executed
2026-06-15T07:51:14+00:00,cnsm-db-postgres-02,cpu_spike,1752,2026-06-15T07:51:01.373992+00:00,2026-06-15T08:20:13.490246+00:00,1752.12,-12.63,+0.12,executed
2026-06-15T08:08:38+00:00,cnsm-web-03,cpu_spike,608,2026-06-15T08:08:01.740405+00:00,2026-06-15T08:18:09.850234+00:00,608.11,-36.26,+0.11,executed
2026-06-15T08:19:49+00:00,cnsm-io-01,cpu_spike,880,2026-06-15T08:19:01.615489+00:00,2026-06-15T08:33:41.736591+00:00,880.12,-47.38,+0.12,executed
2026-06-15T09:07:47+00:00,cnsm-web-06,disk_io,1184,2026-06-15T09:07:01.201039+00:00,2026-06-15T09:26:45.406347+00:00,1184.21,-45.80,+0.21,executed
2026-06-15T11:50:51+00:00,cnsm-web-04,process_leak,357,2026-06-15T11:50:01.351407+00:00,2026-06-15T11:55:58.390333+00:00,357.04,-49.65,+0.04,executed
2026-06-15T11:52:00+00:00,cnsm-web-06,cpu_spike,1462,2026-06-15T11:51:01.805670+00:00,2026-06-15T12:15:23.934726+00:00,1462.13,-58.19,+0.13,executed
2026-06-15T15:41:29+00:00,cnsm-db-redis-01,cpu_spike,421,2026-06-15T15:41:01.539789+00:00,2026-06-15T15:48:02.646439+00:00,421.11,-27.46,+0.11,executed
2026-06-15T18:38:21+00:00,cnsm-io-01,cpu_spike,1491,2026-06-15T18:38:01.502365+00:00,2026-06-15T19:02:52.602173+00:00,1491.10,-19.50,+0.10,executed
2026-06-15T18:47:13+00:00,cnsm-web-03,cpu_spike,733,2026-06-15T18:47:01.889512+00:00,2026-06-15T18:59:14.978947+00:00,733.09,-11.11,+0.09,executed
2026-06-15T20:06:31+00:00,cnsm-db-postgres-01,disk_io,976,2026-06-15T20:06:01.422057+00:00,2026-06-15T20:22:17.563183+00:00,976.14,-29.58,+0.14,executed
2026-06-15T20:12:56+00:00,cnsm-db-postgres-02,network_latency,1555,2026-06-15T20:12:02.013012+00:00,2026-06-15T20:37:57.053995+00:00,1555.04,-53.99,+0.04,executed
2026-06-15T20:34:49+00:00,cnsm-web-06,cpu_spike,545,2026-06-15T20:34:01.854910+00:00,2026-06-15T20:43:06.948664+00:00,545.09,-47.15,+0.09,executed
2026-06-15T21:35:57+00:00,cnsm-web-05,disk_io,1092,2026-06-15T21:35:01.125857+00:00,2026-06-15T21:53:13.249815+00:00,1092.12,-55.87,+0.12,executed
2026-06-16T06:38:28+00:00,cnsm-web-04,disk_io,865,2026-06-16T06:38:02.003766+00:00,2026-06-16T06:52:27.278343+00:00,865.27,-26.00,+0.27,executed
2026-06-16T08:39:53+00:00,cnsm-web-04,cpu_spike,957,2026-06-16T08:39:02.055775+00:00,2026-06-16T08:54:59.125201+00:00,957.07,-50.94,+0.07,executed
2026-06-16T08:47:23+00:00,cnsm-web-06,network_latency,466,2026-06-16T08:47:02.038461+00:00,2026-06-16T08:54:48.075948+00:00,466.04,-20.96,+0.04,executed
2026-06-16T08:59:06+00:00,cnsm-db-redis-02,cpu_spike,1221,2026-06-16T08:59:01.448352+00:00,2026-06-16T09:19:22.525163+00:00,1221.08,-4.55,+0.08,executed
2026-06-16T09:26:50+00:00,cnsm-web-05,process_leak,662,2026-06-16T09:26:01.689173+00:00,2026-06-16T09:37:03.760818+00:00,662.07,-48.31,+0.07,executed
2026-06-16T13:24:30+00:00,cnsm-db-redis-02,memory_pressure,2933,2026-06-16T13:24:01.296257+00:00,2026-06-16T14:12:54.891396+00:00,2933.60,-28.70,+0.60,executed
2026-06-16T15:37:57+00:00,cnsm-db-redis-01,memory_pressure,3560,2026-06-16T15:37:01.858381+00:00,2026-06-16T16:36:22.108164+00:00,3560.25,-55.14,+0.25,executed
2026-06-16T18:25:59+00:00,cnsm-web-03,cpu_spike,1076,2026-06-16T18:25:01.199773+00:00,2026-06-16T18:42:57.380369+00:00,1076.18,-57.80,+0.18,executed
2026-06-16T20:52:20+00:00,cnsm-db-postgres-01,disk_io,1133,2026-06-16T20:52:01.129473+00:00,2026-06-16T21:10:54.385491+00:00,1133.26,-18.87,+0.26,executed
2026-06-16T20:54:17+00:00,cnsm-web-04,network_latency,1576,2026-06-16T20:54:01.489045+00:00,2026-06-16T21:20:17.506230+00:00,1576.02,-15.51,+0.02,executed
2026-06-17T06:54:34+00:00,cnsm-web-03,disk_io,730,2026-06-17T06:54:01.426861+00:00,2026-06-17T07:06:11.574270+00:00,730.15,-32.57,+0.15,executed
2026-06-17T06:58:08+00:00,cnsm-web-02,cpu_spike,716,2026-06-17T06:58:01.143093+00:00,2026-06-17T07:09:57.220094+00:00,716.08,-6.86,+0.08,executed
2026-06-17T08:35:08+00:00,cnsm-io-01,disk_io,1136,2026-06-17T08:35:01.849082+00:00,2026-06-17T08:53:58.065269+00:00,1136.22,-6.15,+0.22,executed
2026-06-17T12:18:39+00:00,cnsm-web-06,cpu_spike,1180,2026-06-17T12:18:01.415652+00:00,2026-06-17T12:37:41.482612+00:00,1180.07,-37.58,+0.07,executed
2026-06-17T14:56:49+00:00,cnsm-web-03,disk_io,910,2026-06-17T14:56:01.318397+00:00,2026-06-17T15:11:11.473655+00:00,910.16,-47.68,+0.16,executed
2026-06-17T15:52:47+00:00,cnsm-web-02,disk_io,1114,2026-06-17T15:52:01.076790+00:00,2026-06-17T16:10:35.309053+00:00,1114.23,-45.92,+0.23,executed
2026-06-17T17:02:36+00:00,cnsm-web-03,disk_io,845,2026-06-17T17:02:01.804809+00:00,2026-06-17T17:16:07.007224+00:00,845.20,-34.20,+0.20,executed
2026-06-17T17:33:34+00:00,cnsm-db-postgres-01,process_leak,366,2026-06-17T17:33:01.192860+00:00,2026-06-17T17:39:07.242655+00:00,366.05,-32.81,+0.05,executed
2026-06-17T19:39:52+00:00,cnsm-mem-01,disk_io,619,2026-06-17T19:39:01.605721+00:00,2026-06-17T19:49:20.798898+00:00,619.19,-50.39,+0.19,executed
2026-06-17T20:14:35+00:00,cnsm-io-01,cpu_spike,478,2026-06-17T20:14:01.556155+00:00,2026-06-17T20:21:59.648522+00:00,478.09,-33.44,+0.09,executed
2026-06-18T06:18:18+00:00,cnsm-db-postgres-02,disk_io,349,2026-06-18T06:18:01.418727+00:00,2026-06-18T06:23:50.707090+00:00,349.29,-16.58,+0.29,executed
2026-06-18T07:31:58+00:00,cnsm-io-01,process_leak,880,2026-06-18T07:31:01.645424+00:00,2026-06-18T07:45:41.757348+00:00,880.11,-56.35,+0.11,executed
2026-06-18T10:15:18+00:00,cnsm-web-06,disk_io,405,2026-06-18T10:15:01.317225+00:00,2026-06-18T10:21:46.484380+00:00,405.17,-16.68,+0.17,executed
2026-06-18T10:48:07+00:00,cnsm-web-03,disk_io,1116,2026-06-18T10:48:01.478792+00:00,2026-06-18T11:06:37.610682+00:00,1116.13,-5.52,+0.13,executed
2026-06-18T11:50:26+00:00,cnsm-web-01,cpu_spike,729,,,,,,missing
2026-06-18T14:38:33+00:00,cnsm-io-01,cpu_spike,1403,2026-06-18T14:38:01.830302+00:00,2026-06-18T15:01:24.946762+00:00,1403.12,-31.17,+0.12,executed
2026-06-18T19:16:48+00:00,cnsm-web-04,process_leak,683,2026-06-18T19:16:01.259645+00:00,2026-06-18T19:27:24.343828+00:00,683.08,-46.74,+0.08,executed
2026-06-18T19:20:14+00:00,cnsm-io-01,disk_io,1110,2026-06-18T19:20:02.060048+00:00,2026-06-18T19:38:32.190737+00:00,1110.13,-11.94,+0.13,executed
2026-06-18T20:17:40+00:00,cnsm-web-03,network_latency,927,2026-06-18T20:17:01.407293+00:00,2026-06-18T20:32:28.448880+00:00,927.04,-38.59,+0.04,executed
2026-06-19T06:23:14+00:00,cnsm-web-06,process_leak,616,2026-06-19T06:23:02.085358+00:00,2026-06-19T06:33:18.161417+00:00,616.08,-11.91,+0.08,executed
2026-06-19T06:34:34+00:00,cnsm-db-postgres-01,network_latency,1350,2026-06-19T06:34:01.334080+00:00,2026-06-19T06:56:31.349088+00:00,1350.02,-32.67,+0.02,executed
2026-06-19T07:56:37+00:00,cnsm-web-06,network_latency,1063,2026-06-19T07:56:01.398054+00:00,2026-06-19T08:13:44.422367+00:00,1063.02,-35.60,+0.02,executed
2026-06-19T08:41:51+00:00,cnsm-web-02,disk_io,741,2026-06-19T08:41:01.475415+00:00,2026-06-19T08:53:22.608314+00:00,741.13,-49.52,+0.13,executed
2026-06-19T11:28:21+00:00,cnsm-io-01,network_latency,1418,2026-06-19T11:28:01.328106+00:00,2026-06-19T11:51:39.352145+00:00,1418.02,-19.67,+0.02,executed
2026-06-19T12:19:03+00:00,cnsm-web-05,cpu_spike,484,2026-06-19T12:19:01.344196+00:00,2026-06-19T12:27:05.437983+00:00,484.09,-1.66,+0.09,executed
2026-06-19T12:41:45+00:00,cnsm-db-postgres-02,disk_io,346,2026-06-19T12:41:02.183456+00:00,2026-06-19T12:46:48.563650+00:00,346.38,-42.82,+0.38,executed
2026-06-19T14:15:55+00:00,cnsm-mem-01,cpu_spike,1776,2026-06-19T14:15:02.099859+00:00,2026-06-19T14:44:38.187248+00:00,1776.09,-52.90,+0.09,executed
2026-06-19T16:26:21+00:00,cnsm-db-redis-01,disk_io,929,2026-06-19T16:26:01.625437+00:00,2026-06-19T16:41:30.760319+00:00,929.13,-19.37,+0.13,executed
2026-06-19T18:36:19+00:00,cnsm-db-postgres-01,network_latency,366,2026-06-19T18:36:01.301697+00:00,2026-06-19T18:42:07.323739+00:00,366.02,-17.70,+0.02,executed
2026-06-19T18:52:00+00:00,cnsm-web-05,memory_pressure,3355,2026-06-19T18:51:01.138013+00:00,2026-06-19T19:46:56.392136+00:00,3355.25,-58.86,+0.25,executed
2026-06-20T08:33:25+00:00,cnsm-db-redis-01,network_latency,1083,2026-06-20T08:33:01.793684+00:00,2026-06-20T08:51:04.815949+00:00,1083.02,-23.21,+0.02,executed
2026-06-20T13:12:56+00:00,cnsm-db-redis-02,cpu_spike,676,2026-06-20T13:12:01.450931+00:00,2026-06-20T13:23:17.538201+00:00,676.09,-54.55,+0.09,executed
2026-06-20T14:57:47+00:00,cnsm-web-04,disk_io,766,2026-06-20T14:57:01.427349+00:00,2026-06-20T15:09:47.723095+00:00,766.30,-45.57,+0.30,executed
2026-06-20T15:29:17+00:00,cnsm-web-05,network_latency,1335,2026-06-20T15:29:01.833814+00:00,2026-06-20T15:51:16.860581+00:00,1335.03,-15.17,+0.03,executed
2026-06-20T16:35:54+00:00,cnsm-db-postgres-02,disk_io,674,2026-06-20T16:35:01.839652+00:00,2026-06-20T16:46:16.139019+00:00,674.30,-52.16,+0.30,executed
2026-06-20T19:04:16+00:00,cnsm-web-01,process_leak,302,,,,,,missing
2026-06-20T19:06:32+00:00,cnsm-web-03,disk_io,644,2026-06-20T19:06:01.391161+00:00,2026-06-20T19:16:45.591984+00:00,644.20,-30.61,+0.20,executed
2026-06-20T20:11:42+00:00,cnsm-web-01,cpu_spike,852,,,,,,missing
2026-06-20T20:58:42+00:00,cnsm-web-03,process_leak,753,2026-06-20T20:58:01.220670+00:00,2026-06-20T21:10:34.326475+00:00,753.11,-40.78,+0.11,executed
2026-06-20T21:27:50+00:00,cnsm-db-redis-02,process_leak,457,2026-06-20T21:27:01.625321+00:00,2026-06-20T21:34:38.706144+00:00,457.08,-48.37,+0.08,executed
2026-06-20T21:56:51+00:00,cnsm-web-06,cpu_spike,1390,2026-06-20T21:56:02.011733+00:00,2026-06-20T22:19:12.087908+00:00,1390.08,-48.99,+0.08,executed
2026-06-21T06:25:35+00:00,cnsm-db-redis-02,network_latency,586,2026-06-21T06:25:01.992241+00:00,2026-06-21T06:34:48.014698+00:00,586.02,-33.01,+0.02,executed
2026-06-21T07:08:02+00:00,cnsm-db-postgres-02,disk_io,1184,2026-06-21T07:08:01.900929+00:00,2026-06-21T07:27:46.403027+00:00,1184.50,-0.10,+0.50,executed
2026-06-21T07:54:12+00:00,cnsm-web-02,disk_io,781,2026-06-21T07:54:01.579177+00:00,2026-06-21T08:07:02.758146+00:00,781.18,-10.42,+0.18,executed
2026-06-21T07:54:32+00:00,cnsm-web-06,disk_io,773,2026-06-21T07:54:01.568258+00:00,2026-06-21T08:06:54.742384+00:00,773.17,-30.43,+0.17,executed
2026-06-21T08:19:13+00:00,cnsm-io-01,network_latency,1730,2026-06-21T08:19:01.778665+00:00,2026-06-21T08:47:51.801087+00:00,1730.02,-11.22,+0.02,executed
2026-06-21T10:41:16+00:00,cnsm-io-01,disk_io,993,2026-06-21T10:41:02.058047+00:00,2026-06-21T10:57:35.210792+00:00,993.15,-13.94,+0.15,executed
2026-06-21T11:37:43+00:00,cnsm-web-04,disk_io,979,2026-06-21T11:37:01.627094+00:00,2026-06-21T11:53:20.751329+00:00,979.12,-41.37,+0.12,executed
2026-06-21T14:44:45+00:00,cnsm-web-06,network_latency,1137,2026-06-21T14:44:01.277466+00:00,2026-06-21T15:02:58.310509+00:00,1137.03,-43.72,+0.03,executed
2026-06-21T17:04:55+00:00,cnsm-db-redis-02,cpu_spike,797,2026-06-21T17:04:01.517186+00:00,2026-06-21T17:17:18.596436+00:00,797.08,-53.48,+0.08,executed
2026-06-21T17:36:35+00:00,cnsm-web-05,cpu_spike,905,2026-06-21T17:36:01.242692+00:00,2026-06-21T17:51:06.355413+00:00,905.11,-33.76,+0.11,executed
2026-06-21T19:32:48+00:00,cnsm-web-03,cpu_spike,1496,2026-06-21T19:32:01.234164+00:00,2026-06-21T19:56:57.351909+00:00,1496.12,-46.77,+0.12,executed
2026-06-21T19:53:06+00:00,cnsm-db-redis-02,process_leak,624,2026-06-21T19:53:01.573183+00:00,2026-06-21T20:03:25.665842+00:00,624.09,-4.43,+0.09,executed
2026-06-21T20:33:14+00:00,cnsm-web-01,memory_pressure,1629,,,,,,missing
2026-06-22T07:02:58+00:00,cnsm-db-postgres-02,disk_io,339,2026-06-22T07:02:02.300247+00:00,2026-06-22T07:07:41.586007+00:00,339.29,-55.70,+0.29,executed
2026-06-22T09:22:37+00:00,cnsm-mem-01,network_latency,1020,2026-06-22T09:22:01.248703+00:00,2026-06-22T09:39:01.271441+00:00,1020.02,-35.75,+0.02,executed
2026-06-22T10:01:44+00:00,cnsm-mem-01,cpu_spike,980,2026-06-22T10:01:01.805235+00:00,2026-06-22T10:17:21.884534+00:00,980.08,-42.19,+0.08,executed
2026-06-22T12:16:18+00:00,cnsm-web-03,memory_pressure,3528,2026-06-22T12:16:01.427779+00:00,2026-06-22T13:14:49.683895+00:00,3528.26,-16.57,+0.26,executed
2026-06-22T15:29:11+00:00,cnsm-db-postgres-01,process_leak,621,2026-06-22T15:29:01.309510+00:00,2026-06-22T15:39:22.417160+00:00,621.11,-9.69,+0.11,executed
2026-06-22T15:41:45+00:00,cnsm-io-01,disk_io,355,2026-06-22T15:41:01.194904+00:00,2026-06-22T15:46:56.355047+00:00,355.16,-43.81,+0.16,executed
2026-06-22T15:46:47+00:00,cnsm-db-postgres-02,cpu_spike,1768,2026-06-22T15:46:02.178945+00:00,2026-06-22T16:15:30.389049+00:00,1768.21,-44.82,+0.21,executed
2026-06-22T15:55:45+00:00,cnsm-db-postgres-01,disk_io,1134,2026-06-22T15:55:01.235590+00:00,2026-06-22T16:13:55.507204+00:00,1134.27,-43.76,+0.27,executed
2026-06-22T19:15:31+00:00,cnsm-web-02,process_leak,549,2026-06-22T19:15:01.925768+00:00,2026-06-22T19:24:10.996887+00:00,549.07,-29.07,+0.07,executed
2026-06-22T20:15:14+00:00,cnsm-db-postgres-02,disk_io,520,2026-06-22T20:15:01.586881+00:00,2026-06-22T20:23:41.879993+00:00,520.29,-12.41,+0.29,executed
2026-06-22T21:53:42+00:00,cnsm-web-06,cpu_spike,442,2026-06-22T21:53:01.576259+00:00,2026-06-22T22:00:23.626382+00:00,442.05,-40.42,+0.05,executed
2026-06-23T06:01:17+00:00,cnsm-db-redis-02,disk_io,842,2026-06-23T06:01:01.863027+00:00,2026-06-23T06:15:04.125872+00:00,842.26,-15.14,+0.26,executed
2026-06-23T08:22:00+00:00,cnsm-db-redis-02,disk_io,688,2026-06-23T08:21:02.026385+00:00,2026-06-23T08:32:30.167420+00:00,688.14,-57.97,+0.14,executed
2026-06-23T10:13:25+00:00,cnsm-web-02,network_latency,1422,2026-06-23T10:13:01.263537+00:00,2026-06-23T10:36:43.284220+00:00,1422.02,-23.74,+0.02,executed
2026-06-23T11:02:46+00:00,cnsm-web-03,disk_io,800,2026-06-23T11:02:01.424972+00:00,2026-06-23T11:15:21.714740+00:00,800.29,-44.58,+0.29,executed
2026-06-23T14:41:13+00:00,cnsm-web-04,disk_io,395,2026-06-23T14:41:02.054390+00:00,2026-06-23T14:47:37.140127+00:00,395.09,-10.95,+0.09,executed
2026-06-23T16:43:44+00:00,cnsm-db-redis-01,network_latency,668,2026-06-23T16:43:01.196798+00:00,2026-06-23T16:54:09.213495+00:00,668.02,-42.80,+0.02,executed
2026-06-23T19:19:09+00:00,cnsm-web-04,network_latency,1640,2026-06-23T19:19:01.590805+00:00,2026-06-23T19:46:21.607856+00:00,1640.02,-7.41,+0.02,executed
2026-06-24T07:01:56+00:00,cnsm-web-01,cpu_spike,491,,,,,,missing
2026-06-24T07:12:11+00:00,cnsm-web-04,memory_pressure,2723,2026-06-24T07:12:01.586237+00:00,2026-06-24T07:57:24.821504+00:00,2723.24,-9.41,+0.24,executed
2026-06-24T07:36:37+00:00,cnsm-db-redis-02,memory_pressure,1506,2026-06-24T07:36:01.657248+00:00,2026-06-24T08:01:07.960114+00:00,1506.30,-35.34,+0.30,executed
2026-06-24T08:09:45+00:00,cnsm-web-04,disk_io,1154,2026-06-24T08:09:01.861124+00:00,2026-06-24T08:28:16.131805+00:00,1154.27,-43.14,+0.27,executed
2026-06-24T08:11:32+00:00,cnsm-web-05,cpu_spike,659,2026-06-24T08:11:01.293791+00:00,2026-06-24T08:22:00.355562+00:00,659.06,-30.71,+0.06,executed
2026-06-24T08:49:27+00:00,cnsm-web-03,cpu_spike,427,2026-06-24T08:49:01.156258+00:00,2026-06-24T08:56:08.274914+00:00,427.12,-25.84,+0.12,executed
2026-06-24T09:19:34+00:00,cnsm-web-05,process_leak,397,2026-06-24T09:19:01.134423+00:00,2026-06-24T09:25:38.197792+00:00,397.06,-32.87,+0.06,executed
2026-06-24T10:06:24+00:00,cnsm-db-redis-02,cpu_spike,1136,2026-06-24T10:06:02.036407+00:00,2026-06-24T10:24:58.130943+00:00,1136.09,-21.96,+0.09,executed
2026-06-24T10:32:01+00:00,cnsm-db-redis-02,cpu_spike,1441,2026-06-24T10:31:01.783707+00:00,2026-06-24T10:55:02.888774+00:00,1441.11,-59.22,+0.11,executed
2026-06-24T10:36:33+00:00,cnsm-db-postgres-02,network_latency,1495,2026-06-24T10:36:02.079167+00:00,2026-06-24T11:00:57.165214+00:00,1495.09,-30.92,+0.09,executed
2026-06-24T10:43:03+00:00,cnsm-db-postgres-02,cpu_spike,1565,,,,,,missing
2026-06-24T12:26:00+00:00,cnsm-db-postgres-02,process_leak,813,2026-06-24T12:25:01.316453+00:00,2026-06-24T12:38:34.462100+00:00,813.15,-58.68,+0.15,executed
2026-06-24T14:19:28+00:00,cnsm-db-postgres-02,disk_io,554,2026-06-24T14:19:01.839996+00:00,2026-06-24T14:28:16.129179+00:00,554.29,-26.16,+0.29,executed
2026-06-24T14:34:03+00:00,cnsm-mem-01,network_latency,1521,2026-06-24T14:34:02.035335+00:00,2026-06-24T14:59:23.058845+00:00,1521.02,-0.96,+0.02,executed
2026-06-24T16:45:43+00:00,cnsm-db-redis-01,cpu_spike,1267,2026-06-24T16:45:01.283487+00:00,2026-06-24T17:06:08.359017+00:00,1267.08,-41.72,+0.08,executed
2026-06-24T16:51:53+00:00,cnsm-web-02,cpu_spike,1646,2026-06-24T16:51:01.704228+00:00,2026-06-24T17:18:27.774375+00:00,1646.07,-51.30,+0.07,executed
2026-06-24T16:52:19+00:00,cnsm-web-05,network_latency,1228,2026-06-24T16:52:01.570167+00:00,2026-06-24T17:12:29.590125+00:00,1228.02,-17.43,+0.02,executed
2026-06-24T18:15:51+00:00,cnsm-db-postgres-01,memory_pressure,3217,2026-06-24T18:15:01.957448+00:00,2026-06-24T19:08:42.933771+00:00,3220.98,-49.04,+3.98,executed
2026-06-24T18:49:50+00:00,cnsm-mem-01,cpu_spike,473,2026-06-24T18:49:01.462516+00:00,2026-06-24T18:56:54.575958+00:00,473.11,-48.54,+0.11,executed
2026-06-25T06:40:56+00:00,cnsm-io-01,cpu_spike,509,2026-06-25T06:40:01.641290+00:00,2026-06-25T06:48:30.719744+00:00,509.08,-54.36,+0.08,executed
2026-06-25T07:29:44+00:00,cnsm-web-03,network_latency,1427,2026-06-25T07:29:01.631921+00:00,2026-06-25T07:52:48.654968+00:00,1427.02,-42.37,+0.02,executed
2026-06-25T09:17:22+00:00,cnsm-web-05,network_latency,1705,2026-06-25T09:17:02.016612+00:00,2026-06-25T09:45:27.058737+00:00,1705.04,-19.98,+0.04,executed
2026-06-25T09:47:42+00:00,cnsm-web-05,process_leak,681,2026-06-25T09:47:01.310730+00:00,2026-06-25T09:58:22.427141+00:00,681.12,-40.69,+0.12,executed
2026-06-25T10:25:55+00:00,cnsm-web-05,process_leak,620,2026-06-25T10:25:02.058865+00:00,2026-06-25T10:35:22.155395+00:00,620.10,-52.94,+0.10,executed
2026-06-25T13:42:05+00:00,cnsm-io-01,cpu_spike,639,2026-06-25T13:42:01.720582+00:00,2026-06-25T13:52:40.812856+00:00,639.09,-3.28,+0.09,executed
2026-06-25T14:02:11+00:00,cnsm-web-02,cpu_spike,307,2026-06-25T14:02:01.432890+00:00,2026-06-25T14:07:08.498273+00:00,307.07,-9.57,+0.07,executed
2026-06-25T16:10:50+00:00,cnsm-io-01,memory_pressure,3284,2026-06-25T16:10:01.757811+00:00,2026-06-25T17:04:46.050912+00:00,3284.29,-48.24,+0.29,executed
2026-06-25T16:11:56+00:00,cnsm-db-postgres-01,memory_pressure,606,2026-06-25T16:11:01.769221+00:00,2026-06-25T16:21:08.034895+00:00,606.27,-54.23,+0.27,executed
2026-06-25T16:17:46+00:00,cnsm-web-01,cpu_spike,618,,,,,,missing
2026-06-25T17:28:32+00:00,cnsm-web-02,memory_pressure,1122,2026-06-25T17:28:01.739193+00:00,2026-06-25T17:46:44.076360+00:00,1122.34,-30.26,+0.34,executed
2026-06-25T17:42:43+00:00,cnsm-web-02,network_latency,1487,,,,,,missing
2026-06-25T18:01:46+00:00,cnsm-mem-01,disk_io,1055,2026-06-25T18:01:01.258019+00:00,2026-06-25T18:18:36.538918+00:00,1055.28,-44.74,+0.28,executed
2026-06-25T18:05:06+00:00,cnsm-io-01,network_latency,1611,2026-06-25T18:05:02.017517+00:00,2026-06-25T18:31:53.039203+00:00,1611.02,-3.98,+0.02,executed
2026-06-25T18:08:08+00:00,cnsm-web-05,network_latency,1224,2026-06-25T18:08:01.417669+00:00,2026-06-25T18:28:25.449633+00:00,1224.03,-6.58,+0.03,executed
2026-06-25T19:23:14+00:00,cnsm-db-postgres-01,disk_io,916,2026-06-25T19:23:01.681335+00:00,2026-06-25T19:38:17.859196+00:00,916.18,-12.32,+0.18,executed
2026-06-25T20:15:18+00:00,cnsm-db-redis-02,process_leak,759,2026-06-25T20:15:01.696362+00:00,2026-06-25T20:27:40.772443+00:00,759.08,-16.30,+0.08,executed
2026-06-25T21:09:43+00:00,cnsm-web-01,process_leak,494,,,,,,missing
2026-06-26T08:05:15+00:00,cnsm-web-02,disk_io,301,2026-06-26T08:05:01.916099+00:00,2026-06-26T08:10:03.336666+00:00,301.42,-13.08,+0.42,executed
2026-06-26T08:52:17+00:00,cnsm-web-02,disk_io,920,2026-06-26T08:52:01.291619+00:00,2026-06-26T09:07:21.735672+00:00,920.44,-15.71,+0.44,executed
2026-06-26T10:10:13+00:00,cnsm-db-postgres-01,disk_io,709,2026-06-26T10:10:02.008882+00:00,2026-06-26T10:21:51.296985+00:00,709.29,-10.99,+0.29,executed
2026-06-26T14:26:08+00:00,cnsm-mem-01,cpu_spike,913,2026-06-26T14:26:01.865896+00:00,2026-06-26T14:41:14.963086+00:00,913.10,-6.13,+0.10,executed
2026-06-26T14:51:26+00:00,cnsm-db-redis-01,process_leak,539,2026-06-26T14:51:02.062714+00:00,2026-06-26T15:00:01.156907+00:00,539.09,-23.94,+0.09,executed
2026-06-26T15:55:37+00:00,cnsm-web-06,network_latency,1373,2026-06-26T15:55:01.225841+00:00,2026-06-26T16:17:54.284763+00:00,1373.06,-35.77,+0.06,executed
2026-06-26T16:21:18+00:00,cnsm-db-postgres-02,memory_pressure,2302,2026-06-26T16:21:02.478755+00:00,2026-06-26T16:59:25.138603+00:00,2302.66,-15.52,+0.66,executed
2026-06-26T16:39:38+00:00,cnsm-db-postgres-01,disk_io,695,2026-06-26T16:39:01.448600+00:00,2026-06-26T16:50:36.661678+00:00,695.21,-36.55,+0.21,executed
2026-06-26T17:46:25+00:00,cnsm-web-02,disk_io,1105,2026-06-26T17:46:01.159259+00:00,2026-06-26T18:04:26.547350+00:00,1105.39,-23.84,+0.39,executed
2026-06-26T18:22:00+00:00,cnsm-web-03,process_leak,648,2026-06-26T18:21:02.034581+00:00,2026-06-26T18:31:50.118649+00:00,648.08,-57.97,+0.08,executed
2026-06-26T19:17:15+00:00,cnsm-web-06,cpu_spike,741,2026-06-26T19:17:02.068036+00:00,2026-06-26T19:29:23.169079+00:00,741.10,-12.93,+0.10,executed
2026-06-26T20:27:31+00:00,cnsm-mem-01,process_leak,859,2026-06-26T20:27:01.424073+00:00,2026-06-26T20:41:20.525070+00:00,859.10,-29.58,+0.10,executed
2026-06-26T21:33:04+00:00,cnsm-web-02,cpu_spike,1429,2026-06-26T21:33:01.271278+00:00,2026-06-26T21:56:50.350207+00:00,1429.08,-2.73,+0.08,executed
2026-06-27T06:44:21+00:00,cnsm-mem-01,memory_pressure,2132,2026-06-27T06:44:01.269606+00:00,2026-06-27T07:19:35.950840+00:00,2134.68,-19.73,+2.68,executed
2026-06-27T14:01:30+00:00,cnsm-web-06,disk_io,997,2026-06-27T14:01:01.301498+00:00,2026-06-27T14:17:38.464677+00:00,997.16,-28.70,+0.16,executed
2026-06-27T14:59:22+00:00,cnsm-db-postgres-01,cpu_spike,1351,2026-06-27T14:59:01.809356+00:00,2026-06-27T15:21:32.912720+00:00,1351.10,-20.19,+0.10,executed
2026-06-27T15:38:04+00:00,cnsm-db-postgres-02,memory_pressure,1615,2026-06-27T15:38:02.037264+00:00,2026-06-27T16:04:57.340367+00:00,1615.30,-1.96,+0.30,executed
2026-06-27T15:48:28+00:00,cnsm-db-postgres-01,cpu_spike,1219,2026-06-27T15:48:01.825398+00:00,2026-06-27T16:08:20.943570+00:00,1219.12,-26.17,+0.12,executed
2026-06-27T16:04:42+00:00,cnsm-mem-01,disk_io,607,2026-06-27T16:04:01.467414+00:00,2026-06-27T16:14:08.662973+00:00,607.20,-40.53,+0.20,executed
2026-06-27T21:14:56+00:00,cnsm-web-05,disk_io,815,2026-06-27T21:14:01.348412+00:00,2026-06-27T21:27:36.512667+00:00,815.16,-54.65,+0.16,executed
2026-06-28T06:34:46+00:00,cnsm-db-redis-02,disk_io,682,2026-06-28T06:34:02.072912+00:00,2026-06-28T06:45:24.188844+00:00,682.12,-43.93,+0.12,executed
2026-06-28T07:45:51+00:00,cnsm-io-01,memory_pressure,602,2026-06-28T07:45:01.119560+00:00,2026-06-28T07:55:03.484606+00:00,602.37,-49.88,+0.37,executed
2026-06-28T08:20:16+00:00,cnsm-web-04,memory_pressure,1633,2026-06-28T08:20:01.588439+00:00,2026-06-28T08:47:16.130285+00:00,1634.54,-14.41,+1.54,executed
2026-06-28T08:25:03+00:00,cnsm-db-redis-01,disk_io,877,2026-06-28T08:25:01.991679+00:00,2026-06-28T08:39:39.155831+00:00,877.16,-1.01,+0.16,executed
2026-06-28T08:30:16+00:00,cnsm-web-05,cpu_spike,918,2026-06-28T08:30:01.477183+00:00,2026-06-28T08:45:19.550864+00:00,918.07,-14.52,+0.07,executed
2026-06-28T10:22:55+00:00,cnsm-mem-01,disk_io,325,2026-06-28T10:22:01.528444+00:00,2026-06-28T10:27:26.667423+00:00,325.14,-53.47,+0.14,executed
2026-06-28T11:52:57+00:00,cnsm-web-02,cpu_spike,1572,2026-06-28T11:52:01.839304+00:00,2026-06-28T12:18:13.886754+00:00,1572.05,-55.16,+0.05,executed
2026-06-28T12:33:06+00:00,cnsm-mem-01,disk_io,794,2026-06-28T12:33:01.657088+00:00,2026-06-28T12:46:15.745082+00:00,794.09,-4.34,+0.09,executed
2026-06-28T13:32:32+00:00,cnsm-db-redis-02,disk_io,878,2026-06-28T13:32:02.017570+00:00,2026-06-28T13:46:40.165146+00:00,878.15,-29.98,+0.15,executed
2026-06-28T14:32:15+00:00,cnsm-web-01,cpu_spike,1398,,,,,,missing
2026-06-28T16:10:16+00:00,cnsm-web-06,cpu_spike,1057,2026-06-28T16:10:01.588608+00:00,2026-06-28T16:27:38.682934+00:00,1057.09,-14.41,+0.09,executed
2026-06-28T17:48:33+00:00,cnsm-db-redis-02,memory_pressure,1289,2026-06-28T17:48:01.230569+00:00,2026-06-28T18:09:30.442033+00:00,1289.21,-31.77,+0.21,executed
2026-06-28T19:34:38+00:00,cnsm-db-redis-01,process_leak,688,2026-06-28T19:34:01.528751+00:00,2026-06-28T19:45:29.619216+00:00,688.09,-36.47,+0.09,executed
2026-06-28T19:39:27+00:00,cnsm-mem-01,cpu_spike,1750,2026-06-28T19:39:01.852448+00:00,2026-06-28T20:08:11.916280+00:00,1750.06,-25.15,+0.06,executed
2026-06-28T19:56:16+00:00,cnsm-web-06,disk_io,762,2026-06-28T19:56:01.524049+00:00,2026-06-28T20:08:43.713193+00:00,762.19,-14.48,+0.19,executed
2026-06-29T08:14:46+00:00,cnsm-web-01,network_latency,1793,,,,,,missing
2026-06-29T09:51:05+00:00,cnsm-db-redis-02,cpu_spike,1779,2026-06-29T09:51:01.549470+00:00,2026-06-29T10:20:40.645593+00:00,1779.10,-3.45,+0.10,executed
2026-06-29T12:21:43+00:00,cnsm-db-postgres-02,memory_pressure,3084,2026-06-29T12:21:01.702643+00:00,2026-06-29T13:12:27.417287+00:00,3085.71,-41.30,+1.71,executed
2026-06-29T14:02:05+00:00,cnsm-db-postgres-01,disk_io,1071,2026-06-29T14:02:01.253612+00:00,2026-06-29T14:19:52.484033+00:00,1071.23,-3.75,+0.23,executed
2026-06-29T18:37:14+00:00,cnsm-web-05,memory_pressure,702,2026-06-29T18:37:01.332405+00:00,2026-06-29T18:48:44.967146+00:00,703.63,-12.67,+1.63,executed
2026-06-29T20:00:20+00:00,cnsm-db-redis-01,network_latency,364,2026-06-29T20:00:01.949053+00:00,2026-06-29T20:06:06.007703+00:00,364.06,-18.05,+0.06,executed
2026-06-29T20:21:06+00:00,cnsm-web-04,disk_io,549,2026-06-29T20:21:01.485744+00:00,2026-06-29T20:30:10.593989+00:00,549.11,-4.51,+0.11,executed
2026-06-29T20:28:03+00:00,cnsm-web-02,network_latency,1683,2026-06-29T20:28:01.637802+00:00,2026-06-29T20:56:04.655608+00:00,1683.02,-1.36,+0.02,executed
2026-06-30T06:23:47+00:00,cnsm-db-postgres-02,network_latency,978,2026-06-30T06:23:01.730649+00:00,2026-06-30T06:39:19.782591+00:00,978.05,-45.27,+0.05,executed
2026-06-30T08:29:52+00:00,cnsm-web-02,network_latency,1148,2026-06-30T08:29:01.103591+00:00,2026-06-30T08:48:09.123959+00:00,1148.02,-50.90,+0.02,executed
2026-06-30T08:32:08+00:00,cnsm-db-redis-01,cpu_spike,1632,2026-06-30T08:32:01.251801+00:00,2026-06-30T08:59:13.361478+00:00,1632.11,-6.75,+0.11,executed
2026-06-30T09:28:20+00:00,cnsm-mem-01,disk_io,1039,2026-06-30T09:28:01.462629+00:00,2026-06-30T09:45:20.788891+00:00,1039.33,-18.54,+0.33,executed
2026-06-30T10:41:06+00:00,cnsm-db-postgres-02,process_leak,838,2026-06-30T10:41:01.840555+00:00,2026-06-30T10:55:00.054430+00:00,838.21,-4.16,+0.21,executed
2026-06-30T15:51:26+00:00,cnsm-db-postgres-01,cpu_spike,1060,2026-06-30T15:51:01.118198+00:00,2026-06-30T16:08:41.219094+00:00,1060.10,-24.88,+0.10,executed
2026-06-30T17:38:47+00:00,cnsm-web-01,process_leak,518,,,,,,missing
2026-06-30T21:28:38+00:00,cnsm-web-03,disk_io,1111,2026-06-30T21:28:02.078570+00:00,2026-06-30T21:46:33.288035+00:00,1111.21,-35.92,+0.21,executed
2026-07-01T06:24:40+00:00,cnsm-web-03,cpu_spike,988,2026-07-01T06:24:01.858997+00:00,2026-07-01T06:40:29.930584+00:00,988.07,-38.14,+0.07,executed
2026-07-01T08:48:23+00:00,cnsm-web-01,disk_io,845,,,,,,missing
2026-07-01T09:39:25+00:00,cnsm-web-03,cpu_spike,749,2026-07-01T09:39:01.430760+00:00,2026-07-01T09:51:30.485713+00:00,749.05,-23.57,+0.05,executed
2026-07-01T10:12:14+00:00,cnsm-mem-01,process_leak,693,2026-07-01T10:12:01.147283+00:00,2026-07-01T10:23:34.237028+00:00,693.09,-12.85,+0.09,executed
2026-07-01T12:15:17+00:00,cnsm-db-postgres-02,process_leak,585,2026-07-01T12:15:01.261764+00:00,2026-07-01T12:24:46.424183+00:00,585.16,-15.74,+0.16,executed
2026-07-01T12:31:17+00:00,cnsm-io-01,cpu_spike,591,2026-07-01T12:31:01.912537+00:00,2026-07-01T12:40:52.990173+00:00,591.08,-15.09,+0.08,executed
2026-07-01T13:17:34+00:00,cnsm-web-03,cpu_spike,1200,2026-07-01T13:17:01.936363+00:00,2026-07-01T13:37:02.001743+00:00,1200.07,-32.06,+0.07,executed
2026-07-01T14:24:33+00:00,cnsm-web-05,network_latency,1758,2026-07-01T14:24:01.942392+00:00,2026-07-01T14:53:19.970849+00:00,1758.03,-31.06,+0.03,executed
2026-07-01T15:11:20+00:00,cnsm-db-redis-02,process_leak,533,2026-07-01T15:11:01.722569+00:00,2026-07-01T15:19:54.769002+00:00,533.05,-18.28,+0.05,executed
2026-07-01T16:11:03+00:00,cnsm-web-03,disk_io,799,2026-07-01T16:11:01.544888+00:00,2026-07-01T16:24:20.695457+00:00,799.15,-1.46,+0.15,executed
2026-07-01T17:51:09+00:00,cnsm-web-03,process_leak,375,2026-07-01T17:51:01.969892+00:00,2026-07-01T17:57:17.064603+00:00,375.09,-7.03,+0.09,executed
2026-07-01T20:48:34+00:00,cnsm-web-06,disk_io,877,2026-07-01T20:48:01.545099+00:00,2026-07-01T21:02:38.683803+00:00,877.14,-32.45,+0.14,executed
2026-07-01T21:03:43+00:00,cnsm-mem-01,cpu_spike,598,2026-07-01T21:03:01.649991+00:00,2026-07-01T21:12:59.747876+00:00,598.10,-41.35,+0.10,executed
2026-07-02T06:57:24+00:00,cnsm-db-postgres-02,disk_io,323,2026-07-02T06:57:01.607046+00:00,2026-07-02T07:02:24.915065+00:00,323.31,-22.39,+0.31,executed
2026-07-02T07:22:48+00:00,cnsm-db-redis-02,cpu_spike,1617,2026-07-02T07:22:01.089453+00:00,2026-07-02T07:48:58.192529+00:00,1617.10,-46.91,+0.10,executed
2026-07-02T08:30:46+00:00,cnsm-db-postgres-02,cpu_spike,1584,2026-07-02T08:30:02.093907+00:00,2026-07-02T08:56:26.386069+00:00,1584.29,-43.91,+0.29,executed
2026-07-02T09:02:34+00:00,cnsm-db-postgres-02,disk_io,827,2026-07-02T09:02:02.244020+00:00,2026-07-02T09:15:49.632096+00:00,827.39,-31.76,+0.39,executed
2026-07-02T09:17:56+00:00,cnsm-web-04,disk_io,1033,2026-07-02T09:17:01.160379+00:00,2026-07-02T09:34:14.285534+00:00,1033.13,-54.84,+0.13,executed
2026-07-02T10:11:39+00:00,cnsm-db-postgres-02,disk_io,1200,2026-07-02T10:11:01.709342+00:00,2026-07-02T10:31:02.874727+00:00,1201.17,-37.29,+1.17,executed
2026-07-02T11:02:03+00:00,cnsm-web-06,network_latency,807,2026-07-02T11:02:01.390592+00:00,2026-07-02T11:15:28.421298+00:00,807.03,-1.61,+0.03,executed
2026-07-02T11:27:24+00:00,cnsm-db-redis-02,memory_pressure,2855,2026-07-02T11:27:01.423631+00:00,2026-07-02T12:14:36.622568+00:00,2855.20,-22.58,+0.20,executed
2026-07-02T13:41:44+00:00,cnsm-web-06,memory_pressure,2888,2026-07-02T13:41:01.906447+00:00,2026-07-02T14:29:10.140554+00:00,2888.23,-42.09,+0.23,executed
2026-07-02T14:11:04+00:00,cnsm-web-04,cpu_spike,1405,2026-07-02T14:11:01.911516+00:00,2026-07-02T14:34:26.999619+00:00,1405.09,-2.09,+0.09,executed
2026-07-02T14:55:54+00:00,cnsm-db-redis-02,network_latency,1008,2026-07-02T14:55:01.914716+00:00,2026-07-02T15:11:49.934575+00:00,1008.02,-52.09,+0.02,executed
2026-07-02T15:49:30+00:00,cnsm-web-05,cpu_spike,771,2026-07-02T15:49:01.868048+00:00,2026-07-02T16:01:52.961034+00:00,771.09,-28.13,+0.09,executed
2026-07-02T17:15:59+00:00,cnsm-web-05,cpu_spike,858,2026-07-02T17:15:01.107256+00:00,2026-07-02T17:29:19.174472+00:00,858.07,-57.89,+0.07,executed
2026-07-02T17:33:33+00:00,cnsm-io-01,process_leak,829,2026-07-02T17:33:01.865572+00:00,2026-07-02T17:46:50.916572+00:00,829.05,-31.13,+0.05,executed
2026-07-02T17:45:40+00:00,cnsm-db-postgres-01,cpu_spike,1065,2026-07-02T17:45:01.089772+00:00,2026-07-02T18:02:46.161239+00:00,1065.07,-38.91,+0.07,executed
2026-07-02T18:07:19+00:00,cnsm-io-01,disk_io,546,2026-07-02T18:07:01.953479+00:00,2026-07-02T18:16:08.182027+00:00,546.23,-17.05,+0.23,executed
2026-07-02T19:43:34+00:00,cnsm-web-01,process_leak,843,,,,,,missing
2026-07-03T06:10:50+00:00,cnsm-web-06,disk_io,375,2026-07-03T06:10:01.581863+00:00,2026-07-03T06:16:16.700836+00:00,375.12,-48.42,+0.12,executed
2026-07-03T06:35:47+00:00,cnsm-web-01,cpu_spike,707,,,,,,missing
2026-07-03T06:59:02+00:00,cnsm-web-01,disk_io,408,,,,,,missing
2026-07-03T09:45:27+00:00,cnsm-web-04,disk_io,1022,2026-07-03T09:45:01.937512+00:00,2026-07-03T10:02:04.018476+00:00,1022.08,-25.06,+0.08,executed
2026-07-03T11:16:25+00:00,cnsm-io-01,disk_io,493,2026-07-03T11:16:01.757278+00:00,2026-07-03T11:24:15.099476+00:00,493.34,-23.24,+0.34,executed
2026-07-03T11:16:56+00:00,cnsm-web-01,memory_pressure,2621,,,,,,missing
2026-07-03T15:07:18+00:00,cnsm-web-02,network_latency,1269,2026-07-03T15:07:01.229495+00:00,2026-07-03T15:28:10.246783+00:00,1269.02,-16.77,+0.02,executed
2026-07-03T15:40:17+00:00,cnsm-io-01,network_latency,1759,2026-07-03T15:40:01.695221+00:00,2026-07-03T16:09:20.716749+00:00,1759.02,-15.30,+0.02,executed
2026-07-03T19:55:52+00:00,cnsm-web-05,disk_io,907,2026-07-03T19:55:01.891748+00:00,2026-07-03T20:10:09.043797+00:00,907.15,-50.11,+0.15,executed
2026-07-03T21:26:21+00:00,cnsm-mem-01,process_leak,803,2026-07-03T21:26:01.148351+00:00,2026-07-03T21:39:24.208179+00:00,803.06,-19.85,+0.06,executed
2026-07-04T09:07:10+00:00,cnsm-db-postgres-02,cpu_spike,881,2026-07-04T09:07:01.729562+00:00,2026-07-04T09:21:42.895984+00:00,881.17,-8.27,+0.17,executed
2026-07-04T10:07:58+00:00,cnsm-db-postgres-02,disk_io,767,2026-07-04T10:07:01.544522+00:00,2026-07-04T10:19:48.805595+00:00,767.26,-56.46,+0.26,executed
2026-07-04T10:23:34+00:00,cnsm-io-01,memory_pressure,3385,2026-07-04T10:23:01.726172+00:00,2026-07-04T11:19:27.049232+00:00,3385.32,-32.27,+0.32,executed
2026-07-04T18:10:19+00:00,cnsm-web-02,cpu_spike,947,2026-07-04T18:10:01.800476+00:00,2026-07-04T18:25:48.897971+00:00,947.10,-17.20,+0.10,executed
2026-07-04T20:40:07+00:00,cnsm-io-01,process_leak,365,2026-07-04T20:40:01.618325+00:00,2026-07-04T20:46:06.736374+00:00,365.12,-5.38,+0.12,executed
2026-07-04T20:52:44+00:00,cnsm-db-redis-02,memory_pressure,738,2026-07-04T20:52:01.302564+00:00,2026-07-04T21:04:19.418278+00:00,738.12,-42.70,+0.12,executed
2026-07-04T20:55:16+00:00,cnsm-web-06,memory_pressure,922,2026-07-04T20:55:01.798448+00:00,2026-07-04T21:10:25.527982+00:00,923.73,-14.20,+1.73,executed
2026-07-04T21:32:59+00:00,cnsm-db-postgres-02,network_latency,1588,2026-07-04T21:32:01.845790+00:00,2026-07-04T21:58:29.886451+00:00,1588.04,-57.15,+0.04,executed
2026-07-05T06:24:26+00:00,cnsm-db-postgres-01,memory_pressure,2525,2026-07-05T06:24:02.022597+00:00,2026-07-05T07:06:07.372639+00:00,2525.35,-23.98,+0.35,executed
2026-07-05T08:17:32+00:00,cnsm-db-redis-01,network_latency,560,2026-07-05T08:17:01.370634+00:00,2026-07-05T08:26:21.392683+00:00,560.02,-30.63,+0.02,executed
2026-07-05T08:31:16+00:00,cnsm-web-02,cpu_spike,316,2026-07-05T08:31:01.179520+00:00,2026-07-05T08:36:17.261180+00:00,316.08,-14.82,+0.08,executed
2026-07-05T12:06:51+00:00,cnsm-web-06,cpu_spike,740,2026-07-05T12:06:01.849149+00:00,2026-07-05T12:18:22.014635+00:00,740.17,-49.15,+0.17,executed
2026-07-05T15:02:43+00:00,cnsm-web-06,cpu_spike,751,2026-07-05T15:02:01.142089+00:00,2026-07-05T15:14:32.241217+00:00,751.10,-41.86,+0.10,executed
2026-07-05T16:38:54+00:00,cnsm-mem-01,disk_io,697,2026-07-05T16:38:01.240688+00:00,2026-07-05T16:49:38.533991+00:00,697.29,-52.76,+0.29,executed
2026-07-05T19:05:38+00:00,cnsm-db-postgres-02,cpu_spike,491,2026-07-05T19:05:01.230917+00:00,2026-07-05T19:13:12.340830+00:00,491.11,-36.77,+0.11,executed
2026-07-05T19:10:13+00:00,cnsm-db-postgres-01,cpu_spike,708,2026-07-05T19:10:01.821094+00:00,2026-07-05T19:21:49.924354+00:00,708.10,-11.18,+0.10,executed
2026-07-05T19:13:08+00:00,cnsm-web-01,disk_io,852,,,,,,missing
2026-07-05T19:29:41+00:00,cnsm-db-redis-02,cpu_spike,1628,2026-07-05T19:29:01.777255+00:00,2026-07-05T19:56:09.837801+00:00,1628.06,-39.22,+0.06,executed
2026-07-05T19:49:34+00:00,cnsm-db-postgres-02,cpu_spike,1138,2026-07-05T19:49:02.105834+00:00,2026-07-05T20:08:00.341107+00:00,1138.24,-31.89,+0.24,executed
2026-07-05T20:33:09+00:00,cnsm-db-redis-01,disk_io,1020,2026-07-05T20:33:02.069247+00:00,2026-07-05T20:50:02.236181+00:00,1020.17,-6.93,+0.17,executed
2026-07-05T20:35:53+00:00,cnsm-web-03,cpu_spike,355,2026-07-05T20:35:01.559282+00:00,2026-07-05T20:40:56.664204+00:00,355.10,-51.44,+0.10,executed
2026-07-05T21:09:58+00:00,cnsm-mem-01,memory_pressure,2675,2026-07-05T21:09:01.809766+00:00,2026-07-05T21:53:37.174395+00:00,2675.36,-56.19,+0.36,executed
2026-07-06T06:54:48+00:00,cnsm-db-postgres-02,disk_io,410,2026-07-06T06:54:02.222979+00:00,2026-07-06T07:00:52.526003+00:00,410.30,-45.78,+0.30,executed
2026-07-06T06:59:01+00:00,cnsm-web-04,disk_io,795,2026-07-06T06:58:01.925473+00:00,2026-07-06T07:11:17.138062+00:00,795.21,-59.07,+0.21,executed
2026-07-06T07:53:03+00:00,cnsm-web-02,memory_pressure,2112,2026-07-06T07:53:01.326712+00:00,2026-07-06T08:28:13.451677+00:00,2112.12,-1.67,+0.12,executed
2026-07-06T08:50:39+00:00,cnsm-web-01,disk_io,1097,,,,,,missing
2026-07-06T12:03:16+00:00,cnsm-db-redis-02,cpu_spike,849,2026-07-06T12:03:02.063427+00:00,2026-07-06T12:17:11.131953+00:00,849.07,-13.94,+0.07,executed
2026-07-06T13:00:08+00:00,cnsm-db-redis-01,network_latency,423,2026-07-06T13:00:01.303398+00:00,2026-07-06T13:07:04.334729+00:00,423.03,-6.70,+0.03,executed
2026-07-06T15:03:09+00:00,cnsm-mem-01,process_leak,342,2026-07-06T15:03:01.931621+00:00,2026-07-06T15:08:44.016037+00:00,342.08,-7.07,+0.08,executed
2026-07-06T15:20:50+00:00,cnsm-db-postgres-01,disk_io,405,2026-07-06T15:20:01.720891+00:00,2026-07-06T15:26:46.945966+00:00,405.23,-48.28,+0.23,executed
2026-07-06T15:21:03+00:00,cnsm-db-postgres-01,process_leak,597,,,,,,missing
2026-07-06T17:43:35+00:00,cnsm-db-redis-01,cpu_spike,1077,2026-07-06T17:43:01.504571+00:00,2026-07-06T18:00:58.625978+00:00,1077.12,-33.50,+0.12,executed
2026-07-06T18:47:06+00:00,cnsm-mem-01,memory_pressure,750,2026-07-06T18:47:01.492667+00:00,2026-07-06T18:59:31.963017+00:00,750.47,-4.51,+0.47,executed
2026-07-06T20:41:50+00:00,cnsm-web-05,disk_io,960,2026-07-06T20:41:01.617237+00:00,2026-07-06T20:57:01.760482+00:00,960.14,-48.38,+0.14,executed
2026-07-07T09:08:06+00:00,cnsm-web-01,disk_io,469,,,,,,missing
2026-07-07T11:32:52+00:00,cnsm-web-04,disk_io,314,2026-07-07T11:32:01.897568+00:00,2026-07-07T11:37:16.254097+00:00,314.36,-50.10,+0.36,executed
2026-07-07T12:32:26+00:00,cnsm-web-04,disk_io,448,2026-07-07T12:32:01.221275+00:00,2026-07-07T12:39:29.346767+00:00,448.13,-24.78,+0.13,executed
2026-07-07T14:02:39+00:00,cnsm-mem-01,disk_io,463,2026-07-07T14:02:01.461031+00:00,2026-07-07T14:09:44.633478+00:00,463.17,-37.54,+0.17,executed
2026-07-07T15:53:15+00:00,cnsm-db-redis-02,disk_io,787,2026-07-07T15:53:01.542844+00:00,2026-07-07T16:06:08.686191+00:00,787.14,-13.46,+0.14,executed
2026-07-07T16:40:16+00:00,cnsm-db-redis-02,process_leak,684,2026-07-07T16:40:01.311416+00:00,2026-07-07T16:51:25.382723+00:00,684.07,-14.69,+0.07,executed
2026-07-07T17:25:11+00:00,cnsm-web-03,network_latency,898,2026-07-07T17:25:01.421041+00:00,2026-07-07T17:39:59.439036+00:00,898.02,-9.58,+0.02,executed
2026-07-07T17:30:27+00:00,cnsm-io-01,disk_io,915,2026-07-07T17:30:01.439506+00:00,2026-07-07T17:45:16.796031+00:00,915.36,-25.56,+0.36,executed
2026-07-07T17:41:07+00:00,cnsm-web-03,network_latency,1387,2026-07-07T17:41:01.640435+00:00,2026-07-07T18:04:08.673505+00:00,1387.03,-5.36,+0.03,executed
2026-07-07T17:43:31+00:00,cnsm-db-postgres-02,process_leak,570,2026-07-07T17:43:01.365238+00:00,2026-07-07T17:52:31.518810+00:00,570.15,-29.63,+0.15,executed
2026-07-07T18:57:48+00:00,cnsm-db-postgres-02,cpu_spike,1472,2026-07-07T18:57:01.173361+00:00,2026-07-07T19:21:33.325188+00:00,1472.15,-46.83,+0.15,executed
2026-07-07T19:39:02+00:00,cnsm-web-06,disk_io,1110,2026-07-07T19:39:01.932928+00:00,2026-07-07T19:57:32.058022+00:00,1110.13,-0.07,+0.13,executed
2026-07-07T20:38:16+00:00,cnsm-mem-01,cpu_spike,1349,2026-07-07T20:38:01.226528+00:00,2026-07-07T21:00:30.298971+00:00,1349.07,-14.77,+0.07,executed
2026-07-07T21:02:24+00:00,cnsm-mem-01,network_latency,641,2026-07-07T21:02:01.552462+00:00,2026-07-07T21:12:42.575924+00:00,641.02,-22.45,+0.02,executed
2026-07-08T06:05:30+00:00,cnsm-db-redis-01,disk_io,773,2026-07-08T06:05:01.683500+00:00,2026-07-08T06:17:54.797402+00:00,773.11,-28.32,+0.11,executed
2026-07-08T06:12:57+00:00,cnsm-db-redis-02,cpu_spike,744,2026-07-08T06:12:01.479692+00:00,2026-07-08T06:24:25.550061+00:00,744.07,-55.52,+0.07,executed
2026-07-08T06:22:58+00:00,cnsm-web-06,process_leak,685,2026-07-08T06:22:01.736076+00:00,2026-07-08T06:33:26.839619+00:00,685.10,-56.26,+0.10,executed
2026-07-08T07:37:16+00:00,cnsm-web-05,process_leak,875,2026-07-08T07:37:01.809428+00:00,2026-07-08T07:51:36.906033+00:00,875.10,-14.19,+0.10,executed
2026-07-08T08:32:33+00:00,cnsm-mem-01,disk_io,736,2026-07-08T08:32:01.575795+00:00,2026-07-08T08:44:17.719275+00:00,736.14,-31.42,+0.14,executed
2026-07-08T09:57:29+00:00,cnsm-db-redis-02,disk_io,840,2026-07-08T09:57:01.875960+00:00,2026-07-08T10:11:02.008400+00:00,840.13,-27.12,+0.13,executed
2026-07-08T10:57:39+00:00,cnsm-db-postgres-02,process_leak,632,2026-07-08T10:57:02.073134+00:00,2026-07-08T11:07:34.324668+00:00,632.25,-36.93,+0.25,executed
2026-07-08T11:00:27+00:00,cnsm-web-02,cpu_spike,319,2026-07-08T11:00:01.770767+00:00,2026-07-08T11:05:20.843994+00:00,319.07,-25.23,+0.07,executed
2026-07-08T13:43:13+00:00,cnsm-web-01,cpu_spike,964,,,,,,missing
2026-07-08T18:07:04+00:00,cnsm-db-redis-02,network_latency,792,2026-07-08T18:07:01.161332+00:00,2026-07-08T18:20:13.179315+00:00,792.02,-2.84,+0.02,executed
2026-07-08T18:08:39+00:00,cnsm-web-03,memory_pressure,1492,2026-07-08T18:08:01.291589+00:00,2026-07-08T18:32:55.067615+00:00,1493.78,-37.71,+1.78,executed
2026-07-08T18:18:54+00:00,cnsm-web-06,network_latency,816,2026-07-08T18:18:01.600516+00:00,2026-07-08T18:31:37.631928+00:00,816.03,-52.40,+0.03,executed
2026-07-08T19:07:43+00:00,cnsm-web-03,cpu_spike,1657,2026-07-08T19:07:01.798059+00:00,2026-07-08T19:34:38.895614+00:00,1657.10,-41.20,+0.10,executed
2026-07-08T21:28:20+00:00,cnsm-mem-01,process_leak,331,2026-07-08T21:28:01.384172+00:00,2026-07-08T21:33:32.460418+00:00,331.08,-18.62,+0.08,executed
2026-07-09T07:39:09+00:00,cnsm-web-04,cpu_spike,503,2026-07-09T07:39:01.590094+00:00,2026-07-09T07:47:24.694092+00:00,503.10,-7.41,+0.10,executed
2026-07-09T07:50:45+00:00,cnsm-web-03,disk_io,924,2026-07-09T07:50:01.480748+00:00,2026-07-09T08:05:25.657573+00:00,924.18,-43.52,+0.18,executed
2026-07-09T09:59:49+00:00,cnsm-db-redis-01,cpu_spike,986,2026-07-09T09:59:01.996708+00:00,2026-07-09T10:15:28.096429+00:00,986.10,-47.00,+0.10,executed
2026-07-09T12:11:34+00:00,cnsm-db-redis-01,memory_pressure,3102,2026-07-09T12:11:02.074890+00:00,2026-07-09T13:02:44.535161+00:00,3102.46,-31.93,+0.46,executed
2026-07-09T14:31:13+00:00,cnsm-mem-01,process_leak,416,2026-07-09T14:31:01.508615+00:00,2026-07-09T14:37:57.568945+00:00,416.06,-11.49,+0.06,executed
2026-07-09T16:07:05+00:00,cnsm-web-06,memory_pressure,2256,2026-07-09T16:07:01.485768+00:00,2026-07-09T16:44:40.131534+00:00,2258.65,-3.51,+2.65,executed
2026-07-09T17:49:39+00:00,cnsm-db-redis-01,cpu_spike,775,2026-07-09T17:49:01.979276+00:00,2026-07-09T18:01:57.064512+00:00,775.09,-37.02,+0.09,executed
2026-07-09T19:23:42+00:00,cnsm-mem-01,network_latency,1085,2026-07-09T19:23:01.822582+00:00,2026-07-09T19:41:06.860902+00:00,1085.04,-40.18,+0.04,executed
2026-07-09T21:53:45+00:00,cnsm-mem-01,cpu_spike,796,2026-07-09T21:53:01.784020+00:00,2026-07-09T22:06:17.835246+00:00,796.05,-43.22,+0.05,executed
2026-07-10T06:30:17+00:00,cnsm-web-05,cpu_spike,1047,2026-07-10T06:30:01.587758+00:00,2026-07-10T06:47:28.699507+00:00,1047.11,-15.41,+0.11,executed
2026-07-10T09:51:05+00:00,cnsm-mem-01,disk_io,1192,2026-07-10T09:51:01.900468+00:00,2026-07-10T10:10:54.181535+00:00,1192.28,-3.10,+0.28,executed
2026-07-10T10:36:58+00:00,cnsm-io-01,cpu_spike,1293,2026-07-10T10:36:01.326561+00:00,2026-07-10T10:57:34.464441+00:00,1293.14,-56.67,+0.14,executed
2026-07-10T11:07:21+00:00,cnsm-web-03,disk_io,677,2026-07-10T11:07:01.741910+00:00,2026-07-10T11:18:18.877184+00:00,677.14,-19.26,+0.14,executed
2026-07-10T16:15:49+00:00,cnsm-db-redis-01,process_leak,609,2026-07-10T16:15:01.755456+00:00,2026-07-10T16:25:10.838358+00:00,609.08,-47.24,+0.08,executed
2026-07-10T18:07:25+00:00,cnsm-web-05,memory_pressure,2160,2026-07-10T18:07:01.700794+00:00,2026-07-10T18:43:01.906789+00:00,2160.21,-23.30,+0.21,executed
2026-07-10T19:55:00+00:00,cnsm-web-04,cpu_spike,1192,2026-07-10T19:54:01.831741+00:00,2026-07-10T20:13:53.909843+00:00,1192.08,-58.17,+0.08,executed
2026-07-11T08:00:22+00:00,cnsm-io-01,network_latency,836,2026-07-11T08:00:01.687295+00:00,2026-07-11T08:13:57.719444+00:00,836.03,-20.31,+0.03,executed
2026-07-11T10:06:28+00:00,cnsm-web-06,disk_io,357,2026-07-11T10:06:01.722983+00:00,2026-07-11T10:11:58.862215+00:00,357.14,-26.28,+0.14,executed
2026-07-11T11:56:00+00:00,cnsm-mem-01,disk_io,739,2026-07-11T11:55:01.620453+00:00,2026-07-11T12:07:20.756331+00:00,739.14,-58.38,+0.14,executed
2026-07-11T11:59:20+00:00,cnsm-mem-01,cpu_spike,1417,,,,,,missing
2026-07-11T12:33:57+00:00,cnsm-web-03,disk_io,574,2026-07-11T12:33:01.419653+00:00,2026-07-11T12:42:35.583823+00:00,574.16,-55.58,+0.16,executed
2026-07-11T15:28:43+00:00,cnsm-db-postgres-02,network_latency,988,2026-07-11T15:28:01.390544+00:00,2026-07-11T15:44:29.519009+00:00,988.13,-41.61,+0.13,executed
2026-07-11T15:40:09+00:00,cnsm-mem-01,cpu_spike,1562,2026-07-11T15:40:01.826287+00:00,2026-07-11T16:06:03.948305+00:00,1562.12,-7.17,+0.12,executed
2026-07-11T15:40:28+00:00,cnsm-web-05,cpu_spike,1168,2026-07-11T15:40:01.304019+00:00,2026-07-11T15:59:29.377437+00:00,1168.07,-26.70,+0.07,executed
2026-07-11T15:40:49+00:00,cnsm-web-04,cpu_spike,1262,2026-07-11T15:40:01.673888+00:00,2026-07-11T16:01:03.748829+00:00,1262.07,-47.33,+0.07,executed
2026-07-11T16:01:36+00:00,cnsm-web-05,disk_io,478,2026-07-11T16:01:01.586975+00:00,2026-07-11T16:08:59.675299+00:00,478.09,-34.41,+0.09,executed
2026-07-11T17:02:09+00:00,cnsm-mem-01,cpu_spike,578,2026-07-11T17:02:01.845688+00:00,2026-07-11T17:11:39.959838+00:00,578.11,-7.15,+0.11,executed
2026-07-11T17:19:48+00:00,cnsm-web-02,cpu_spike,381,2026-07-11T17:19:01.980725+00:00,2026-07-11T17:25:23.121589+00:00,381.14,-46.02,+0.14,executed
2026-07-11T17:55:43+00:00,cnsm-io-01,cpu_spike,1755,2026-07-11T17:55:01.121277+00:00,2026-07-11T18:24:16.222812+00:00,1755.10,-41.88,+0.10,executed
2026-07-11T19:30:16+00:00,cnsm-web-02,process_leak,624,2026-07-11T19:30:01.629406+00:00,2026-07-11T19:40:25.783003+00:00,624.15,-14.37,+0.15,executed
2026-07-11T21:16:00+00:00,cnsm-db-postgres-02,network_latency,1642,2026-07-11T21:15:01.387372+00:00,2026-07-11T21:42:23.444169+00:00,1642.06,-58.61,+0.06,executed
2026-07-11T21:44:01+00:00,cnsm-web-01,memory_pressure,860,2026-07-11T21:43:01.792288+00:00,2026-07-11T21:57:24.389920+00:00,862.60,-59.21,+2.60,executed
2026-07-12T07:15:23+00:00,cnsm-db-redis-01,process_leak,345,2026-07-12T07:15:01.427577+00:00,2026-07-12T07:20:46.531714+00:00,345.10,-21.57,+0.10,executed
2026-07-12T11:41:28+00:00,cnsm-web-06,disk_io,456,2026-07-12T11:41:01.135894+00:00,2026-07-12T11:48:37.260986+00:00,456.13,-26.86,+0.13,executed
2026-07-12T13:35:02+00:00,cnsm-mem-01,cpu_spike,1723,2026-07-12T13:34:02.072592+00:00,2026-07-12T14:02:45.150072+00:00,1723.08,-59.93,+0.08,executed
2026-07-12T14:47:01+00:00,cnsm-web-01,cpu_spike,841,,,,,,missing
2026-07-12T16:21:27+00:00,cnsm-db-redis-02,cpu_spike,1741,2026-07-12T16:21:01.525747+00:00,2026-07-12T16:50:02.640691+00:00,1741.11,-25.47,+0.11,executed
2026-07-12T17:40:51+00:00,cnsm-db-redis-02,cpu_spike,1534,2026-07-12T17:40:01.858167+00:00,2026-07-12T18:05:35.942366+00:00,1534.08,-49.14,+0.08,executed
2026-07-12T17:45:56+00:00,cnsm-web-06,network_latency,1274,2026-07-12T17:45:01.303815+00:00,2026-07-12T18:06:15.363425+00:00,1274.06,-54.70,+0.06,executed
2026-07-12T18:08:43+00:00,cnsm-db-redis-02,process_leak,706,2026-07-12T18:08:01.236394+00:00,2026-07-12T18:19:47.317919+00:00,706.08,-41.76,+0.08,executed
2026-07-12T19:28:26+00:00,cnsm-db-redis-01,disk_io,682,2026-07-12T19:28:01.639324+00:00,2026-07-12T19:39:23.766804+00:00,682.13,-24.36,+0.13,executed
2026-07-12T20:41:21+00:00,cnsm-db-postgres-02,disk_io,827,2026-07-12T20:41:01.710319+00:00,2026-07-12T20:54:49.105692+00:00,827.40,-19.29,+0.40,executed
2026-07-12T20:49:21+00:00,cnsm-web-03,process_leak,531,2026-07-12T20:49:02.007764+00:00,2026-07-12T20:57:53.082089+00:00,531.07,-18.99,+0.07,executed
2026-07-13T07:19:56+00:00,cnsm-io-01,process_leak,479,2026-07-13T07:19:01.458631+00:00,2026-07-13T07:27:00.567744+00:00,479.11,-54.54,+0.11,executed
2026-07-13T08:15:05+00:00,cnsm-web-04,network_latency,1592,2026-07-13T08:15:02.042952+00:00,2026-07-13T08:41:34.085789+00:00,1592.04,-2.96,+0.04,executed
2026-07-13T09:46:37+00:00,cnsm-db-postgres-01,process_leak,592,2026-07-13T09:46:01.823680+00:00,2026-07-13T09:55:53.910843+00:00,592.09,-35.18,+0.09,executed
2026-07-13T11:35:00+00:00,cnsm-web-02,process_leak,816,2026-07-13T11:34:01.644415+00:00,2026-07-13T11:47:37.749454+00:00,816.11,-58.36,+0.11,executed
2026-07-13T11:52:33+00:00,cnsm-mem-01,network_latency,1679,2026-07-13T11:52:01.422094+00:00,2026-07-13T12:20:00.439701+00:00,1679.02,-31.58,+0.02,executed
2026-07-13T13:43:45+00:00,cnsm-web-06,cpu_spike,1682,2026-07-13T13:43:01.774600+00:00,2026-07-13T14:11:03.849086+00:00,1682.07,-43.23,+0.07,executed
2026-07-13T17:04:24+00:00,cnsm-web-06,disk_io,908,2026-07-13T17:04:01.814447+00:00,2026-07-13T17:19:09.909465+00:00,908.10,-22.19,+0.10,executed
2026-07-13T17:18:10+00:00,cnsm-web-05,disk_io,344,2026-07-13T17:18:01.965624+00:00,2026-07-13T17:23:46.060917+00:00,344.10,-8.03,+0.10,executed
2026-07-13T17:51:55+00:00,cnsm-db-postgres-01,cpu_spike,310,2026-07-13T17:51:01.731535+00:00,2026-07-13T17:56:11.834677+00:00,310.10,-53.27,+0.10,executed
2026-07-13T18:34:25+00:00,cnsm-web-05,disk_io,717,2026-07-13T18:34:01.894974+00:00,2026-07-13T18:45:59.016940+00:00,717.12,-23.11,+0.12,executed
2026-07-13T18:37:53+00:00,cnsm-db-redis-01,cpu_spike,1501,2026-07-13T18:37:01.499533+00:00,2026-07-13T19:02:02.609461+00:00,1501.11,-51.50,+0.11,executed
2026-07-13T18:39:07+00:00,cnsm-web-04,process_leak,546,2026-07-13T18:39:01.919183+00:00,2026-07-13T18:48:07.973095+00:00,546.05,-5.08,+0.05,executed
2026-07-13T21:42:37+00:00,cnsm-db-redis-02,disk_io,799,2026-07-13T21:42:01.102493+00:00,2026-07-13T21:55:20.215110+00:00,799.11,-35.90,+0.11,executed
2026-07-14T06:14:46+00:00,cnsm-web-02,memory_pressure,1233,2026-07-14T06:14:01.530337+00:00,2026-07-14T06:34:34.715818+00:00,1233.19,-44.47,+0.19,executed
2026-07-14T07:55:47+00:00,cnsm-mem-01,network_latency,1035,2026-07-14T07:55:01.517948+00:00,2026-07-14T08:12:16.536718+00:00,1035.02,-45.48,+0.02,executed
2026-07-14T09:49:41+00:00,cnsm-db-postgres-01,disk_io,895,2026-07-14T09:49:01.660122+00:00,2026-07-14T10:03:56.921983+00:00,895.26,-39.34,+0.26,executed
2026-07-14T10:50:31+00:00,cnsm-web-04,memory_pressure,2641,2026-07-14T10:50:01.115834+00:00,2026-07-14T11:34:04.020945+00:00,2642.91,-29.88,+1.91,executed
2026-07-14T10:58:57+00:00,cnsm-io-01,disk_io,721,2026-07-14T10:58:01.518378+00:00,2026-07-14T11:10:02.846201+00:00,721.33,-55.48,+0.33,executed
2026-07-14T14:45:54+00:00,cnsm-web-05,network_latency,1596,2026-07-14T14:45:01.266281+00:00,2026-07-14T15:11:37.302332+00:00,1596.04,-52.73,+0.04,executed
2026-07-14T14:52:38+00:00,cnsm-db-redis-02,disk_io,662,2026-07-14T14:52:01.234748+00:00,2026-07-14T15:03:03.397460+00:00,662.16,-36.77,+0.16,executed
2026-07-14T17:36:19+00:00,cnsm-web-01,cpu_spike,693,,,,,,missing
2026-07-15T06:34:35+00:00,cnsm-web-01,disk_io,360,,,,,,missing
2026-07-15T07:09:53+00:00,cnsm-web-03,process_leak,452,2026-07-15T07:09:01.597829+00:00,2026-07-15T07:16:33.650980+00:00,452.05,-51.40,+0.05,executed
2026-07-15T07:14:02+00:00,cnsm-web-06,disk_io,610,2026-07-15T07:14:01.834575+00:00,2026-07-15T07:24:11.991695+00:00,610.16,-0.17,+0.16,executed
2026-07-15T08:33:22+00:00,cnsm-io-01,disk_io,312,2026-07-15T08:33:01.366278+00:00,2026-07-15T08:38:13.495047+00:00,312.13,-20.63,+0.13,executed
2026-07-15T08:33:42+00:00,cnsm-db-postgres-01,memory_pressure,2710,2026-07-15T08:33:01.372895+00:00,2026-07-15T09:18:11.524648+00:00,2710.15,-40.63,+0.15,executed
2026-07-15T11:11:52+00:00,cnsm-mem-01,disk_io,955,2026-07-15T11:11:01.492131+00:00,2026-07-15T11:26:56.786417+00:00,955.29,-50.51,+0.29,executed
2026-07-15T11:23:51+00:00,cnsm-web-06,cpu_spike,362,2026-07-15T11:23:01.606052+00:00,2026-07-15T11:29:03.681553+00:00,362.08,-49.39,+0.08,executed
2026-07-15T17:13:13+00:00,cnsm-db-postgres-01,memory_pressure,2184,2026-07-15T17:13:01.963878+00:00,2026-07-15T17:49:26.193828+00:00,2184.23,-11.04,+0.23,executed
2026-07-15T19:43:50+00:00,cnsm-db-redis-02,disk_io,309,2026-07-15T19:43:01.336229+00:00,2026-07-15T19:48:10.609718+00:00,309.27,-48.66,+0.27,executed
2026-07-15T20:34:54+00:00,cnsm-web-02,cpu_spike,836,2026-07-15T20:34:01.742100+00:00,2026-07-15T20:47:57.881878+00:00,836.14,-52.26,+0.14,executed
2026-07-15T21:06:38+00:00,cnsm-web-03,process_leak,312,2026-07-15T21:06:01.936111+00:00,2026-07-15T21:11:14.010479+00:00,312.07,-36.06,+0.07,executed
2026-07-16T06:21:58+00:00,cnsm-db-redis-01,cpu_spike,1412,2026-07-16T06:21:01.186737+00:00,2026-07-16T06:44:33.246545+00:00,1412.06,-56.81,+0.06,executed
2026-07-16T06:45:38+00:00,cnsm-web-02,disk_io,821,2026-07-16T06:45:01.962903+00:00,2026-07-16T06:58:43.079990+00:00,821.12,-36.04,+0.12,executed
2026-07-16T07:16:47+00:00,cnsm-web-05,disk_io,954,2026-07-16T07:16:01.550093+00:00,2026-07-16T07:31:55.736694+00:00,954.19,-45.45,+0.19,executed
2026-07-16T07:45:08+00:00,cnsm-db-postgres-02,memory_pressure,1837,2026-07-16T07:45:01.095231+00:00,2026-07-16T08:15:38.588472+00:00,1837.49,-6.90,+0.49,executed
2026-07-16T09:01:20+00:00,cnsm-web-01,cpu_spike,863,,,,,,missing
2026-07-16T09:42:54+00:00,cnsm-web-03,cpu_spike,1177,2026-07-16T09:42:01.385144+00:00,2026-07-16T10:01:38.455280+00:00,1177.07,-52.61,+0.07,executed
2026-07-16T10:16:46+00:00,cnsm-web-06,disk_io,950,2026-07-16T10:16:01.992343+00:00,2026-07-16T10:31:52.198070+00:00,950.21,-44.01,+0.21,executed
2026-07-16T21:05:53+00:00,cnsm-web-04,cpu_spike,605,,,,,,missing
2026-07-16T21:08:21+00:00,cnsm-web-05,memory_pressure,858,2026-07-16T21:08:02.016504+00:00,2026-07-16T21:22:21.761083+00:00,859.74,-18.98,+1.74,executed
2026-07-17T06:07:37+00:00,cnsm-web-04,cpu_spike,1205,,,,,,missing
2026-07-17T06:53:28+00:00,cnsm-web-06,disk_io,492,2026-07-17T06:53:01.813411+00:00,2026-07-17T07:01:13.957748+00:00,492.14,-26.19,+0.14,executed
2026-07-17T08:18:00+00:00,cnsm-web-02,network_latency,1355,2026-07-17T08:17:01.232931+00:00,2026-07-17T08:39:36.278837+00:00,1355.05,-58.77,+0.05,executed
2026-07-17T08:54:44+00:00,cnsm-web-04,network_latency,972,,,,,,missing
2026-07-17T10:50:41+00:00,cnsm-db-redis-01,network_latency,1012,2026-07-17T10:50:01.124769+00:00,2026-07-17T11:06:53.162920+00:00,1012.04,-39.88,+0.04,executed
2026-07-17T11:18:52+00:00,cnsm-db-redis-02,disk_io,1178,2026-07-17T11:18:01.811998+00:00,2026-07-17T11:37:39.953942+00:00,1178.14,-50.19,+0.14,executed
2026-07-17T13:18:01+00:00,cnsm-io-01,memory_pressure,2076,2026-07-17T13:17:02.064939+00:00,2026-07-17T13:51:42.494862+00:00,2080.43,-58.94,+4.43,executed
2026-07-17T16:43:33+00:00,cnsm-web-02,process_leak,305,2026-07-17T16:43:01.996744+00:00,2026-07-17T16:48:07.085745+00:00,305.09,-31.00,+0.09,executed
2026-07-17T19:07:15+00:00,cnsm-web-05,memory_pressure,1172,2026-07-17T19:07:01.598895+00:00,2026-07-17T19:26:33.765561+00:00,1172.17,-13.40,+0.17,executed
2026-07-17T19:22:27+00:00,cnsm-web-01,network_latency,1167,,,,,,missing
2026-07-17T20:27:35+00:00,cnsm-web-04,memory_pressure,2822,,,,,,missing
2026-07-18T06:08:33+00:00,cnsm-web-05,disk_io,315,2026-07-18T06:08:01.681570+00:00,2026-07-18T06:13:16.797707+00:00,315.12,-31.32,+0.12,executed
2026-07-18T06:24:24+00:00,cnsm-web-06,process_leak,644,2026-07-18T06:24:01.544806+00:00,2026-07-18T06:34:45.641257+00:00,644.10,-22.46,+0.10,executed
2026-07-18T06:25:44+00:00,cnsm-web-06,cpu_spike,1168,,,,,,missing
2026-07-18T07:55:53+00:00,cnsm-web-04,memory_pressure,2240,,,,,,missing
2026-07-18T11:47:09+00:00,cnsm-web-02,disk_io,638,2026-07-18T11:47:01.453149+00:00,2026-07-18T11:57:39.635646+00:00,638.18,-7.55,+0.18,executed
2026-07-18T12:27:05+00:00,cnsm-web-04,cpu_spike,535,,,,,,missing
2026-07-18T13:26:23+00:00,cnsm-db-redis-01,process_leak,607,2026-07-18T13:26:02.078746+00:00,2026-07-18T13:36:09.146680+00:00,607.07,-20.92,+0.07,executed
2026-07-18T17:04:23+00:00,cnsm-web-03,disk_io,818,2026-07-18T17:04:01.138978+00:00,2026-07-18T17:17:39.294565+00:00,818.16,-21.86,+0.16,executed
2026-07-18T17:51:05+00:00,cnsm-web-04,process_leak,309,,,,,,missing
2026-07-18T18:04:02+00:00,cnsm-web-02,memory_pressure,1021,,,,,,missing
2026-07-18T19:34:07+00:00,cnsm-web-02,process_leak,843,2026-07-18T19:34:01.692845+00:00,2026-07-18T19:48:04.801588+00:00,843.11,-5.31,+0.11,executed
2026-07-18T20:03:15+00:00,cnsm-db-redis-01,memory_pressure,1084,2026-07-18T20:03:01.649598+00:00,2026-07-18T20:21:06.031641+00:00,1084.38,-13.35,+0.38,executed
2026-07-18T21:55:24+00:00,cnsm-web-04,disk_io,452,,,,,,missing
2026-07-19T07:05:11+00:00,cnsm-db-postgres-02,disk_io,781,2026-07-19T07:05:01.812779+00:00,2026-07-19T07:18:03.405536+00:00,781.59,-9.19,+0.59,executed
2026-07-19T08:41:03+00:00,cnsm-web-06,process_leak,733,2026-07-19T08:41:01.994785+00:00,2026-07-19T08:53:15.070839+00:00,733.08,-1.01,+0.08,executed
2026-07-19T09:03:11+00:00,cnsm-web-01,network_latency,1638,,,,,,missing
2026-07-19T10:36:38+00:00,cnsm-db-redis-02,disk_io,740,2026-07-19T10:36:02.014392+00:00,2026-07-19T10:48:22.152937+00:00,740.14,-35.99,+0.14,executed
2026-07-19T15:29:05+00:00,cnsm-web-02,cpu_spike,947,2026-07-19T15:29:02.029986+00:00,2026-07-19T15:44:49.170750+00:00,947.14,-2.97,+0.14,executed
2026-07-19T16:01:31+00:00,cnsm-web-02,disk_io,418,2026-07-19T16:01:01.236623+00:00,2026-07-19T16:07:59.405923+00:00,418.17,-29.76,+0.17,executed
2026-07-19T16:15:28+00:00,cnsm-web-02,cpu_spike,843,2026-07-19T16:15:01.340666+00:00,2026-07-19T16:29:04.520443+00:00,843.18,-26.66,+0.18,executed
2026-07-19T17:28:38+00:00,cnsm-web-01,disk_io,829,,,,,,missing
2026-07-19T17:36:20+00:00,cnsm-db-redis-02,network_latency,1407,2026-07-19T17:36:01.760279+00:00,2026-07-19T17:59:28.790384+00:00,1407.03,-18.24,+0.03,executed
2026-07-19T18:15:54+00:00,cnsm-web-02,network_latency,656,2026-07-19T18:15:01.923337+00:00,2026-07-19T18:25:57.959991+00:00,656.04,-52.08,+0.04,executed
2026-07-19T19:37:46+00:00,cnsm-web-05,memory_pressure,3576,2026-07-19T19:37:01.792154+00:00,2026-07-19T20:36:38.004422+00:00,3576.21,-44.21,+0.21,executed
2026-07-19T20:21:44+00:00,cnsm-web-06,cpu_spike,1689,2026-07-19T20:21:01.594579+00:00,2026-07-19T20:49:10.694687+00:00,1689.10,-42.41,+0.10,executed
2026-07-19T20:23:45+00:00,cnsm-db-postgres-01,network_latency,1061,2026-07-19T20:23:01.180636+00:00,2026-07-19T20:40:42.209549+00:00,1061.03,-43.82,+0.03,executed
2026-07-19T20:34:10+00:00,cnsm-db-postgres-01,cpu_spike,1468,,,,,,missing
2026-07-19T21:56:46+00:00,cnsm-web-06,network_latency,1524,2026-07-19T21:56:01.903708+00:00,2026-07-19T22:21:25.939456+00:00,1524.04,-44.10,+0.04,executed
2026-07-20T09:43:30+00:00,cnsm-web-01,memory_pressure,2799,,,,,,missing
2026-07-20T09:55:57+00:00,cnsm-db-redis-02,disk_io,1147,2026-07-20T09:55:01.760810+00:00,2026-07-20T10:14:08.901926+00:00,1147.14,-55.24,+0.14,executed
2026-07-20T10:40:26+00:00,cnsm-web-05,cpu_spike,498,2026-07-20T10:40:01.156611+00:00,2026-07-20T10:48:19.244485+00:00,498.09,-24.84,+0.09,executed
2026-07-20T10:50:04+00:00,cnsm-db-redis-02,network_latency,874,2026-07-20T10:50:01.609599+00:00,2026-07-20T11:04:35.626862+00:00,874.02,-2.39,+0.02,executed
2026-07-20T11:10:36+00:00,cnsm-web-04,process_leak,479,,,,,,missing
2026-07-20T12:45:29+00:00,cnsm-web-01,disk_io,619,,,,,,missing
2026-07-20T14:40:02+00:00,cnsm-db-redis-01,disk_io,814,,,,,,missing
2026-07-20T15:48:54+00:00,cnsm-io-01,disk_io,753,2026-07-20T15:48:02.045097+00:00,2026-07-20T16:00:35.185803+00:00,753.14,-51.95,+0.14,executed
2026-07-20T16:24:32+00:00,cnsm-web-05,process_leak,785,2026-07-20T16:24:01.989164+00:00,2026-07-20T16:37:07.080153+00:00,785.09,-30.01,+0.09,executed
2026-07-20T16:29:35+00:00,cnsm-web-02,disk_io,1036,2026-07-20T16:29:01.587633+00:00,2026-07-20T16:46:17.756280+00:00,1036.17,-33.41,+0.17,executed
2026-07-20T17:08:07+00:00,cnsm-db-postgres-02,cpu_spike,1429,2026-07-20T17:08:01.345201+00:00,2026-07-20T17:31:50.441306+00:00,1429.10,-5.65,+0.10,executed
2026-07-20T20:35:09+00:00,cnsm-db-postgres-02,memory_pressure,845,2026-07-20T20:35:01.627584+00:00,2026-07-20T20:49:09.692506+00:00,848.06,-7.37,+3.06,executed
2026-07-21T06:16:04+00:00,cnsm-db-redis-01,memory_pressure,1567,2026-07-21T06:16:02.092295+00:00,2026-07-21T06:42:09.600411+00:00,1567.51,-1.91,+0.51,executed
2026-07-21T07:49:27+00:00,cnsm-mem-01,network_latency,589,2026-07-21T07:49:01.283956+00:00,2026-07-21T07:58:50.307273+00:00,589.02,-25.72,+0.02,executed
2026-07-21T08:22:36+00:00,cnsm-web-04,memory_pressure,2629,,,,,,missing
2026-07-21T09:01:12+00:00,cnsm-web-03,cpu_spike,612,2026-07-21T09:01:01.395313+00:00,2026-07-21T09:11:13.488676+00:00,612.09,-10.60,+0.09,executed
2026-07-21T10:46:36+00:00,cnsm-io-01,cpu_spike,1055,2026-07-21T10:46:01.944122+00:00,2026-07-21T11:03:37.054654+00:00,1055.11,-34.06,+0.11,executed
2026-07-21T11:50:44+00:00,cnsm-db-postgres-02,cpu_spike,1040,2026-07-21T11:50:01.471423+00:00,2026-07-21T12:07:21.628646+00:00,1040.16,-42.53,+0.16,executed
2026-07-21T14:11:48+00:00,cnsm-db-redis-01,cpu_spike,856,2026-07-21T14:11:01.725085+00:00,2026-07-21T14:25:17.812906+00:00,856.09,-46.27,+0.09,executed
2026-07-21T16:40:42+00:00,cnsm-db-redis-02,disk_io,531,2026-07-21T16:40:01.321293+00:00,2026-07-21T16:48:52.478829+00:00,531.16,-40.68,+0.16,executed
2026-07-21T21:52:17+00:00,cnsm-web-03,memory_pressure,1649,2026-07-21T21:52:01.843068+00:00,2026-07-21T22:19:31.103935+00:00,1649.26,-15.16,+0.26,executed
2026-07-22T06:04:47+00:00,cnsm-web-04,cpu_spike,1229,,,,,,missing
2026-07-22T07:22:00+00:00,cnsm-web-02,cpu_spike,919,2026-07-22T07:21:01.649548+00:00,2026-07-22T07:36:20.736319+00:00,919.09,-58.35,+0.09,executed
2026-07-22T07:44:07+00:00,cnsm-io-01,memory_pressure,989,2026-07-22T07:44:01.714201+00:00,2026-07-22T08:00:30.865168+00:00,989.15,-5.29,+0.15,executed
2026-07-22T08:06:34+00:00,cnsm-mem-01,memory_pressure,1616,2026-07-22T08:06:02.017864+00:00,2026-07-22T08:32:58.203976+00:00,1616.19,-31.98,+0.19,executed
2026-07-22T08:11:04+00:00,cnsm-web-04,process_leak,402,,,,,,missing
2026-07-22T08:31:37+00:00,cnsm-db-postgres-01,process_leak,756,2026-07-22T08:31:01.913434+00:00,2026-07-22T08:43:38.002825+00:00,756.09,-35.09,+0.09,executed
2026-07-22T08:33:51+00:00,cnsm-io-01,cpu_spike,899,2026-07-22T08:33:01.327602+00:00,2026-07-22T08:48:00.427514+00:00,899.10,-49.67,+0.10,executed
2026-07-22T08:38:35+00:00,cnsm-web-01,cpu_spike,1600,,,,,,missing
2026-07-22T16:08:54+00:00,cnsm-web-03,disk_io,456,2026-07-22T16:08:01.168297+00:00,2026-07-22T16:15:37.314873+00:00,456.15,-52.83,+0.15,executed
2026-07-22T17:48:09+00:00,cnsm-web-03,network_latency,1393,2026-07-22T17:48:01.209448+00:00,2026-07-22T18:11:14.253195+00:00,1393.04,-7.79,+0.04,executed
2026-07-22T19:14:20+00:00,cnsm-web-01,cpu_spike,1219,,,,,,missing
2026-07-22T19:29:00+00:00,cnsm-db-postgres-02,network_latency,1452,2026-07-22T19:28:01.473990+00:00,2026-07-22T19:52:13.520005+00:00,1452.05,-58.53,+0.05,executed
2026-07-22T20:31:05+00:00,cnsm-mem-01,process_leak,471,2026-07-22T20:31:01.151820+00:00,2026-07-22T20:38:52.270363+00:00,471.12,-3.85,+0.12,executed
2026-07-22T21:48:25+00:00,cnsm-db-redis-01,disk_io,850,2026-07-22T21:48:01.326133+00:00,2026-07-22T22:02:11.483303+00:00,850.16,-23.67,+0.16,executed
2026-07-22T21:54:49+00:00,cnsm-web-04,memory_pressure,1248,,,,,,missing
2026-07-23T06:47:22+00:00,cnsm-db-postgres-02,disk_io,641,2026-07-23T06:47:01.782339+00:00,2026-07-23T06:57:43.113373+00:00,641.33,-20.22,+0.33,executed
2026-07-23T08:05:47+00:00,cnsm-db-redis-02,process_leak,574,2026-07-23T08:05:01.764829+00:00,2026-07-23T08:14:35.853231+00:00,574.09,-45.24,+0.09,executed
2026-07-23T08:31:00+00:00,cnsm-io-01,process_leak,766,2026-07-23T08:30:01.964120+00:00,2026-07-23T08:42:48.046958+00:00,766.08,-58.04,+0.08,executed
2026-07-23T09:18:03+00:00,cnsm-db-postgres-01,cpu_spike,471,2026-07-23T09:18:01.874257+00:00,2026-07-23T09:25:52.920505+00:00,471.05,-1.13,+0.05,executed
2026-07-23T10:37:17+00:00,cnsm-mem-01,memory_pressure,2333,2026-07-23T10:37:01.586370+00:00,2026-07-23T11:15:56.181187+00:00,2334.59,-15.41,+1.59,executed
2026-07-23T14:32:23+00:00,cnsm-db-redis-01,disk_io,897,2026-07-23T14:32:01.114296+00:00,2026-07-23T14:46:58.271324+00:00,897.16,-21.89,+0.16,executed
2026-07-23T16:53:12+00:00,cnsm-io-01,cpu_spike,806,2026-07-23T16:53:01.714119+00:00,2026-07-23T17:06:27.797943+00:00,806.08,-10.29,+0.08,executed
2026-07-23T17:52:02+00:00,cnsm-web-02,process_leak,693,,,,,,missing
2026-07-23T18:19:46+00:00,cnsm-db-postgres-01,memory_pressure,1188,2026-07-23T18:19:01.377991+00:00,2026-07-23T18:38:49.569292+00:00,1188.19,-44.62,+0.19,executed
2026-07-23T21:08:56+00:00,cnsm-web-02,disk_io,607,2026-07-23T21:08:01.703556+00:00,2026-07-23T21:18:08.880242+00:00,607.18,-54.30,+0.18,executed
2026-07-24T07:32:50+00:00,cnsm-web-05,cpu_spike,1681,2026-07-24T07:32:01.348234+00:00,2026-07-24T08:00:02.445263+00:00,1681.10,-48.65,+0.10,executed
2026-07-24T07:37:02+00:00,cnsm-db-postgres-02,network_latency,1283,2026-07-24T07:37:01.615186+00:00,2026-07-24T07:58:24.666083+00:00,1283.05,-0.38,+0.05,executed
2026-07-24T07:58:10+00:00,cnsm-db-redis-01,cpu_spike,658,2026-07-24T07:58:01.298761+00:00,2026-07-24T08:08:59.394429+00:00,658.10,-8.70,+0.10,executed
2026-07-24T13:36:01+00:00,cnsm-db-postgres-01,network_latency,1022,2026-07-24T13:35:01.525761+00:00,2026-07-24T13:52:03.558317+00:00,1022.03,-59.47,+0.03,executed
2026-07-24T14:13:20+00:00,cnsm-db-postgres-01,disk_io,734,2026-07-24T14:13:01.882959+00:00,2026-07-24T14:25:16.029858+00:00,734.15,-18.12,+0.15,executed
2026-07-24T14:32:47+00:00,cnsm-web-01,disk_io,1080,,,,,,missing
2026-07-24T14:34:47+00:00,cnsm-db-postgres-01,cpu_spike,1546,2026-07-24T14:34:01.181132+00:00,2026-07-24T14:59:47.262947+00:00,1546.08,-45.82,+0.08,executed
2026-07-24T14:58:11+00:00,cnsm-db-postgres-02,process_leak,363,2026-07-24T14:58:02.225615+00:00,2026-07-24T15:04:05.384165+00:00,363.16,-8.77,+0.16,executed
2026-07-24T15:49:13+00:00,cnsm-io-01,disk_io,1007,2026-07-24T15:49:01.825761+00:00,2026-07-24T16:05:48.928667+00:00,1007.10,-11.17,+0.10,executed
2026-07-24T18:59:18+00:00,cnsm-web-01,cpu_spike,801,,,,,,missing
2026-07-24T20:55:34+00:00,cnsm-io-01,network_latency,788,2026-07-24T20:55:02.000319+00:00,2026-07-24T21:08:10.022287+00:00,788.02,-32.00,+0.02,executed
2026-07-24T21:15:01+00:00,cnsm-web-01,network_latency,1268,,,,,,missing
2026-07-25T06:48:33+00:00,cnsm-db-postgres-02,memory_pressure,2014,2026-07-25T06:48:02.248664+00:00,2026-07-25T07:21:41.668067+00:00,2019.42,-30.75,+5.42,executed
2026-07-25T07:35:17+00:00,cnsm-web-04,cpu_spike,960,,,,,,missing
2026-07-25T07:49:17+00:00,cnsm-web-03,cpu_spike,1418,2026-07-25T07:49:01.958979+00:00,2026-07-25T08:12:40.032710+00:00,1418.07,-15.04,+0.07,executed
2026-07-25T13:25:20+00:00,cnsm-web-02,disk_io,986,2026-07-25T13:25:01.987647+00:00,2026-07-25T13:41:28.179908+00:00,986.19,-18.01,+0.19,executed
2026-07-26T09:51:01+00:00,cnsm-db-redis-01,disk_io,523,2026-07-26T09:50:01.535865+00:00,2026-07-26T09:58:44.714438+00:00,523.18,-59.46,+0.18,executed
2026-07-26T10:59:15+00:00,cnsm-web-04,disk_io,1200,,,,,,missing
2026-07-26T12:21:17+00:00,cnsm-db-redis-02,cpu_spike,1280,2026-07-26T12:21:01.088209+00:00,2026-07-26T12:42:21.170970+00:00,1280.08,-15.91,+0.08,executed
2026-07-26T12:40:08+00:00,cnsm-web-06,cpu_spike,1181,2026-07-26T12:40:02.053610+00:00,2026-07-26T12:59:43.157854+00:00,1181.10,-5.95,+0.10,executed
2026-07-26T13:19:42+00:00,cnsm-io-01,cpu_spike,366,2026-07-26T13:19:01.471405+00:00,2026-07-26T13:25:07.597664+00:00,366.13,-40.53,+0.13,executed
2026-07-26T14:54:33+00:00,cnsm-web-01,process_leak,621,,,,,,missing
2026-07-26T17:21:10+00:00,cnsm-web-03,cpu_spike,1404,2026-07-26T17:21:01.282760+00:00,2026-07-26T17:44:25.385529+00:00,1404.10,-8.72,+0.10,executed
2026-07-26T20:17:20+00:00,cnsm-web-05,process_leak,733,2026-07-26T20:17:01.287868+00:00,2026-07-26T20:29:14.382766+00:00,733.09,-18.71,+0.09,executed
2026-07-26T21:35:34+00:00,cnsm-mem-01,process_leak,823,2026-07-26T21:35:01.866029+00:00,2026-07-26T21:48:44.972421+00:00,823.11,-32.13,+0.11,executed
2026-07-27T06:40:14+00:00,cnsm-db-redis-01,disk_io,910,2026-07-27T06:40:01.794484+00:00,2026-07-27T06:55:11.954755+00:00,910.16,-12.21,+0.16,executed
2026-07-27T07:43:46+00:00,cnsm-web-06,cpu_spike,467,2026-07-27T07:43:01.586917+00:00,2026-07-27T07:50:48.714622+00:00,467.13,-44.41,+0.13,executed
2026-07-27T09:06:00+00:00,cnsm-web-01,memory_pressure,792,,,,,,missing
2026-07-27T09:37:31+00:00,cnsm-io-01,disk_io,1047,2026-07-27T09:37:01.100144+00:00,2026-07-27T09:54:28.198381+00:00,1047.10,-29.90,+0.10,executed
2026-07-27T11:11:22+00:00,cnsm-db-postgres-01,disk_io,640,2026-07-27T11:11:01.751457+00:00,2026-07-27T11:21:41.990840+00:00,640.24,-20.25,+0.24,executed
2026-07-27T14:39:06+00:00,cnsm-web-03,disk_io,546,2026-07-27T14:39:01.542203+00:00,2026-07-27T14:48:07.715959+00:00,546.17,-4.46,+0.17,executed
2026-07-27T16:13:40+00:00,cnsm-db-postgres-01,cpu_spike,1744,2026-07-27T16:13:01.240608+00:00,2026-07-27T16:42:05.322055+00:00,1744.08,-38.76,+0.08,executed
2026-07-27T16:50:40+00:00,cnsm-mem-01,memory_pressure,2363,2026-07-27T16:50:01.996104+00:00,2026-07-27T17:29:25.295232+00:00,2363.30,-38.00,+0.30,executed
2026-07-27T17:57:47+00:00,cnsm-db-redis-02,disk_io,332,2026-07-27T17:57:01.294254+00:00,2026-07-27T18:02:33.434964+00:00,332.14,-45.71,+0.14,executed
2026-07-27T18:54:22+00:00,cnsm-web-04,memory_pressure,811,,,,,,missing
2026-07-27T18:54:27+00:00,cnsm-web-03,cpu_spike,1158,2026-07-27T18:54:01.298411+00:00,2026-07-27T19:13:19.396911+00:00,1158.10,-25.70,+0.10,executed
2026-07-28T06:26:18+00:00,cnsm-db-redis-02,memory_pressure,1163,2026-07-28T06:26:01.981618+00:00,2026-07-28T06:45:25.205533+00:00,1163.22,-16.02,+0.22,executed
2026-07-28T07:02:50+00:00,cnsm-io-01,cpu_spike,503,2026-07-28T07:02:01.533514+00:00,2026-07-28T07:10:24.620660+00:00,503.09,-48.47,+0.09,executed
2026-07-28T08:30:28+00:00,cnsm-db-redis-01,network_latency,1613,2026-07-28T08:30:01.819351+00:00,2026-07-28T08:56:54.872512+00:00,1613.05,-26.18,+0.05,executed
2026-07-28T08:36:56+00:00,cnsm-db-postgres-01,network_latency,581,2026-07-28T08:36:01.567214+00:00,2026-07-28T08:45:42.580512+00:00,581.01,-54.43,+0.01,executed
2026-07-28T09:02:02+00:00,cnsm-db-redis-01,process_leak,316,2026-07-28T09:02:01.598395+00:00,2026-07-28T09:07:17.708571+00:00,316.11,-0.40,+0.11,executed
2026-07-28T12:40:45+00:00,cnsm-mem-01,cpu_spike,1426,2026-07-28T12:40:01.598734+00:00,2026-07-28T13:03:47.668091+00:00,1426.07,-43.40,+0.07,executed
2026-07-28T14:57:53+00:00,cnsm-web-01,memory_pressure,3225,,,,,,missing
2026-07-28T16:55:18+00:00,cnsm-db-postgres-01,cpu_spike,877,2026-07-28T16:55:01.250892+00:00,2026-07-28T17:09:38.345001+00:00,877.09,-16.75,+0.09,executed
2026-07-28T17:51:34+00:00,cnsm-db-redis-01,disk_io,618,2026-07-28T17:51:01.230500+00:00,2026-07-28T18:01:19.545731+00:00,618.32,-32.77,+0.32,executed
2026-07-28T20:00:54+00:00,cnsm-db-redis-01,cpu_spike,581,2026-07-28T20:00:01.122382+00:00,2026-07-28T20:09:42.190600+00:00,581.07,-52.88,+0.07,executed
2026-07-28T20:16:05+00:00,cnsm-web-06,process_leak,852,2026-07-28T20:16:01.924226+00:00,2026-07-28T20:30:14.029534+00:00,852.11,-3.08,+0.11,executed
2026-07-28T21:49:48+00:00,cnsm-io-01,network_latency,449,2026-07-28T21:49:01.179582+00:00,2026-07-28T21:56:30.196779+00:00,449.02,-46.82,+0.02,executed
2026-07-29T06:08:39+00:00,cnsm-mem-01,process_leak,856,2026-07-29T06:08:01.986213+00:00,2026-07-29T06:22:18.062475+00:00,856.08,-37.01,+0.08,executed
2026-07-29T07:04:41+00:00,cnsm-db-redis-02,cpu_spike,879,2026-07-29T07:04:01.859835+00:00,2026-07-29T07:18:40.938499+00:00,879.08,-39.14,+0.08,executed
2026-07-29T07:21:09+00:00,cnsm-io-01,cpu_spike,785,2026-07-29T07:21:01.881310+00:00,2026-07-29T07:34:06.972160+00:00,785.09,-7.12,+0.09,executed
2026-07-29T10:18:13+00:00,cnsm-db-redis-01,cpu_spike,386,2026-07-29T10:18:01.765884+00:00,2026-07-29T10:24:27.867092+00:00,386.10,-11.23,+0.10,executed
2026-07-29T12:23:11+00:00,cnsm-web-03,memory_pressure,1270,2026-07-29T12:23:01.852099+00:00,2026-07-29T12:44:16.654066+00:00,1274.80,-9.15,+4.80,executed
2026-07-29T13:35:51+00:00,cnsm-web-05,cpu_spike,400,2026-07-29T13:35:01.871375+00:00,2026-07-29T13:41:41.948706+00:00,400.08,-49.13,+0.08,executed
2026-07-29T13:51:03+00:00,cnsm-web-02,process_leak,735,2026-07-29T13:51:01.523707+00:00,2026-07-29T14:03:16.589926+00:00,735.07,-1.48,+0.07,executed
2026-07-29T17:48:09+00:00,cnsm-web-02,memory_pressure,2893,2026-07-29T17:48:01.430144+00:00,2026-07-29T18:36:16.528338+00:00,2895.10,-7.57,+2.10,executed
2026-07-29T19:21:48+00:00,cnsm-web-04,disk_io,1106,,,,,,missing
2026-07-29T19:51:33+00:00,cnsm-web-02,memory_pressure,3343,2026-07-29T19:51:01.736147+00:00,2026-07-29T20:46:45.019002+00:00,3343.28,-31.26,+0.28,executed
2026-07-29T20:09:02+00:00,cnsm-io-01,process_leak,575,2026-07-29T20:09:01.216316+00:00,2026-07-29T20:18:36.315303+00:00,575.10,-0.78,+0.10,executed
2026-07-29T21:29:43+00:00,cnsm-web-03,disk_io,746,2026-07-29T21:29:01.908162+00:00,2026-07-29T21:41:28.092736+00:00,746.18,-41.09,+0.18,executed
2026-07-30T07:03:26+00:00,cnsm-db-redis-02,cpu_spike,1374,2026-07-30T07:03:01.599306+00:00,2026-07-30T07:25:55.643070+00:00,1374.04,-24.40,+0.04,executed
2026-07-30T08:42:27+00:00,cnsm-web-05,cpu_spike,1404,2026-07-30T08:42:01.925595+00:00,2026-07-30T09:05:25.985259+00:00,1404.06,-25.07,+0.06,executed
2026-07-30T12:52:53+00:00,cnsm-io-01,cpu_spike,723,2026-07-30T12:52:01.728665+00:00,2026-07-30T13:04:04.863795+00:00,723.14,-51.27,+0.14,executed
2026-07-30T13:23:05+00:00,cnsm-db-postgres-01,memory_pressure,876,2026-07-30T13:23:01.505464+00:00,2026-07-30T13:37:39.088191+00:00,877.58,-3.49,+1.58,executed
2026-07-30T13:40:23+00:00,cnsm-web-05,disk_io,910,2026-07-30T13:40:01.378615+00:00,2026-07-30T13:55:11.564639+00:00,910.19,-21.62,+0.19,executed
2026-07-30T15:01:55+00:00,cnsm-web-06,network_latency,1592,2026-07-30T15:01:01.609828+00:00,2026-07-30T15:27:33.632153+00:00,1592.02,-53.39,+0.02,executed
2026-07-30T15:29:04+00:00,cnsm-web-05,network_latency,1617,2026-07-30T15:29:01.213532+00:00,2026-07-30T15:55:58.244267+00:00,1617.03,-2.79,+0.03,executed
2026-07-30T16:47:51+00:00,cnsm-web-05,disk_io,1107,2026-07-30T16:47:01.440451+00:00,2026-07-30T17:05:28.568999+00:00,1107.13,-49.56,+0.13,executed
2026-07-30T17:42:09+00:00,cnsm-db-postgres-02,cpu_spike,1311,2026-07-30T17:42:01.619081+00:00,2026-07-30T18:03:52.841335+00:00,1311.22,-7.38,+0.22,executed
2026-07-30T20:03:01+00:00,cnsm-db-postgres-01,cpu_spike,599,2026-07-30T20:02:01.280479+00:00,2026-07-30T20:12:00.353292+00:00,599.07,-59.72,+0.07,executed
2026-07-30T20:42:21+00:00,cnsm-web-06,process_leak,636,2026-07-30T20:42:01.989979+00:00,2026-07-30T20:52:38.060974+00:00,636.07,-19.01,+0.07,executed
2026-07-30T21:40:43+00:00,cnsm-web-01,memory_pressure,3387,,,,,,missing
2026-07-31T07:20:37+00:00,cnsm-web-03,disk_io,879,2026-07-31T07:20:01.687387+00:00,2026-07-31T07:34:40.845616+00:00,879.16,-35.31,+0.16,executed
2026-07-31T08:25:56+00:00,cnsm-io-01,cpu_spike,1355,2026-07-31T08:25:01.685251+00:00,2026-07-31T08:47:36.767857+00:00,1355.08,-54.31,+0.08,executed
2026-07-31T08:34:23+00:00,cnsm-db-postgres-02,network_latency,1785,2026-07-31T08:34:01.331376+00:00,2026-07-31T09:03:46.397391+00:00,1785.07,-21.67,+0.07,executed
2026-07-31T10:44:31+00:00,cnsm-mem-01,cpu_spike,896,2026-07-31T10:44:01.660682+00:00,2026-07-31T10:58:57.777828+00:00,896.12,-29.34,+0.12,executed
2026-07-31T11:48:23+00:00,cnsm-web-03,cpu_spike,1128,2026-07-31T11:48:01.808099+00:00,2026-07-31T12:06:49.921311+00:00,1128.11,-21.19,+0.11,executed
2026-07-31T12:40:19+00:00,cnsm-web-05,disk_io,478,2026-07-31T12:40:01.279435+00:00,2026-07-31T12:47:59.411119+00:00,478.13,-17.72,+0.13,executed
2026-07-31T14:18:43+00:00,cnsm-db-redis-01,cpu_spike,549,2026-07-31T14:18:01.972447+00:00,2026-07-31T14:27:11.093818+00:00,549.12,-41.03,+0.12,executed
2026-07-31T16:15:06+00:00,cnsm-mem-01,disk_io,468,2026-07-31T16:15:01.710395+00:00,2026-07-31T16:22:50.023957+00:00,468.31,-4.29,+0.31,executed
2026-07-31T17:30:56+00:00,cnsm-web-01,network_latency,523,,,,,,missing
2026-07-31T18:05:09+00:00,cnsm-db-redis-02,disk_io,682,2026-07-31T18:05:01.591723+00:00,2026-07-31T18:16:23.727383+00:00,682.14,-7.41,+0.14,executed
2026-08-01T07:25:39+00:00,cnsm-web-02,network_latency,707,2026-08-01T07:25:01.716454+00:00,2026-08-01T07:36:48.756787+00:00,707.04,-37.28,+0.04,executed
2026-08-01T08:14:56+00:00,cnsm-db-redis-01,disk_io,615,2026-08-01T08:14:02.029910+00:00,2026-08-01T08:24:17.315426+00:00,615.29,-53.97,+0.29,executed
2026-08-01T08:41:51+00:00,cnsm-io-01,process_leak,739,2026-08-01T08:41:01.451132+00:00,2026-08-01T08:53:20.529190+00:00,739.08,-49.55,+0.08,executed
2026-08-01T08:57:43+00:00,cnsm-web-06,cpu_spike,1178,2026-08-01T08:57:01.853990+00:00,2026-08-01T09:16:39.921672+00:00,1178.07,-41.15,+0.07,executed
2026-08-01T10:39:03+00:00,cnsm-db-postgres-02,cpu_spike,476,2026-08-01T10:39:01.306208+00:00,2026-08-01T10:46:57.423204+00:00,476.12,-1.69,+0.12,executed
2026-08-01T10:49:41+00:00,cnsm-web-01,network_latency,1427,,,,,,missing
2026-08-01T10:54:59+00:00,cnsm-io-01,network_latency,618,2026-08-01T10:54:01.790419+00:00,2026-08-01T11:04:19.804512+00:00,618.01,-57.21,+0.01,executed
2026-08-01T12:23:20+00:00,cnsm-db-redis-01,disk_io,356,2026-08-01T12:23:01.585983+00:00,2026-08-01T12:28:57.742530+00:00,356.16,-18.41,+0.16,executed
2026-08-01T13:12:30+00:00,cnsm-db-postgres-01,cpu_spike,639,2026-08-01T13:12:01.418060+00:00,2026-08-01T13:22:40.496417+00:00,639.08,-28.58,+0.08,executed
2026-08-01T14:06:34+00:00,cnsm-web-01,cpu_spike,313,,,,,,missing
2026-08-01T14:13:15+00:00,cnsm-db-redis-01,process_leak,729,2026-08-01T14:13:01.095477+00:00,2026-08-01T14:25:10.168173+00:00,729.07,-13.90,+0.07,executed
2026-08-01T15:52:12+00:00,cnsm-mem-01,disk_io,1027,2026-08-01T15:52:01.355305+00:00,2026-08-01T16:09:08.476378+00:00,1027.12,-10.64,+0.12,executed
2026-08-01T16:28:02+00:00,cnsm-mem-01,cpu_spike,985,2026-08-01T16:28:01.368282+00:00,2026-08-01T16:44:26.452332+00:00,985.08,-0.63,+0.08,executed
2026-08-01T16:37:57+00:00,cnsm-db-postgres-01,process_leak,627,2026-08-01T16:37:01.653734+00:00,2026-08-01T16:47:28.742174+00:00,627.09,-55.35,+0.09,executed
2026-08-01T16:59:26+00:00,cnsm-db-postgres-02,disk_io,891,2026-08-01T16:59:02.233285+00:00,2026-08-01T17:13:53.734028+00:00,891.50,-23.77,+0.50,executed
2026-08-02T10:04:07+00:00,cnsm-db-redis-02,memory_pressure,3337,2026-08-02T10:04:01.543241+00:00,2026-08-02T10:59:38.626097+00:00,3337.08,-5.46,+0.08,executed
2026-08-02T12:19:41+00:00,cnsm-mem-01,memory_pressure,2275,2026-08-02T12:19:01.508515+00:00,2026-08-02T12:56:56.881461+00:00,2275.37,-39.49,+0.37,executed
2026-08-02T18:56:19+00:00,cnsm-web-01,cpu_spike,365,,,,,,missing
2026-08-02T19:40:05+00:00,cnsm-web-03,process_leak,366,2026-08-02T19:40:01.842787+00:00,2026-08-02T19:46:07.908390+00:00,366.07,-3.16,+0.07,executed
2026-08-03T07:01:33+00:00,cnsm-db-redis-01,memory_pressure,2351,2026-08-03T07:01:01.564140+00:00,2026-08-03T07:40:12.820043+00:00,2351.26,-31.44,+0.26,executed
2026-08-03T09:16:02+00:00,cnsm-db-redis-01,cpu_spike,1403,2026-08-03T09:16:01.356614+00:00,2026-08-03T09:39:24.461091+00:00,1403.10,-0.64,+0.10,executed
2026-08-03T12:48:44+00:00,cnsm-db-redis-01,disk_io,553,2026-08-03T12:48:01.814345+00:00,2026-08-03T12:57:15.101002+00:00,553.29,-42.19,+0.29,executed
2026-08-03T15:21:59+00:00,cnsm-web-02,process_leak,861,2026-08-03T15:21:01.684068+00:00,2026-08-03T15:35:22.746580+00:00,861.06,-57.32,+0.06,executed
2026-08-03T15:28:08+00:00,cnsm-web-04,cpu_spike,554,,,,,,missing
2026-08-03T17:06:38+00:00,cnsm-mem-01,disk_io,1047,2026-08-03T17:06:01.474369+00:00,2026-08-03T17:23:28.618560+00:00,1047.14,-36.53,+0.14,executed
2026-08-03T18:45:39+00:00,cnsm-web-06,memory_pressure,3424,2026-08-03T18:45:01.674289+00:00,2026-08-03T19:42:05.900255+00:00,3424.23,-37.33,+0.23,executed
2026-08-04T06:48:29+00:00,cnsm-web-04,cpu_spike,1676,,,,,,missing
2026-08-04T06:48:31+00:00,cnsm-db-redis-01,network_latency,346,2026-08-04T06:48:01.713513+00:00,2026-08-04T06:53:47.740340+00:00,346.03,-29.29,+0.03,executed
2026-08-04T07:27:37+00:00,cnsm-web-04,disk_io,901,,,,,,missing
2026-08-04T10:15:12+00:00,cnsm-db-redis-02,network_latency,455,2026-08-04T10:15:01.645479+00:00,2026-08-04T10:22:36.667627+00:00,455.02,-10.35,+0.02,executed
2026-08-04T11:25:20+00:00,cnsm-db-postgres-01,cpu_spike,1763,2026-08-04T11:25:01.985323+00:00,2026-08-04T11:54:25.108246+00:00,1763.12,-18.01,+0.12,executed
2026-08-04T11:32:41+00:00,cnsm-web-03,memory_pressure,683,2026-08-04T11:32:01.174311+00:00,2026-08-04T11:43:24.370269+00:00,683.20,-39.83,+0.20,executed
2026-08-04T14:31:12+00:00,cnsm-web-03,cpu_spike,1257,2026-08-04T14:31:01.970892+00:00,2026-08-04T14:51:59.066434+00:00,1257.10,-10.03,+0.10,executed
2026-08-04T16:37:02+00:00,cnsm-web-04,disk_io,416,,,,,,missing
2026-08-05T06:17:36+00:00,cnsm-web-05,process_leak,410,2026-08-05T06:17:01.218798+00:00,2026-08-05T06:23:51.267177+00:00,410.05,-34.78,+0.05,executed
2026-08-05T07:43:54+00:00,cnsm-io-01,disk_io,1167,2026-08-05T07:43:01.558836+00:00,2026-08-05T08:02:28.906143+00:00,1167.35,-52.44,+0.35,executed
2026-08-05T12:53:28+00:00,cnsm-io-01,cpu_spike,429,2026-08-05T12:53:01.236335+00:00,2026-08-05T13:00:10.293260+00:00,429.06,-26.76,+0.06,executed
2026-08-05T13:19:36+00:00,cnsm-web-03,memory_pressure,3402,2026-08-05T13:19:01.778871+00:00,2026-08-05T14:15:43.949172+00:00,3402.17,-34.22,+0.17,executed
2026-08-05T15:46:18+00:00,cnsm-web-02,cpu_spike,680,2026-08-05T15:46:02.013163+00:00,2026-08-05T15:57:22.087464+00:00,680.07,-15.99,+0.07,executed
2026-08-05T15:49:02+00:00,cnsm-db-postgres-02,cpu_spike,622,,,,,,missing
2026-08-05T16:38:07+00:00,cnsm-web-03,disk_io,551,2026-08-05T16:38:01.423381+00:00,2026-08-05T16:47:12.681107+00:00,551.26,-5.58,+0.26,executed
2026-08-05T17:07:46+00:00,cnsm-web-06,cpu_spike,870,2026-08-05T17:07:01.547596+00:00,2026-08-05T17:21:31.645841+00:00,870.10,-44.45,+0.10,executed
2026-08-05T19:09:03+00:00,cnsm-web-05,network_latency,1640,2026-08-05T19:09:01.249004+00:00,2026-08-05T19:36:21.270696+00:00,1640.02,-1.75,+0.02,executed
2026-08-05T19:13:45+00:00,cnsm-db-postgres-01,process_leak,375,2026-08-05T19:13:01.627123+00:00,2026-08-05T19:19:16.678805+00:00,375.05,-43.37,+0.05,executed
2026-08-05T19:25:51+00:00,cnsm-web-02,cpu_spike,840,2026-08-05T19:25:01.887788+00:00,2026-08-05T19:39:01.990878+00:00,840.10,-49.11,+0.10,executed
2026-08-05T19:41:40+00:00,cnsm-db-redis-02,disk_io,1103,2026-08-05T19:41:01.358886+00:00,2026-08-05T19:59:24.554886+00:00,1103.20,-38.64,+0.20,executed
2026-08-05T20:24:56+00:00,cnsm-web-05,cpu_spike,1289,2026-08-05T20:24:01.211311+00:00,2026-08-05T20:45:30.336280+00:00,1289.12,-54.79,+0.12,executed
2026-08-06T06:39:46+00:00,cnsm-web-04,cpu_spike,629,,,,,,missing
2026-08-06T11:51:38+00:00,cnsm-web-02,memory_pressure,1325,2026-08-06T11:51:01.952868+00:00,2026-08-06T12:13:08.190352+00:00,1326.24,-36.05,+1.24,executed
2026-08-06T12:20:00+00:00,cnsm-web-03,process_leak,739,2026-08-06T12:19:01.831522+00:00,2026-08-06T12:31:20.920976+00:00,739.09,-58.17,+0.09,executed
2026-08-06T12:44:17+00:00,cnsm-io-01,disk_io,732,2026-08-06T12:44:01.229240+00:00,2026-08-06T12:56:13.524503+00:00,732.30,-15.77,+0.30,executed
2026-08-06T13:50:31+00:00,cnsm-io-01,network_latency,1464,2026-08-06T13:50:01.491306+00:00,2026-08-06T14:14:25.510287+00:00,1464.02,-29.51,+0.02,executed
2026-08-06T16:51:42+00:00,cnsm-web-06,memory_pressure,1882,2026-08-06T16:51:01.255085+00:00,2026-08-06T17:22:24.288869+00:00,1883.03,-40.74,+1.03,executed
2026-08-06T16:55:42+00:00,cnsm-db-postgres-01,disk_io,1099,2026-08-06T16:55:01.574183+00:00,2026-08-06T17:13:20.743006+00:00,1099.17,-40.43,+0.17,executed
2026-08-06T18:30:49+00:00,cnsm-web-03,cpu_spike,312,2026-08-06T18:30:01.997280+00:00,2026-08-06T18:35:14.090766+00:00,312.09,-47.00,+0.09,executed
2026-08-06T21:19:43+00:00,cnsm-web-04,disk_io,371,,,,,,missing
2026-08-07T10:01:15+00:00,cnsm-db-redis-02,cpu_spike,981,2026-08-07T10:01:01.428771+00:00,2026-08-07T10:17:22.519920+00:00,981.09,-13.57,+0.09,executed
2026-08-07T10:19:07+00:00,cnsm-web-04,disk_io,493,,,,,,missing
2026-08-07T10:21:43+00:00,cnsm-db-redis-01,network_latency,1073,2026-08-07T10:21:01.117345+00:00,2026-08-07T10:38:54.146729+00:00,1073.03,-41.88,+0.03,executed
2026-08-07T10:32:55+00:00,cnsm-web-04,network_latency,505,,,,,,missing
2026-08-07T10:44:02+00:00,cnsm-io-01,cpu_spike,571,2026-08-07T10:44:01.790972+00:00,2026-08-07T10:53:32.852676+00:00,571.06,-0.21,+0.06,executed
2026-08-07T12:10:18+00:00,cnsm-web-05,cpu_spike,993,2026-08-07T12:10:01.864799+00:00,2026-08-07T12:26:34.935117+00:00,993.07,-16.14,+0.07,executed
2026-08-07T12:28:08+00:00,cnsm-web-06,memory_pressure,1870,2026-08-07T12:28:01.621483+00:00,2026-08-07T12:59:12.083111+00:00,1870.46,-6.38,+0.46,executed
2026-08-07T16:17:22+00:00,cnsm-db-postgres-01,disk_io,427,2026-08-07T16:17:02.078428+00:00,2026-08-07T16:24:09.234414+00:00,427.16,-19.92,+0.16,executed
2026-08-07T16:47:59+00:00,cnsm-web-04,network_latency,1408,,,,,,missing
2026-08-07T18:14:30+00:00,cnsm-db-postgres-01,cpu_spike,812,2026-08-07T18:14:01.819751+00:00,2026-08-07T18:27:33.912595+00:00,812.09,-28.18,+0.09,executed
2026-08-08T07:34:13+00:00,cnsm-web-01,disk_io,1151,,,,,,missing
2026-08-08T10:47:55+00:00,cnsm-web-03,disk_io,582,2026-08-08T10:47:01.157457+00:00,2026-08-08T10:56:43.325798+00:00,582.17,-53.84,+0.17,executed
2026-08-08T12:31:16+00:00,cnsm-web-04,memory_pressure,3460,,,,,,missing
2026-08-08T12:33:44+00:00,cnsm-web-02,cpu_spike,440,2026-08-08T12:33:01.942987+00:00,2026-08-08T12:40:22.027764+00:00,440.08,-42.06,+0.08,executed
2026-08-08T15:13:30+00:00,cnsm-io-01,disk_io,830,2026-08-08T15:13:01.251415+00:00,2026-08-08T15:26:51.795846+00:00,830.54,-28.75,+0.54,executed
2026-08-08T15:33:11+00:00,cnsm-io-01,memory_pressure,3262,2026-08-08T15:33:01.493588+00:00,2026-08-08T16:27:23.714948+00:00,3262.22,-9.51,+0.22,executed
2026-08-08T15:59:59+00:00,cnsm-db-postgres-02,disk_io,1163,2026-08-08T15:59:01.716467+00:00,2026-08-08T16:18:25.204600+00:00,1163.49,-57.28,+0.49,executed
2026-08-08T17:45:57+00:00,cnsm-mem-01,disk_io,502,2026-08-08T17:45:01.457159+00:00,2026-08-08T17:53:23.621214+00:00,502.16,-55.54,+0.16,executed
2026-08-08T17:47:13+00:00,cnsm-web-02,memory_pressure,3430,2026-08-08T17:47:01.905016+00:00,2026-08-08T18:44:12.161133+00:00,3430.26,-11.09,+0.26,executed
2026-08-08T18:20:11+00:00,cnsm-web-06,cpu_spike,407,2026-08-08T18:20:02.059115+00:00,2026-08-08T18:26:49.130981+00:00,407.07,-8.94,+0.07,executed
2026-08-08T19:07:43+00:00,cnsm-web-06,process_leak,839,2026-08-08T19:07:01.759001+00:00,2026-08-08T19:21:00.838955+00:00,839.08,-41.24,+0.08,executed
2026-08-08T19:41:49+00:00,cnsm-web-05,disk_io,401,2026-08-08T19:41:01.156059+00:00,2026-08-08T19:47:42.289810+00:00,401.13,-47.84,+0.13,executed
2026-08-08T21:27:40+00:00,cnsm-web-01,memory_pressure,3233,,,,,,missing
2026-08-09T07:20:28+00:00,cnsm-db-postgres-01,disk_io,617,2026-08-09T07:20:01.802118+00:00,2026-08-09T07:30:19.077411+00:00,617.28,-26.20,+0.28,executed
2026-08-09T07:28:39+00:00,cnsm-web-06,disk_io,1129,2026-08-09T07:28:01.145801+00:00,2026-08-09T07:46:50.294739+00:00,1129.15,-37.85,+0.15,executed
2026-08-09T08:07:33+00:00,cnsm-db-redis-01,cpu_spike,574,2026-08-09T08:07:01.604709+00:00,2026-08-09T08:16:35.740786+00:00,574.14,-31.40,+0.14,executed
2026-08-09T09:10:51+00:00,cnsm-web-02,cpu_spike,519,2026-08-09T09:10:01.485356+00:00,2026-08-09T09:18:40.584552+00:00,519.10,-49.51,+0.10,executed
2026-08-09T09:49:45+00:00,cnsm-io-01,process_leak,330,2026-08-09T09:49:01.606720+00:00,2026-08-09T09:54:31.699200+00:00,330.09,-43.39,+0.09,executed
2026-08-09T10:24:50+00:00,cnsm-web-05,memory_pressure,2458,2026-08-09T10:24:01.772090+00:00,2026-08-09T11:04:59.992622+00:00,2458.22,-48.23,+0.22,executed
2026-08-09T14:55:44+00:00,cnsm-web-01,cpu_spike,1416,,,,,,missing
2026-08-10T11:47:47+00:00,cnsm-web-02,process_leak,786,2026-08-10T11:47:01.292609+00:00,2026-08-10T12:00:07.395089+00:00,786.10,-45.71,+0.10,executed
2026-08-10T11:58:12+00:00,cnsm-web-05,cpu_spike,889,2026-08-10T11:58:02.129505+00:00,2026-08-10T12:12:51.227944+00:00,889.10,-9.87,+0.10,executed
2026-08-10T13:48:51+00:00,cnsm-db-postgres-02,cpu_spike,1539,2026-08-10T13:48:02.074364+00:00,2026-08-10T14:13:41.220927+00:00,1539.15,-48.93,+0.15,executed
2026-08-10T14:50:39+00:00,cnsm-web-01,process_leak,360,,,,,,missing
2026-08-10T18:23:44+00:00,cnsm-web-01,memory_pressure,1498,,,,,,missing
2026-08-10T21:17:11+00:00,cnsm-mem-01,cpu_spike,797,2026-08-10T21:17:02.016975+00:00,2026-08-10T21:30:19.109616+00:00,797.09,-8.98,+0.09,executed
2026-08-11T07:01:36+00:00,cnsm-web-05,memory_pressure,3471,2026-08-11T07:01:01.154152+00:00,2026-08-11T07:58:53.776275+00:00,3472.62,-34.85,+1.62,executed
2026-08-11T10:06:48+00:00,cnsm-db-postgres-02,cpu_spike,413,2026-08-11T10:06:01.830004+00:00,2026-08-11T10:12:55.048271+00:00,413.22,-46.17,+0.22,executed
2026-08-11T13:24:12+00:00,cnsm-db-postgres-02,process_leak,845,2026-08-11T13:24:02.483958+00:00,2026-08-11T13:38:07.737725+00:00,845.25,-9.52,+0.25,executed
2026-08-11T15:02:44+00:00,cnsm-web-04,process_leak,897,,,,,,missing
2026-08-11T16:26:47+00:00,cnsm-web-04,disk_io,1130,,,,,,missing
2026-08-11T17:53:18+00:00,cnsm-web-05,cpu_spike,1286,2026-08-11T17:53:02.059146+00:00,2026-08-11T18:14:28.143731+00:00,1286.08,-15.94,+0.08,executed
2026-08-11T18:32:40+00:00,cnsm-db-redis-02,cpu_spike,716,2026-08-11T18:32:01.834245+00:00,2026-08-11T18:43:57.941785+00:00,716.11,-38.17,+0.11,executed
2026-08-11T20:23:57+00:00,cnsm-db-redis-02,cpu_spike,790,2026-08-11T20:23:01.521780+00:00,2026-08-11T20:36:11.595806+00:00,790.07,-55.48,+0.07,executed
2026-08-11T20:42:03+00:00,cnsm-web-05,memory_pressure,3098,2026-08-11T20:42:01.855487+00:00,2026-08-11T21:33:40.085537+00:00,3098.23,-1.14,+0.23,executed
2026-08-11T21:12:02+00:00,cnsm-db-postgres-01,process_leak,425,2026-08-11T21:12:01.652767+00:00,2026-08-11T21:19:06.735295+00:00,425.08,-0.35,+0.08,executed
2026-08-12T06:38:41+00:00,cnsm-web-01,disk_io,631,,,,,,missing
2026-08-12T06:54:15+00:00,cnsm-db-redis-01,cpu_spike,374,2026-08-12T06:54:02.021360+00:00,2026-08-12T07:00:16.159703+00:00,374.14,-12.98,+0.14,executed
2026-08-12T08:43:08+00:00,cnsm-mem-01,network_latency,574,2026-08-12T08:43:02.093338+00:00,2026-08-12T08:52:36.120169+00:00,574.03,-5.91,+0.03,executed
2026-08-12T08:58:09+00:00,cnsm-db-postgres-02,process_leak,782,2026-08-12T08:58:01.826209+00:00,2026-08-12T09:11:04.161843+00:00,782.34,-7.17,+0.34,executed
2026-08-12T09:29:36+00:00,cnsm-web-02,process_leak,436,2026-08-12T09:29:01.981029+00:00,2026-08-12T09:36:18.050230+00:00,436.07,-34.02,+0.07,executed
2026-08-12T11:20:17+00:00,cnsm-web-06,cpu_spike,995,2026-08-12T11:20:01.695963+00:00,2026-08-12T11:36:36.743736+00:00,995.05,-15.30,+0.05,executed
2026-08-12T17:19:26+00:00,cnsm-web-06,network_latency,1643,2026-08-12T17:19:01.257391+00:00,2026-08-12T17:46:24.291177+00:00,1643.03,-24.74,+0.03,executed
2026-08-12T17:47:58+00:00,cnsm-db-postgres-01,disk_io,1116,2026-08-12T17:47:01.641551+00:00,2026-08-12T18:05:37.907773+00:00,1116.27,-56.36,+0.27,executed
2026-08-12T20:44:47+00:00,cnsm-web-02,disk_io,1125,2026-08-12T20:44:01.900906+00:00,2026-08-12T21:02:47.045717+00:00,1125.14,-45.10,+0.14,executed
